posicion;producto_id;producto;clasificacion;ventas;frecuencia_egresos;cantidad
1;4185;CERDO DESHUESADO PROCESADO 3 KG;PERECIBLE;869899.428;5633;149982.66
2;2;POLLO ENTERO VACIO CONGELADO FAVORITO (1.4 - 1.6 KG);PERECIBLE;751325.9654;4058;205157
3;3;POLLO ENTERO VACIO CONGELADO FAVORITO (1.6 - 1.8 KG);PERECIBLE;635555.32;3160;154261
4;1435;PAPA 1 KG;FRUVER;411408.695;6577;822817.39
5;579;QUESO FRESCO KIOSKO 450 GR;PERECIBLE;400683.56;8885;155908
6;11150;CERDO CHULETA PROCESADO (71-90) X30;PERECIBLE;394689.102144783;2723;68442.87
7;8;POLLO PECHUGA CONGELADO PROCESADO 5.6 KG X10;PERECIBLE;387995.559126602;4065;109590.55
8;1316;TILAPIA FILETE SANTA PRISCILA 5 KG;PERECIBLE;316241.952;1907;44541.12
9;9642;AZUCAR BLANCA 2 KG;NO PERECIBLE;313190.933480836;9397;205451.8
10;1437;VERDE 1 KG;FRUVER;301835.1;8501;431193
11;1193;RES JULIANA PROCESADO 5 KG;PERECIBLE;275902.4112;2299;52017.8
12;6902;ARROZ ENVEJECIDO GOOD RICES MACAREÑO 45.36 KG;NO PERECIBLE;265166;2237;7799
13;1392;LECHE ENTERA EN POLVO LA VAQUITA 400 GR;NO PERECIBLE;264823.50923945;7184;76055
14;91;CAMARON SIN CASCARA MEDIANO (51-60) CONGELADO 1 KG;PERECIBLE;249721.16;4141;36244
15;9137;ARROZ ENVEJECIDO 1 KG;NO PERECIBLE;247443.861973968;3275;264095.96
16;4180;POLLO PIEZA DOS PIERNAS Y DOS MUSLOS CONGELADO X24 PRESAS PROCESADO;PERECIBLE;239079.589387918;3770;107163.91
17;1293;PESCADO RETAZO 5 KG;PERECIBLE;224135.587103616;2741;49325.2
18;482;TOMATE RIÑON REGULAR PINTON AL GRANEL 1 KG;FRUVER;220438.863898566;9543;314940.04
19;9624;HUEVOS GRANJA INTEGRAL CUBETA (58-64) GR X30;NO PERECIBLE;214062.35;1573;54193
20;1440;PAPA CHOLA 1 KG;FRUVER;211030.278;3366;351717.13
21;11158;RES FILETE PROCESADO (71-90) X30;PERECIBLE;198696.474049323;1578;28929.3
22;6664;ACEITE SABROFRITO 20 LT;NO PERECIBLE;188806.2402177;1953;5671
23;40;POLLO VACIO PRONACA (1.4-1.6) KG;PERECIBLE;187982.364;1429;47420
24;4;POLLO ENTERO VACIO CONGELADO FAVORITO (1.8 - 2.0 KG);PERECIBLE;185703.0348;987;40566
25;11144;CERDO CHULETA PROCESADO (91-110) X30;PERECIBLE;173570.959834089;1596;30022.87
26;152;MADURO PINTON AL GRANEL 1 KG;FRUVER;165021.735;6991;220028.98
27;1191;RES GOULASH PROCESADO 5 KG;PERECIBLE;163895.56248;1543;30900.37
28;3126;RES LOMO FALDA CUADRIL PROCESADO 3 KG;PERECIBLE;154716.578859069;1419;18864.95
29;4580;MURICO FILETE ENTERO CONGELADO 5 KG;PERECIBLE;150220.7;1648;30044.14
30;41;POLLO VACIO PRONACA (1.6-1.8) KG;PERECIBLE;146803.7422;1237;32867
31;1242;RES CARNE MOLIDA 14 - 17% GRASA CONGELADO PROCESADO 5 KG;PERECIBLE;143278.446613568;2274;34883.84
32;11729;HARINA DE TRIGO FORTIFICADA SUPER PANADERA KG;NO PERECIBLE;140166.2724;8424;212373.14
33;71;YUCA 1 KG;FRUVER;139515.192;7353;310033.76
34;11470;HUEVOS AVIRICO CUBETA (58-64) GR X30;NO PERECIBLE;138315.52469484;2097;38421
35;11458;HUEVOS AVITO CUBETA (58-64) GR X30;NO PERECIBLE;133618.76104193;4953;37117
36;7617;RES LOMO DE FALDA SIN GRASA CONGELADO PROCESADO;PERECIBLE;131823.330714448;1180;13732.81
37;10487;PULPA DE NARANJILLA DELIFROST 940 GR;PERECIBLE;129360.66;5595;90462
38;10477;PULPA DE FRUTILLA DELIFROST 940 GR;PERECIBLE;119911.52;4643;69716
39;10886;SANDIA PERUANA UND (8.3 - 9.2 KG);FRUVER;118943.9125;5729;31613
40;10483;PULPA DE MARACUYA DELIFROST 940 GR;PERECIBLE;118821.9;4728;64930
41;1263;ALBACORA 5 KG;PERECIBLE;116956.362458652;1348;22932.62
42;287;ACEITE EL COCINERO 1 LT;NO PERECIBLE;113179.52;8082;63584
43;1317;RES GUATA 5 KG;PERECIBLE;112948.142944;1330;24027.43
44;1146;RES COSTILLA CONGELADO PROCESADO 5 KG;PERECIBLE;108929.8006368;2366;36906.34
45;10496;PULPA DE TOMATE DELIFROST 940 GR;PERECIBLE;107312;4386;67070
46;10881;PIÑA PINTONA UND (2.0 - 2.53 KG);FRUVER;105955.29;6658;85050
47;567;MANTEQUILLA SIN SAL KIOSKO 1 KG;PERECIBLE;97969.62;6312;19852
48;10484;PULPA DE MORA DELIFROST 940 GR;PERECIBLE;96250.5;4077;43950
49;150;LIMON GRANDE 1 KG;FRUVER;95505.2865;8656;212233.97
50;10883;MELON MADURO UND (3.46 - 3.92 KG);FRUVER;95050.0056;4592;29212
51;11146;CERDO CHULETA PROCESADO (111-130) X30;PERECIBLE;94567.6381327678;995;16330.34
52;4189;CREMA DE LECHE PARMALAT FUNDA 900 ML;NO PERECIBLE;90990.3648;6692;32478
53;10492;PULPA DE PIÑA DELIFROST 940 GR;PERECIBLE;90866.16;4238;60984
54;11373;CAFE TRADICION NESCAFE VIDRIO 190 GR;NO PERECIBLE;88391.16;3010;13332
55;7889;CHORIZO ARGENTINO X6 T1 AL GUSTO 500 GR;PERECIBLE;88389.4668;2489;37924
56;1119;CERDO FRITADA PROCESADO 5 KG;PERECIBLE;86302.264578;874;16355.1
57;7387;POLLO VACIO POFASA S/A PROCESADO (1.3-1.7 KG);PERECIBLE;84556.8526875072;1540;33439.12
58;47;CERDO COSTILLA CONGELADO PROCESADO 5KG;PERECIBLE;81872.136;983;16053.36
59;11482;AJO CONGELADO IQF 1 KG;PERECIBLE;77665;7049;22190
60;259;ZANAHORIA 1 KG;FRUVER;77408.86;9139;193522.15
61;2756;AGUA SIN GAS DASANI 600 ML;NO PERECIBLE;74879.288;755;250265
62;208;CEBOLLA PERLA 1 KG;FRUVER;73434.12;6030;146868.24
63;1258;RES SALON PROCESADO 5 KG;PERECIBLE;73387.7456312;540;10568.39
64;10479;PULPA DE GUAYABA DELIFROST 940 GR;PERECIBLE;72157.44;4523;56373
65;4300;DV DETERGENTE LIQUIDO NEUTRO JL21 TIG 4 KG;NO PERECIBLE;69115.76;4392;11896
66;2580;MANZANA GOLD PEQUEÑA UND;FRUVER;68928.2;4480;313310
67;457;MOTE 1 KG;NO PERECIBLE;68127.5;4375;27251
68;631;"STRETCH FILM ALIMENTOS 30 CM 12"" X1400 M";NO PERECIBLE;67595.5;2028;4361
69;10480;PULPA DE LIMON DELIFROST 940 GR;PERECIBLE;66708.5738072;3957;31772
70;10884;PAPAYA PINTONA UND (1.98 - 2.38 KG);FRUVER;66283.009;4795;46777
71;305;ATUN EN ACEITE GIRASOL VAN CAMPS 184 GR;NO PERECIBLE;63566.777;669;46433
72;4168;POLLO SOPA 5 KG;PERECIBLE;63210.9333;2098;28345.71
73;289;ACEITE EL COCINERO 20 LT;NO PERECIBLE;61085.9;1297;1927
74;1362;CAFE CLASICO MINERVA PASAR TOSTADO&MOLIDO 400 GR;NO PERECIBLE;59812.99;3093;16661
75;247;PIMIENTO VERDE 1 KG;FRUVER;59118.754174276;8521;73904.72
76;207;CEBOLLA BLANCA 1 KG;FRUVER;55739.608;8742;69674.51
77;193;ARVEJA CONGELADOS IQF 1 KG;PERECIBLE;54617.6;6105;21760
78;2577;MANDARINA NACIONAL UND;FRUVER;54574.9;3930;545749
79;5097;LENTEJA ESPECIAL SUPERMAXI 1 KG;NO PERECIBLE;54354.542;5055;31042
80;10478;PULPA DE GUANABANA DELIFROST 940 GR;PERECIBLE;52709.4;2488;20430
81;3840;RES MOLIDA PREMIUM CONGELADO PROCESADO 5 KG;PERECIBLE;52689.7228;571;9211.49
82;6293;ATUN EN ACEITE GIRASOL DON SANCHO POUCH 1 KG;NO PERECIBLE;52519.8755276;1560;10504
83;7;POLLO PECHUGA ENTERA CONGELADO PROCESADO 2 KG X4;PERECIBLE;52353.2476870128;3697;14627.14
84;1411;NARANJA PINTONA AL GRANEL 1 KG;FRUVER;52160.1885;4958;115911.53
85;11148;CERDO CHULETA PROCESADO (50-70) X30;PERECIBLE;51394.5332052732;499;8872.94
86;230;LECHUGA CRIOLLA 1 KG;FRUVER;50887.648;7986;127219.12
87;4617;SERVILLETA HANASKA 24X24 X100;NO PERECIBLE;50370.04;2716;162484
88;62;RES JULIANA PROCESADO 1 KG;PERECIBLE;49540.57992;3099;9340.23
89;23;RES COSTILLA CONGELADO PROCESADO 1 KG;PERECIBLE;48878.5221893943;4915;16560.57
90;7678;AGUA SIN GAS TRADICIONAL 400 ML;NO PERECIBLE;48429.6;157;356100
91;507;JAMON SANDUCHE T2 LA ITALIANA 1 KG;PERECIBLE;48406.7232;1841;6996
92;1715;AGUACATE DURO 1 KG;FRUVER;48198.1185;5212;35702.31
93;10784;RES TOP ROUND PULPA NEGRA CONGELADO PROCESADO;PERECIBLE;47200.992550364;346;6543.76
94;110;TILAPIA FILETE SANTA PRISCILA X 1KG;PERECIBLE;47062.208;2484;6628.48
95;2570;GUINEO PINTON UND;FRUVER;45527.36;4951;569092
96;10481;PULPA DE MANGO DELIFROST 940 GR;PERECIBLE;45019.36;3225;29618
97;108;PESCADO RETAZO 1 KG;PERECIBLE;44691.8247108808;3807;9844.18
98;4179;POLLO PIERNA Y MUSLO X 8 PRESAS PROCESADO;PERECIBLE;44380.8382304947;5385;17934.79
99;11226;CERDO CHULETA PROCESADO (131-150) X30;PERECIBLE;42894.0193526528;343;7412.48
100;10494;PULPA DE TAMARINDO DELIFROST 940 GR;PERECIBLE;42817.05;2435;27985
101;610;CEBOLLA PAITEÑA 1 KG;FRUVER;42649.945;3373;85299.89
102;2506;LECHE ENTERA VITA FUNDA 1 LT;PERECIBLE;42539.95;2140;50047
103;49;CERDO DESHUESADO PROCESADO 1 KG;PERECIBLE;41256.444;4108;7113.18
104;7994;DORADO FILETE 5 KG;PERECIBLE;41189.0198812491;359;7476.07
105;60;RES GOULASH PROCESADO 1 KG;PERECIBLE;40670.48856;2473;7667.89
106;648;GUANTE ALIMENTOS VINIL LG X100;NO PERECIBLE;40500.95;5076;16531
107;455;MANI 1 KG;NO PERECIBLE;39616;4435;12380
108;3322;COCA COLA ORIGINAL 500 ML;NO PERECIBLE;38770.4544;562;69332
109;512;LONGANIZA T3 LA ITALIANA 1 KG;PERECIBLE;38761.5523;817;7013
110;9200;ARROZ ENVEJECIDO MACAREÑO 2 KG;NO PERECIBLE;38700.28630796;2284;25834
111;204;BROCOLI 1 KG;FRUVER;38488.3056;6417;80183.97
112;1252;RES PATA CORTE CONGELADO 5 KG;PERECIBLE;38251.6758624;892;16471.32
113;11152;RES FILETE PROCESADO (91-110) X30;PERECIBLE;38159.539125422;469;5542.55
114;3686;PAÑOS DE LIMPIEZA LIGERA WYPALL ROLLO JUMBO DESECHABLES L10 X 650 MTS (30243071);NO PERECIBLE;37805.8;2160;4210
115;2565;CHOCLO UND;FRUVER;37770.8484;4445;164221.08
116;583;QUESO MOZZARELLA KIOSKO 500 GR;PERECIBLE;37623.6;2068;8958
117;592;TORTILLA TRIGO SUAVES MAMA FANY 400 GR X12;PERECIBLE;36998.6182;1653;14803
118;64;RES CARNE MOLIDA 14 - 17% GRASA CONGELADO PROCESADO 1 KG;PERECIBLE;35934.7404;3686;8859.65
119;10147;ESPADA FILETE ENTERO 5 KG;PERECIBLE;35739.2612;227;5310.44
120;11243;CERDO CHULETA PROCESADO (151-170) X30;PERECIBLE;34616.7029375562;121;5983.14
121;3626;PASTELPAN LEVAPAN 2.5 KG;PERECIBLE;34472.7918146;1445;4660
122;1420;PEPINILLO 1 KG;FRUVER;33949.7;6548;67899.4
123;8647;SAL YODADA SUPERMAXI 1 KG;NO PERECIBLE;33585.1081;8276;110441
124;3624;AGUA SIN GAS DASANI 1.2 LT;NO PERECIBLE;33412.1472;210;74848
125;14;COCA COLA ORIGINAL 3 LT;NO PERECIBLE;33184.346;1315;14638
126;11483;AJO CONGELADO IQF CAJA 10 KG;PERECIBLE;32655;622;933
127;2590;TOMATE DULCE CALIBRE 70 GR UND;FRUVER;32620.8;1887;271840
128;2734;TE NEGRO LIMON EN POLVO ICE TEA LEGZ 925 GR;NO PERECIBLE;32392.6085;1731;6629
129;11074;CHOCOLATE RICACAO NESTLE DOYPACK 400 GR;NO PERECIBLE;31302.9257;2694;15427
130;212;CHOCLO GRANO 1 KG;FRUVER;31077.018;4517;22197.87
131;256;VAINITA 1 KG;FRUVER;30937.464;5431;25781.22
132;2589;PERA IMPORTADA UND;FRUVER;30776.34;2140;146554
133;11464;GATORADE FRUTOS TROPICALES PET 1 LT;NO PERECIBLE;30424.7814;44;34266
134;8908;PAPAS PREFRITAS RIZADAS ULTRACONGELADAS AVIKO 2.5 KG (CALIBRE 9.5MM);PERECIBLE;29733;308;4488
135;99;ALBACORA 1 KG;PERECIBLE;29366.6797831374;2026;5758.17
136;358;MAYONESA ADEREZO LA PRIMERA 3.7 KG;NO PERECIBLE;28980.918;2018;3540
137;3129;SALMON (1.8 - 2.0 KG);PERECIBLE;28741.24;203;787
138;141;FRUTILLA 1 KG;FRUVER;28321.135;3679;18271.7
139;221;FREJOL TIERNO 1 KG;FRUVER;28241.246;3161;12836.93
140;2568;GRANADILLA UND;FRUVER;27867.6;2129;154820
141;1292;PESCADO CABEZA 5 KG;PERECIBLE;27563.25;370;3675.1
142;3697;MARGARINA INDUSTRIAL DANEC 453.6 GR;PERECIBLE;27121.7496;3097;31938
143;10888;FIDEO TALLARIN 87 CAYAMBE 400 GR;NO PERECIBLE;26933.34;3568;54966
144;577;QUESO HOLANDES CORTADO KIOSKO 1 KG;PERECIBLE;26781.2068;777;2812
145;1388;COLIFLOR 1 KG;FRUVER;26535.5;5249;53071
146;3496;CORVINA ESPECIAL ENTERA;PERECIBLE;26380.64;174;1268.3
147;2735;RES LOMO FALDA CUADRIL PROCESADO KG;PERECIBLE;26132.868359;1245;3186.43
148;292;MANTECA VEGETAL 3 CHANCHITOS FUNDA 1 KG;NO PERECIBLE;26071.92;3279;15519
149;3427;CILANTRO 50 GR;FRUVER;25940;7962;162125
150;246;PIMIENTO ROJO 1 KG;FRUVER;25856.688;5697;15670.72
151;68;MURICO FILETE ENTERO CONGELADO KG;PERECIBLE;25397.956671012;1890;5079.6
152;4107;DV FREEBAC38 4KG;NO PERECIBLE;25372.24;1048;1327
153;1400;MASA WANTAN 454 GR X26;PERECIBLE;24984.82;2364;13958
154;4455;POLLO VACIO PRONACA (1.8-2.0)KG;PERECIBLE;24344.89755087;119;4913
155;11250;FUNDA NEGRA 30 MICRAS 35X47X50;NO PERECIBLE;23103.40691196;2283;4428
156;2567;DURAZNO IMPORTADO UND;FRUVER;22952.57;1944;120803
157;166;NARANJILLA PINTONA AL GRANEL 1 KG;FRUVER;22884;3141;22884
158;27;BORREGO CUBOS PROCESADO 5 KG;PERECIBLE;22840.461;256;3625.47
159;7584;RES LOMO FINO CONGELADO PROCESADO;PERECIBLE;21832.403303748;306;1790.07
160;8424;FLOR DE JAMAICA DESHIDRATADA 30 GR;NO PERECIBLE;21367.2264;3215;19947
161;249;REMOLACHA 1 KG;FRUVER;21364.6425;3782;28486.19
162;540;TOCINO AHUMADO JURIS 1 KG;PERECIBLE;21295.946;1126;2170
163;1142;RES GUATA 1 KG;PERECIBLE;21054.5401432923;1508;4371.39
164;2653;PAVO GRANDE FAVORITO (9 - 11 KG);PERECIBLE;20860.5936;281;588
165;7667;AGUA SIN GAS TRADICIONAL 20 LT;NO PERECIBLE;20776;1154;20776
166;187;AJI ROJO AL GRANEL 1 KG;FRUVER;20491.9625;4739;16393.57
167;11154;RES FILETE PROCESADO (111-130) X30;PERECIBLE;20449.5586223985;182;2969.55
168;3115;SALSA DE TOMATE LA PRIMERA 3.56 KG;NO PERECIBLE;20389.59;3295;5809
169;1888;DV DESINFECTANTE LIQUIDO AC10 DIQUAT 4 KG;NO PERECIBLE;20371.95;1591;2663
170;1117;CERDO CUERO CONGELADO 5 KG;PERECIBLE;20197.5256;728;8705.83
171;2868;TARRINA PLÁSTICA CON TAPA 1/2 LT X50 UND;NO PERECIBLE;20134.328;1171;7253
172;9793;Z3 YOGURT PARA GRANIZAR CHIVERIA 1 GL;PERECIBLE;20007.44;349;1796
173;8296;LASAÑA PRECOCIDA SANTORINO 500 GR X36 UND;NO PERECIBLE;19977.75;1913;10245
174;821;POLLO PECHUGA FILETE PROCESADO 5 KG;PERECIBLE;19934.0835;239;3657.63
175;248;RABANO 1 KG;FRUVER;19801.3816;5509;35359.61
176;4095;APANADURA DORADITA MODERNA 1 KG;NO PERECIBLE;19262.88;3815;10584
177;1267;CALAMAR POTA 5 KG;PERECIBLE;19094.715;657;6699.9
178;11251;FUNDA VERDE 35 MICRAS 35X47X50;NO PERECIBLE;19034.70858235;1313;2279
179;191;APIO 1 KG;FRUVER;18966.9792;8192;39514.54
180;1465;PAN BLANCO MOLDE SUPAN 550 GR X 20;NO PERECIBLE;18956;1258;10832
181;1120;CERDO GRASA CONGELADO 5 KG;PERECIBLE;18754.26;1080;12758
182;11149;CERDO CHULETA PROCESADO (71-90) X10;PERECIBLE;18638.3912;2199;3258.46
183;434;FREJOL PANAMITO 1 KG;NO PERECIBLE;18630;1677;7452
184;677;AGUA MINERAL CON GAS GÜITIG 500 ML;NO PERECIBLE;18592.267;851;41969
185;10453;POLLO NUGGETS PP 2.2 KG (100 X22 GR);PERECIBLE;18192.9;292;1221
186;11323;RES BIFE ANGOSTO MADURADO CONGELADO IMPORTADO FRIGOR (3.86 - 4.98 KG);PERECIBLE;18107.4582;34;303.46
187;107;PICUDO LOMO CONGELADO 1 KG;PERECIBLE;18088.4352;140;2216.72
188;10887;ZAPALLO UND (7.59 - 9.71 KG);FRUVER;17867.44;1331;5164
189;1116;CERDO COSTILLA CONGELADO PROCESADO 1 KG;PERECIBLE;17652.732;1345;3461.32
190;1382;GALLETAS ORIGINAL OREO 432 GR (12 X36 GR);NO PERECIBLE;17396.61;646;4873
191;162;MARACUYA 1 KG;FRUVER;17365.17;1768;17365.17
192;416;COMINO MOLIDO 1 KG;NO PERECIBLE;17345.6;2774;4688
193;135;PAPAS PREFRITAS LISAS ULTRACONGELADAS AVIKO 2.5 KG;PERECIBLE;17324.375;257;2615
194;360;MOSTAZA MARCELLOS BALDE 3.8 KG;NO PERECIBLE;17305.2;1920;2760
195;11369;HUEVOS GRANJA INTEGRAL 1/2 CUBETA (58-64) GR X15;NO PERECIBLE;17152.74;3924;8663
196;22;CERDO FRITADA PROCESADO 1 KG;PERECIBLE;17128.545568;1328;3246.01
197;11157;RES FILETE PROCESADO (71-90) X10;PERECIBLE;17126.25012749;1551;2513
198;7118;DORADO FILETE ENTERO KG;PERECIBLE;17039.01863884;892;2634.08
199;323;DULCE DE LECHE KIOSKO 500 GR;NO PERECIBLE;16944.15;1362;7955
200;11651;CERDO DESHUESADO PROCESADO 5 KG;PERECIBLE;16746.92;13;577.48
201;7788;CERDO CHULETA PROCESADO (185-195) X10;PERECIBLE;16555.6205098104;51;2934.86
202;3190;SERVILLETA HANASKA INDUPAPEL 24X24 X100;NO PERECIBLE;16441.044;3628;59569
203;26;RES SALON PROCESADO 1 KG;PERECIBLE;15975.040932;799;2300.52
204;206;CAMOTE MORADO 1 KG;FRUVER;15966.84;2359;16807.2
205;253;TOMATE CHERRY 1 KG;FRUVER;15675.462;3138;7125.21
206;3856;JUGO DE NARANJA DHOY 355 ML;PERECIBLE;15625.8;317;17362
207;3832;DV DESENGRASANTE DE HORNOS FORTY GRILL 4 KG;NO PERECIBLE;15585.6;1372;2040
208;7620;AGUA MINERAL CON GAS IMPERIAL TORONJA PET 550 ML;NO PERECIBLE;15567.65;605;32774
209;10666;GALLINA DE CAMPO LA ORIGINAL (3.5 - 6.5 KG);PERECIBLE;15542.28;307;972
210;11881;CREMA CHANTILLY BOTELLA 1 LT FABRICREMA;PERECIBLE;15467.8375;1286;4475
211;265;ZUQUINI 1 KG;FRUVER;15422.079;5222;35865.3
212;1600;GALLETAS COCO NESTLE 540 GR (18 X30 GR);NO PERECIBLE;15382.62;437;4113
213;550;VINO BLANCO SECO COCINA CASTELL REAL 750 ML;NO PERECIBLE;15209.0371;2056;4681
214;3611;HUEVO (58-64) GR UND;NO PERECIBLE;15078.8598;6119;114494
215;1916;MULTI26 POLVO 15 KG;NO PERECIBLE;14912.25;199;337
216;10495;PULPA DE TAXO DELIFROST 940 GR;PERECIBLE;14906.56;1244;10072
217;11041;CERDO CHULETA (101-120) X10;PERECIBLE;14898.9555477332;1265;2572.84
218;180;UVA ROSADA IMPORTADA AL GRANEL GRANDE 1 KG;FRUVER;14711.04;1425;4597.2
219;8774;FREJOL ROJO LA ORIGINAL 500 GR;NO PERECIBLE;14679.19164705;1158;9695
220;4131;GELATINA GELHADA FRAMBUESA 5 KG;NO PERECIBLE;14455.584;312;780
221;3479;LONGANIZA PREMIUM JURIS 1 KG;PERECIBLE;14338.832;507;2120
222;3578;MAYONESA MARCELLOS BALDE 3.8 KG;NO PERECIBLE;14317.2;1385;1940
223;3934;CAFE PASAR T&M TRADICIONAL SELLO ROJO 425 GR;NO PERECIBLE;14281.901;575;3119
224;231;LECHUGA ESCAROLA BOHEMIA 1 KG;FRUVER;14243.544;2101;10173.96
225;3905;GELATINA FRAMBUESA GELHADA 400 GR;NO PERECIBLE;14148.0852;2277;7827
226;19;CERDO CARNE MOLIDA CONGELADO PROCESADO 1 KG;PERECIBLE;14130.903;1148;2301.45
227;664;GELATINA SIN SABOR GELHADA 1 KG;NO PERECIBLE;14043.2;692;1072
228;9142;FUNDA ZIPPER DELBAK 16.5 X 14.90 X50;NO PERECIBLE;13973.8;3500;12820
229;3613;COCA COLA ORIGINAL 2 LT;NO PERECIBLE;13932.4407516;483;8539
230;7627;SALSA CHINA CHEF DANIEL 102 ML;NO PERECIBLE;13860.3955;3293;28385
231;220;ESPINACA 1 KG;FRUVER;13688.94;4674;18251.92
232;2290;COL BLANCA 1 KG;FRUVER;13447;6181;53788
233;7796;MAICENA MOCA 400 GR;NO PERECIBLE;13405.2;4685;22342
234;10697;PASTA DE TOMATE DOBLE CONCENTRADA 28/30 MAZZA LATA 800GR;NO PERECIBLE;13305.7034007;2107;4965
235;6090;JAMON FAMILIAR T3 LA CASTILLA 500 GR;PERECIBLE;13287.0178;490;4586
236;528;SALCHICHA RES FRANKFUTER T2 LA CASTILLA 1 KG (401405);PERECIBLE;13130.6742;602;3717
237;9987;AVENA HOJUELAS ENTERAS LA ORIGINAL 1 KG;NO PERECIBLE;13062.357;3478;14091
238;632;DV DESINFECTANTE CONCENTRADO CL10 CLORO 4 KG;NO PERECIBLE;13024.84;2978;5519
239;3867;AGUA DE COCO COCO FREEZE 355 ML;PERECIBLE;13011.42;340;11722
240;3414;TOLTEKITOS 500 GR;NO PERECIBLE;13010.04;869;6108
241;2885;FREJOL ROJO EUREKA 500 GR;NO PERECIBLE;12928.75;1428;10343
242;3087;HUEVO (64-70) GR UND;NO PERECIBLE;12813.9099;672;92653
243;551;VINO TINTO SECO COCINA CASTELL REAL 750 ML;NO PERECIBLE;12798.2049;1721;3939
244;3831;AGUA SIN GAS CIELO 1.2 LT;NO PERECIBLE;12785.854;147;38281
245;3695;SALCHICHA VIENESA ROJA T2 20X21 CASA GUILLO 1 KG;PERECIBLE;12742.4;1404;3620
246;10857;ACEITE DE SOYA GUSTADINA 900 ML;NO PERECIBLE;12703.5;338;4705
247;11038;DV JL21 TIG DETERGENTE LIQUIDO NEUTRO MULTIUSO BID 20 KG;NO PERECIBLE;12623.52;151;442
248;210;CHOCHOS 1 KG;FRUVER;12558.576;2618;7849.11
249;420;FIDEO CABELLO DE ANGEL CAYAMBE 400 GR;NO PERECIBLE;12512.85;2770;24535
250;2439;SPORADE FRUTAS TROPICALES PET 500 ML;NO PERECIBLE;12468.2814;323;36693
251;10482;PULPA DE MANZANA DELIFROST 940 GR;PERECIBLE;12451.98;1291;8769
252;84;RES LENGUA CONGELADO;PERECIBLE;12441.8929300085;329;1809.01
253;429;FIDEO BROCA CAYAMBE 400 GR;NO PERECIBLE;12400.14;1696;24314
254;11156;RES FILETE PROCESADO (50-70) X30;PERECIBLE;12297.973590481;194;1783.55
255;8228;BOTELLA PET TRANSPARENTE CON TAPA 300 ML X100 UND;NO PERECIBLE;12260.6977176;200;954
256;10325;MAIZ DULCE CONGELADOS IQF 1 KG;PERECIBLE;12105.32;1630;4418
257;427;FIDEO MACARRON CHICO CAYAMBE 400 GR;NO PERECIBLE;11957.46;2563;23446
258;92;CAMARON CON CASCARA CONGELADO (51-60) 1 KG;PERECIBLE;11875.5;412;1950
259;11064;DV DS70 PLUS DETERGENTE NO IONICO BID 20 KG;NO PERECIBLE;11792;113;268
260;608;CHAMPIÑON FRESCO 220 GR;FRUVER;11731.2;1312;7520
261;1368;CHANTYPAK PURATOS TETRAPACK 1 LT;NO PERECIBLE;11647.35;700;2353
262;7039;PAPA DE MESA LAVADA TIPO CHAUCHA 1 KG;FRUVER;11627.301;2582;33220.86
263;3844;PANELA WARYFOOD 500 GR;NO PERECIBLE;11594.7;3098;14865
264;11023;SALSA DE SOYA SUPERIOR SUPERMAXI 100 ML;NO PERECIBLE;11439.52;2914;15052
265;594;YGT DESCREMADO FRUTILLA LIGHT REGENERIS 1.75 LT;PERECIBLE;11272.5;444;2505
266;2603;ARROZ INTEGRAL CASA DEL ARROZ 2 KG;NO PERECIBLE;11259.87;944;4751
267;4255;COCA COLA ORIGINAL 300 ML;NO PERECIBLE;11036.4212;454;29804
268;112;TRUCHA FILETE 1 KG;PERECIBLE;11026.08;250;1488
269;4167;POLLO SOPA 1 KG;PERECIBLE;11006.4103;1387;4935.61
270;3548;QUESO HOLANDES CORTADO FLORALP (1 - 1.1 KG);PERECIBLE;10848.60216972;317;1323
271;234;MELLOCO 1 KG;FRUVER;10823.52;2151;9019.6
272;3839;RES MOLIDA PREMIUM CONGELADO PROCESADO 1 KG;PERECIBLE;10649.6104;769;1861.82
273;4706;ACEITE LA FAVORITA 1 LT;NO PERECIBLE;10543.95795066;257;4934
274;1385;GALLETAS DUCALES 243 GR (9 X27 GR);NO PERECIBLE;10531.74;542;5514
275;433;FREJOL NEGRO 1 KG;NO PERECIBLE;10498;1398;5249
276;4827;CANGUIL AMARILLO SUPERMAXI 1 KG;NO PERECIBLE;10494.3458898;3695;11020
277;628;PAPEL ALUMINIO 300 M X30 CM;NO PERECIBLE;10437.85826424;577;614
278;5108;AGUA MINERAL CON GAS IMPERIAL LIMONADA PET 550 ML;NO PERECIBLE;10433.85;509;21966
279;6613;PAÑOS DE LIMPIEZA ROJO REUTILIZABLES X80PLUS WYPALL X 30 (30243076);NO PERECIBLE;10407.6;1470;1764
280;432;FREJOL CANARIO 1 KG;NO PERECIBLE;10362;677;3140
281;11465;GATORADE MANZANA PET 1 LT;NO PERECIBLE;10340.4834;46;11646
282;89;CALAMAR POTA CONGELADO 1 KG;PERECIBLE;10273.7655;1478;3604.83
283;1587;CREMA COFFE MATE NESTLE 435 GR;NO PERECIBLE;10229.5;591;2050
284;802;JUGO DE DURAZNO PULP 250 ML;NO PERECIBLE;10227.9792;373;37424
285;9768;JAMON AMERICANO 13X13 T2 GRANDES FOODS 1 KG;PERECIBLE;10219.5;672;2271
286;408;CANELA RAMA 200 GR;NO PERECIBLE;10206;1389;2268
287;10488;PULPA DE PAPAYA DELIFROST 940 GR;PERECIBLE;10184.1;1005;6135
288;11562;ACEITE SABROLEINA 20 LT;NO PERECIBLE;10144.80071468;214;316
289;6654;CEREZAS ROJAS HELIOS 410 GR;NO PERECIBLE;10040;740;2510
290;8966;FILETE APANADO DE CARNE DE PIERNA/MUSLO DE POLLO 70GR X 25;PERECIBLE;9970;147;997
291;2574;KIWI UND;FRUVER;9955;1307;45250
292;10421;POWERADE MANZANA PET 600 ML;NO PERECIBLE;9870.822;232;20124
293;10652;POLLO, ALAS CONGELADO 2 KG;PERECIBLE;9671.8;300;2614
294;4197;CONTENEDOR TERMICO COMPARTIDO 8 X8 (X25);NO PERECIBLE;9575.9658;900;5283
295;50;CERDO GRASA CONGELADO 1 KG;PERECIBLE;9533.5674;2718;6485.42
296;638;DV DESINFECTANTE MULTIUSO AC1 QUAT 4 KG;NO PERECIBLE;9495.3;1547;2042
297;11145;CERDO CHULETA PROCESADO (111-130) X10;PERECIBLE;9384.1225545683;780;1620.49
298;4361;DISCOS EMPANADAS LA CHILENITA 900 GR X25;PERECIBLE;9336;811;4668
299;105;PESCADO PAMPANITO X10;PERECIBLE;9307.59;146;2019
300;20;CERDO CARNE MOLIDA CONGELADO PROCESADO 5 KG;PERECIBLE;9203.9828;203;1499.02
301;10726;TORTILLA CHILLI LIME PEQUEÑA KIWA 40GR;NO PERECIBLE;9176.27;265;15553
302;11945;CHORIZO PARRILLERO X6 T1 CASA GUILLO 500 GR;PERECIBLE;8995.3;267;3911
303;6300;VASO 7ONZ CARTON IMPRESO HANASKA INSTITUCIONES X50 UND;NO PERECIBLE;8957;476;3445
304;1909;JABON TOCADOR FRESH PROTEX 110 GR X 3;NO PERECIBLE;8870.44668076;478;4487
305;6612;PAÑOS DE LIMPIEZA WYPALL AZUL REUTILIZABLES X80PLUS X 30 (30243107);NO PERECIBLE;8832.3;1297;1497
306;4641;HOJUELA DE MAIZ CARSNACK 1 KG;NO PERECIBLE;8774;317;1640
307;8969;FILETE APANADO DE CARNE DE CERDO 90 GR X 25;PERECIBLE;8742;177;744
308;10297;GELATINERO SIN TAPA 100 ML X 50 UND;NO PERECIBLE;8732.84585667;1414;6877
309;3714;AROMATICA FLOR JAMAICA NATURES HEART 26 GR X20;NO PERECIBLE;8716.08;781;6316
310;423;FIDEO BASTON GRANDE CAYAMBE 400 GR;NO PERECIBLE;8710.29;1658;17079
311;10706;QUESO PARMESANO RALLADO EL CASERIO 100 GR;PERECIBLE;8658;2398;6660
312;11463;GATORADE UVA PET 1 LT;NO PERECIBLE;8558.4681;24;9639
313;9905;CAFE PASAR T&M ZARUMA SWEET & COFFEE 400 GR;NO PERECIBLE;8543.85;53;1106
314;3544;MORTADELA FAMILIAR T2 LA CASTILLA 500 GR (401657);PERECIBLE;8516.94;656;4579
315;9618;LECHE DESCREMADA TRU TETRAPACK 1 LT;NO PERECIBLE;8447.9;516;7346
316;453;MAIZ 1 KG;NO PERECIBLE;8443.2;1224;3518
317;7804;AGUA SIN GAS TRADICIONAL 600 ML;NO PERECIBLE;8421.8635;212;48541
318;9994;POLLO PECHUGA PRONACA (0.8 - 1.7 KG) X2 UND;PERECIBLE;8350.9395;243;1465
319;11836;CHAMPIÑON CONGELADO IQF 1 KG;PERECIBLE;8236.3;1777;3581
320;1397;QUESO FUNDIDO 4 KG;NO PERECIBLE;8205.42;254;326
321;7619;AGUA MINERAL CON GAS IMPERIAL MANDARINA PET 550 ML;NO PERECIBLE;8189.95;307;17242
322;2436;SPORADE APPLE ICE PET 500 ML;NO PERECIBLE;8059.908;175;23860
323;3958;ESCURRIDOR 55CM + BASTON ALUMINIO 140 CM;NO PERECIBLE;8058;247;395
324;1251;RES PATA CORTE CONGELADO 1 KG;PERECIBLE;8028.689576193;1149;3063.45
325;734;GATORADE MANZANA PET 500 ML;NO PERECIBLE;7955.2858;474;21982
326;467;PIMIENTA BLANCA MOLIDA 1 KG;NO PERECIBLE;7914;1133;1319
327;11732;CHIFLE SUPERMAXI REDONDO 300 GR;NO PERECIBLE;7891.4583;59;7029
328;812;TE NEGRO LIMON FUZETEA 550 ML;NO PERECIBLE;7859.28;195;18320
329;3957;ACHIOTE ILE EN PASTA 1 KG;NO PERECIBLE;7816.96;990;1576
330;9411;OREGANO EN HOJAS LA ORIGINAL 300 GR;NO PERECIBLE;7783.71;1598;2519
331;7586;MANTEQUILLA INDUSTRIAL VITA 4 KG;PERECIBLE;7702.968;206;390
332;576;QUESO CHEDDAR CORTADO KIOSKO 1 KG;PERECIBLE;7643.6;371;788
333;11931;COLA FRUIT MANZANA 3.050 LT;NO PERECIBLE;7594.92;352;8670
334;2451;CHOCOLATE NEGRO SEMIAMARGO BIOS 1 KG;NO PERECIBLE;7592;378;949
335;11021;ENDULZANTE STEVIA SBELA X50;NO PERECIBLE;7504.266;544;2310
336;2089;PAPEL TOALLA DE MANOS HOJA SENCILLA ROLLO SCOTT ESSENTIAL 305 MTS (30229431);NO PERECIBLE;7500;339;1000
337;11254;FUNDA HALAR 6 BLANCA JUMBO 20 MICRAS X100 12+FL3.50X22X0.80;NO PERECIBLE;7446.45064443;1116;2641
338;10885;SAMBO UND (2.33 - 3.63 KG);FRUVER;7429.76;1001;7144
339;11500;QUINUA LA ORIGINAL 500 GR;NO PERECIBLE;7406.1429;2024;6981
340;4466;ACEITE GIRASOL VIVI 1 LT;NO PERECIBLE;7277.4;366;3110
341;9091;PAN BLANCO HAMBURGUESA MODERNA 520 GR X 8;NO PERECIBLE;7226.92;479;4574
342;9548;POLLO ALAS PRONACA (0.6 - 1.3 KG);PERECIBLE;7215.82678674;185;1326
343;10419;POWERADE MORA AZUL PET 600 ML;NO PERECIBLE;7207.8975;276;14695
344;820;POLLO PECHUGA FILETE PROCESADO 1 KG;PERECIBLE;7181.3015;539;1317.67
345;1123;BORREGO CUBOS PROCESADO 1 KG;PERECIBLE;7162.204351272;433;1136.76
346;10475;PULPA DE BABACO DELIFROST 940 GR;PERECIBLE;7141.54;617;3518
347;48;CERDO CUERO 1 KG;PERECIBLE;7126.7848;1420;3071.89
348;2584;MANZANA VERDE MEDIANA UND;FRUVER;7085.32;809;32206
349;735;GATORADE TROPICAL PET 500 ML;NO PERECIBLE;7018.3267;363;19393
350;601;YGT SEMIDESCREMADO DURAZNO ALIBABA 1.9 KG;PERECIBLE;7008.9;718;3830
351;1492;ESPADA FILETE ENTERO KG;PERECIBLE;7007.6798;375;1041.26
352;7218;POLLO ENTERO VACIO CONGELADO FAVORITO (2.0 - 2.5 KG);PERECIBLE;6998.2506;42;1223
353;4199;DV HF4 CLORHEX JABON ANT 4 KG;NO PERECIBLE;6996.96;835;1017
354;636;DV GEL ANTIBACTERIAL GM6 GEL 3.2 KG;NO PERECIBLE;6987;874;1020
355;3906;GELATINA GELHADA LIMON 400 GR;NO PERECIBLE;6937.5688;1124;3838
356;11151;RES FILETE PROCESADO (91-110) X10;PERECIBLE;6878.7607279222;484;1007.11
357;10783;CERDO PANCETA CONGELADO PROCESADO;PERECIBLE;6772.5275235326;156;1806.34
358;1294;PESCADO SECO 5 KG;PERECIBLE;6766;79;199
359;340;SALSA INGLESA MCCORMICK 175 ML;NO PERECIBLE;6763.824;1524;4320
360;11225;CERDO CHULETA PROCESADO (131-150) X10;PERECIBLE;6732.9259544764;244;1163.41
361;588;QUESO REQUESON KIOSKO 500 GR;PERECIBLE;6714.76;271;1924
362;3795;JAMON AMERICANO T2 DON DIEGO 11X11 1 KG (401760);PERECIBLE;6707.68;346;904
363;1632;AROMATICA TE NEGRO HORNIMANS 40 GR X25;NO PERECIBLE;6659.87393556;1360;6444
364;675;AGUA SIN GAS CIELO 625 ML;NO PERECIBLE;6633.352;470;38566
365;394;ACHIOTE 1 KG;NO PERECIBLE;6556;1076;1639
366;52;CERDO LOMO FINO CONGELADO PROCESADO 1 KG;PERECIBLE;6502.626;119;1102.14
367;8820;GALLETAS SALTICAS 252 GR (4 X63 GR);NO PERECIBLE;6486.48;254;4004
368;17;LECHE ENTERA VITA TETRAPACK 1 LT;NO PERECIBLE;6390.84;677;5606
369;134;MORA CONGELADA 1 KG;PERECIBLE;6341.5;622;2306
370;1422;GRANOLA SHALOM 450 G;NO PERECIBLE;6341.43;958;3219
371;8299;ATUN EN ACEITE GIRASOL DON SANCHO ABRE FACIL 160 GR;NO PERECIBLE;6336.7468;1838;8221
372;393;YEMO LIQUIDO 500ML;NO PERECIBLE;6313.776;837;1720
373;10485;PULPA MIX HAWAIANO DELIFROST 940 GR;PERECIBLE;6312.1;494;3995
374;436;GARBANZO 1 KG;NO PERECIBLE;6300;868;2625
375;2585;NARANJA IMPORTADA UND;FRUVER;6296.06;483;14642
376;3441;PEREJIL LISO 50 GR;FRUVER;6282.56;6197;39266
377;2283;TERNERA PULPA MACAFRI 1 KG;PERECIBLE;6256.8;120;790
378;10493;PULPA DE SANDIA DELIFROST 940 GR;PERECIBLE;6225.92;648;4096
379;11025;RES BIFE ANGOSTO MADURADO CONGELADO IMPORTADO PROCESADO FRIGOR (3.5 - 6.5 KG);PERECIBLE;6195.15;9;91.78
380;4344;JUGO DE MORA DHOY 355 ML;PERECIBLE;6171.3;268;6857
381;1372;FLAN CARAMELO GELHADA 60 GR;NO PERECIBLE;6160.695;943;13466
382;4848;CERVEZA PILSENER LATA PACK 355 ML (X6);NO PERECIBLE;6157.561;819;1429
383;3787;JUGO CITRUS PUNCH CIFRUT 400 ML;NO PERECIBLE;6156.6516;253;31966
384;2233;JENGIBRE 100 GR;FRUVER;6122.4;2686;7653
385;11884;PICAÑA NELORE (0.92-1.56 KG);PERECIBLE;6047.756;102;422.92
386;713;COCA COLA SABOR LIGERO 500 ML;NO PERECIBLE;6037.15393188;300;11454
387;3571;LECHE SEMIDESCREMADA VITA TETRAPACK 1 LT;NO PERECIBLE;5965.62;603;5233
388;11229;RES FILETE PROCESADO (131-150) X30;PERECIBLE;5956.107202431;63;864.9
389;7904;PICADITA MIX DE EMBUTIDOS T1 AL GUSTO 1 KG;PERECIBLE;5919.4;550;1741
390;1121;CERDO HUESO CONGELADO 5 KG;PERECIBLE;5823.1044;1048;13115.1
391;332;MIEL DE ABEJA LA DELICIA 310 GR;NO PERECIBLE;5811.80595788;1034;2887
392;2092;PAPEL HIGIENICO DOBLE HOJA ROLLO JUMBO SCOTT ESSENTIAL 250 M (30245194);NO PERECIBLE;5803.125;782;3095
393;3477;CHORIZO PARRILLERO T1 JURIS 1 KG;PERECIBLE;5782.772;107;718
394;8561;YOGURT DURAZNO REGENERIS 1.75 LT;PERECIBLE;5768.4912;483;1444
395;3907;GELATINA MANZANA GELHADA 400 GR;NO PERECIBLE;5731.8996;592;3171
396;2358;COCO UND;FRUVER;5727;1225;5727
397;3101;JUGO DE MANGO PULP 250 ML;NO PERECIBLE;5679.9939;246;20783
398;1192;RES HUESO 5 KG;PERECIBLE;5650.6740576;970;11225.91
399;2437;SPORADE UVA PET 500ML;NO PERECIBLE;5638.2319;263;14483
400;654;MOPA (59) TRAPERO MICROFIBRA GRANDE;NO PERECIBLE;5624;460;925
401;377;COCO RALLADO DAYS 500 GR;NO PERECIBLE;5569.2;485;1224
402;7076;SALSA CHINA DE SOYA ORIENTAL 3.79 LT;NO PERECIBLE;5521.875;247;465
403;3099;NECTAR DE NARANJA PULP TETRAPACK 250 ML;NO PERECIBLE;5500.808;273;20120
404;10799;ANIS COMUN ILE 1 KG;NO PERECIBLE;5489;392;499
405;6611;PAPEL TOALLA DE MANOS HOJA SENCILLA INTERFOLIADA SCOTT ESSENTIAL X 150 (30228392);NO PERECIBLE;5457.6;653;4548
406;5295;QUESO MOZZARELLA SALINERITO 500 GR;PERECIBLE;5444.2204;119;1289
407;8967;FILETE APANADO DE CARNE DE PIERNA/MUSLO DE POLLO 90GR X 25;PERECIBLE;5390;173;440
408;4872;COCOA SIN AZUCAR BIOS 500 GR;NO PERECIBLE;5347.5025;336;1093
409;1128;BORREGO MENUDO 1 KG;PERECIBLE;5315.4315;63;268.05
410;2420;ACEITUNAS VERDES RELLENAS SNOB 220 GR;NO PERECIBLE;5291.9493;1459;4187
411;2359;PALMITOS FRESCOS UND;FRUVER;5243.7;2425;29964
412;1561;CAFE CLASICO BUENDIA 170 GR;NO PERECIBLE;5218.31461125;247;559
413;11943;CARNE MOLIDA DE CERDO CONDIMENTADA 1 KG;PERECIBLE;5213.67;265;1281
414;98;LANGOSTINO (10-12) KG;PERECIBLE;5197.86;101;402
415;10115;PASTA DE TOMATE DOBLE CONCENTRADA 28/30 MAZZA LATA 400 GR;NO PERECIBLE;5173.53051892;3098;3811
416;9960;PAPEL HIGIENICO DOBLE HOJA SCOTT 25 MTS (30243341);NO PERECIBLE;5162.22;409;16870
417;666;HELADO VAINILLA TOPSY 1LT;PERECIBLE;5142.336;302;1920
418;11242;CERDO CHULETA PROCESADO (151-170) X10;PERECIBLE;5134.400176768;178;850.88
419;3430;ALBAHACA 30 GR;FRUVER;5081.28;4441;31758
420;8968;FILETE APANADO DE CARNE DE CERDO 70 GR X 25;PERECIBLE;5073;137;534
421;10882;BABACO PINTON UND (1.10 - 1.49 KG);FRUVER;5059.054;461;4004
422;651;LIMPION INDUSTRIAL 650 MT X 22CM TORK;NO PERECIBLE;5058.24;241;479
423;3476;SALCHICHA RANCHERA ECO CARNIDEM 1 KG;PERECIBLE;5022.99;384;1139
424;10031;HARINA DE MAIZ AMARILLO AREPASAN 1 KG;NO PERECIBLE;4982.4;971;4152
425;4194;CONTENEDOR BLANCO CON TAPA PLASTI UTIL 5X5 X 25 UND;NO PERECIBLE;4964.0625;816;5295
426;11453;LAVAVAJILLA CREMA ESTRELLA LIMON 4 KG;NO PERECIBLE;4954.812054291;634;930.9
427;10928;CHURROS EN LAZO CONGELADOS IQF AVIKO 1 KG;PERECIBLE;4932;224;1233
428;8019;FIDEO FETTUCCINI SANTORINO 400 GR;NO PERECIBLE;4889.3;501;7522
429;6754;JAMON DE PAVO T1 SW JURIS 1 KG;PERECIBLE;4853.88;139;417
430;3096;PAVO POFASA PROCESADO (4.5 - 5.5 KG);PERECIBLE;4839.3960286272;222;1561.48
431;11896;LEVADURA FRESCA FLEISHMANN 500 GR;PERECIBLE;4832;1560;3775
432;3100;NECTAR DE MANZANA PULP TETRAPACK 250 ML;NO PERECIBLE;4818.5523;216;17631
433;10893;CAMARON APANADO TIPO II 2 KG;PERECIBLE;4818.5;64;419
434;1886;DV DETERGENTE ALCALINO ACTIFOAM 23 KG;NO PERECIBLE;4812.75;72;93
435;4562;TAPA PLÁSTICO GELATINERO X100 UND;NO PERECIBLE;4806.57566;686;2000
436;9393;GALLETAS ORIGINAL CHIPS AHOY 222 GR (6 X37 GR);NO PERECIBLE;4767.48;354;2337
437;1504;FUNDA TRANSPARENTE 40MICRAS 18X24 X100;NO PERECIBLE;4764.76;707;884
438;3667;DURAZNOS MITADES ALMIBAR LOS ANDES 820 GR;NO PERECIBLE;4741.0624;781;2456
439;2305;CALDO DE GALLINA EN PASTA MAGGI 1 KG;NO PERECIBLE;4737.2556;460;614
440;4443;COLA FRUIT FRESA 3 LT;NO PERECIBLE;4727.9568;247;4683
441;219;ESPARRAGOS 1 KG;FRUVER;4701.044;403;1382.66
442;11165;RES LOMO FALDA PROCESADO (71-90) X10;PERECIBLE;4666.058792728;54;752.8
443;10529;POLVO HORNEAR LA REPOSTERITA 100 GR;NO PERECIBLE;4661.81995194;2318;4806
444;590;QUESO RICOTTA KIOSKO 450 GR;PERECIBLE;4656.96066836;615;2156
445;1433;YOGURT SEMIDESCREMADO MORA ALIBABA 1.9 LT;PERECIBLE;4655.52;527;2544
446;185;ACELGA 300 GR;FRUVER;4640.96;3513;29006
447;3406;MAYONESA GUSTADINA SQUEEZE 310 GR;NO PERECIBLE;4626.4426;548;2197
448;465;PASAS 1 KG;NO PERECIBLE;4587;942;1529
449;6677;ENERGIZANTE ORIGINAL V220 330 ML;NO PERECIBLE;4586.988;72;11298
450;7795;AZUCAR IMPALPABLE MOCA 500 GR;NO PERECIBLE;4555.6;913;6508
451;1995;CARBON LEÑA QQ;NO PERECIBLE;4537;295;349
452;1993;CANASTILLA #12 X100;NO PERECIBLE;4533.76;785;4928
453;10420;POWERADE FRUTAS TROPICALES PET 600 ML;NO PERECIBLE;4532.7105;265;9241
454;362;PURE DE TOMATE GUSTADINA BALDE 4 KG;NO PERECIBLE;4532;365;515
455;1350;COCA COLA SABOR LIGERO 2 LT;NO PERECIBLE;4522.9872;367;2832
456;11034;LECHE CONDENSADA SEMIDESCREMADA DULAC´S DOYPACK 420 GR;NO PERECIBLE;4519.62;531;2142
457;11070;ACEITE OLIVA CLASICO MEZCLA MAZZA VIDRIO 500 ML;NO PERECIBLE;4503.13679556;732;1332
458;481;COLADA TAPIOCA VAINILLA SAN JORGE 400 GR;NO PERECIBLE;4482.5;880;3586
459;10739;UVILLA 420 GR;FRUVER;4467.96;725;2364
460;606;YGT SEMIDESCREMADO NATURAL ALI BABA 1.86 LT;PERECIBLE;4418.2125;509;2067
461;9992;POLLO MOLLEJA PRONACA (0.75 - 1.1 KG);PERECIBLE;4417.7697;339;1269
462;361;MOSTAZA PRONACA 4 KG;NO PERECIBLE;4397.9541;362;519
463;639;LAVAVAJILLA BARRA ROSADO LAVA 300 GR;NO PERECIBLE;4366.9107;2212;9333
464;3855;JUGO DE NARANJA/FRESA DHOY 355 ML;PERECIBLE;4341.6;141;4824
465;2535;CILANTRO 1 KG;FRUVER;4337.872;1135;3943.52
466;8563;YOGURT MORA REGENERIS 1.75 LT;PERECIBLE;4330.1464;370;1084
467;3547;QUESO CHEDDAR CORTADO FLORALP (1 - 1.10 KG);PERECIBLE;4255.8;178;519
468;494;CHORIZO PARRILLERO DON DIEGO 1 KG (401520);PERECIBLE;4212.7469;204;727
469;479;COLADA TAPIOCA FRESA SAN JORGE 400 GR;NO PERECIBLE;4186.25;845;3349
470;10724;TORTILLA CHIPS SAL PEQUEÑA KIWA 40GR;NO PERECIBLE;4171.3;181;7070
471;11013;SALCHICHA PERRO CALIENTE T2 JURIS 1 KG;PERECIBLE;4146.96;200;888
472;3408;SALSA DE TOMATE GUSTADINA SQUEEZE 370 GR;NO PERECIBLE;4143.3327;647;2249
473;10469;MANDARINA ESPECIAL (125 - 140 GR) UND;FRUVER;4122.6;403;20613
474;7007;PAPEL HIGIENICO DOBLE HOJA 30 MT TORK;NO PERECIBLE;4084.42;340;12013
475;101;PESCADO CABEZA 1 KG;PERECIBLE;4057.32;1262;2704.88
476;2318;PAVO POFASA PROCESADO KG;PERECIBLE;4056.691;469;1308.61
477;10880;FIDEO LAZO N.3 CAYAMBE 400 GR;NO PERECIBLE;4049.4;811;7940
478;3729;PICADITA EMBUTIDO CASA GUILLO 1 KG;PERECIBLE;3981.06;320;1301
479;1424;POLVO HORNEAR LEVAPAN 500 GR;NO PERECIBLE;3967.755;973;1903
480;11462;JAMON SANDUCHERO TIPO I LA EUROPEA 500 GR;PERECIBLE;3959.68;372;1472
481;2025;GUANTE NIT PETROLERO C22 450MM TALLA L/9 MASTER;NO PERECIBLE;3950.4;526;823
482;3909;GELATINA GELHADA NARANJA 400 GR;NO PERECIBLE;3942.3756;608;2181
483;4459;MANTEQUILLA LURPAK 8 GR;PERECIBLE;3904.46;490;27889
484;3410;MANZANA ROJA CALIBRE 100 GR UND;FRUVER;3840.96;506;12003
485;9146;COLA SPRITE 500 ML;NO PERECIBLE;3832.056;289;9040
486;458;NUEZ PEPA 1 KG;NO PERECIBLE;3823.6;299;484
487;663;GALLETAS MARIA NESTLE 414 GR (18 X23 GR);NO PERECIBLE;3753.36;205;1203
488;7000;MASCARILLA DESECHABLE ART X 50;NO PERECIBLE;3744.87;1839;2903
489;3572;LECHE DESLACTOSADA SEMI VITA TPK 1 LT;NO PERECIBLE;3670.8276;212;3036
490;4444;COLA FRUIT MANZANA 3 LT;NO PERECIBLE;3658.5054;324;3623
491;2009;ESCOBA PLASTICA NYL SUAVE 25 CM TUBO PLASTIFICADO;NO PERECIBLE;3654.3;919;1874
492;241;PAPANABO 1 KG;FRUVER;3633.9695;3874;10382.77
493;11955;PAPEL HIGIENICO SCOTT 22MT X 16 UND (30248055);NO PERECIBLE;3623.18354048;234;896
494;4457;QUESO FRESCO FLORALP 430 GR;PERECIBLE;3604.72;89;1256
495;11407;VINAGRE BLANCO PROADA 3450 ML;NO PERECIBLE;3584.88;1796;3064
496;11153;RES FILETE PROCESADO (111-130) X10;PERECIBLE;3556.85616;229;518.19
497;1124;BORREGO PROCESADO 5 KG;PERECIBLE;3549.84476;48;491.26
498;11461;TOTOPOS TORTILLAS DE MAIZ SABOR LIMON KIWA 35 GR;NO PERECIBLE;3531.6;132;9810
499;10125;ACEITE OLIVA CLASICO MEZCLA MAZZA VIDRIO 1 LT;NO PERECIBLE;3515.7696;534;707
500;11914;GARBANZO CONGELADO IQF 1KG;PERECIBLE;3508.74;638;1818
501;11649;JUGO NARANJA DHOY SIX PACK 200 ML;PERECIBLE;3489.95;173;1115
502;6303;LECHE SEMIDESCREMADA VITA FUNDA 900 ML;PERECIBLE;3456.1;322;4066
503;1862;PAPEL PERIODICO PLIEGO X500;NO PERECIBLE;3429;82;127
504;11019;SALCHICHA FRANKFUTER T1 CASA GUILLO 22X15 X20 UND 1 KG;PERECIBLE;3423.6;149;634
505;1991;ATOMIZADOR SUMAGRILL X1UND;NO PERECIBLE;3410.3;301;1018
506;8562;YOGURT FRESA REGENERIS 1.75 LT;PERECIBLE;3399.4897;335;851
507;224;HABA TIERNA PELADA 1 KG;FRUVER;3395.448;427;1616.88
508;11894;COCHINILLO PRONACA (6.5 / 7 KG);PERECIBLE;3364.9;33;46
509;106;PARGO UND X10;PERECIBLE;3357.48;90;294
510;9755;GALLETA INTEGRAL TRADICIONAL CLUB SOCIAL 216 GR (9 X24 GR);NO PERECIBLE;3342.57478182;359;1818
511;10725;TORTILLA SPICY BBQ PEQUEÑA KIWA 40GR;NO PERECIBLE;3321.7;140;5630
512;7380;DV SUPER ENZIDENT L DETERGENTE LIQUIDO 20 KG;NO PERECIBLE;3308.88;68;68
513;8069;AVENA HOJUELAS LA ORIGINAL 1 KG;NO PERECIBLE;3301.047;936;3561
514;655;CHORIZO T1 UP 2 KG;PERECIBLE;3298.058;143;379
515;216;COL MORADA 1 KG;FRUVER;3289.5;2090;13158
516;564;LEVADURA FRESCA LEVAPAN 500 GR;PERECIBLE;3284.225;1119;2681
517;3405;ESENCIA VAINILLA LEVAPAN 500 ML;NO PERECIBLE;3270.624;620;868
518;707;COLA SPRITE 3 LT;NO PERECIBLE;3268.72091214;301;1602
519;182;UVA VERDE 1 KG;FRUVER;3240.96;181;540.16
520;236;NABO CHINO 1 KG;FRUVER;3239.845;2475;9256.7
521;10800;PIMIENTA NEGRA SIN SAL MOLIDA ILE 1 KG;NO PERECIBLE;3230.5;307;355
522;3521;CHOCOLATE POLVO AMARGO KG;NO PERECIBLE;3229.29;246;358.81
523;9823;YOGURT GRIEGO MORA Y ARANDANOS KIOSKO 120 GR;PERECIBLE;3227.49;291;2961
524;51;CERDO HUESO CONGELADO 1 KG;PERECIBLE;3200.9076;2616;7274.79
525;1724;PITAHAYA 1 KG;FRUVER;3198.244;380;2284.46
526;4933;FIDEO SPAGHETTI DON VITTORIO 400 GR;NO PERECIBLE;3193.07;212;2143
527;3131;SALSA OSTRAS ORIENTAL 400 GR;NO PERECIBLE;3187.65;362;1185
528;97;PLATANO MAQUEÑO PINTON AL GRANEL 1 KG;FRUVER;3180.429;470;4543.47
529;9435;CAMARON APANADO 2.1 KG (75 X28 GR);PERECIBLE;3172.26;41;182
530;533;SALCHICHA POLLO T1 MR POLLO C18 1 KG X29 UND;PERECIBLE;3166.821;69;501
531;1408;VASO PLÁSTICO 7 ONZ X 50 UND;NO PERECIBLE;3162.678;1049;7338
532;1768;SAL SACHET 1.5 GR X100;NO PERECIBLE;3152.53550892;591;2634
533;334;PALMITOS MEDALLONES GUSTADINA 800 GR;NO PERECIBLE;3143.0028;257;1257
534;2262;DV FORTY BLEND LAVAVAJILLAS 20 KG;NO PERECIBLE;3142.8;81;81
535;9993;POLLO PATAS PRONACA (0.6 - 1.5 KG);PERECIBLE;3142.46994234;926;1922
536;3854;JUGO DE NARANJA/ZANAHORIA DHOY 355 ML;PERECIBLE;3128.73427608;164;3372
537;10745;COLA PEPSI 3 LT;NO PERECIBLE;3111.915;189;2685
538;3377;QUESO CREMA REY 250 GR;PERECIBLE;3090.62763641;329;1847
539;2561;MERMELADA DE FRESA HELIOS 15 GR XUND;PERECIBLE;3078.269;526;28241
540;9758;FUNDA SANDUCHE ANTIGRASO KRAFT 35GR 11X25 + FUELLE 3CM IMPRESO HANASKA X100;NO PERECIBLE;3077.34;468;1293
541;1501;MAYONESA GUSTADINA SACHET 7 GR (102 X7 GR);NO PERECIBLE;3058.572;402;986
542;11677;AGUA SIN GAS TESALIA 500 ML;NO PERECIBLE;3056.46;188;13893
543;367;ALMENDRAS 150 GR;NO PERECIBLE;3055;344;1222
544;11650;AGUA DE COCO FREEZE SIX PACK 200 ML;PERECIBLE;3045.9;112;715
545;1357;GALLETAS AMOR CLASICA 175 GR;NO PERECIBLE;3037.5296;237;3136
546;2361;NUEZ SIN CASCARA 1 KG;NO PERECIBLE;3024;194;252
547;10148;GALLETA ORIGINAL CLUB SOCIAL 216 GR (9 X24 GR);NO PERECIBLE;3020;218;1510
548;11294;POLLO PECHUGA ENTERA CONGELADO 2 KG X4;PERECIBLE;3017.40873;84;418.91
549;4115;YOGURT VAINILLA LIGHT TONI100 950 GR;PERECIBLE;3010.36;195;932
550;260;ZANAHORIA BLANCA 1KG;FRUVER;2977.968;591;2836.16
551;456;MOROCHO PARTIDO 1 KG;NO PERECIBLE;2975;1143;2975
552;371;AROMATICA MANZANILLA FLORAROMA X25;NO PERECIBLE;2972.0208;1493;6286
553;10474;PULPA DE COCO DELIFROST 940 GR;PERECIBLE;2960.61;245;1189
554;197;MANZANILLA 10 GR;FRUVER;2945.14;1724;26774
555;572;PAN PITA ARABE PASTELO 500 GR X10;PERECIBLE;2937.7;235;1013
556;1506;FUNDA 20 MICRAS 6X10 X100 UND;NO PERECIBLE;2907.42;670;6186
557;7005;JAMON DE POLLO T1 16X13 CASA GUILLO 1 KG;PERECIBLE;2864.4;162;341
558;2537;ALBAHACA 1 KG;FRUVER;2849.366;370;1095.91
559;11938;CARNE MOLIDA DE PAVO 2 KG TRIPA 11031;PERECIBLE;2842.4;32;304
560;1515;CUCHARA SOPA BL USAKUBIERTO X50;NO PERECIBLE;2836.0122;957;5077
561;9824;YOGURT GRIEGO FRUTOS ROJOS KIOSKO 120 GR;PERECIBLE;2832.91;255;2599
562;11527;CAFÉ VIZCOFFE GOURMET GRANEL 500GR;NO PERECIBLE;2826;29;314
563;11942;PECHUGA ENTERA DE PAVO 0969;PERECIBLE;2825.55;33;195
564;6909;FIBRA VERDE LUSTRE;NO PERECIBLE;2817.72;5517;31308
565;8978;GALLETAS AVENA QUAKER FRUTOS ROJOS 192 GR (6 X32 GR);NO PERECIBLE;2793.96;193;1194
566;6911;ESPONJA SALVAUÑAS LUSTRE;NO PERECIBLE;2772.21;2876;13201
567;514;MORCILLA PREMIUM JURIS 1 KG;PERECIBLE;2769.2;178;460
568;1585;CHOCOLATE POLVO MILO NESTLE 400 GR;NO PERECIBLE;2762.06;291;763
569;7315;AGUA MINERALCON GAS IMPERIAL TORONJA LATA 330 ML;NO PERECIBLE;2759.3184;125;3984
570;2869;TARRINA PLÁSTICA 1 LT CON TAPA X50;NO PERECIBLE;2709.56696209;163;1103
571;11185;CALAMAR POTA CONGELADO SELECCIONADO 5 KG;PERECIBLE;2692.235;12;111.02
572;3438;MENTA 20 GR;FRUVER;2686.31;1392;24421
573;245;PIMIENTO AMARILLO 1 KG;FRUVER;2663.5083194934;805;1610.58
574;6980;ARROZ CEBADA 500 GR;NO PERECIBLE;2641.8;1027;4403
575;3480;SALCHICHA OLMA T1 JURIS 1 KG;PERECIBLE;2635.6;157;440
576;1861;"FUNDA KAVETA ANCHO 27""LARGO 28"" FUELLE LATERAL 4.5"" 20 MICRAS X100";NO PERECIBLE;2633.0169177;169;390
577;61;RES HUESO 1 KG;PERECIBLE;2601.49569;1734;5167.85
578;6967;KIT PLASTICO BLANCO / NEGRO CUCHARA + TENEDOR + CUCHILLO + SERVILLETA;NO PERECIBLE;2596.32;298;32454
579;1967;CHIFLES CLASICOS TORTOLINES 45 GR;NO PERECIBLE;2591.3084;157;5524
580;9685;MORCILLA DE SANGRE T1 GRANDES FOODS 1 KG;PERECIBLE;2575;154;515
581;5347;SAZONADOR AJINOMOTO 500 GR;NO PERECIBLE;2566.5;432;885
582;3911;GELATINA UVA GELHADA 400 GR;NO PERECIBLE;2548.716;335;1410
583;1442;HELADO CHOCOLATE TOPSY 1 LT;PERECIBLE;2544.385;280;950
584;603;YGT SEMIDESCREMADO FRESA ALIBABA 1.9 KG;PERECIBLE;2532.72;410;1384
585;11422;COCA COLA ORIGINAL 3.05 LT;NO PERECIBLE;2512.635;90;1150
586;3913;CHOCOLATE GALAK NESTLE 20GR X21;NO PERECIBLE;2503.956;123;420
587;11941;PULPA DE PAVO 0958;PERECIBLE;2499;31;510
588;4462;HM MASA HOJALDRE MAXI 1 KG;PERECIBLE;2498.39104212;111;778
589;426;FIDEO LAZO CHICO CAYAMBE 400 GR;NO PERECIBLE;2495.94;406;4894
590;10662;SERVILLETA TORK (23.8X13.4)X100;NO PERECIBLE;2487.6;301;4146
591;9646;AZUCAR MORENA SAN CARLOS 1 KG;NO PERECIBLE;2477.71653045;384;3045
592;454;HARINA DE MAIZ AMARILLO MAIZABOSA 1 KG;NO PERECIBLE;2474.2454;308;1342
593;11362;YOGURT SEMIDESCREMADO FRUTILLA SORPRESA KIOSKO 180 GR;PERECIBLE;2472.34;179;3341
594;7621;AGUA MINERAL CON GAS IMPERIAL LIMON MENTA PET 550 ML;NO PERECIBLE;2408.25;34;5070
595;570;CHIFLES MADURITOS TORTOLINES 45 GR;NO PERECIBLE;2407.047;129;5559
596;6757;MANI CLASICO MANICRIS 168 GR (6 X28 GR);NO PERECIBLE;2391.25;235;1913
597;5560;YUCA LAVADA 1 KG;FRUVER;2363.665;164;4727.33
598;7347;BARRA DE CEREAL ARANDANOS Y NUECES TOSH 138 GR (6 X 23 GR);NO PERECIBLE;2344.42;86;923
599;11363;YOGURT SEMIDESCREMADO MORA SORPRESA KIOSKO 180 GR;PERECIBLE;2321.38;169;3137
600;11155;RES FILETE PROCESADO (50-70) X10;PERECIBLE;2320.0856811216;296;336.48
601;223;HABA TIERNA 1 KG;FRUVER;2314.739;566;1493.38
602;266;ZUQUINI AMARILLO 1 KG;FRUVER;2302.032;743;2397.95
603;299;SALSA DE AJI INDIO BRAVO GUSTADINA 100 GR;NO PERECIBLE;2299.2336;639;4068
604;3767;VASO TERMICO CON TAPA 8 ONZ X 25 UND;NO PERECIBLE;2280.22398271;82;1109
605;148;HIGO 1 KG;FRUVER;2273.46;158;757.82
606;8974;LECHE EVAPORADA SEMI LA LECHERA TETRAPACK 450 ML;NO PERECIBLE;2272.3392;447;1216
607;10688;CEREAL CORN FLAKES KELLOGGS 410 GR;NO PERECIBLE;2268.23692703;201;527
608;2130;VIANDA TRANSPARENTE REDONDA 700 CC X25;NO PERECIBLE;2261.322;101;1644
609;3920;COLA BIG NEGRA 300 ML;NO PERECIBLE;2250.2961;127;13663
610;11838;BIFE ANCHO CONGELADO NELORE FRIDOSA (2-3 KG);PERECIBLE;2249.94;31;214.28
611;1443;MEJILLON CASCARA 718 GR X100;PERECIBLE;2242.57;311;551
612;569;MASA MOROCHO 1 KG;PERECIBLE;2231.6;165;797
613;3885;CHOCHO/CHULPI 180 GR;PERECIBLE;2216.74;248;2806
614;10879;FIDEO CODO RAYADO SANTORINO 400 GR;NO PERECIBLE;2203.71;424;4321
615;11147;CERDO CHULETA PROCESADO (50-70) X10;PERECIBLE;2197.85823;356;379.53
616;2870;HIERBABUENA 1 KG;FRUVER;2179.2;336;908
617;4598;ALMEJA CARNE 220 GR X 200;PERECIBLE;2160.62;249;1342
618;4198;FUNDA NEGRA REFORZADA LAVAZA 80MICRAS 30X46 X10;NO PERECIBLE;2160.5;218;725
619;1835;FUNDA POLIFAN 3X8 X100;NO PERECIBLE;2148.1234814;294;4940
620;3108;ENDULZANTE SUCRA SWEET X50;NO PERECIBLE;2147.28;268;778
621;739;AVENA NUTRI MARACUYA TETRAPACK 200 ML;NO PERECIBLE;2139.552;73;6555
622;1534;SALSA DE TOMATE GUSTADINA 7 GR X102;NO PERECIBLE;2134.428;397;996
623;370;AROMATICA HIERBA LUISA FLORAROMA X25;NO PERECIBLE;2133.7464;1011;4513
624;6482;GALLETAS SANDUCHE GALAK NESTLE 87.5 GR;NO PERECIBLE;2128.749;88;3642
625;7316;AGUA MINERAL CON GAS IMPERIAL MANDARINA LATA 330 ML;NO PERECIBLE;2127.6672;89;3072
626;5660;RES, CARNE MOLIDA 14 - 17% GRASA REFRIGERADO 2.5 KG;PERECIBLE;2116.17744;24;782.61
627;4105;FUNDA NEGRA 2MICRAS 61X40 X50;NO PERECIBLE;2109;82;114
628;337;SALSA BBQ CHEF DANIEL 400 GR;NO PERECIBLE;2090.466;532;1412
629;404;ARVEJA SECA 1 KG;NO PERECIBLE;2090.4;617;1742
630;11001;SALCHICHA VIENESA T2 JURIS 500 GR;PERECIBLE;2072.52;151;909
631;10604;JABON EN BARRA AVENA JOLLY 100 GR;NO PERECIBLE;2069.613;179;4693
632;442;HARINA DE MAIZ 1 KG;NO PERECIBLE;2064;689;1720
633;10861;CERDO PATA CONGELADO;PERECIBLE;2058.9661805355;129;901.35
634;80;RES HIGADO JULIANA 5 KG;PERECIBLE;2054.7356544;57;433.84
635;2572;HOJA ATCERA UND;FRUVER;2051.64;593;51291
636;8109;GUANTE AMARILLO DOMESTICO ESTRELLA C20 T9;NO PERECIBLE;2046.552;1268;2690
637;11017;CERDO COSTILLAR SAN LUIS CONGELADO PROCESADO;PERECIBLE;2037.9509819262;27;247.97
638;11701;COLA ORANGINE MANZANA 3 LT;NO PERECIBLE;2018.1906;54;2259
639;6618;MORTADELA REBANADA T1 C11 CASA GUILLO 1KG;PERECIBLE;2014.57;124;461
640;93;CAMARON GRANDE CONGELADO (36-40) 1 KG;PERECIBLE;2009.28;62;224
641;11161;RES HIGADO (50-70) X10;PERECIBLE;2008.6425689343;67;397.41
642;10957;JUGO NARANJADA ALL NATURAL 625 ML;NO PERECIBLE;2007;109;5575
643;4595;CAFE SACHET GENERICO 2 GR X200;NO PERECIBLE;1978;103;115
644;6995;NECTAR DE NARANJA NATURA TETRAPACK 225 ML;NO PERECIBLE;1972.3002;135;7618
645;752;JUGO NARANJILLA TESALIA ICE 500 ML;NO PERECIBLE;1965.7416;84;6374
646;2587;ORITO UNIDAD;FRUVER;1963.92;576;28056
647;10730;COLA FANTA HARMONY 500 ML;NO PERECIBLE;1958.5953;130;4689
648;3407;MOSTAZA GUSTADINA SQUEEZE 330 GR;NO PERECIBLE;1954.4144;420;1168
649;11731;JABON DE TOCADOR ANTIBACTERIAL AVENA BEST PACK (3X92 GR) 276 GR;NO PERECIBLE;1944.0445;110;2687
650;652;COFIA X100;NO PERECIBLE;1935;674;774
651;109;PESCADO SECO 1 KG;PERECIBLE;1931.2;121;284
652;395;CHIFLES PICANTES TORTOLINES 45 GR;NO PERECIBLE;1925.118;68;4446
653;8179;LIMPION INDUSTRIAL GENERACION VERDE 200 MT;NO PERECIBLE;1917.86;253;532
654;3436;HIERBA LUISA 20 GR;FRUVER;1917.08;2490;17428
655;1682;CUCHARA PEQUEÑA BLANCA USAKUBIERTO X 50;NO PERECIBLE;1907.99;981;6790
656;176;TOMATE DULCE 1 KG;FRUVER;1903.875;518;2538.5
657;11252;FUNDA AZUL 35 MICRAS 35X47X50;NO PERECIBLE;1902.33000126;170;234
658;407;CANELA MOLIDA 1 KG;NO PERECIBLE;1900.08;77;91
659;10930;JUGO LIMONADA ALL NATURAL 625 ML;NO PERECIBLE;1898.64;147;5274
660;3590;JUGO DE ARANDANO NATURES HEART TETRAPACK 200 ML;NO PERECIBLE;1884.33997346;82;2654
661;46;AGUA MINERAL CON GAS GÜITIG 3 LT;NO PERECIBLE;1882.33218754;252;1246
662;3433;CEDRON 20 GR;FRUVER;1878.14;2456;17074
663;2432;MERMELADA DE MORA LA PRIMERA 5.7 KG;NO PERECIBLE;1867.6108;107;121
664;9962;SERVILLETA DISPENSADA AIRFLEX SCOTT MEGA HOJA SENCILLA X 200HOJAS (30209703);NO PERECIBLE;1865.7018;135;2946
665;9961;SERVILLETA DISPENSADA SCOTT ECONOMICA HOJA SENCILLA X 120HOJAS (30209601);NO PERECIBLE;1850.7349;267;5047
666;464;PAPRIKA 200 GR;NO PERECIBLE;1847.46;796;1502
667;3647;DV SUPER ENZIDENT DETERGENTE POLVO DL53 20 KG;NO PERECIBLE;1843.16;54;71
668;10690;LANGOSTA UND (350GR - 450GR);PERECIBLE;1838.19;27;213
669;10667;BAKANELA SABORIZADA LIMON 500 GR;NO PERECIBLE;1833.2892621;212;582
670;10719;LECHE CHOCOLATE SIX PACK NUTRI TETRAPACK 200 ML;NO PERECIBLE;1817.696;113;860
671;10669;BAKANELA SABORIZADA FRUTOS ROJOS 500 GR;NO PERECIBLE;1798.64816138;270;571
672;3360;ENROLLADO DE CERDO T1 CASA GUILLO 1 KG X11;PERECIBLE;1798.3;54;245
673;1459;PAN HOT DOG SUPAN 600 GR X8;NO PERECIBLE;1795.4;132;764
674;2990;POLVO HORNEAR BAKELS 5 KG;NO PERECIBLE;1790.11;91;107
675;10791;GALLETA DUCALES TACO 315 GR X 3;NO PERECIBLE;1773.32;89;1031
676;2124;VASO PLÁSTICO SIN TAPA 10 ONZ X 50 UND;NO PERECIBLE;1769.85;168;2565
677;4385;AZUCAR BLANCA SACHET GENERICO (200 X5 GR);NO PERECIBLE;1768;257;442
678;1983;PAPEL ROLLO FACTURACION;NO PERECIBLE;1767;472;2325
679;386;GEL NEUTRO MIROIR PURATOS 5 KG;NO PERECIBLE;1766.44;49;52
680;763;LECHE CHOCOLATADA SEMI VITA TETRAPACK 200 ML;NO PERECIBLE;1760.13;73;4293
681;6301;VASO CARTON SIN TAPA IMPRESO HANASKA INSTITUCIONES 12 ONZ X 50 UND;NO PERECIBLE;1755.6;88;532
682;1144;RES HIGADO JULIANA 1 KG;PERECIBLE;1739.84307;182;367.35
683;1885;DV ACIDET AC18 4 KG;NO PERECIBLE;1734.72;279;312
684;4365;MERMELADA DE MELOCOTON HELIOS 15 GR;PERECIBLE;1730.9201588;301;15880
685;6983;MACHICA 500 GR;NO PERECIBLE;1730.16;699;3204
686;1521;ESTUCHE FRESA MEDIANO X 100;NO PERECIBLE;1708.2;164;292
687;10754;CEREAL ZUCARITAS KELLOGGS 420 GR;NO PERECIBLE;1687.5370309;241;406
688;566;MANTEQUILLA CON SAL VITA 250 GR;PERECIBLE;1683.1504;181;727
689;144;GUAYABA ROSADA 1 KG;FRUVER;1682.252;154;1529.32
690;1892;DV JABON LIQUIDO HANDEX HT7 TOCADOR 4 KG;NO PERECIBLE;1681.68;178;273
691;3160;YOGURT DURAZNO BEBIBLE KIOSKO FUNDA 900 ML;PERECIBLE;1667.16;112;1684
692;5386;VASO TERMICO BLANCO SUPERMAXI 6 OZ X 24 UND;NO PERECIBLE;1649.728;213;2980
693;357;VINAGRE BLANCO UP LA PRIMERA 3.7 LT;NO PERECIBLE;1649.476;460;680
694;336;PEPINILLOS ENTEROS VINAGRE SNOB 470 GR;NO PERECIBLE;1647.9424;351;754
695;2569;GUINEO AMARILLO UND;FRUVER;1638.96;345;20487
696;279;HARINA INTEGRAL TRIGUEÑITA 1 KG;NO PERECIBLE;1636.09;703;2071
697;10345;LAVAVAJILLA CREMA SANSON LIMON 450 GR;NO PERECIBLE;1629.3051;592;1893
698;178;TORONJA 1 KG;FRUVER;1623.336;464;2497.44
699;2479;YOGURT DURAZNO REGENERIS 150 GR;PERECIBLE;1621.75;39;2495
700;1880;DESODORANTE PASTILLA AMBIENTAL CEREZA TIPS 95 GR;NO PERECIBLE;1612.9272;394;1896
701;5670;RES PULPA REDONDA BLANCA REFRIGERADO;PERECIBLE;1611.877398;8;51.06
702;399;ALMIDON DE YUCA 1 KG;NO PERECIBLE;1600.8;216;667
703;8311;CHOCLITO BABY CORN SNOB DOYPACK 190 GR;NO PERECIBLE;1596.85697457;747;1887
704;11162;RES HIGADO (71-90) X10;PERECIBLE;1587.6874680792;77;317.82
705;7314;AGUA MINERAL CON GAS IMPERIAL LIMONADA LATA 330 ML;NO PERECIBLE;1579.3510524;71;2280
706;1387;GALLETAS MARIA NESTLE TACO 172 GR;NO PERECIBLE;1573.8;120;1830
707;10755;CHOCOLATE CON MANI MANICHO 100 GR (4 X25 GR);NO PERECIBLE;1570.853701;77;892
708;3711;TE NEGRO MANZANA CANELA NATURES HEART 26 GR X20;NO PERECIBLE;1559.52;316;1368
709;11441;RES PICAÑA TIPO A MADURADO/IMPORTADO FRIGOR (1.1 - 1.9 KG);PERECIBLE;1556.250696;23;58.89
710;2020;GUANTE ALIMENTOS VINIL MEDIANA X100;NO PERECIBLE;1543.5;236;630
711;3985;MANZANA VERDE CALIBRE 150 GR UND;FRUVER;1532.79;351;5677
712;85;RES LIBRILLO 1 KG;PERECIBLE;1530.157272;60;375.72
713;10964;GRAGEAS DE COLORES DOÑA JANNA 250 GR;NO PERECIBLE;1526;433;1526
714;11365;YOGURT SEMIDESCREMADO DURAZNO SORPRESA KIOSKO 180 GR;PERECIBLE;1512.56;110;2044
715;6982;HARINA DE PLATANO 500 GR;NO PERECIBLE;1510.8;625;2518
716;3171;YGT MORA BEBIBLE KIOSKO FUNDA 900 ML;PERECIBLE;1499.85;89;1515
717;397;AJONJOLI 1 KG;NO PERECIBLE;1488;279;310
718;3162;YOGURT FRUTILLA BEBIBLE KIOSKO FUNDA 900 ML;PERECIBLE;1484.01;149;1499
719;4671;JUGO DE NARANJA DEL VALLE 300 ML;NO PERECIBLE;1482.5244;39;5308
720;3484;COLA FIORAVANTI FRESA 2 LT;NO PERECIBLE;1474.7052;298;1228
721;1839;FUNDA BLANCA 35MICRAS 35X47 X50;NO PERECIBLE;1474.2;152;182
722;703;COLA SPRITE 1.75 LT;NO PERECIBLE;1472.8672;325;1316
723;10110;VINAGRE BALSAMICO MAZZA VIDRIO 500 ML;NO PERECIBLE;1471.934;534;740
724;1405;GELATINERO CON TAPA 100 ML X100 UND;NO PERECIBLE;1469.99126348;74;302
725;7806;AGUA SIN GAS TRADICIONAL 6 LT;NO PERECIBLE;1464.65998146;104;1854
726;11404;TAJAPAN INTEGRAL SUPAN 550 GR X20;NO PERECIBLE;1463.28;296;871
727;10473;YGT SEMIDESCREMADO MORA MIRAFLORES 3.5 KG;PERECIBLE;1453.07248218;144;297
728;4150;PORTA TORTA RECTANGULAR CON TAPA 41X30 CM;NO PERECIBLE;1449.3336;135;572
729;2043;SET ULTRAMOPA STANDARD 196 (MOPA + BASE + TUBO);NO PERECIBLE;1445.8388034;72;124
730;7072;TAJAPAN BLANCO FAM MODERNA 550 GR X20;NO PERECIBLE;1439.56;202;986
731;3333;YOGURT ENTERO MORA TONI 1.7 LT;PERECIBLE;1435.6414;138;293
732;254;TOMILLO 10 GR;FRUVER;1435.56;4139;20508
733;1947;MANI CLASICO MANICRIS 200 GR;NO PERECIBLE;1424.59984916;92;838
734;1775;CARVE CARNE FILETEADA 450 GR;PERECIBLE;1422;86;316
735;1358;GALLETAS AMOR CHOCOLATE 175 GR;NO PERECIBLE;1414.04;92;1219
736;4010;GALLETAS INTEGRAL MULTICEREAL CLUB SOCIAL 216 GR (9 X24 GR);NO PERECIBLE;1411.6974;171;862
737;1438;CONCHA CASCARA X100;PERECIBLE;1408;43;64
738;2051;BARRA TOSH FRESA 138 GR (6 X23 GR);NO PERECIBLE;1407.16;23;554
739;5578;PLATANO MADURO GRANEL KG;FRUVER;1403.815;145;1477.7
740;3584;AROMATICA TE VERDE NATURES HEART 26 GR X20;NO PERECIBLE;1402.87996712;267;1096
741;11946;ARROZ DE CEBADA SUPERMAXI 500 GR;NO PERECIBLE;1399.7082;499;2343
742;3130;RES HIGADO ENTERO CONGELADO 3 KG;PERECIBLE;1398.5146253722;44;276.58
743;11452;CHOCOLATE SEMIAMARGO CHOCOLATERIA NESTLE 180 GR;NO PERECIBLE;1398.124;182;598
744;11014;SALCHICHA POLLO T1 JURIS 500 GR X20;PERECIBLE;1396.5;155;525
745;6997;CEREZAS ROJAS RUBINO 250 GR;NO PERECIBLE;1392.28017309;137;573
746;8235;YOGURT MIX CEREAL TONI 180 GR;PERECIBLE;1391.48;35;1618
747;11880;PREMEZCLA PAN DE YUCA SABOR A QUESO FLEISCHMANN 1 KG;NO PERECIBLE;1387.65;29;319
748;72;BORREGO PROCESADO 2 KG;PERECIBLE;1379.9017969599;74;190.99
749;7875;COCHINILLO PRONACA (4.28 - 5.45 KG);PERECIBLE;1371.73666674;16;22
750;2431;MERMELADA DE GUAYABA LA PRIMERA 5.7 KG;NO PERECIBLE;1368.5;109;115
751;2646;CONTENEDOR LONCHERA X25;NO PERECIBLE;1366.092;220;834
752;1569;CAPUCHINO NESCAFE 1 KG;NO PERECIBLE;1363.8248;13;52
753;9668;AZUCAR 5 KG;NO PERECIBLE;1362.69;46;315
754;3921;COLA BIG FRESA 300 ML;NO PERECIBLE;1349.6106;70;7311
755;8979;GALLETAS AVENA QUAKER MANZANA Y CANELA 168 GR (6 X28 GR);NO PERECIBLE;1336.14;89;571
756;2528;CAFE GRANO GARDELLA 453 GR;NO PERECIBLE;1334.0447;48;157
757;3908;GELATINA MORA GELHADA 400 GR;NO PERECIBLE;1324.9708;192;733
758;10476;PULPA DE DURAZNO DELIFROST 940 GR;PERECIBLE;1317.5;72;527
759;11501;PAPAS SUPERCRUNCH AVIKO 2.5 KG (CALIBRE 9.5MM);PERECIBLE;1315.21;14;260
760;3027;TARRINA TÉRMICA CON TAPA 1/2LT X50 UND;NO PERECIBLE;1310.5;75;250
761;10471;YGT SEMIDESCREMADO DURAZNO MIRAFLORES 3.5 KG;PERECIBLE;1296.51052575;136;265
762;10781;CURRY DOÑA JANA 1 KG;NO PERECIBLE;1293.6;211;264
763;10649;DORITOS MEGA QUESO 43 GR;NO PERECIBLE;1290.1;66;2716
764;11002;MORTADELA TIPO I TRADICIONAL JURIS 500 GR;PERECIBLE;1285.2;89;540
765;1864;PAPEL BOND A4 RESMA 500 HOJAS;NO PERECIBLE;1283.9465;252;535
766;5387;VASO TÉRMICO BLANCO SUPERMAXI 8 ONZ X 24 UND;NO PERECIBLE;1280.385;351;1850
767;9822;YOGURT GRIEGO NATURAL KIOSKO 120 GR;PERECIBLE;1272.03;194;1167
768;4619;CREMA PASTELERA CREMYVIT PURATOS 2 KG;NO PERECIBLE;1268.8;20;80
769;3143;MORTADELA SANDUCHE T2 CASA GUILLO 1 KG;PERECIBLE;1267.27;89;359
770;10424;JABON TOCADOR ALOE ANTIBACTERIAL LA ORIGINAL 110 GR;NO PERECIBLE;1264.3751;95;4813
771;6662;PAVO PECHUGA ENTERA CONGELADA POFASA (2-4) KG;PERECIBLE;1263.32812136;33;74
772;3332;YOGURT ENTERO FRUTILLA TONI 1.7 LT;PERECIBLE;1254.3488;124;256
773;3331;YOGURT ENTERO DURAZNO TONI 1.7 LT;PERECIBLE;1254.3488;106;256
774;3464;NECTAR DE DURAZNO PULP TETRAPACK 1 LT;NO PERECIBLE;1251.9276;249;1428
775;3910;GELATINA PIÑA GELHADA 400 GR;NO PERECIBLE;1250.8592;180;692
776;11892;HARINA DE MAIZ AMARILLO PRECOCIDA SUPERMAXI 1 KG;NO PERECIBLE;1240.7586;302;1181
777;3141;SALAMI CURADO 90 CASA GUILLO 1 KG;PERECIBLE;1240.68;73;196
778;10489;PULPA DE PERA DELIFROST 940 GR;PERECIBLE;1239.3;79;765
779;9194;ARROZ ENVEJECIDO MACAREÑO 1 KG;NO PERECIBLE;1229.399104;1410;1640
780;1520;TENEDOR BLANCO USAKUBIERTO X 50;NO PERECIBLE;1227.2442;392;2197
781;8710;AGUA SIN GAS DASANI 3.8 LT;NO PERECIBLE;1226.9107;40;1229
782;145;GUINEO SEDA VERDE 1 KG;FRUVER;1219.323;202;2903.15
783;11167;RES T-BON PROCESADO (111-130) X10;PERECIBLE;1216.593470365;28;141.7
784;4277;HABAS SUAVES POPIS 200 GR;NO PERECIBLE;1213.8;67;578
785;1887;DV AIR PLUS AM2 FRESH 4 KG;NO PERECIBLE;1208;119;151
786;11159;RES HIGADO (91-110) X10;PERECIBLE;1202.9175912942;67;240.26
787;11340;JARABE SABOR A MAPLE MCCORMICK 300 ML;NO PERECIBLE;1195.5906459;235;490
788;2536;PEREJIL LISO 1 KG;FRUVER;1193.676;411;1085.16
789;2123;VASO PLÁSTICO CON TAPA 10 ONZ X100 UND;NO PERECIBLE;1191.8764424;61;280
790;1266;BAGRE 5 KG;PERECIBLE;1182.55;39;67
791;10927;LECHE SABORES SURTIDOS VITA TPK PACK (6 X 200 ML FRUTILLA, CHOCOLATE, VAINILLA);NO PERECIBLE;1177.4058;24;431
792;10752;COLA FIORAVANTI FRESA 500 ML;NO PERECIBLE;1163.988;134;2980
793;11228;RES FILETE PROCESADO (131-150) X10;PERECIBLE;1163.7918393075;42;169.43
794;74;CUY X2;PERECIBLE;1162;17;166
795;151;LIMON SUTIL 1 KG;FRUVER;1154.452;188;888.04
796;2768;NARANJA SELECCIONADA UND;FRUVER;1150.9;141;11509
797;3091;ENDULZANTE SUCRA SWEET X 100;NO PERECIBLE;1142.64;119;207
798;2037;PAPEL DESPACHO RESMA X100;NO PERECIBLE;1137.6;211;316
799;10764;CHOCOLATE CHIPS DOÑA JANA 500 GR;NO PERECIBLE;1133.44;169;352
800;585;QUESO MOZZARELLA KIOSKO LIGTH 500 GR;PERECIBLE;1132.7;48;241
801;3465;NECTAR DE NARANJA PULP TETRAPACK 1 LT;NO PERECIBLE;1130.0663;262;1289
802;11882;PAN HAMBURGUESA REY PAN 400 GR X8 UND;NO PERECIBLE;1128.6;59;855
803;1462;PAPA SARITA NATURAL 30 GR;NO PERECIBLE;1128.0192;120;3052
804;4129;PALMITOS SPAGUETTI GUSTADINA 400 GR;NO PERECIBLE;1124.6988;247;964
805;10454;CERDO NUGGETS 2.2 KG (100 X22 GR);PERECIBLE;1121;26;76
806;5479;FUNDA NEGRA 37MICRAS 34X10(FUELLE X54) X10;NO PERECIBLE;1119.62;191;629
807;10686;JABON EN BARRA MANZANILLA JOLLY 100 GR;NO PERECIBLE;1117.494;137;2534
808;486;TE VERDE LIMON EN POLVO CALIENTE LEGZ 500 GR;NO PERECIBLE;1114.38179566;213;434
809;1570;CAPPUCCINO VAINILLA ALEGRIA NESCAFE 1 KG;NO PERECIBLE;1109.3836;13;52
810;10924;POLLO PIERNA/MUSLO CONGELADO PROCESADO X12 PRESAS;PERECIBLE;1104.643593925;18;495.5
811;11687;POLLO, PIERNA MUSLO CONGELADO CORTE EN CUARTOS X12 PROCESADO;PERECIBLE;1103.64;4;129.84
812;7222;PAPAS FRITAS NATURALES ARTESANAS LAYS 34 GR;NO PERECIBLE;1103.425;74;2525
813;7006;VASO PLASTICO CON TAPA 8 ONZ X 100 UND;NO PERECIBLE;1103.27187188;75;202
814;7710;RES PICAÑA CONGELADO PROCESADO;PERECIBLE;1098.134001;26;87.39
815;1460;PAN HOT DOG SUPAN 320 GR X8;NO PERECIBLE;1096.71;167;789
816;461;OREGANO MOLIDO 1 KG;NO PERECIBLE;1094.4;192;228
817;10702;PAPAS RUFFLES CREMA Y CEBOLLA 38 GR;NO PERECIBLE;1088.6658;60;3382
818;6649;CEREAL QUINOA MUNCH CHOCOLATE 30 GR;NO PERECIBLE;1086;144;2715
819;7109;LECHE DESLACTOSADA SEMI LA LECHERA TETRAPACK 946 ML;NO PERECIBLE;1085.96;119;850
820;660;SALSA CHINA GUSTADINA 150 ML;NO PERECIBLE;1076.0645;290;1315
821;297;ACEITUNAS VERDES ENTERAS CON HUESO SNOB 240 GR;NO PERECIBLE;1069.0995;214;609
822;793;BAG BOX FANTA 10 LT;NO PERECIBLE;1065.7786;23;23
823;7326;BAG BOX COCA SIN AZUCAR 10 LT;NO PERECIBLE;1065.7786;23;23
824;586;QUESO PARMESANO ALPINA 40 GR;PERECIBLE;1065.05;274;1253
825;1831;FUNDA ROJA 50MICRAS 23X28 X10 UND;NO PERECIBLE;1062.6;244;1265
826;310;MAIZ DULCE GUSTADINA 425 GR;NO PERECIBLE;1054.20508566;152;717
827;4106;FUNDA VERDE 2MICRAS 34X10(FUELLE X54) X50;NO PERECIBLE;1053;52;54
828;2939;POLLO HAMBURGUESA APAN PLUMROSE 1.3 KG (20 X65 GR);PERECIBLE;1051.65;79;135
829;9095;YOGURT GRIEGO NATURAL ZEUS REY 900 ML;PERECIBLE;1046.96;113;184
830;300;AJI PERUANO 250 GR;NO PERECIBLE;1031.32;927;2714
831;441;HARINA HABA 1 KG;NO PERECIBLE;1028.4;365;857
832;233;LECHUGA ROMANA 1 KG;FRUVER;1020.6;173;756
833;11837;CHAMPIÑON CONGELADO IQF CAJA 10 KG;PERECIBLE;1012;34;44
834;8300;ATUN EN ACEITE GIRASOL DON SANCHO ABRE FACIL PB 160 GR;NO PERECIBLE;1008.9772;289;1309
835;1474;HILO CHILLO ROLLO PONTE SELVA 8/6 90 MT;NO PERECIBLE;1008;561;840
836;3670;DV AIR PLUS NEW SENSE VAINILLA 4 KG;NO PERECIBLE;1005.48;130;133
837;2944;VASO CON TAPA 1 ONZ X 100 UND;NO PERECIBLE;1004.5825;74;575
838;11924;CHICHARRON DE CERDO 1 KG;PERECIBLE;990.81;14;109
839;2356;BERENJENA 1 KG;FRUVER;990.513;520;1100.57
840;656;JAMON DE CERDO REBANADO T2 PLUMROSE 1 KG;PERECIBLE;981.6576;74;154
841;6979;ALCOHOL INDUSTRIAL OZZ AL 72° GL;NO PERECIBLE;980.12;74;107
842;11394;RES PICAÑA IMPORTADA FRIGOR (1.17 - 2.13 KG);PERECIBLE;978.199083;9;41.67
843;673;PURE DE TOMATE GUSTADINA VIDRIO 250 GR;NO PERECIBLE;978.0542;149;694
844;791;BAG BOX COCA COLA 18 LT;NO PERECIBLE;975.0048;12;12
845;5230;PASTILLA INODORO CEREZA TIPS 90 G (X 1);NO PERECIBLE;972.3;174;1050
846;6771;ACEITE DANOLIN MAY 20 LT;NO PERECIBLE;968.76;27;27
847;3409;AGUA MINERAL CON GAS GÜITIG VIDRIO 330 ML;NO PERECIBLE;967.90309045;107;1607
848;641;FUNDA TRANSPARENTE 30MICRAS 12X18 X100;NO PERECIBLE;961.37997354;317;441
849;7019;NECTAR DE NARANJA DEL VALLE TPK 250 ML;NO PERECIBLE;956.4408;48;3528
850;4442;AGUA MINERAL CON GAS IMPERIAL PET 550 ML;NO PERECIBLE;954.7392;92;2944
851;11375;MATA MALEZA GURKA 500 GLIFOSATO GL;NO PERECIBLE;954;27;53
852;795;BAG BOX FRESA 10 LT;NO PERECIBLE;947.27;20;20
853;2099;PLATO TERMICO BLANCO #7 X25 UND;NO PERECIBLE;947.10408786;220;2331
854;7100;FRUTILLA EN CAJA PLASTICA 1 KG;FRUVER;946.8;131;526
855;5082;LECHE DESLACTOSADA SUPERMAXI TPK 1 LT;NO PERECIBLE;944.3423;32;869
856;7018;NECTAR DE DURAZNO DEL VALLE TETRAPACK 250 ML;NO PERECIBLE;938.40562528;80;3488
857;11567;CHOCOLISTO TARRO 280 GR;NO PERECIBLE;937.3824;218;384
858;10621;CHIFLES NATURALES PLATANITOS NATUCHIPS 45 GR;NO PERECIBLE;936.00740496;68;2179
859;767;LECHE ENTERA VITA TETRAPACK 200 ML;NO PERECIBLE;933.6;42;3112
860;1398;AROMATICA CEDRON FLORAROMA X25;NO PERECIBLE;932.47;586;1903
861;6655;VASO PLASTICO CRISTALINO CON TAPA TIPO DOMO 12 ONZ X 100 UND;NO PERECIBLE;931;87;98
862;342;SALSA CHIPOTLE HOT SAUCE OLE 165 GR;NO PERECIBLE;922.58297505;203;335
863;7135;FUNDA HALAR BIODEGRADABLE BLANCA HANASKA 25 MICRAS 11X20 FL3 X100;NO PERECIBLE;920.82;209;309
864;466;PASAS CIRUELA 1 KG;NO PERECIBLE;918;81;153
865;1471;TOSTADAS NATURAL GRILE 100 GR X 16;NO PERECIBLE;912.6;98;780
866;11143;CERDO CHULETA PROCESADO (91-110) X10;PERECIBLE;911.846264;60;156.68
867;3324;GALLETAS AMOR CHOCOLATE 180 GR (8 X22.5 GR);NO PERECIBLE;909.91999516;40;484
868;7329;TRES LECHES LA LECHERA TETRAPACK 1 LT;NO PERECIBLE;908.48;37;320
869;349;CEBOLLA PAITEÑA PROCESADA 1 KG;FRUVER;904.75;204;1292.5
870;571;PAN BAGEL 600 GR X 5;PERECIBLE;904;59;226
871;6598;MINI ROSQUITAS TRENZADAS NATURALES SUPAN 40 GR;NO PERECIBLE;900.51;50;2309
872;1439;CONCHA CARNE 800 GR;PERECIBLE;899.57;21;71
873;9872;BIMBOLETE GOTA VAINILLA 76 GR X2;NO PERECIBLE;897.6;39;1632
874;1807;YOGURT ENTERO NATURAL SIN AZUCAR TONI 1.7 LT;PERECIBLE;879.45;46;165
875;1927;CARAMELO AMERICAN TOFFEES LICORES 275 GR X50 UND;NO PERECIBLE;877.09381528;161;527
876;70;RES CHINCHULINES CONGELADO 1 KG;PERECIBLE;874.9922715107;108;263.83
877;1908;JABON TOCADOR HIDRALOE ANTIBACTERIAL PROACTIVE 125 GR X 3;NO PERECIBLE;874.8529593;98;593
878;3654;SET TRAPERO MICROFIBRA GR;NO PERECIBLE;871.25;45;85
879;766;LECHE SEMIDESCREMADA LA LECHERA TETRAPACK 1 LT;NO PERECIBLE;868.765;68;727
880;1608;MOKACHINO NESCAFE 1 KG;NO PERECIBLE;865.396;10;40
881;403;ARROZ INTEGRAL GOURMET CASA DEL ARROZ 1 KG;NO PERECIBLE;861.68882378;622;718
882;776;LECHE VAINILLA SEMI VITA TETRAPACK 200 ML;NO PERECIBLE;859.36;32;2096
883;3468;ACEITE TRI REFINADO 20 LT;NO PERECIBLE;855.9;25;27
884;86;RES UBRE 1 KG;PERECIBLE;851.873308;68;316.87
885;11686;COLA ORANGINE FRESA 3 LT;NO PERECIBLE;844.263;72;945
886;11958;HARINA DE MAIZ AMARILLO LO 1 KG;NO PERECIBLE;843.8275;158;725
887;3325;GALLETAS AMOR CLASICA 180 GR (8 X22.5 GR);NO PERECIBLE;842.23999552;20;448
888;6981;HARINA DE ARVEJA 500 GR;NO PERECIBLE;837.65;301;1523
889;11214;CEREAL CHOCAPIC NESTLE 640 G;NO PERECIBLE;836.4;114;170
890;2470;AROMATICA MENTA HORNIMANS 32 GR X25;NO PERECIBLE;835.32488259;258;811
891;7106;CONTENEDOR COMPARTIDO COMPOSTABLE 8X8 X200;NO PERECIBLE;831.6000011;22;22
892;6651;CEREAL QUINOA MUNCH VAINILLA 30 GR;NO PERECIBLE;825.2;74;2063
893;1911;LIJA AGUA #120;NO PERECIBLE;821.25;341;1825
894;503;JAMON DE POLLO T1 MR POLLO 200 GR;PERECIBLE;819.1472;51;328
895;5319;SAL MARINA SUPERMAXI 2 KG;NO PERECIBLE;808.0865;436;1751
896;6994;NECTAR DE DURAZNO NATURA TETRAPACK 225 ML;NO PERECIBLE;804.6612;63;3108
897;1483;CHIFLES QUESO TORTOLINES 45 GR;NO PERECIBLE;802.349;47;1853
898;1530;FUNDA VERDE 35 MICRAS 35X47 X50;NO PERECIBLE;801.9;59;99
899;1828;FUNDA ESPECIAL 35MICRAS 23X28 X10;NO PERECIBLE;800.68;260;1082
900;11871;QUESO CREMA TONI CLASICO 225 GR;PERECIBLE;797.1236;85;427
901;4589;TAPA PLÁSTICO TRANSPARENTE JARRA 200CC HMB X100;NO PERECIBLE;795.6;36;255
902;6264;RES HIGADO ENTERO CONGELADO;PERECIBLE;795.188966;7;64.51
903;2897;QUESO CREMA FLORALP 3.8 KG;PERECIBLE;791.06;37;37
904;7725;CUERITOS CRONQUIS 25 GR;NO PERECIBLE;789.6816;68;1392
905;2694;CREMA SILKPAK PURATOS TETRAPACK 1 LT;NO PERECIBLE;786.8025;44;153
906;4360;TOCINO AHUMADO CASA GUILLO 1 KG;PERECIBLE;784.35;53;83
907;8777;NATURES HEART ANTIOXIDANTE 35 GR;NO PERECIBLE;783.64;107;1507
908;11983;PATAS DE CERDO CONGELADAS LA FINNCA 1 KG;PERECIBLE;781.83;50;357
909;4495;JALAPEÑO ROJOS Y VERDES OLE 200 GR;NO PERECIBLE;780.2987794;120;340
910;11160;RES HIGADO (111-130) X10;PERECIBLE;779.8337061504;25;154.88
911;11253;FUNDA NEGRA 30 MICRAS 29X36X10;NO PERECIBLE;777.93221896;267;1066
912;2085;AROMATICA MANZANILLA MIEL HORNIMANS 32 GR X25;NO PERECIBLE;777.5817312;144;480
913;2118;ULTRAMOPA STANDARD REPUESTO (202);NO PERECIBLE;776.88;92;117
914;5140;MAYONESA ALACENA DOYPACK 400 ML;NO PERECIBLE;774.06559573;185;427
915;6993;QUESO MOZZARELLA KIOSKO CORTADO BLOQUE 2.7 KG;PERECIBLE;772.57;14;23
916;11999;AVENA HOJUELAS LO 500 GR;NO PERECIBLE;766.8144;93;1551
917;3090;CHAMPIÑON ENTERO GUIPI 435 GR;NO PERECIBLE;765;79;306
918;4456;QUESO FRESCO FLORALP 500 GR;PERECIBLE;764.86;14;229
919;9850;TARRINA DE PAPEL 16 ONZ ECOPAC X25;NO PERECIBLE;758.775;68;335
920;2011;ESTROPAJO ALAMBRE ESTRELLA;NO PERECIBLE;754.77720507;1584;6189
921;3589;AROMATICA TE VERDE DETOX NATURES HEART 34 GR X20;NO PERECIBLE;751.94;197;574
922;9807;AGUA MINERAL CON GAS IMPERIAL MANDARINA PET 330 ML;NO PERECIBLE;751.24;62;2683
923;4414;PREMEZCLA PAN YUCA FLEISCHMANN 1KG;NO PERECIBLE;749.76;12;142
924;3348;ANDEAN CHIPS QUINUA AMARANTO 30 GR;NO PERECIBLE;747.66;150;2199
925;11018;CERDO COSTILLAR BABY BACK CONGELADO PROCESADO;PERECIBLE;746.3869178556;14;90.79
926;1840;FUNDA ESPECIAL 35MICRAS 35X47 X50;NO PERECIBLE;746.25;48;75
927;11286;AVENA CON LECHE Y CANELA UHT VITA 200 ML;NO PERECIBLE;744.74;18;1619
928;387;GEL LADY FRUIT FRESA PURATOS 2.5 KG;NO PERECIBLE;737.6;78;80
929;2029;GUANTE PUPOS PAR;NO PERECIBLE;734.14026554;579;1562
930;1377;GELATINA SIN SABOR GELHADA 30 GR;NO PERECIBLE;732.06;273;996
931;653;MASCARILLA REUTILIZABLE X50;NO PERECIBLE;732;50;61
932;11380;CHOCOLATE BARRA BIOS 600 GR (30 UND X20 GR);NO PERECIBLE;731;23;86
933;1143;RES HIGADO ENTERO CONGELADO KG;PERECIBLE;727.3523728218;80;144.03
934;3666;ACEITE OLIVA ARBOLITO LATA 500 ML;NO PERECIBLE;726.6;75;105
935;3442;ROMERO 50 GR;FRUVER;725.4;1899;4836
936;526;SALAMI ITALIANO JURIS 1 KG;PERECIBLE;725.12;54;64
937;2468;AROMATICA CEDRON HORNIMANS 32 GR X25;NO PERECIBLE;720.73509534;271;702
938;10288;FRUTILLA CONGELADOS IQF 1 KG;PERECIBLE;718.2;44;266
939;316;ESENCIA MANTEQUILLA LEVAPAN 500 ML;NO PERECIBLE;716.976;196;234
940;3536;MALLA NEGRA CABELLO X 144;NO PERECIBLE;716.9;62;67
941;10126;ACEITE OLIVA CLASICO MEZCLA MAZZA LATA 5 LT;NO PERECIBLE;715.991439;19;25
942;9012;ATUN EN AGUA VAN CAMPS ABRE FACIL 184 GR;NO PERECIBLE;713.45993796;83;517
943;10668;BAKANELA SABORIZADA NARANJA 500 GR;NO PERECIBLE;711.56878344;105;226
944;672;SALSA DE TOMATE GUSTADINA VIDRIO 395 GR;NO PERECIBLE;710.7709;211;553
945;3435;HIERBA BUENA 20 GR;FRUVER;706.75;1022;6425
946;449;LAUREL HOJA 200 GR;NO PERECIBLE;705.6;259;294
947;1997;CEPILLO LAVAR;NO PERECIBLE;704.49966136;934;1676
948;11706;VASO DE PAPEL 12 OZ B/F SIN TAPA X50 UNID;NO PERECIBLE;704;11;220
949;3585;AROMATICA TE CHAI ESPECIAS NATURES HEART 26 GR X20;NO PERECIBLE;703.07999433;187;567
950;100;BAGRE 1 KG;PERECIBLE;702.47;103;199
951;7031;MOSTAZA MARCELLOS DOYPACK 200 GR;NO PERECIBLE;699.545;209;869
952;7772;NECTAR DE NARANJA TRU TETRAPACK 200 ML;NO PERECIBLE;696;25;2320
953;11823;PAN ESPECIAL 12 GRANOS Y SEMILLAS OROWEAT 600 GR;NO PERECIBLE;694.26;82;261
954;645;ESCOBA PLASTICA DURA TUBO PLASTIFICADO X1;NO PERECIBLE;693.51903248;250;461
955;4643;MANTEPAN LEVAPAN 15 KG;NO PERECIBLE;687.2;20;20
956;2645;CHORIZO SUIZO T1 FRITZ 2 KG;PERECIBLE;682.3584;31;58
957;1754;ABLANDADOR DE CARNE 250 GR;NO PERECIBLE;681.7;208;401
958;1962;PAPAS SARITA CEBOLLA 30 GR;NO PERECIBLE;679.6944;57;1839
959;1826;FUNDA AZUL 23X28 X10 UND;NO PERECIBLE;678.72;136;808
960;706;COLA FANTA 3 LT;NO PERECIBLE;677.34250108;147;322
961;669;MERMELADA DE MORA GUSTADINA 300 GR;NO PERECIBLE;674.87999544;237;456
962;2938;PESCADO FILETE APAN PLUMROSE 960 GR (12 X80 GR);PERECIBLE;672;18;112
963;1637;SALSA DE AJI CASERO SNOB 170 GR;NO PERECIBLE;668.7378;200;618
964;484;TRIGO 1 KG;NO PERECIBLE;667.89;177;543
965;1792;QUESO CREMA TONI 50 GR;PERECIBLE;667.48;27;1517
966;3327;GALLETAS AMOR VAINILLA 180 GR (8 X22.5 GR);NO PERECIBLE;667.25;13;425
967;11222;DESODORANTE SPRAY AMBIENTAL LAVANDA LO 360 ML;NO PERECIBLE;665.8641;243;653
968;4867;COBERTURA CHOCOLATE NEGRO SEMIAMARGO BON AMI 500 GR;NO PERECIBLE;662.805;65;286
969;11338;COLA PEPSI 300 ML;NO PERECIBLE;661.8282;72;3278
970;9806;AGUA MINERAL IMPERIAL LIMONADA PET 330 ML;NO PERECIBLE;659.96;73;2357
971;1458;PAN HAMBURGUESA SUPAN 400 GR X8;NO PERECIBLE;652.54;36;413
972;8762;QUESO AMERICANO REBANADO KIOSKO 1.6 KG;PERECIBLE;651.984;20;51
973;9682;PEPPERONI T1 C40 GRANDES FOODS 1 KG;PERECIBLE;648;54;72
974;113;PULPO 1 KG;PERECIBLE;644.16;13;32
975;7392;SALSA DE AJI MARCELLOS SACHET 5 GR X100 UND;NO PERECIBLE;634.5;193;423
976;6680;CARAMELO SURTIDO EXTRA FUERTE JAAZZ 300 GR X100;NO PERECIBLE;632.13446422;81;322
977;10579;LECHE CONDENSADA LA LECHERA ABRE FACIL 393 GR;NO PERECIBLE;626.6561;92;371
978;10714;HELADO CHICLE COPA BUGGY 130ML;PERECIBLE;620.553;31;1830
979;11996;PAÑO DE LIMPIEZA REUTILIZABLE BLANCHY ROJO X30;NO PERECIBLE;617.16;114;139
980;431;FREJOL BOLON 1 KG;NO PERECIBLE;616.8;83;257
981;3715;AROMATICA COCO TROPICAL NATURES HEART 35 GR X20;NO PERECIBLE;610.7;160;394
982;1476;PINCHO MADERA GD X100;NO PERECIBLE;608.58;421;882
983;314;ESENCIA COCO LEVAPAN 500 ML;NO PERECIBLE;606.936;101;121
984;6614;CHOCOLATE COBER N AMYEL 1 KG;NO PERECIBLE;606.9;81;102
985;4551;PULPA MARIA MORENA DURAZNO 1 KG;PERECIBLE;606.1;32;209
986;4837;CEREAL FROOT LOOPS KELLOGGS 370 GR;NO PERECIBLE;601.67896301;78;127
987;524;QUESO CHANCHO JURIS 1 KG;PERECIBLE;596.65;42;100
988;1139;CERDO MENUDO;PERECIBLE;595.1521428592;24;431.44
989;3807;YOGURT DESCREMADO FRUTOS ROJOS FINESSE 180 GR;PERECIBLE;589.9;50;694
990;11204;YOGURT SEMIDESCREMADO SURTIDO TONI X6 190 ML;PERECIBLE;589.6;45;134
991;2507;QUESO FRESCO VITA 450 GR;PERECIBLE;585;25;195
992;1468;TIGRETON INALECSA 50 GR;NO PERECIBLE;583.9548;17;1066
993;10578;MARGARINA REGIA TOPPER 450 GR;NO PERECIBLE;583.3286;254;487
994;2440;GRANADINA JARABE CEREZA AMERICANA 650 GR;NO PERECIBLE;583.26475788;114;153
995;396;AJO MOLIDO 1 KG;NO PERECIBLE;582.4;182;208
996;209;CEBOLLA PUERRO 1 KG;FRUVER;580.5;78;387
997;11824;PAN ESPECIAL MULTIGRANO OROWEAT 600 GR;NO PERECIBLE;579.88;79;218
998;4174;FILTRO DE PAPEL PARA CAFE 24 CM X50;NO PERECIBLE;577.72;148;404
999;469;PIMIENTA NEGRA GRANO 1 KG;NO PERECIBLE;576.52076865;30;31
1000;9956;PAPEL TOALLA DE MANOS HOJA SENCILLA NATURAL SCOTT ESSENTIAL (1 ROLLO X 250 MTS) (30240064);NO PERECIBLE;570.48857094;25;114
1001;3790;PAN HOT DOG GIGANTE MODERNA 560 GR X8;NO PERECIBLE;569.4;84;365
1002;6908;SERVILLETA SUAVE GOLD 1HOJA 33X34 X200;NO PERECIBLE;568;42;200
1003;4124;YOGURT REY ROCKER PACK BTL 6 X145 ML;PERECIBLE;566.3405;100;253
1004;6756;SALCHICHA RANCHERA T1 JURIS 1 KG X50;PERECIBLE;560.04;63;78
1005;3955;PALMITOS CORAZONES SNOB 810 GR;NO PERECIBLE;559.24;83;164
1006;11384;ESPARRAGO VERDE ARENAS 500 GR;FRUVER;547.2915;71;329
1007;4558;"FUNDA POLIFAN 30X12 5X12"" HMB X100";NO PERECIBLE;545.03889686;71;578
1008;7805;AGUA SIN GAS TRADICIONAL 1 LT;NO PERECIBLE;531.855;22;2007
1009;2353;SUAVIZANTE DE ROPA GL;NO PERECIBLE;530;105;106
1010;11738;DV DS30 PLUS DETERGENTE DESENGRASANTE ALTAMENTE ESPUMANTE 20 KG;NO PERECIBLE;528;5;12
1011;7276;CREMA DE LECHE LA LECHERA TETRAPACK 236 ML;NO PERECIBLE;526.7992;77;472
1012;8322;FIDEO SPAGHETTI N5 INTEGRAL AVENA LINAZA SILUET 400 GR;NO PERECIBLE;524.4;92;230
1013;11957;AROMATICA MENTA AKI 32 GR X25;NO PERECIBLE;522.88;192;608
1014;4098;AROMATICA FRUTAS TROPICALES NATURES HEART X20;NO PERECIBLE;522.68;240;358
1015;670;MERMELADA DE FRUTIMORA GUSTADINA 300 GR;NO PERECIBLE;520.5752;141;344
1016;668;MERMELADA DE GUAYABA GUSTADINA 300 GR;NO PERECIBLE;519.47999649;203;351
1017;1924;CARAMELO SURTIDO HALLS 302.4 GR (12 X25.2 GR);NO PERECIBLE;519.4;18;98
1018;2755;GELATINA CEREZA LIGHT TONI 200 GR;PERECIBLE;513.8672;64;679
1019;4897;DESINFECTANTE EUCALIPTO KALIPTO 1 GL;NO PERECIBLE;511.1796;56;92
1020;11932;PAN HOT DOG GIGANTE MODERNA 600 GR X8;NO PERECIBLE;510.12;66;327
1021;9941;JAMON VIRGINIA ARTESANAL DON DIEGO 200 GR;PERECIBLE;509.12;23;172
1022;7147;INSECTICIDA SPRAY RAID 285CC;NO PERECIBLE;507;64;169
1023;7588;ARROZ ENVEJECIDO MACAREÑO CASA DEL ARROZ 45.36 KG;NO PERECIBLE;504.41053788;11;12
1024;4669;SORBETE PAPEL BIO CON ENVOLTURA X100;NO PERECIBLE;504.00021924;131;252
1025;369;AROMATICA HIERBA LUISA HORNIMANS 32 GR X25;NO PERECIBLE;501.60605043;216;487
1026;10287;FRAMBUESA CONGELADOS IQF 1 KG;PERECIBLE;500.4;22;72
1027;4590;FUNDA ROLLO TRANSPARENTE HMB 10X16 X1KG;NO PERECIBLE;497.34431991;58;291
1028;368;AROMATICA ANIS FLORAROMA X25;NO PERECIBLE;495.88;336;1012
1029;10698;ALCAPARRAS EN VINAGRE MAZZA VIDRIO 290 GR;NO PERECIBLE;495.6609;168;233
1030;1470;TOSTADAS INTEGRALES GRILE 100 GR X 16;NO PERECIBLE;495.32;131;427
1031;2001;CINTA EMBALAJE 80Y;NO PERECIBLE;490.5;280;654
1032;11485;RES MOLIDA ESPECIAL 6 - 7% GRASA REFRIGERADO PROCESADO 5 KG;PERECIBLE;487.2296;11;85.18
1033;2769;TORTILLAS MAMA FANY EXTRA GRANDE 645 GR;PERECIBLE;483.4168;27;158
1034;4809;BEBIDA DE ALMENDRAS NATURES HEART TETRAPACK 946 ML;NO PERECIBLE;480.6995269;55;190
1035;1853;FUNDA AMARILLA 20MICRAS 7X6 X100UND;NO PERECIBLE;479.67;56;813
1036;5613;PAPA SUPERCHOLA SUPERMAXI 3 KG;FRUVER;471.3486;36;174
1037;4445;AGUA MINERAL CON GAS IMPERIAL PET 3 LT;NO PERECIBLE;463.905;133;549
1038;10594;CEREAL MC DOUGAL 20 GR X 6;NO PERECIBLE;463.46021414;53;329
1039;11810;PULPA MARIA MORENA NARANJA DE 1 KG;PERECIBLE;463.3;38;226
1040;1449;BIZCOTELAS INALECSA 150 GR (X 24);NO PERECIBLE;461.78307072;37;256
1041;1686;CUCHILLO BLANCO X50;NO PERECIBLE;460.2864;93;824
1042;4611;AGUA MINERAL CON GAS GÜITIG 1.5 LT;NO PERECIBLE;454.9141;48;617
1043;1978;MARCADOR PERMANENTE NEGRO PELIKAN;NO PERECIBLE;452.01;212;1159
1044;11382;YOGURT SURTIDO LIGHT DESCREMADO TONI 100 (190 GR X6 UND);PERECIBLE;450.7125;29;105
1045;10285;ARANDANO CONGELADOS IQF 1 KG;PERECIBLE;450.64;47;86
1046;4084;ACEITE OLIVA EXTRA VIRGEN SNOB VIDRIO 150 ML;NO PERECIBLE;450.24;43;168
1047;2397;AROMATICA MANZANILLA HORNIMANS 32 GR X25;NO PERECIBLE;450.10285505;152;437
1048;8108;GUANTE AMARILLO DOMESTICO ESTRELLA C20 T8;NO PERECIBLE;447.8756;265;589
1049;10078;TORTILLA TRIGO INTEGRALES MAMA FANY 400 GR X12 UND;PERECIBLE;447.3926;40;179
1050;6286;DV LIMPIADOR DESINFECTANTE SUMA BREAK UP CHLOR D3.4 BID 20LT;NO PERECIBLE;444;5;5
1051;10780;PIMENTON MIX MC CORMICK 1 KG;NO PERECIBLE;441.6272727;29;30
1052;10233;AZUCAR MORENA SACHET GENERICO (200 X5 GR);NO PERECIBLE;439.56;62;99
1053;142;FRUTILLA GRUESA 1 KG;FRUVER;433.512;45;240.84
1054;3378;AGUA SIN GAS TESALIA 625 ML;NO PERECIBLE;433.34273432;12;1592
1055;8761;YOGURT VAINILLA FINESSE ALPINA 180 GR;PERECIBLE;432;69;480
1056;318;ESENCIA RON LEVAPAN 500 ML;NO PERECIBLE;431.2;68;70
1057;7020;FUNDA HAMBURGUESA ANTIGRASA CUADROS 40MICRAS (18X18CM) X100;NO PERECIBLE;428.778;90;249
1058;1454;CHOCOLATE SNICKERS 2.5KG X48;NO PERECIBLE;426.24;8;8
1059;9082;YOGURT DURAZNO TONI B 190 ML;PERECIBLE;423.98;43;493
1060;1830;FUNDA PERFORADA 35 MICRAS 23X28 X100;NO PERECIBLE;421.4;48;49
1061;2533;LONGANIZA T1 PRONACA 300 GR;PERECIBLE;420.12;15;120
1062;2573;HOJA CHOCLO UND;FRUVER;418.66;220;20933
1063;11572;RES RIBEYE/ BIFE ANCHO MADURADO IMPORTADO FRIGOR (2.5 KG);PERECIBLE;416.50752;3;14.43
1064;295;MARGARINA DE MESA REGIA 3 KG;NO PERECIBLE;415.79999736;62;66
1065;11206;FRUTA CONFITADA DOÑA JANNA 300 GR;NO PERECIBLE;414.9;211;461
1066;2391;JABON TOCADOR HOTEL 11 GR;NO PERECIBLE;414.45;201;2763
1067;375;BICARBONATO 250 GR;NO PERECIBLE;411;208;411
1068;5615;BANANO PINTON GRANEL (170 - 210 GR);FRUVER;405.11445;56;605.1
1069;1379;GALLETAS SALTIN NOEL 300 GR;NO PERECIBLE;400.464;51;288
1070;709;COLA FIORAVANTI MANZANA 3 LT;NO PERECIBLE;400.33084;73;182
1071;9792;Z3 MERMELADA DE MORA CHIVERIA 1.35 KG;NO PERECIBLE;396.9;93;105
1072;9791;Z3 MERMELADA DE FRUTILLA CHIVERIA 1.35 KG;NO PERECIBLE;393.12;66;104
1073;9291;CHOCLO SELECCIONADO UND;FRUVER;392;20;1120
1074;9741;PAPEL HIGIENICO INTERFOLIADO ELITE EXCELLENCE DOBLE HOJA 250HOJAS;NO PERECIBLE;391.3;9;350
1075;418;FIDEO ARROZ FINO ORIENTAL 200 GR;NO PERECIBLE;391.21305741;45;183
1076;3217;INSECTICIDA DE INSECTOS PARA PLASTICOS F6 LT;NO PERECIBLE;386.57;41;43
1077;3730;DV LV3 GLASS LIMPIA VIDRIOS 4 KG;NO PERECIBLE;385.44;129;146
1078;1856;FUNDA PAPEL CAFE 8.5 X17 X2 X100;NO PERECIBLE;384.48;93;432
1079;2745;FUNDA AMARILLA 38MICRAS 22.4X26.7 X10 UND;NO PERECIBLE;384.16;114;686
1080;5099;LENTEJA ESPECIAL SUPERMAXI 500 GR;NO PERECIBLE;381.54242784;119;392
1081;11795;FIBRA VERDE ESTRELLA 71.5 CM;NO PERECIBLE;381.1936;207;556
1082;413;CLAVO OLOR 1 KG;NO PERECIBLE;380.16;22;22
1083;3923;COLA BIG MANZANA 300 ML;NO PERECIBLE;377.5924;36;2294
1084;2039;TENEDOR CHIQUITO PLASTICO X100;NO PERECIBLE;376.992;152;385
1085;3474;MANGA PLASTICA (53X58X25) X 100;NO PERECIBLE;374;11;11
1086;508;JAMON SERRANO DON DIEGO 100 GR (401521);PERECIBLE;373.464;18;95
1087;643;PALILLO REDONDO CARICIA 30GR X100;NO PERECIBLE;372.75;497;1491
1088;1619;AROMATICA TORONJIL FLORAROMA X25;NO PERECIBLE;371.148;170;785
1089;69;RES CORAZON CONGELADO;PERECIBLE;370.7624946432;31;121.92
1090;11073;GUANTE NITRILO CELESTE SUPPLIES X100 3.5 MICRAS;NO PERECIBLE;368.5;70;134
1091;11230;RES HIGADO (131-150) X10;PERECIBLE;367.9067860041;12;73.33
1092;1232;CERDO PIERNA CONGELADO CON GRASA PROCESADO;PERECIBLE;365.45229;5;72.06
1093;378;COLORINA AMARILLO LEVAPAN 250 ML;NO PERECIBLE;363.825;74;126
1094;1508;FUNDA NEGRA 23X28 X1O UND;NO PERECIBLE;363.2658099;363;1473
1095;1895;DV SUMA BLEND 20 KG;NO PERECIBLE;362.68;4;4
1096;11967;SERVILLETA GOURMET UNILIMPIO 1 HOJA 33X33X200 UN;NO PERECIBLE;361.4;27;139
1097;10332;SALAMI DE AJO C90 REBANADO CASA GUILLO 300 GR;PERECIBLE;361.1;45;157
1098;8039;LECHE CHOCOLATADA SEMI TONI TETRAPACK 1 LT;NO PERECIBLE;355.8225;10;209
1099;8914;RES, CARNE MOLIDA 14 - 17% GRASA CONGELADO 2.5 KG;PERECIBLE;354.9;1;52.5
1100;578;QUESO CREMA TONI 250 GR;PERECIBLE;353.46;32;137
1101;11662;CEREAL MILO NESTLE 300 GR;NO PERECIBLE;352.82175947;68;137
1102;3922;COLA BIG LIMON 300 ML;NO PERECIBLE;350.9272;65;2132
1103;9759;FUNDA BOLSILLO ANTIGRASO KRAFT IMPRESO HANASKA 45GR 18X18 X100 UND;NO PERECIBLE;349.58;122;154
1104;12009;REFRESCO CITRUS NARANJA LA ORIGINAL 500 ML;NO PERECIBLE;347.6289;12;1821
1105;312;ESENCIA BANANO LEVAPAN 500 ML;NO PERECIBLE;346.312;55;73
1106;10298;JAMON DE POLLO PARA SANDUCHE T2 JURIS 200 GR;PERECIBLE;345;39;138
1107;11667;COLA AKI FRESA 3 LT;NO PERECIBLE;342.6192;5;396
1108;671;MERMELADA DE PIÑA GUSTADINA 300 GR;NO PERECIBLE;340.5;48;227
1109;1777;GELATINA TONI FRESA 200 GR;PERECIBLE;338.28958659;6;447
1110;6650;CEREAL QUINOA MUNCH CANELA 30 GR;NO PERECIBLE;336.8;56;842
1111;3349;ANDEAN CHIPS QUINUA CHIA 30 GR;NO PERECIBLE;336.6;122;990
1112;437;GRANOLA TRADICIONAL SCHULLO 400 GR;NO PERECIBLE;336.4603536;71;83
1113;568;MANTEQUILLA SIN SAL VITA 250 GR;PERECIBLE;333.3888;82;144
1114;4547;QUESO REQUESON FLORALP 450 GR;PERECIBLE;331.1759;24;79
1115;2783;BANDEJA ALUMINIO CON TAPA 13X10.5X3.9 X 10 UND;NO PERECIBLE;327.04;57;292
1116;4797;AZUCAR BLANCA SUPERMAXI 5 KG;NO PERECIBLE;326.4415;26;77
1117;6904;YOGURT SEMI MORA DULACS VASO 150 GR;PERECIBLE;325.6;32;880
1118;11984;QUESO MOZZARELLA REBANADO FLORALP BLOQUE( 2.6/3.0 KG);PERECIBLE;319.8;8;13
1119;4096;AROMATICA FRUTOS ROJOS NATURES HEART 26 GR X20;NO PERECIBLE;318.27993678;107;218
1120;240;PAPA CHAUCHA 1 KG;FRUVER;316.8;26;264
1121;1975;ESFERO BIC AZUL;NO PERECIBLE;315.59438324;230;1412
1122;801;JUGO DE DURAZNO PULP 145 ML;NO PERECIBLE;314.312;36;1616
1123;8223;RES LOMO DE FALDA ASADO CON GRASA SUPERMAXI REFRIGERADO (2.09 - 2.68 KG);PERECIBLE;306.5460263019;7;22.33
1124;1814;FUNDA LAMINADA 60MICRAS 10X15 X100;NO PERECIBLE;306.13803049;32;97
1125;315;ESENCIA FRESA LEVAPAN 500 ML;NO PERECIBLE;305.8;45;55
1126;4183;PAVO PRONACA PROCESADO KG;PERECIBLE;304.29;32;63
1127;317;ESENCIA NARANJA LEVAPAN 500 ML;NO PERECIBLE;303.312;88;89
1128;1451;CARAMELO MELO SURTIDO 405GR X100;NO PERECIBLE;302.93851896;66;198
1129;440;HARINA CEBADA 1 KG;NO PERECIBLE;301.4;160;274
1130;9871;BIMBOLETE GOTA CHOCOLATE 76 GR X2;NO PERECIBLE;300.85;14;547
1131;3444;TILAPIA ENTERA (200-250GR) X 10;PERECIBLE;298.8;14;40
1132;10644;CEREAL MUSLI MANZANA KELLOGGS 275 GR;NO PERECIBLE;296.6774;33;101
1133;6449;CHOCHOS SUPERMAXI 500 GR;FRUVER;294.9302;65;278
1134;1829;FUNDA GRIS 45MICRAS 23X28 X10;NO PERECIBLE;294.63;51;427
1135;11669;CEREAL CORN FLAKES NESTLE 500 GR;NO PERECIBLE;288.6912;47;84
1136;10109;VINAGRE BALSAMICO MAZZA PET 5 LT;NO PERECIBLE;287.05471335;27;27
1137;3292;GALLETAS INTEGRAL LINAZA SILUET 252 GR (9 X28 GR);NO PERECIBLE;287.04761269;75;193
1138;1914;LUSTRA MUEBLES BIOSILIC 250 ML;NO PERECIBLE;285.6;132;170
1139;3329;CHOCOLATE COBERTURA BLANCO AMYEL 1 KG;NO PERECIBLE;282.9;33;46
1140;175;TAXO AL GRANEL 1 KG;FRUVER;282.15;88;297
1141;700;COLA PEPSI 400 ML;NO PERECIBLE;281.815;45;785
1142;4389;CARAT DECORCREM PURATOS 1 KG;NO PERECIBLE;280;17;40
1143;5482;ADEREZO HONEY MUSTARD 3.83 KG;NO PERECIBLE;279.888;27;32
1144;4452;COLA FIORAVANTI FRESA 300 ML;NO PERECIBLE;276.9839;93;1387
1145;4926;FIDEO ESPIRAL/TORNILLO DON VITTORIO 400 GR;NO PERECIBLE;275.525;52;250
1146;8775;NATURES HEART GO NUTS 35 GR;NO PERECIBLE;273.51007839;28;423
1147;5281;QUESO MANABA AUTENTICO LA HOLANDESA 400 GR;PERECIBLE;273.4032;10;79
1148;4591;FUNDA ROLLO TRANSPARENTE HMB 18X24 X1KG;NO PERECIBLE;273;10;10
1149;11378;COLA QUINTUPLE UVA 300 ML;NO PERECIBLE;272.6416;46;1232
1150;9908;ESCOBILLON CERDA SUAVE 42.5 CM CON TUBO METALICO;NO PERECIBLE;270;10;20
1151;10472;YGT SEMIDESCREMADO FRESA MIRAFLORES 3.5 KG;PERECIBLE;269.0875;37;55
1152;11528;CAFÉ VIZCOFFE GOURMET MOLIDO 400GR;NO PERECIBLE;268.25;3;37
1153;2613;HIERBA LUISA 1 KG;FRUVER;267.75;81;178.5
1154;11698;CHORIZO PARRILLERO TIPO 1 CASA GUILLO 1KG;PERECIBLE;262.5;20;75
1155;11700;CHORIZO TIPO 1 CASA GUILLO 1 KG;PERECIBLE;256.2;8;61
1156;10455;MEZCLA POLVO TEGRAL PONQUE CHOCOLATE PURATOS 25 KG;NO PERECIBLE;256.16;4;4
1157;2563;CAFE DESCAFEINADO BUENDIA 85 GR;NO PERECIBLE;255.60799236;43;49
1158;443;HARINA MOROCHO 1 KG;NO PERECIBLE;254.76;78;193
1159;5654;RES LOMO DE FALDA SIN GRASA REFRIGERADO;PERECIBLE;251.74314;2;6.6
1160;156;MANGO TOMMY 2 KG;FRUVER;250.8;48;76
1161;5047;AROMATICA ANIS HORNIMANS 32 GR X25;NO PERECIBLE;249.93545508;76;282
1162;6615;CHAMPIÑON ENTERO BOTONCITO GUIPI LATA 180 GR;NO PERECIBLE;249.676;21;148
1163;11047;YOGURT ENTERO NATURAL KIOSKO 900 ML;PERECIBLE;249.6;71;192
1164;1226;RES L.FALDAT 76-90 X10;PERECIBLE;249.5977272383;12;37.87
1165;11928;DEDITOS DE DAMA SUPERMAXI 150 GR;NO PERECIBLE;247.5502;39;197
1166;1513;ULTRAMOPA MEDIANA + BASTON 27X74 (219);NO PERECIBLE;246.06;18;18
1167;3750;AGUA SIN GAS DASANI 300 ML;NO PERECIBLE;243.048;26;1235
1168;1616;AROMATICA MANZANILLA PUSUQUI X25;NO PERECIBLE;242.1;97;269
1169;3919;COLA BIG NARANJA 300 ML;NO PERECIBLE;240.1514;37;1459
1170;6910;ESPONJA DE ACERO LUSTRE X3;NO PERECIBLE;239.58;969;2178
1171;9189;MASA DE HOJALDRE LA CANASTA 500 GR;PERECIBLE;238.5915;7;93
1172;477;SEMOLA 1 KG;NO PERECIBLE;234.33;86;219
1173;2086;MULTI26 LIQUIDO 20 KG;NO PERECIBLE;231;7;7
1174;7906;JAMON SERRANO EL POZO 500 GR;PERECIBLE;227.9;14;20
1175;8428;LECHE POLVO EL ORDEÑO 400 GR;NO PERECIBLE;227.115;13;75
1176;1843;FUNDA ROJA 35MICRAS 35X47 X50;NO PERECIBLE;226.8;28;28
1177;674;SALCHICHA UP 1 KG;PERECIBLE;225.792;44;56
1178;10929;CHURROS EN LAZO CONGELADOS IQF AVIKO CAJA (4X1 KG);PERECIBLE;225.619875;15;15
1179;8795;PAPA HASH BROWN LUTOSA 2.5 KG X23 UND;PERECIBLE;225.55;14;26
1180;9773;SORBETON OXOBIODEGRADABLE PARA BUBBLES TEAS X150;NO PERECIBLE;225.15;20;57
1181;174;TAMARINDO 1 KG;FRUVER;225.15;24;79
1182;11974;CARNE MOLIDA DE CERDO CONDIMENTADA 5 KG;PERECIBLE;223.85;11;11
1183;10555;MANTEQUILLA PRESIDENT 8 GR;PERECIBLE;223.56;26;1656
1184;2196;PROTECTOR HOJAS TRANSPARENTE;NO PERECIBLE;220.71;135;1051
1185;667;MERMELADA DE FRUTILLA GUSTADINA 300 GR;NO PERECIBLE;220.5;122;147
1186;313;ESENCIA CANELA LEVAPAN 500 ML;NO PERECIBLE;220.44;33;44
1187;55;COCHINILLO MACAFRI (6 - 8 KG);PERECIBLE;219.9100109;2;2
1188;768;LECHE FRESA SEMI VITA TETRAPACK 200 ML;NO PERECIBLE;219.76;14;536
1189;1346;PAVO PECHUGA PRONACA (2-5) KG;PERECIBLE;217.945;3;5
1190;7228;SALSA BBQ GUSTADINA SQUEEZE 370 GR;NO PERECIBLE;217.8;41;99
1191;11163;RES LOMO FALDA PROCESADO (50-70) X10;PERECIBLE;214.3158242038;21;34.21
1192;1628;COLOR CARAMELO LEVAPAN 500 ML;NO PERECIBLE;213.5808;46;48
1193;11716;CERDO HUESO CONGELADO 5 KG;PERECIBLE;212.90745;21;289.67
1194;6620;VINO ESPUMANTE FRUTAS MONT SANT 750 ML;NO PERECIBLE;212.51545882;5;49
1195;3219;AGUA SIN GAS CIELO 3.5 LT;NO PERECIBLE;212.40139642;57;358
1196;1776;CARVE HAMBURGUESA 450 GR;PERECIBLE;211.5;19;47
1197;11929;TOSTITOS JALAPEÑOS 43 GR;NO PERECIBLE;210.900417;19;525
1198;1969;TOSTITOS JALAPEÑOS 45 GR;NO PERECIBLE;209.38661612;26;491
1199;10293;POLLO HIGADO PRONACA (1.1 - 1.4 KG);PERECIBLE;209.328;114;178
1200;8112;GUANTE NEGRO PRACTICO ESTRELLA C22 T9;NO PERECIBLE;209.0963396;141;230
1201;2371;FUNDA PAPEL CAFE 17.5X39.5X6 X100;NO PERECIBLE;208.5;32;75
1202;8026;VASO TERMICO CON TAPA 12 ONZ X100 UND;NO PERECIBLE;208.1;5;20
1203;7781;SNACK QUINOA/TOMATE/ALBAHACA ANDINOS 40 GR;NO PERECIBLE;207.9;93;495
1204;8093;SAL DE MESA LA ORIGINAL 1 KG;NO PERECIBLE;205.9305;107;1081
1205;1666;PICKLES VINAGRE SNOB VIDRIO 470 GR;NO PERECIBLE;205.62378742;63;74
1206;4400;PREMEZCLA QUEQUEX NARANJA 1KG;NO PERECIBLE;204.93;18;69
1207;1980;MARCADOR NEGRO EDDING ROPA;NO PERECIBLE;204.25;85;215
1208;4588;TAPA VASO BLANCO HMB 100 CC 3.5 ONZ X100 UND;NO PERECIBLE;200.38251852;22;97
1209;3319;AJO MOLIDO 250 GR;NO PERECIBLE;200.16;151;278
1210;817;BEBIDA LACTEA FRESA YOGUYOGU TETRAPACK 200 ML;NO PERECIBLE;199.49080962;5;398
1211;2109;TABLA DE APOYO PLASTICA;NO PERECIBLE;199.42;74;118
1212;3151;ACEITUNAS VERDES TAJADAS SNOB 4.1 KG;NO PERECIBLE;198.2064;14;14
1213;1668;PIÑA ALMIBAR RODAJAS SNOB 600 GR;NO PERECIBLE;197.4435;31;97
1214;2753;FIDEO LONCHYS POLLO 65 GR;NO PERECIBLE;195.36;11;264
1215;6617;PASTEL MEXICANO REBANADO T1 C11 CASA GUILLO 1 KG;PERECIBLE;195.3;23;35
1216;7382;PAÑOS DE LIMPIEZA WYPALL VERDE REUTILIZABLES X80PLUS X 30 (30243106);NO PERECIBLE;194.7;33;33
1217;10700;SNACK DE TODITO NATURAL 55 GR;NO PERECIBLE;193.35991356;16;396
1218;2222;COLORINA LA REPOSTERITA 40 ML (4 X10 ML);NO PERECIBLE;190.9243116;48;132
1219;11736;ARROZ ENVEJECIDO ARROZOTE 45.36 KG;NO PERECIBLE;190.90719065;5;5
1220;3443;TORONJIL 20 GR;FRUVER;190.63;486;1733
1221;5463;YOGURT ENTERO NATURAL SIN AZUCAR REY FUNDA 900 GR;PERECIBLE;189.72;111;153
1222;4074;PORTA TORTA BASE + TAPA 28CM DIAM UND;NO PERECIBLE;189.10517703;49;267
1223;459;NUEZ MOSCADA 200 GR;NO PERECIBLE;189;26;27
1224;2947;FIDEO FUSILLI TRICOLORE TOSCANA 400 GR;NO PERECIBLE;187.27083718;45;107
1225;406;AZAFRAN 250 GR;NO PERECIBLE;182;87;140
1226;7876;AZUCAR BLANCA TABABUELA 50 KG;NO PERECIBLE;180.00002785;3;5
1227;4546;QUESO PARMESANO RALLADO FLORALP 1 KG;PERECIBLE;180;9;9
1228;1837;FUNDA AMARILLA 35MICRAS 35X47 X50;NO PERECIBLE;178.2;14;22
1229;232;LECHUGA ROJA 1 KG;FRUVER;177.6;60;111
1230;4582;DORADO FILETE ENTERO 5 KG;PERECIBLE;176.8102;1;30.59
1231;2038;PINCHO MADERA PEQUEÑO X100;NO PERECIBLE;176.29;164;289
1232;1667;PIMENTON PICANTE 200 GR;NO PERECIBLE;175.000003;71;100
1233;3067;RES L.FALDAT 76-90 X30;PERECIBLE;174.35616;2;10.56
1234;10116;TOMATES DESHIDRATADOS EN ACEITE MAZZA 1.6 KG;NO PERECIBLE;174.1332182;18;20
1235;1741;MENTA FRESCA 1 KG;FRUVER;172.075;65;137.66
1236;11893;HARINA DE MAIZ BLANCA PRECOCIDA SUPERMAXI 1 KG;NO PERECIBLE;171.2478;51;163
1237;10536;RES LOMO FINO EXTRA LIMPIO REFRIGERADO;PERECIBLE;171.1264;6;10.09
1238;65;RES PECHO PROCESADO 1 KG;PERECIBLE;170.960265;5;33.81
1239;11377;COLA QUINTUPLE PIÑA 300 ML;NO PERECIBLE;168.72;56;888
1240;10782;DV SUMA CIT D5.8 DESINFECTANTE ACIDO 5 LT;NO PERECIBLE;168;7;8
1241;7779;SNACK QUINOA CHIA BBQ 40 GR;NO PERECIBLE;167.58;45;399
1242;446;HARINA QUINUA 1 KG;NO PERECIBLE;165;31;75
1243;1996;CEPILLO INODORO ESTRELLA CON BASE;NO PERECIBLE;161.48908668;94;204
1244;1634;ACEITUNAS NEGRAS LA ESPAÑOLA SIN HUESO 300 GR;NO PERECIBLE;160.82;33;68
1245;8297;PREMEZCLA TEGRAL BISCUIT PURATOS 5 KG;NO PERECIBLE;160.49;9;11
1246;11973;NACHOS DE YUCA TRICOLOR 40 GR;NO PERECIBLE;159.3;7;270
1247;3431;BERROS 100 GR;FRUVER;158.7;463;1058
1248;10946;QUESO CREMA PRESIDENT BALDE 4 KILOS;PERECIBLE;158;5;10
1249;1984;PAPEL ROLLO COPIAS X3;NO PERECIBLE;157.95;36;81
1250;3440;PEREJIL CRESPO 50 GR;FRUVER;156.96;286;981
1251;7661;HELADO SUNDAE MORA TOPSY 1 LT X6;PERECIBLE;156.2706;7;9
1252;6554;GALLETAS QUAKER AVENA Y PASAS 168 GR (6 X28 GR);NO PERECIBLE;156.2085;22;63
1253;3778;AVENA LECHE FINESSE ALPINA VASO 250 GR;NO PERECIBLE;155.52;18;216
1254;2588;PEPINO DULCE UND;FRUVER;154.8;70;1290
1255;1832;FUNDA VERDE 23X28 X10;NO PERECIBLE;153.72;63;183
1256;5739;CERDO PANCETA REFRIGERADO;PERECIBLE;153.414702;1;10.42
1257;9684;JAMON AMERICANO TIPO I GRANDES FOODS 500 GR;PERECIBLE;152;26;38
1258;2412;PIMIENTA DULCE 30 GR;NO PERECIBLE;150;77;300
1259;1646;COCTEL DE FRUTAS EN ALMIBAR GUSTADINA 820 GR;NO PERECIBLE;148.12329168;14;42
1260;5260;QUESO DAMBO SALINERITO 350 GR;PERECIBLE;147.826;9;35
1261;3533;CERDO CHULETA (156-170) X30;PERECIBLE;145.470003;1;4.93
1262;10028;PAÑOS DE LIMPIEZA WYPALL AZUL PREDOBLADO REUTILIZABLES 29 X 34 CM CORES X 50 (30228872);NO PERECIBLE;144.76306884;27;39
1263;3857;JUGO DE NARANJA/MANGO DHOY 355 ML;PERECIBLE;143.78000052;11;156
1264;4195;CONTENEDOR TERMICO LLANO PLASTI UTIL 8X8 (X25);NO PERECIBLE;143.1954;11;79
1265;7339;AGUA ACQUA PANNA S/G 500 ML;NO PERECIBLE;142.75712088;5;198
1266;1649;ESENCIA PIÑA LEVAPAN 500ML;NO PERECIBLE;142.672;37;37
1267;9430;QUESO BURRATA ROSSI 300 GR;PERECIBLE;141.7692;10;37
1268;1819;FUNDA BLANCA 35MICRAS 18X24 X100 UND;NO PERECIBLE;141;37;47
1269;6016;CHORIZO PARRILLERO T1 AGROPESA 2.5 KG;PERECIBLE;140.9967;6;9
1270;8233;ESTRAGON ENTERO MCCORMICK 7 GR;NO PERECIBLE;140.27;46;83
1271;2139;CARVE TRIGO/SOYA 450 GR;PERECIBLE;139.5;14;31
1272;1661;MERMELADA DE PIÑA LA PRIMERA 5.7 KG;NO PERECIBLE;138.87;9;9
1273;11447;PAPA CECILIA GRUESA SUPERMAXI 1.2 KG;FRUVER;137.6286;24;102
1274;2435;MERMELADA DE FRUTILLA LA PRIMERA 5.7 KG;NO PERECIBLE;136.1;10;10
1275;2321;VASO SIN TAPA 1 ONZ X100 UND;NO PERECIBLE;134.514;54;141
1276;311;ESENCIA ANIS 500 ML;NO PERECIBLE;134.16;16;26
1277;7660;HELADO RON PASAS TOPSY 1 LT X6;PERECIBLE;133.56;9;10
1278;2752;FIDEO LONCHYS CARNE 67 GR;NO PERECIBLE;132.35815488;6;168
1279;7321;UVA ROSADA IMPORTADA EN CAJA PLASTICA 1 KG;FRUVER;132;19;30
1280;10859;VASO CON TAPA 2 ONZ X125 UND;NO PERECIBLE;131.25;31;42
1281;1555;POLLO VACIO PRONACA (2.2-2.4)KG;PERECIBLE;130.8164;3;22
1282;2614;CEDRON 1 KG;FRUVER;130.5;49;87
1283;770;LECHE POLVO SOYA ORIENTAL 400 GR;NO PERECIBLE;129.4463736;9;18
1284;11966;QUESO FRESCO LA HOLANDESA 450 GR;PERECIBLE;129;2;43
1285;11571;CHOCLO GRANO SELECCIONADO 1 KG;FRUVER;128;21;80
1286;8111;GUANTE NEGRO PRACTICO ESTRELLA C22 T8.5;NO PERECIBLE;126.75425087;101;137
1287;644;PIEDRA POMEX;NO PERECIBLE;125.46;147;369
1288;11339;HUEVOS DE CODORNIZ LA ORIGINAL X 20;NO PERECIBLE;125.454;15;87
1289;8909;PAPAS PREFRITAS CON PIEL ULTRACONGELADAS AVIKO 2.5 KG;PERECIBLE;125.0500714;3;20
1290;11451;RES BIFE DE CHORIZO LOMO DE FALDA SUPERMAXI (1 - 1.2) KG;PERECIBLE;123.393150972;7;7.8
1291;7780;SNACK QUINOA CHAMPIÑONES 40 GR;NO PERECIBLE;122.22;38;291
1292;5562;MANDARINA GRANEL KG;FRUVER;121.22;11;83.6
1293;1685;CUCHARA/TENEDOR BLANCO X 50;NO PERECIBLE;120.184;40;166
1294;4622;BEBIDA AMARANTO MORA/FRESA AMATI TETRAPACK 200 ML;NO PERECIBLE;119.75186815;8;179
1295;3786;"GUANTE NIT INDUSTRIAL 330MM 13"" TALLA M";NO PERECIBLE;117.18;50;126
1296;1475;PALO HELADO CARICIA X 100;NO PERECIBLE;116.8608;33;224
1297;3025;PALITOS CAFE PLASTICO X 100;NO PERECIBLE;116.3514495;83;325
1298;3359;ENROLLADO DE POLLO T1 CASA GUILLO 1 KG X11;PERECIBLE;116.11;12;17
1299;1809;RON GOLD SAN MIGUEL 750 ML;NO PERECIBLE;115.50986046;16;18
1300;2054;ARCHIVADOR BENE OFICIO;NO PERECIBLE;115.4495;43;73
1301;3437;HOJA NARANJA 20 GR;FRUVER;115.39;325;1049
1302;10117;TOMATES DESHIDRATADOS EN ACEITE MAZZA 280 GR;NO PERECIBLE;113.34503269;26;61
1303;6599;MINI ROSQUITAS INTEGRALES SUPAN 40 GR;NO PERECIBLE;112.71;49;289
1304;555;HELADO VAINILLA CREMOSSITO PINGUINO 900 ML;PERECIBLE;110.84;13;34
1305;9762;FRUTAS DESH ARANDANO NUTS NATURES HEART 35 GR;NO PERECIBLE;109.19774544;14;168
1306;2058;CLAVO OLOR 30 GR;NO PERECIBLE;108.3;75;190
1307;11653;HELADO DE CREMA DE LECHE SABOR MANJAR CON ALMENDRAS TOPSY 1 LT;PERECIBLE;106.512;12;28
1308;7924;LECHE CONDENSADA ITAMBE LATA 5 KG;NO PERECIBLE;105.75;4;5
1309;11455;CERDO STEAK SUIZO CONGELADO GG;PERECIBLE;105.56217;5;13.23
1310;12016;CHIFLES NATURALES PLATANITOS NATUCHIPS 42 GR;NO PERECIBLE;102.6;6;225
1311;5738;CERDO, CARNE MOLIDA REFRIGERADO 2.5 KG;PERECIBLE;102.375;1;10
1312;5557;MARCADOR TIZA LIQUIDA NEGRO PELIKAN;NO PERECIBLE;101.50480501;79;203
1313;9552;CINTA DOBLE FAZ ABRO 18MM X5MT X1MM;NO PERECIBLE;101.08;34;38
1314;444;HARINA DE MAIZ NEGRA 1 KG;NO PERECIBLE;100.05;29;69
1315;11925;GARBANZO CONGELADOS IQF CAJA 17 KG;PERECIBLE;98.43;3;3
1316;4625;"BANDEJA TERMICA RECTANGULAR HMB 10X14"" X10";NO PERECIBLE;97.584;15;76
1317;10926;LECHE ENTERA VITA TPK PACK (6 X 200 ML);NO PERECIBLE;97.2;10;54
1318;3703;TORTILLINAS INTEGRALES BIMBO 320 GR X8;NO PERECIBLE;96;14;48
1319;11959;DR. MULLER KIDS GALLETAS MANGO Y MANZANA 25 GR;NO PERECIBLE;96;4;160
1320;3118;PAN HOT DOG MODERNA 320 GR X8;NO PERECIBLE;95.7;13;110
1321;344;SALSA DE TOMATE EN VIDRIO MARCELLOS 400 GR;NO PERECIBLE;94.9536;23;84
1322;308;CEBOLLA PERLA PROCESADA 1 KG;FRUVER;94.2;39;157
1323;4601;MEJILLON CARNE 310 GR X 200;PERECIBLE;94.08;19;56
1324;1289;RES RIÑON CONGELADO;PERECIBLE;91.7451399549;7;32.73
1325;485;AROMATICA TORONJIL HORNIMANS 32 GR X25;NO PERECIBLE;91.225;24;89
1326;5735;CERDO LOMO DE FALDA REFRIGERADO;PERECIBLE;90.675651;1;3.41
1327;1536;VASO PLÁSTICO SIN TAPA 12 ONZ X 50 UND;NO PERECIBLE;89.93;54;92
1328;708;COLA FIORAVANTI FRESA 3 LT;NO PERECIBLE;88.4013;30;39
1329;10873;CREMA DE AVELLANA CON CACAO BAKELS 3 KG;NO PERECIBLE;88.16;4;4
1330;380;COLORINA ROJO LEVAPAN 250 ML;NO PERECIBLE;88.0032;24;32
1331;7287;POLLO, PECHUGA FILETE REFRIGERADO X 10;PERECIBLE;86.89584;1;4.63
1332;9761;FRUTAS DESHIDRATADAS Y NUECES NUTTY BERRY MIX NATURES HEART 35 GR;NO PERECIBLE;86.73;12;147
1333;2578;MANGO CHUPAR UND;FRUVER;86.56;15;541
1334;11969;INFUSION DE MANZANILLA NATURE´S HEART 20 X 1G;NO PERECIBLE;86.48;25;92
1335;11832;ESTUCHE PARA MUFFIN X70 UND;NO PERECIBLE;84.28;3;14
1336;381;COLORINA VERDE LEVAPAN 250 ML;NO PERECIBLE;82.503;22;30
1337;3781;AVENA LECHE CANELA ALPINA VASO 250 GR;NO PERECIBLE;81.36;10;113
1338;4571;TARRINA PLÁSTICA OPAL SIN TAPA 1/2 LT X50 UND;NO PERECIBLE;80.979;11;30
1339;8688;PAPEL ALUMINIO DIAMOND 60.9 M;NO PERECIBLE;80.8344;5;9
1340;2149;ARCHIVADOR ACORDEON PLASTICO;NO PERECIBLE;80;32;32
1341;10113;SALSA DE TOMATE POMODORO CLASICA MAZZA LATA 2.5 KG;NO PERECIBLE;79.55738608;10;16
1342;8267;PROTEINA DE SOYA FORMA DE JAMON CORDON GREEN X15 250 GR;PERECIBLE;79.2;4;40
1343;2177;GRAPADORA MEDIANA;NO PERECIBLE;79.05;31;31
1344;7987;"BANDEJA TERMICA HOT DOG BLANCA 4X8 1/2"" X 25";NO PERECIBLE;78.27963276;7;84
1345;8776;NATURES HEART FRUTAS Y CHOCOLATE 35 GR;NO PERECIBLE;78;10;120
1346;11960;DR. MULLER KIDS GALLETAS MANZANA 25 GR;NO PERECIBLE;76.8;3;128
1347;1556;AVENA LECHE ALPINA VASO 250 GR;NO PERECIBLE;76.68;9;108
1348;3665;CEREZAS ROJAS HELIOS 160 GR;NO PERECIBLE;76.0104;17;46
1349;4672;AZUCAR MORENA VALDEZ 2 KG;NO PERECIBLE;75.82623474;15;38
1350;199;HORCHATA 10 GR;FRUVER;75.25;17;301
1351;96;ALMEJA CASCARA X100;PERECIBLE;75.06;7;18
1352;12013;DESINFECTANTE ZAKKA DE ACIDO PERACETICO GALON;NO PERECIBLE;74.1;1;6
1353;1973;CUADERNO CUADROS UNIVERSITARIO NORMA 100 HOJAS;NO PERECIBLE;73.75;52;59
1354;8848;LECHE FRESA SEMI TONI TETRAPACK 200 ML;NO PERECIBLE;73.4592;11;96
1355;12025;CHAMPIÑON ENTERO LA ORIGINAL 435 GR;NO PERECIBLE;72.541;7;43
1356;447;HARINA SOYA 500 GR;NO PERECIBLE;72.389969;44;50
1357;10716;BROCOLI EMPACADO 1 KG;FRUVER;71.8905;17;130.71
1358;4387;ADEREZO VINAGRETA ITALIAN HERBS MCCORMICK 3.35 LT;NO PERECIBLE;70.29;8;9
1359;11652;HELADO DE CREMA DE LECHE SABOR A CHICLE CON MINI CHICLE TOPSY 1 LT;PERECIBLE;70.224;3;24
1360;391;MEJORADOR S-500 PURATOS 1 KG;NO PERECIBLE;69.3;9;9
1361;1905;JABON LAVAR LIDER AZUL 250 GR;NO PERECIBLE;69;71;230
1362;819;BEBIDA LACTEA MORA YOGUYOGU TETRAPACK 200 ML;NO PERECIBLE;68.637;9;137
1363;10513;PULPA DE PAPAYA CONGELADO DELIFROST 940 GR EK;PERECIBLE;68.06;11;41
1364;2156;CALCULADORA CASIO HL 815 8 DIGITOS BOLSILLO;NO PERECIBLE;66;14;15
1365;11730;JABON TOCADOR ANTIBACTERIAL MANZANILLA BEST PACK (3X92 GR) 276 GR;NO PERECIBLE;65.52;5;91
1366;6093;CHORIZO PARRILLERO T1 DON DIEGO 1 KG;PERECIBLE;64.581;3;11
1367;1512;FOSFORO EL GALLO X10;NO PERECIBLE;63.70596417;108;131
1368;5697;CERDO CHULETA CONGELADO 25 X (131 - 160 G);PERECIBLE;63.083667;1;3.61
1369;10030;HARINA DE MAIZ BLANCO AREPASAN 1 KG;NO PERECIBLE;63;35;63
1370;4511;SABORIZANTE TORANI AMARETTO 750 ML;NO PERECIBLE;63;6;6
1371;8274;CERDO GRASA CONGELADO 5 KG;PERECIBLE;62.23;1;5.08
1372;10294;POLLO PECHUGA FILETE PRONACA (2.4 - 2.7 KG);PERECIBLE;62.046;1;3
1373;8269;PROTEINA DE TRIGO FORMA DE MILANESA CON 5 CEREALES CORDON GREEN X4 250GR;PERECIBLE;61.69;9;31
1374;9152;MERMELADA DE FRUTILLA SIN AZUCAR SNOB 285 GR;NO PERECIBLE;61.2;36;36
1375;10750;Z3 MERMELADA DE DURAZNO CHIVERIA 1.35 KG;NO PERECIBLE;60.48;14;16
1376;8268;PROTEINA DE SOYA FORMA DE HAMBURGUESA CRISPY CON QUINUA CORDON GREEN X2 180 GR;PERECIBLE;59.66;6;38
1377;5266;QUESO GOUDA KIOSKO 350 GR;PERECIBLE;59.01294282;4;13
1378;5425;VINO TINTO CABERNET SAUVIGNON CARMENERE CONCHA Y TORO 750 ML;NO PERECIBLE;58.4184;1;12
1379;11961;DR. MULLER KIDS GALLETAS UVA Y MANZANA 25 GR;NO PERECIBLE;57.6;3;96
1380;3454;TARRINA TERMICA CON TAPA 1LT X50 UND;NO PERECIBLE;56.16;6;9
1381;5233;PIMIENTA MOLIDA ILE 500 GR;NO PERECIBLE;56.034;4;11
1382;8236;FIDEO FETTUCCINI DON VITTORIO 400 GR;NO PERECIBLE;55.77524136;11;54
1383;3652;PAN ARABE NATURAL MINI PASTELO 300 GR;PERECIBLE;55.72;5;28
1384;4623;BEBIDA AMARANTO MARACUYA UVILLA AMATI TETRAPACK 200 ML;NO PERECIBLE;55.61852868;7;82
1385;4761;ARROZ FLOR SUPERMAXI 5 KG;NO PERECIBLE;54.52457144;2;8
1386;4948;FREJOL BOLON ROJO SUPERMAXI 500 GR;NO PERECIBLE;54.5076;7;36
1387;1971;CLIPS MARIPOSA;NO PERECIBLE;53.35;52;55
1388;11970;INFUSION MENTA NATURE´S HEART 20 X 1.30 G;NO PERECIBLE;53.25;25;75
1389;3416;VASO TERMICO BLANCO PLASTRO 10 ONZ X 20 UND;NO PERECIBLE;52.9932;11;52
1390;4967;FRUTOS SECOS CIRUELAS SIN SEMILLAS SUPERMAXI 350 GR;NO PERECIBLE;52.1294514;19;30
1391;1107;CERDO CHULETA (116-130) X10;PERECIBLE;51.6336;2;7.44
1392;11994;PAN RUSTICO SOUR CORTADO MAXIPAN 380 GR;NO PERECIBLE;50.031;10;34
1393;2042;TRAPEADOR;NO PERECIBLE;50;18;25
1394;11272;UVA ROSADA MEDIANA IMPORTADA EMPACADA AL GRANEL POR KG;FRUVER;49.5;8;15
1395;11986;PALO HELADO FIESTA X 100;NO PERECIBLE;49.3626;18;147
1396;1988;SOBRE MANILA F4 CARTA 25X35CM;NO PERECIBLE;49.14;108;630
1397;11083;TORTILLAS DE HARINA DE TRIGO MAMA FANNY 250 GR;NO PERECIBLE;48.945;3;30
1398;11466;ACEITE OLIVA EXTRA VIRGEN MAZZA 500 ML;NO PERECIBLE;48.209;10;10
1399;5444;VINO TINTO SANTA LUCIA 1 LT;NO PERECIBLE;47.586;1;12
1400;10699;ALCAPARRAS EN VINAGRE MAZZA VIDRIO 700 GR;NO PERECIBLE;47.2416;10;12
1401;2098;PLATO TERMICO LLANO ALEGRIA #10 1/4 X25 UND;NO PERECIBLE;46.69577187;9;51
1402;3434;ENELDO 50 GR;FRUVER;46.2;118;220
1403;6128;JAMON DE PIERNA T1 JURIS 200 GR;PERECIBLE;46.144;10;16
1404;9147;TAPA PS PARA VASO DE CARTON 7 ONZ X100 UND;NO PERECIBLE;45.5;1;10
1405;11937;PAPAS SG FRITAS ARTESANALES SX. 27 GR;NO PERECIBLE;45.36;4;216
1406;9295;RES, CARNE MOLIDA TACO 14 - 15% CONGELADO TIPO 1 SUPERMAXI (1.24 - 1.54 KG);PERECIBLE;44.9899085376;5;11.94
1407;8264;PROTEINA DE TRIGO FORMA DE FRITADA 5 CEREALES CORDON GREEN X4 250 GR;PERECIBLE;43.68;7;21
1408;7773;NECTAR DE DURAZNO TRU TETRAPACK 200 ML;NO PERECIBLE;43.5;9;145
1409;2457;FIDEO LETRAS TOSCANA 400 GR;NO PERECIBLE;43.1462;5;29
1410;1834;FUNDA NEGRA 30MICRAS 29X36 X10;NO PERECIBLE;42.88;38;67
1411;3432;CEBOLLIN 30 GR;FRUVER;42.84;81;204
1412;1473;CANASTILLA #9 X100;NO PERECIBLE;42.24;41;132
1413;4959;FREJOL REFRITO FACUNDO 425 GR;NO PERECIBLE;42.08112075;4;25
1414;11264;CEBOLLA PUERRO SIN HOJA POR KG;FRUVER;40.8;11;24
1415;657;MORTADELA UP T2 1 KG;PERECIBLE;39.84;8;10
1416;2178;GRAPAS 26/6 EAGLE 5000;NO PERECIBLE;39.5;49;50
1417;2028;GUANTE PLASTICO X100;NO PERECIBLE;39.5;26;50
1418;1583;CHOCOLATE GOTAS PURATOS 2 KG;NO PERECIBLE;38.91;3;3
1419;7841;TOALLA PAÑO 2 EN 1 REUTILIZABLE DURAMAX 120HOJAS (20,6 X 27,5 CM);NO PERECIBLE;38.81188892;7;7
1420;5558;MARCADOR TIZA LIQUIDA ROJO PELIKAN;NO PERECIBLE;38.5;41;77
1421;4961;FREJOL ROJO LA PRADERA 500 GR;NO PERECIBLE;38.1276;4;17
1422;5748;CERDO STEAK SUIZO REFRIGERADO;PERECIBLE;38.043825;1;5.97
1423;6130;JAMON DE ESPALDA T1 JURIS 200 GR;PERECIBLE;37.904;7;16
1424;2187;PAPELERA METALICA 2 SERVICIOS;NO PERECIBLE;37.8;6;6
1425;9459;MASA PARA EMPANADAS YUB 450 GR;PERECIBLE;37.08;8;30
1426;11048;VASO TERMICO BLANCO PLASTRO 6 OZ X 25 UND;NO PERECIBLE;36.3763636;11;40
1427;6175;CORVINA FILETES SUPERMAXI 910 GR;PERECIBLE;35.1798;2;3
1428;2189;PERFORADORA XINGLI;NO PERECIBLE;34.44;14;14
1429;10920;PIÑA MADURA;FRUVER;33.6366;4;27
1430;9940;RES PULPA DE BRAZO SUPERMAXI REFRIGERADO;PERECIBLE;33.20090726;2;2
1431;2932;HARINA TOMEBAMBA 50 KG;NO PERECIBLE;33;1;1
1432;11985;QUESO AMERICANO REBANADO FLORALP BLOQUE 1 KG;PERECIBLE;32.8;4;4
1433;11459;ROAST BEEF TIPO I CASA NOBLE 180 GR;PERECIBLE;32.748;3;8
1434;188;AJO PELADO 1 KG;FRUVER;32.4;5;9
1435;2199;RESALTADOR AMARILLO PELIKAN;NO PERECIBLE;31.96;46;68
1436;5184;PAN BLANCO HAMBURGUESA CYRANO 480 GR;NO PERECIBLE;31.7961;6;21
1437;3881;CHOCHO/CHIFLE 180 GR;PERECIBLE;31.6;6;40
1438;11467;ACEITE OLIVA EXTRA VIRGEN MAZZA 1 LT;NO PERECIBLE;31.4944;4;4
1439;5178;PALMITOS CORAZONES GUSTADINA 800 GR;NO PERECIBLE;30.79019792;2;8
1440;9922;MARGARINA DE MESA GIRASOL 490 GR;NO PERECIBLE;30.7872;4;18
1441;11024;RES LOMO FINO MADURADO CONGELADO FRIGOR;PERECIBLE;30.5435;1;1.27
1442;6421;QUESO FETA FLORALP 250 GR;PERECIBLE;30.5395;3;5
1443;6564;MARCADOR TIZA LIQUIDA VERDE PELIKAN;NO PERECIBLE;30.5;37;61
1444;3579;CHAMPIÑÓN PORTOBELLO 1 KG;FRUVER;30;2;4
1445;9648;BATA AZUL DE AISLAMIENTO DE PAPEL TELA DESECHABLE X 10;NO PERECIBLE;30;3;4
1446;12030;AGUA DASANI S/G PACK (12 X300 ML);NO PERECIBLE;29.985;4;15
1447;1407;VASO PLASTICO SIN TAPA 3 ONZ X100 UND;NO PERECIBLE;29.82;7;21
1448;9930;COCA COLA LATA 350 ML;NO PERECIBLE;29.6275;5;35
1449;2207;SEPARADOR PLASTICO AZUL X10;NO PERECIBLE;29.58;37;51
1450;5291;QUESO MOZZARELLA LA HOLANDESA 500 GR;PERECIBLE;29.1696;2;6
1451;2216;TIJERA FENIX 16.5 CM;NO PERECIBLE;29;58;58
1452;2607;CEREZAS VERDE HELIOS 160 GR;NO PERECIBLE;28.54824945;9;15
1453;2082;MANI AJONJOLI 25 GR;NO PERECIBLE;28;4;140
1454;11833;ENSALADERA HERMETICA 5X5 BAJA X50 UND;NO PERECIBLE;27.5;2;5
1455;9517;LECHUGA CRIOLLA EMPACADA 1 KG;FRUVER;27.45;7;61
1456;5655;RES LOMO FINO REFRIGERADO;PERECIBLE;27.444816;1;1.44
1457;1533;MORTIÑO 1 KG;FRUVER;27.4;4;4
1458;3522;HARINA TOMEBAMBA KG;NO PERECIBLE;27.3372;2;41.42
1459;1970;CINTA SCOTCH PEQUEÑA 18X25;NO PERECIBLE;27.2;58;136
1460;11813;CHOCOLATE AMBATO DOÑA OLGUITA 250 GR;NO PERECIBLE;27.056;4;8
1461;4811;BEBIDA ENERGETICA ORIGINAL RED BULL 250 ML;NO PERECIBLE;27.02713392;2;16
1462;11568;PANELA SOLIDA SUPERMAXI 625 GR;NO PERECIBLE;26.01109784;3;28
1463;2354;ALCACHOFA 1 KG;FRUVER;25.9;4;14
1464;2175;ETIQUETAS T11 ROJA X20;NO PERECIBLE;25.48;52;98
1465;1972;CLIPS ESTANDAR;NO PERECIBLE;25;74;100
1466;8948;GALLETAS INTEGRAL SALTICAS (3X66 GR);NO PERECIBLE;24.99;7;84
1467;2174;ESFERO BIC ROJO;NO PERECIBLE;24.86;76;113
1468;8901;POLLO ESPALDILLA 5 KG;PERECIBLE;24.808;2;35.44
1469;5400;VINO BLANCO CHARDONNAY PEÑASOL 750 ML;NO PERECIBLE;24.7686;2;6
1470;1987;SOBRE MANILA F2 21X27 CM;NO PERECIBLE;24.48594918;87;462
1471;11473;RES FILETE CONGELADO (50-60)X30;PERECIBLE;24.06003;1;1.86
1472;11927;FONDO DE CERDO/RES CONGELADO FUNDA 1 KG;PERECIBLE;24;4;1200
1473;10865;FIORAVANTI MINI FRESA 250 ML;NO PERECIBLE;23.98;19;110
1474;11577;RES CARNE MOLIDA ESPECIAL 20% GRASA REFRIGERADO 2.5 KG;PERECIBLE;23.825;1;2.5
1475;10737;VASO DURO SIN TAPA 6 ONZ X50 UND;NO PERECIBLE;23.6775;6;11
1476;769;LECHE DESCREMADA SVELTY TPK 1 LT;NO PERECIBLE;23.673;2;15
1477;4502;INFUSION MUYUKUNA FRUTOS ROJOS 10GR;NO PERECIBLE;23.4;7;39
1478;11409;RES CORAZON DE CUADRIL 120 DIAS IMPORTADO FRIGOR (2.76 - 3.82 KG);PERECIBLE;23.341802904;1;2.48
1479;11998;PAPAS FRITAS CREMA Y CEBOLLA LO 50 GR;NO PERECIBLE;22.66;3;100
1480;7679;NARANJA SELECCIONADA VERDE POR KG;FRUVER;22.5;4;45
1481;11096;CAFE GRANO FINO ECUATORIANO LOJANO VELEZ 340 GR;NO PERECIBLE;22.2972;2;4
1482;5176;PALMITOS CORAZONES CARLO 371 GR;NO PERECIBLE;22.08982373;6;13
1483;7299;COLA FRUIT NARANJA LATA 330 ML;NO PERECIBLE;22.032;1;36
1484;10969;MOSTAZA DIJON GREY POUPON 227 GR;NO PERECIBLE;21.733;3;5
1485;2682;CHOCOLISTO TARRO 300 GR;NO PERECIBLE;21.36948147;7;9
1486;9976;QUESO MOZZARELLA REBANADO SUPERMAXI 300 GR;PERECIBLE;21.2695;4;7
1487;5605;NARANJA NAVEL GRANEL KG;FRUVER;21;3;7
1488;415;COMINO GRANO 1 KG;NO PERECIBLE;20.99175825;3;3
1489;1815;FUNDA PERFORADA 40 MICRAS 12X18 X100;NO PERECIBLE;20.96;8;8
1490;5076;LECHE DE COCO GOYA 400 ML;NO PERECIBLE;20.8926;6;6
1491;11565;BASE ENSALADERA REDONDA 500 GR PS NEGRO 15X5CMS X 50 UNID;NO PERECIBLE;20.8;4;4
1492;11566;TAPA ENSALADERA REDONDA  500 GR X 50 UNID;NO PERECIBLE;20.8;4;4
1493;9657;LECHE ENTERA TONI TPK 1 LT;NO PERECIBLE;20.7296;3;16
1494;2202;RESALTADOR VERDE;NO PERECIBLE;20.21;34;43
1495;2173;CUADERNO CUADROS JUNIOR NORMA 100 HOJAS;NO PERECIBLE;19.76;20;26
1496;4796;AZUCAR BLANCA SUPERMAXI 2 KG;NO PERECIBLE;19.7388;1;12
1497;10329;MIX VEGETALES CONGELADOS IQF 1 KG;PERECIBLE;19.44;4;8
1498;3556;FIDEO LONCHYS CAMARON 65 GR;NO PERECIBLE;19.421862;1;24
1499;11796;AGUA MINERAL IMPERIAL BENEFIT LIMON + JENGIBRE 330 ML LATA;NO PERECIBLE;19.368;1;24
1500;7839;JABON LAVAR BLANCO FLORAL LAVATODO 230 GR;NO PERECIBLE;19.24620808;10;38
1501;8359;AROMATICA TORONJIL ILE 37.5GR X25;NO PERECIBLE;18.9222;9;22
1502;4766;ARROZ JAPONES BOTAN 2.27 KG;NO PERECIBLE;18.745;1;2
1503;11800;TOCINETA AHUMADA LA FINNCA 1KG;PERECIBLE;18.6;2;4
1504;5183;PAN BLANCO GIGANTE SANDUCHERO SUPERMAXI 800 GR;NO PERECIBLE;18.2928;4;12
1505;9167;SALSA DE AJI CON AJO SRIRACHA BADIA 500 ML;NO PERECIBLE;18.025;3;5
1506;2107;SEPARADOR PLASTICO AMARILLO X10;NO PERECIBLE;17.98;25;31
1507;2210;SOBRE MANILA F6 30X40 CM;NO PERECIBLE;16.9930895;34;170
1508;4505;INFUSION MUYUKUNA MANGO 10 GR;NO PERECIBLE;16.8;8;28
1509;3603;CHIPS DE ZANAHORIA BLANCA P KIWA 28GR;NO PERECIBLE;16.72;3;38
1510;1751;CHOCOLATE AMBATO DOÑA OLGUITA 1KG;NO PERECIBLE;16.6314;1;1
1511;3880;CHOCHO/CHIFLE 111 GR;PERECIBLE;16.52;5;28
1512;2260;NESTUM ARROZ AZUCAR NESTLE 350 GR;NO PERECIBLE;16.35;4;5
1513;4506;INFUSION MUYUKUNA MANZANA 10 GR;NO PERECIBLE;16.2;7;27
1514;10121;ALCACHOFA CORAZONES EN AGUA 5/7 MAZZA LATA 400 GR;NO PERECIBLE;16.12140677;7;7
1515;8947;AGUA SIN GAS TRU TETRAPACK 1 LT;NO PERECIBLE;16.08;2;24
1516;11011;GUANTE MEGAFORTEX 4C-HPPE ANTICORTE POLIURETANO N5 TALLA L;NO PERECIBLE;15.9;2;3
1517;9865;TORTILLA DE MAIZ SABOR A LA MEXICANA 275 GR;PERECIBLE;15.862;4;10
1518;7752;TORTILLAS MEXICANAS DELMEXS 260 GR;PERECIBLE;15.8532;2;12
1519;11288;BROCOLI CONGELADOS IQF CAJA 11 KG;PERECIBLE;15.84;2;3
1520;11514;RES CARNE MOLIDA 14 - 15% GRASA TIPO 1 REFRIGERADO SUPERMAXI (460 - 500) GR;PERECIBLE;15.52;3;4
1521;11915;CHOCLO EN TROZOS CONGELADO IQF 1KG;PERECIBLE;15.12;4;9
1522;5473;YGT SEMIDESCREMADO MORA DULACS 3500 GR;PERECIBLE;15.1119;1;3
1523;11444;MUFFINS ENGLISH MAXIPAN CAJA 360 GR;PERECIBLE;15.04;2;4
1524;11099;AJO MACHO SUPERMAXI 150 GR;FRUVER;14.9895;5;9
1525;5602;MANZANA ROJA GRANEL CAJA KG;FRUVER;14.78256;1;9.2
1526;7333;ETIQUETA ADHESIVA TERMICA PAPEL ZEBRA 6X4.95 X1000;NO PERECIBLE;14.7;2;3
1527;1865;STRETCH FILM PALLETS 50CM;NO PERECIBLE;14.7;2;3
1528;11814;"ETIQUETA ADHESIVA PAPEL TERMICO ZEBRA 2.5CM LARGO X 3.2CM ANCHO NUCLEO 1"" X2000 UND";NO PERECIBLE;14.68;2;2
1529;10302;CHOCLITO TROCITOS BABY CORN SNOB LATA 810 GR;NO PERECIBLE;14.6475;5;5
1530;2171;CORRECTOR BOLIGRAFO PELIKAN-NUKOTE;NO PERECIBLE;14.5;26;29
1531;11923;MANTECA DE CERDO 1 KG;PERECIBLE;14.44;3;4
1532;10738;TAPA DURA PLANA PARA VASO 6 ONZ X100 UND;NO PERECIBLE;14.4312;6;6
1533;8018;FUNDA AZUL 30MICRAS 35X47 X50;NO PERECIBLE;13.86;2;2
1534;4508;INFUSION MUYUKUNA PIÑA 10 GR;NO PERECIBLE;13.8;5;23
1535;9810;COLA FRUIT MORA LATA 330 ML;NO PERECIBLE;13.5936;1;24
1536;5265;QUESO FRESCO SUPERMAXI 750 GR;PERECIBLE;12.91174803;1;3
1537;3425;NECTAR DE MANZANA PULP TPK 1 LT;NO PERECIBLE;12.7137;8;15
1538;3121;BOTANAS NATURAL 40GR X12;NO PERECIBLE;12.6;3;3
1539;2007;ESCOBA MADERA FIBRA INDUSTRIAL;NO PERECIBLE;12.5;5;5
1540;10327;BROCOLI CONGELADOS IQF 1 KG;PERECIBLE;12.48;5;26
1541;8057;ARROZ MACAREÑO ENVEJECIDO PREMIUM CASA DEL ARROZ 10 KG;NO PERECIBLE;11.639;1;1
1542;11570;ATUN LOMITOS EN AGUA SUPERMAXI 3 X 80 GR;NO PERECIBLE;11.55;2;5
1543;8173;DETERGENTE EN POLVO FRUTAL XTRA POWER CICLON 5 KG;NO PERECIBLE;11.48724;1;1
1544;10740;CHOCOLATE CON LECHE EN BARRA KINDER 50 G;NO PERECIBLE;11.391;1;10
1545;7350;PILA ALKALINA MAX AAA X 8;NO PERECIBLE;11.28950944;2;2
1546;309;CHOCLITO ENTERO BABY CORN SNOB 210 GR;NO PERECIBLE;11.25;4;5
1547;2101;PLATO SOPERO TERMICO X25 UND;NO PERECIBLE;11.10819672;1;8
1548;10715;COLIFLOR EMPACADA 1 KG;FRUVER;11;4;20
1549;229;ISHPINGO EUREKA 200 GR;NO PERECIBLE;11;1;1
1550;7630;TOMATE RIÑON SELECCIONADO PINTON POR KG;FRUVER;10.8;2;10.8
1551;2503;ARCHIVADOR NORTON PASIVO 03 (CAJAS CARTON) GRANDE;NO PERECIBLE;10.8;6;8
1552;11460;TOTOPOS TORTILLAS DE MAIZ SABOR SRIRACHA KIWA 35 GR;NO PERECIBLE;10.8;1;30
1553;2278;VASO CON TAPA 2 ONZ X100;NO PERECIBLE;10.58;3;4
1554;8169;SALCHICHA VIENESA LA EUROPEA 400 GR;PERECIBLE;10.31031199;3;11
1555;6117;PEPPERONI T1 JURIS 200 GR;PERECIBLE;10.28146252;2;4
1556;2076;LAPIZ MONGOL HB;NO PERECIBLE;10.26;36;57
1557;2019;GUANTE CAUCHO INDUSTRIAL CORTO NEGRO 300MM C40 T9 MASTER;NO PERECIBLE;10.2;3;5
1558;9805;AGUA MINERAL IMPERIAL LIMON MENTA LATA 330 ML;NO PERECIBLE;10.0875;4;15
1559;2463;VASO SIN TAPA 2 ONZ X 100 UND;NO PERECIBLE;10.024;4;8
1560;2299;GUINEO 1 KG;FRUVER;10;2;20
1561;11195;FARFALLE BARILLA 500 GR;NO PERECIBLE;9.8418694;4;4
1562;401;APANADURA EUREKA 1 KG;NO PERECIBLE;9.75;1;5
1563;9319;FUNDAS DE BASURA PARA COCINA AZUL SUPERMAXI X10 UND;NO PERECIBLE;9.4874;2;13
1564;3316;COLA 7UP 400 ML;NO PERECIBLE;9.334;1;26
1565;6069;SALCHICHA RANCHERA T1 FRITZ 300 GR;PERECIBLE;9.2826;2;3
1566;9641;AZUCAR MORENA MONTERREY 2 KG;NO PERECIBLE;9.064;1;5
1567;5181;PAN BLANCO CLASICO SUPERMAXI 500 GR;NO PERECIBLE;8.9919;3;9
1568;10328;ENSALADA RUSA CONGELADOS IQF 1 KG;PERECIBLE;8.88;3;4
1569;11293;VERDURA ATADO SIN MARCA 300 G;FRUVER;8.8533;4;9
1570;2203;SACAGRAPAS;NO PERECIBLE;8.64;18;18
1571;9273;AGUACATE SEMI MADURO KG;FRUVER;8.25;2;5.5
1572;2158;CARPETA PLASTICO;NO PERECIBLE;8.14;17;37
1573;5606;PERA VERDE IMPORTADA GRANEL (130 - 200 GR);FRUVER;8.1;1;3
1574;8583;FIDEO TALLARIN SEMOLA DE TRIGO SUMESA 400GR;NO PERECIBLE;7.818;3;6
1575;8281;RES, CARNE MOLIDA TACO 14 -15% GRASA TIPO 1 REFRIGERADO SUPERMAXI;PERECIBLE;7.6824;1;1.98
1576;11935;CHIFLES DE DULCE EL ARTESANAL 30 GR;NO PERECIBLE;7.68;1;48
1577;11305;TILAPIA FILETE SANTA PRISCILA X 1 KG;PERECIBLE;7.644;1;1.05
1578;8120;CACAO EN POLVO CHOCOLISTO 1000 G;NO PERECIBLE;7.568655;1;1
1579;2102;RECIBERA;NO PERECIBLE;7.2;10;10
1580;11298;RES COSTILLA CONGELADO 1 KG;PERECIBLE;7.191782;1;2.21
1581;11415;RES TIRA DE ASADO SHORT RIB SUPERMAXI (1.03 - 1.53) KG;PERECIBLE;7.0705782664;1;1.18
1582;2165;CARPETA MANILA OFICIO IDEAL AZUL;NO PERECIBLE;7.02;9;39
1583;5586;TOMATE RIÑON SELECCIONADO MADURO POR KG;FRUVER;7;1;7
1584;2191;PORTA CLIPS;NO PERECIBLE;6.96;12;12
1585;4509;INFUSION MUYUKUNA JENGIBRE 10GR;NO PERECIBLE;6.6;3;11
1586;9278;CILANTRO ATADO KG;FRUVER;6.6;2;6
1587;11475;JARABE DE AZUCAR ORIGINAL PEARL MILLING COMPANY 355 ML;NO PERECIBLE;6.5508;2;3
1588;11699;CHORIZO CERVECERO LA CASTILLA T II 2.27 KG;PERECIBLE;6.27;1;1
1589;5331;SALSA DE SOYA BAJA EN SODIO KIKKOMAN 296 ML;NO PERECIBLE;6.2624;1;1
1590;2198;REGLA 30 CM;NO PERECIBLE;6.24;24;26
1591;7297;COLA FRUIT MANZANA LATA 330 ML;NO PERECIBLE;6.12;1;10
1592;9763;FRUTOS SECOS RED FRUITS VANILLA NUTS NATURES HEART 35 GR;NO PERECIBLE;5.9984;1;8
1593;2154;BORRADOR PELIKAN BLANCO;NO PERECIBLE;5.78;30;34
1594;6745;TARRINA REDONDA SUPERMAXI (X 12);NO PERECIBLE;5.72727274;1;7
1595;192;ARRAYAN 10 GR;FRUVER;5.67;9;27
1596;2662;GALLETAS RICAS NESTLE 58 GR;NO PERECIBLE;5.66719213;3;19
1597;10983;FUNDA LAMINADA 60 MICRAS 10X9.5 X100;NO PERECIBLE;5.337;3;3
1598;3439;PAICO 50 GR;FRUVER;5.04;13;24
1599;6059;NECTAR DE MANZANA NATURA TPK 1 LT;NO PERECIBLE;4.91000012;2;4
1600;5469;YGT SEMIDESCREMADO FRESA DULACS 3500 GR;PERECIBLE;4.8436;1;1
1601;10736;TAPA DOMO PARA VASO DURO 350GR X50 UND;NO PERECIBLE;4.6512;2;2
1602;7729;NÉCTAR DE DURAZNO DEL VALLE 1 L;NO PERECIBLE;4.5516;3;6
1603;9294;LECHUGA CRESPA BOHEMIA 200 GR;FRUVER;4.5;2;10
1604;9061;TOCINETA REBANADA LA EUROPEA 100 GR;PERECIBLE;4.3878;5;6
1605;3938;CINTA NEGRA EPSON ORIGINAL ERC-38B;NO PERECIBLE;4.35;3;3
1606;7613;TOMILLO NATURES HEART 110 GR;NO PERECIBLE;4.1707133;1;1
1607;1551;CASCARA CAMARON 1 KG;PERECIBLE;4.13;103;413
1608;9507;MARGARINA DE MESA BONELLA 490 GR;NO PERECIBLE;4.1176109;2;2
1609;11428;TOSTADAS CON AJO BAGUETTE 120 GR;NO PERECIBLE;3.89768012;2;2
1610;11063;TAPA PLANA VASO DURO 350 GR X100 UND;NO PERECIBLE;3.84;1;1
1611;4840;CEREZAS ROJAS ALFRESCO 500 GR;NO PERECIBLE;3.73234458;1;1
1612;5125;MANTEQUILLA SIN SAL SUPERMAXI 250 GR;PERECIBLE;3.296;1;2
1613;2213;SOBRE OFICIO BLANCO TERRESTRE;NO PERECIBLE;3.18;32;159
1614;6133;JAMON DE PECHUGA DE PAVO T1 JURIS 200 GR;PERECIBLE;3.1209;1;1
1615;11434;RES HIGADO IMPORTADO ARGENTINO 1 KG;PERECIBLE;3.1122;1;1.05
1616;10735;VASO DURO TIPO DOMO SIN TAPA 350GR X 25 UND;NO PERECIBLE;3.0022824;1;2
1617;10237;ACEITUNAS VERDES C/H MADAMA OLIVA 480 GR;NO PERECIBLE;2.9561;1;1
1618;5604;MANZANA VERDE IMPORTADA GRANEL (200 - 240 GR);FRUVER;2.94;2;1.5
1619;10527;JABON TOCADOR BEST ANTIBACTERIAL NATURAL FRESH PACK (3 X90 GR);NO PERECIBLE;2.894;1;4
1620;5185;PAN BLANCO HAMBURGUESA GIGANTE SUPERMAXI 520 GR;NO PERECIBLE;2.5338;1;2
1621;8854;COBERTOR ZAPATO PLASTICO X100 UND;NO PERECIBLE;2.5;1;1
1622;8733;PAN GOURMET MORAS Y NUECES MODERNA 500 GR;NO PERECIBLE;2.4411;1;1
1623;8134;COLA FIORAVANTI MANZANA 300 ML;NO PERECIBLE;2.4228;1;12
1624;1735;ARVEJA TIERNA FRESCA 1 KG;FRUVER;2.24;1;0.8
1625;6122;MORCILLA T1 JURIS 300 GR;PERECIBLE;2.1939;1;1
1626;2204;SACAPUNTAS;NO PERECIBLE;2;7;8
1627;2882;FREJOL CANARIO EUREKA 500 GR;NO PERECIBLE;1.65;1;1
1628;11255;FUNDA BLANCA 30 MICRAS 23X28X10;NO PERECIBLE;1.59;2;3
1629;10418;CHAMPIÑON ENTERO FRESCO 220 GR;FRUVER;1.56;1;1
1630;10723;MIX DE PAPAS NATIVAS P KIWA 28GR;NO PERECIBLE;0.88;1;2
1631;11270;NABO CHINO EMPACADO POR KG;FRUVER;0.8;1;2
1632;7883;TOMATE DULCE MADURO 1KG;FRUVER;0.75;1;1
1633;731;GATORADE FRUTAS TROPICALES VIDRIO 473 ML;NO PERECIBLE;0.6207;1;1
1634;2540;ACELGA 1 KG;FRUVER;0.6;1;1
1635;723;COLA TANQUE GAS 9 KG;NO PERECIBLE;0.5;38;50
1636;10765;Z3 VASO CARTULINA P/GRANIZADO 12 OZ X14 UND;NO PERECIBLE;0.1197;104;1197
1637;10021;DISPENSADOR LIMPION METALICO WYPALL (30180284) COMOD;NO PERECIBLE;0.0026;14;26
1638;8546;DISPENSADOR PAPEL TOALLA ESSENTIAL KIMBERLY (30217684) COMOD;NO PERECIBLE;4e-04;1;4
1639;8865;DISPENSADOR PAPEL HIGIENICO KIMBERLY ROLLO JUMBO (30217689) COMOD;NO PERECIBLE;3e-04;3;3
1640;8547;DISPENSADOR PAPEL TOALLA INTERFOLIADA KIMBERLY (30217686) COMOD;NO PERECIBLE;1e-04;1;1
