posicion;producto_id;producto;clasificacion;frecuencia_egresos;ventas;cantidad
1;482;TOMATE RIÑON REGULAR PINTON AL GRANEL 1 KG;FRUVER;9543;220438.863898566;314940.04
2;9642;AZUCAR BLANCA 2 KG;NO PERECIBLE;9397;313190.933480836;205451.8
3;259;ZANAHORIA 1 KG;FRUVER;9139;77408.86;193522.15
4;579;QUESO FRESCO KIOSKO 450 GR;PERECIBLE;8885;400683.56;155908
5;207;CEBOLLA BLANCA 1 KG;FRUVER;8742;55739.608;69674.51
6;150;LIMON GRANDE 1 KG;FRUVER;8656;95505.2865;212233.97
7;247;PIMIENTO VERDE 1 KG;FRUVER;8521;59118.754174276;73904.72
8;1437;VERDE 1 KG;FRUVER;8501;301835.1;431193
9;11729;HARINA DE TRIGO FORTIFICADA SUPER PANADERA KG;NO PERECIBLE;8424;140166.2724;212373.14
10;8647;SAL YODADA SUPERMAXI 1 KG;NO PERECIBLE;8276;33585.1081;110441
11;191;APIO 1 KG;FRUVER;8192;18966.9792;39514.54
12;287;ACEITE EL COCINERO 1 LT;NO PERECIBLE;8082;113179.52;63584
13;230;LECHUGA CRIOLLA 1 KG;FRUVER;7986;50887.648;127219.12
14;3427;CILANTRO 50 GR;FRUVER;7962;25940;162125
15;71;YUCA 1 KG;FRUVER;7353;139515.192;310033.76
16;1392;LECHE ENTERA EN POLVO LA VAQUITA 400 GR;NO PERECIBLE;7184;264823.50923945;76055
17;11482;AJO CONGELADO IQF 1 KG;PERECIBLE;7049;77665;22190
18;152;MADURO PINTON AL GRANEL 1 KG;FRUVER;6991;165021.735;220028.98
19;4189;CREMA DE LECHE PARMALAT FUNDA 900 ML;NO PERECIBLE;6692;90990.3648;32478
20;10881;PIÑA PINTONA UND (2.0 - 2.53 KG);FRUVER;6658;105955.29;85050
21;1435;PAPA 1 KG;FRUVER;6577;411408.695;822817.39
22;1420;PEPINILLO 1 KG;FRUVER;6548;33949.7;67899.4
23;204;BROCOLI 1 KG;FRUVER;6417;38488.3056;80183.97
24;567;MANTEQUILLA SIN SAL KIOSKO 1 KG;PERECIBLE;6312;97969.62;19852
25;3441;PEREJIL LISO 50 GR;FRUVER;6197;6282.56;39266
26;2290;COL BLANCA 1 KG;FRUVER;6181;13447;53788
27;3611;HUEVO (58-64) GR UND;NO PERECIBLE;6119;15078.8598;114494
28;193;ARVEJA CONGELADOS IQF 1 KG;PERECIBLE;6105;54617.6;21760
29;208;CEBOLLA PERLA 1 KG;FRUVER;6030;73434.12;146868.24
30;10886;SANDIA PERUANA UND (8.3 - 9.2 KG);FRUVER;5729;118943.9125;31613
31;246;PIMIENTO ROJO 1 KG;FRUVER;5697;25856.688;15670.72
32;4185;CERDO DESHUESADO PROCESADO 3 KG;PERECIBLE;5633;869899.428;149982.66
33;10487;PULPA DE NARANJILLA DELIFROST 940 GR;PERECIBLE;5595;129360.66;90462
34;6909;FIBRA VERDE LUSTRE;NO PERECIBLE;5517;2817.72;31308
35;248;RABANO 1 KG;FRUVER;5509;19801.3816;35359.61
36;256;VAINITA 1 KG;FRUVER;5431;30937.464;25781.22
37;4179;POLLO PIERNA Y MUSLO X 8 PRESAS PROCESADO;PERECIBLE;5385;44380.8382304947;17934.79
38;1388;COLIFLOR 1 KG;FRUVER;5249;26535.5;53071
39;265;ZUQUINI 1 KG;FRUVER;5222;15422.079;35865.3
40;1715;AGUACATE DURO 1 KG;FRUVER;5212;48198.1185;35702.31
41;648;GUANTE ALIMENTOS VINIL LG X100;NO PERECIBLE;5076;40500.95;16531
42;5097;LENTEJA ESPECIAL SUPERMAXI 1 KG;NO PERECIBLE;5055;54354.542;31042
43;1411;NARANJA PINTONA AL GRANEL 1 KG;FRUVER;4958;52160.1885;115911.53
44;11458;HUEVOS AVITO CUBETA (58-64) GR X30;NO PERECIBLE;4953;133618.76104193;37117
45;2570;GUINEO PINTON UND;FRUVER;4951;45527.36;569092
46;23;RES COSTILLA CONGELADO PROCESADO 1 KG;PERECIBLE;4915;48878.5221893943;16560.57
47;10884;PAPAYA PINTONA UND (1.98 - 2.38 KG);FRUVER;4795;66283.009;46777
48;187;AJI ROJO AL GRANEL 1 KG;FRUVER;4739;20491.9625;16393.57
49;10483;PULPA DE MARACUYA DELIFROST 940 GR;PERECIBLE;4728;118821.9;64930
50;7796;MAICENA MOCA 400 GR;NO PERECIBLE;4685;13405.2;22342
51;220;ESPINACA 1 KG;FRUVER;4674;13688.94;18251.92
52;10477;PULPA DE FRUTILLA DELIFROST 940 GR;PERECIBLE;4643;119911.52;69716
53;10883;MELON MADURO UND (3.46 - 3.92 KG);FRUVER;4592;95050.0056;29212
54;10479;PULPA DE GUAYABA DELIFROST 940 GR;PERECIBLE;4523;72157.44;56373
55;212;CHOCLO GRANO 1 KG;FRUVER;4517;31077.018;22197.87
56;2580;MANZANA GOLD PEQUEÑA UND;FRUVER;4480;68928.2;313310
57;2565;CHOCLO UND;FRUVER;4445;37770.8484;164221.08
58;3430;ALBAHACA 30 GR;FRUVER;4441;5081.28;31758
59;455;MANI 1 KG;NO PERECIBLE;4435;39616;12380
60;4300;DV DETERGENTE LIQUIDO NEUTRO JL21 TIG 4 KG;NO PERECIBLE;4392;69115.76;11896
61;10496;PULPA DE TOMATE DELIFROST 940 GR;PERECIBLE;4386;107312;67070
62;457;MOTE 1 KG;NO PERECIBLE;4375;68127.5;27251
63;10492;PULPA DE PIÑA DELIFROST 940 GR;PERECIBLE;4238;90866.16;60984
64;91;CAMARON SIN CASCARA MEDIANO (51-60) CONGELADO 1 KG;PERECIBLE;4141;249721.16;36244
65;254;TOMILLO 10 GR;FRUVER;4139;1435.56;20508
66;49;CERDO DESHUESADO PROCESADO 1 KG;PERECIBLE;4108;41256.444;7113.18
67;10484;PULPA DE MORA DELIFROST 940 GR;PERECIBLE;4077;96250.5;43950
68;8;POLLO PECHUGA CONGELADO PROCESADO 5.6 KG X10;PERECIBLE;4065;387995.559126602;109590.55
69;2;POLLO ENTERO VACIO CONGELADO FAVORITO (1.4 - 1.6 KG);PERECIBLE;4058;751325.9654;205157
70;10480;PULPA DE LIMON DELIFROST 940 GR;PERECIBLE;3957;66708.5738072;31772
71;2577;MANDARINA NACIONAL UND;FRUVER;3930;54574.9;545749
72;11369;HUEVOS GRANJA INTEGRAL 1/2 CUBETA (58-64) GR X15;NO PERECIBLE;3924;17152.74;8663
73;241;PAPANABO 1 KG;FRUVER;3874;3633.9695;10382.77
74;4095;APANADURA DORADITA MODERNA 1 KG;NO PERECIBLE;3815;19262.88;10584
75;108;PESCADO RETAZO 1 KG;PERECIBLE;3807;44691.8247108808;9844.18
76;249;REMOLACHA 1 KG;FRUVER;3782;21364.6425;28486.19
77;4180;POLLO PIEZA DOS PIERNAS Y DOS MUSLOS CONGELADO X24 PRESAS PROCESADO;PERECIBLE;3770;239079.589387918;107163.91
78;7;POLLO PECHUGA ENTERA CONGELADO PROCESADO 2 KG X4;PERECIBLE;3697;52353.2476870128;14627.14
79;4827;CANGUIL AMARILLO SUPERMAXI 1 KG;NO PERECIBLE;3695;10494.3458898;11020
80;64;RES CARNE MOLIDA 14 - 17% GRASA CONGELADO PROCESADO 1 KG;PERECIBLE;3686;35934.7404;8859.65
81;141;FRUTILLA 1 KG;FRUVER;3679;28321.135;18271.7
82;3190;SERVILLETA HANASKA INDUPAPEL 24X24 X100;NO PERECIBLE;3628;16441.044;59569
83;10888;FIDEO TALLARIN 87 CAYAMBE 400 GR;NO PERECIBLE;3568;26933.34;54966
84;185;ACELGA 300 GR;FRUVER;3513;4640.96;29006
85;9142;FUNDA ZIPPER DELBAK 16.5 X 14.90 X50;NO PERECIBLE;3500;13973.8;12820
86;9987;AVENA HOJUELAS ENTERAS LA ORIGINAL 1 KG;NO PERECIBLE;3478;13062.357;14091
87;610;CEBOLLA PAITEÑA 1 KG;FRUVER;3373;42649.945;85299.89
88;1440;PAPA CHOLA 1 KG;FRUVER;3366;211030.278;351717.13
89;3115;SALSA DE TOMATE LA PRIMERA 3.56 KG;NO PERECIBLE;3295;20389.59;5809
90;7627;SALSA CHINA CHEF DANIEL 102 ML;NO PERECIBLE;3293;13860.3955;28385
91;292;MANTECA VEGETAL 3 CHANCHITOS FUNDA 1 KG;NO PERECIBLE;3279;26071.92;15519
92;9137;ARROZ ENVEJECIDO 1 KG;NO PERECIBLE;3275;247443.861973968;264095.96
93;10481;PULPA DE MANGO DELIFROST 940 GR;PERECIBLE;3225;45019.36;29618
94;8424;FLOR DE JAMAICA DESHIDRATADA 30 GR;NO PERECIBLE;3215;21367.2264;19947
95;221;FREJOL TIERNO 1 KG;FRUVER;3161;28241.246;12836.93
96;3;POLLO ENTERO VACIO CONGELADO FAVORITO (1.6 - 1.8 KG);PERECIBLE;3160;635555.32;154261
97;166;NARANJILLA PINTONA AL GRANEL 1 KG;FRUVER;3141;22884;22884
98;253;TOMATE CHERRY 1 KG;FRUVER;3138;15675.462;7125.21
99;62;RES JULIANA PROCESADO 1 KG;PERECIBLE;3099;49540.57992;9340.23
100;3844;PANELA WARYFOOD 500 GR;NO PERECIBLE;3098;11594.7;14865
101;10115;PASTA DE TOMATE DOBLE CONCENTRADA 28/30 MAZZA LATA 400 GR;NO PERECIBLE;3098;5173.53051892;3811
102;3697;MARGARINA INDUSTRIAL DANEC 453.6 GR;PERECIBLE;3097;27121.7496;31938
103;1362;CAFE CLASICO MINERVA PASAR TOSTADO&MOLIDO 400 GR;NO PERECIBLE;3093;59812.99;16661
104;11373;CAFE TRADICION NESCAFE VIDRIO 190 GR;NO PERECIBLE;3010;88391.16;13332
105;632;DV DESINFECTANTE CONCENTRADO CL10 CLORO 4 KG;NO PERECIBLE;2978;13024.84;5519
106;11023;SALSA DE SOYA SUPERIOR SUPERMAXI 100 ML;NO PERECIBLE;2914;11439.52;15052
107;6911;ESPONJA SALVAUÑAS LUSTRE;NO PERECIBLE;2876;2772.21;13201
108;416;COMINO MOLIDO 1 KG;NO PERECIBLE;2774;17345.6;4688
109;420;FIDEO CABELLO DE ANGEL CAYAMBE 400 GR;NO PERECIBLE;2770;12512.85;24535
110;1293;PESCADO RETAZO 5 KG;PERECIBLE;2741;224135.587103616;49325.2
111;11150;CERDO CHULETA PROCESADO (71-90) X30;PERECIBLE;2723;394689.102144783;68442.87
112;50;CERDO GRASA CONGELADO 1 KG;PERECIBLE;2718;9533.5674;6485.42
113;4617;SERVILLETA HANASKA 24X24 X100;NO PERECIBLE;2716;50370.04;162484
114;11074;CHOCOLATE RICACAO NESTLE DOYPACK 400 GR;NO PERECIBLE;2694;31302.9257;15427
115;2233;JENGIBRE 100 GR;FRUVER;2686;6122.4;7653
116;210;CHOCHOS 1 KG;FRUVER;2618;12558.576;7849.11
117;51;CERDO HUESO CONGELADO 1 KG;PERECIBLE;2616;3200.9076;7274.79
118;7039;PAPA DE MESA LAVADA TIPO CHAUCHA 1 KG;FRUVER;2582;11627.301;33220.86
119;427;FIDEO MACARRON CHICO CAYAMBE 400 GR;NO PERECIBLE;2563;11957.46;23446
120;3436;HIERBA LUISA 20 GR;FRUVER;2490;1917.08;17428
121;7889;CHORIZO ARGENTINO X6 T1 AL GUSTO 500 GR;PERECIBLE;2489;88389.4668;37924
122;10478;PULPA DE GUANABANA DELIFROST 940 GR;PERECIBLE;2488;52709.4;20430
123;110;TILAPIA FILETE SANTA PRISCILA X 1KG;PERECIBLE;2484;47062.208;6628.48
124;236;NABO CHINO 1 KG;FRUVER;2475;3239.845;9256.7
125;60;RES GOULASH PROCESADO 1 KG;PERECIBLE;2473;40670.48856;7667.89
126;3433;CEDRON 20 GR;FRUVER;2456;1878.14;17074
127;10494;PULPA DE TAMARINDO DELIFROST 940 GR;PERECIBLE;2435;42817.05;27985
128;2359;PALMITOS FRESCOS UND;FRUVER;2425;5243.7;29964
129;10706;QUESO PARMESANO RALLADO EL CASERIO 100 GR;PERECIBLE;2398;8658;6660
130;1146;RES COSTILLA CONGELADO PROCESADO 5 KG;PERECIBLE;2366;108929.8006368;36906.34
131;1400;MASA WANTAN 454 GR X26;PERECIBLE;2364;24984.82;13958
132;206;CAMOTE MORADO 1 KG;FRUVER;2359;15966.84;16807.2
133;10529;POLVO HORNEAR LA REPOSTERITA 100 GR;NO PERECIBLE;2318;4661.81995194;4806
134;1193;RES JULIANA PROCESADO 5 KG;PERECIBLE;2299;275902.4112;52017.8
135;9200;ARROZ ENVEJECIDO MACAREÑO 2 KG;NO PERECIBLE;2284;38700.28630796;25834
136;11250;FUNDA NEGRA 30 MICRAS 35X47X50;NO PERECIBLE;2283;23103.40691196;4428
137;3905;GELATINA FRAMBUESA GELHADA 400 GR;NO PERECIBLE;2277;14148.0852;7827
138;1242;RES CARNE MOLIDA 14 - 17% GRASA CONGELADO PROCESADO 5 KG;PERECIBLE;2274;143278.446613568;34883.84
139;6902;ARROZ ENVEJECIDO GOOD RICES MACAREÑO 45.36 KG;NO PERECIBLE;2237;265166;7799
140;639;LAVAVAJILLA BARRA ROSADO LAVA 300 GR;NO PERECIBLE;2212;4366.9107;9333
141;11149;CERDO CHULETA PROCESADO (71-90) X10;PERECIBLE;2199;18638.3912;3258.46
142;3686;PAÑOS DE LIMPIEZA LIGERA WYPALL ROLLO JUMBO DESECHABLES L10 X 650 MTS (30243071);NO PERECIBLE;2160;37805.8;4210
143;234;MELLOCO 1 KG;FRUVER;2151;10823.52;9019.6
144;2506;LECHE ENTERA VITA FUNDA 1 LT;PERECIBLE;2140;42539.95;50047
145;2589;PERA IMPORTADA UND;FRUVER;2140;30776.34;146554
146;2568;GRANADILLA UND;FRUVER;2129;27867.6;154820
147;10697;PASTA DE TOMATE DOBLE CONCENTRADA 28/30 MAZZA LATA 800GR;NO PERECIBLE;2107;13305.7034007;4965
148;231;LECHUGA ESCAROLA BOHEMIA 1 KG;FRUVER;2101;14243.544;10173.96
149;4168;POLLO SOPA 5 KG;PERECIBLE;2098;63210.9333;28345.71
150;11470;HUEVOS AVIRICO CUBETA (58-64) GR X30;NO PERECIBLE;2097;138315.52469484;38421
151;216;COL MORADA 1 KG;FRUVER;2090;3289.5;13158
152;583;QUESO MOZZARELLA KIOSKO 500 GR;PERECIBLE;2068;37623.6;8958
153;550;VINO BLANCO SECO COCINA CASTELL REAL 750 ML;NO PERECIBLE;2056;15209.0371;4681
154;631;"STRETCH FILM ALIMENTOS 30 CM 12"" X1400 M";NO PERECIBLE;2028;67595.5;4361
155;99;ALBACORA 1 KG;PERECIBLE;2026;29366.6797831374;5758.17
156;11500;QUINUA LA ORIGINAL 500 GR;NO PERECIBLE;2024;7406.1429;6981
157;358;MAYONESA ADEREZO LA PRIMERA 3.7 KG;NO PERECIBLE;2018;28980.918;3540
158;6664;ACEITE SABROFRITO 20 LT;NO PERECIBLE;1953;188806.2402177;5671
159;2567;DURAZNO IMPORTADO UND;FRUVER;1944;22952.57;120803
160;360;MOSTAZA MARCELLOS BALDE 3.8 KG;NO PERECIBLE;1920;17305.2;2760
161;8296;LASAÑA PRECOCIDA SANTORINO 500 GR X36 UND;NO PERECIBLE;1913;19977.75;10245
162;1316;TILAPIA FILETE SANTA PRISCILA 5 KG;PERECIBLE;1907;316241.952;44541.12
163;3442;ROMERO 50 GR;FRUVER;1899;725.4;4836
164;68;MURICO FILETE ENTERO CONGELADO KG;PERECIBLE;1890;25397.956671012;5079.6
165;2590;TOMATE DULCE CALIBRE 70 GR UND;FRUVER;1887;32620.8;271840
166;507;JAMON SANDUCHE T2 LA ITALIANA 1 KG;PERECIBLE;1841;48406.7232;6996
167;7000;MASCARILLA DESECHABLE ART X 50;NO PERECIBLE;1839;3744.87;2903
168;8299;ATUN EN ACEITE GIRASOL DON SANCHO ABRE FACIL 160 GR;NO PERECIBLE;1838;6336.7468;8221
169;11407;VINAGRE BLANCO PROADA 3450 ML;NO PERECIBLE;1796;3584.88;3064
170;11836;CHAMPIÑON CONGELADO IQF 1 KG;PERECIBLE;1777;8236.3;3581
171;162;MARACUYA 1 KG;FRUVER;1768;17365.17;17365.17
172;61;RES HUESO 1 KG;PERECIBLE;1734;2601.49569;5167.85
173;2734;TE NEGRO LIMON EN POLVO ICE TEA LEGZ 925 GR;NO PERECIBLE;1731;32392.6085;6629
174;197;MANZANILLA 10 GR;FRUVER;1724;2945.14;26774
175;551;VINO TINTO SECO COCINA CASTELL REAL 750 ML;NO PERECIBLE;1721;12798.2049;3939
176;429;FIDEO BROCA CAYAMBE 400 GR;NO PERECIBLE;1696;12400.14;24314
177;434;FREJOL PANAMITO 1 KG;NO PERECIBLE;1677;18630;7452
178;423;FIDEO BASTON GRANDE CAYAMBE 400 GR;NO PERECIBLE;1658;8710.29;17079
179;592;TORTILLA TRIGO SUAVES MAMA FANY 400 GR X12;PERECIBLE;1653;36998.6182;14803
180;4580;MURICO FILETE ENTERO CONGELADO 5 KG;PERECIBLE;1648;150220.7;30044.14
181;10325;MAIZ DULCE CONGELADOS IQF 1 KG;PERECIBLE;1630;12105.32;4418
182;9411;OREGANO EN HOJAS LA ORIGINAL 300 GR;NO PERECIBLE;1598;7783.71;2519
183;11144;CERDO CHULETA PROCESADO (91-110) X30;PERECIBLE;1596;173570.959834089;30022.87
184;1888;DV DESINFECTANTE LIQUIDO AC10 DIQUAT 4 KG;NO PERECIBLE;1591;20371.95;2663
185;2011;ESTROPAJO ALAMBRE ESTRELLA;NO PERECIBLE;1584;754.77720507;6189
186;11158;RES FILETE PROCESADO (71-90) X30;PERECIBLE;1578;198696.474049323;28929.3
187;9624;HUEVOS GRANJA INTEGRAL CUBETA (58-64) GR X30;NO PERECIBLE;1573;214062.35;54193
188;6293;ATUN EN ACEITE GIRASOL DON SANCHO POUCH 1 KG;NO PERECIBLE;1560;52519.8755276;10504
189;11896;LEVADURA FRESCA FLEISHMANN 500 GR;PERECIBLE;1560;4832;3775
190;11157;RES FILETE PROCESADO (71-90) X10;PERECIBLE;1551;17126.25012749;2513
191;638;DV DESINFECTANTE MULTIUSO AC1 QUAT 4 KG;NO PERECIBLE;1547;9495.3;2042
192;1191;RES GOULASH PROCESADO 5 KG;PERECIBLE;1543;163895.56248;30900.37
193;7387;POLLO VACIO POFASA S/A PROCESADO (1.3-1.7 KG);PERECIBLE;1540;84556.8526875072;33439.12
194;340;SALSA INGLESA MCCORMICK 175 ML;NO PERECIBLE;1524;6763.824;4320
195;1142;RES GUATA 1 KG;PERECIBLE;1508;21054.5401432923;4371.39
196;371;AROMATICA MANZANILLA FLORAROMA X25;NO PERECIBLE;1493;2972.0208;6286
197;89;CALAMAR POTA CONGELADO 1 KG;PERECIBLE;1478;10273.7655;3604.83
198;6613;PAÑOS DE LIMPIEZA ROJO REUTILIZABLES X80PLUS WYPALL X 30 (30243076);NO PERECIBLE;1470;10407.6;1764
199;2420;ACEITUNAS VERDES RELLENAS SNOB 220 GR;NO PERECIBLE;1459;5291.9493;4187
200;3626;PASTELPAN LEVAPAN 2.5 KG;PERECIBLE;1445;34472.7918146;4660
201;40;POLLO VACIO PRONACA (1.4-1.6) KG;PERECIBLE;1429;187982.364;47420
202;2885;FREJOL ROJO EUREKA 500 GR;NO PERECIBLE;1428;12928.75;10343
203;180;UVA ROSADA IMPORTADA AL GRANEL GRANDE 1 KG;FRUVER;1425;14711.04;4597.2
204;48;CERDO CUERO 1 KG;PERECIBLE;1420;7126.7848;3071.89
205;3126;RES LOMO FALDA CUADRIL PROCESADO 3 KG;PERECIBLE;1419;154716.578859069;18864.95
206;10297;GELATINERO SIN TAPA 100 ML X 50 UND;NO PERECIBLE;1414;8732.84585667;6877
207;9194;ARROZ ENVEJECIDO MACAREÑO 1 KG;NO PERECIBLE;1410;1229.399104;1640
208;3695;SALCHICHA VIENESA ROJA T2 20X21 CASA GUILLO 1 KG;PERECIBLE;1404;12742.4;3620
209;433;FREJOL NEGRO 1 KG;NO PERECIBLE;1398;10498;5249
210;3438;MENTA 20 GR;FRUVER;1392;2686.31;24421
211;408;CANELA RAMA 200 GR;NO PERECIBLE;1389;10206;2268
212;4167;POLLO SOPA 1 KG;PERECIBLE;1387;11006.4103;4935.61
213;3578;MAYONESA MARCELLOS BALDE 3.8 KG;NO PERECIBLE;1385;14317.2;1940
214;3832;DV DESENGRASANTE DE HORNOS FORTY GRILL 4 KG;NO PERECIBLE;1372;15585.6;2040
215;323;DULCE DE LECHE KIOSKO 500 GR;NO PERECIBLE;1362;16944.15;7955
216;1632;AROMATICA TE NEGRO HORNIMANS 40 GR X25;NO PERECIBLE;1360;6659.87393556;6444
217;1263;ALBACORA 5 KG;PERECIBLE;1348;116956.362458652;22932.62
218;1116;CERDO COSTILLA CONGELADO PROCESADO 1 KG;PERECIBLE;1345;17652.732;3461.32
219;10887;ZAPALLO UND (7.59 - 9.71 KG);FRUVER;1331;17867.44;5164
220;1317;RES GUATA 5 KG;PERECIBLE;1330;112948.142944;24027.43
221;22;CERDO FRITADA PROCESADO 1 KG;PERECIBLE;1328;17128.545568;3246.01
222;14;COCA COLA ORIGINAL 3 LT;NO PERECIBLE;1315;33184.346;14638
223;11251;FUNDA VERDE 35 MICRAS 35X47X50;NO PERECIBLE;1313;19034.70858235;2279
224;608;CHAMPIÑON FRESCO 220 GR;FRUVER;1312;11731.2;7520
225;2574;KIWI UND;FRUVER;1307;9955;45250
226;289;ACEITE EL COCINERO 20 LT;NO PERECIBLE;1297;61085.9;1927
227;6612;PAÑOS DE LIMPIEZA WYPALL AZUL REUTILIZABLES X80PLUS X 30 (30243107);NO PERECIBLE;1297;8832.3;1497
228;10482;PULPA DE MANZANA DELIFROST 940 GR;PERECIBLE;1291;12451.98;8769
229;11881;CREMA CHANTILLY BOTELLA 1 LT FABRICREMA;PERECIBLE;1286;15467.8375;4475
230;8109;GUANTE AMARILLO DOMESTICO ESTRELLA C20 T9;NO PERECIBLE;1268;2046.552;2690
231;11041;CERDO CHULETA (101-120) X10;PERECIBLE;1265;14898.9555477332;2572.84
232;101;PESCADO CABEZA 1 KG;PERECIBLE;1262;4057.32;2704.88
233;1465;PAN BLANCO MOLDE SUPAN 550 GR X 20;NO PERECIBLE;1258;18956;10832
234;2735;RES LOMO FALDA CUADRIL PROCESADO KG;PERECIBLE;1245;26132.868359;3186.43
235;10495;PULPA DE TAXO DELIFROST 940 GR;PERECIBLE;1244;14906.56;10072
236;41;POLLO VACIO PRONACA (1.6-1.8) KG;PERECIBLE;1237;146803.7422;32867
237;2358;COCO UND;FRUVER;1225;5727;5727
238;453;MAIZ 1 KG;NO PERECIBLE;1224;8443.2;3518
239;7617;RES LOMO DE FALDA SIN GRASA CONGELADO PROCESADO;PERECIBLE;1180;131823.330714448;13732.81
240;2868;TARRINA PLÁSTICA CON TAPA 1/2 LT X50 UND;NO PERECIBLE;1171;20134.328;7253
241;8774;FREJOL ROJO LA ORIGINAL 500 GR;NO PERECIBLE;1158;14679.19164705;9695
242;7667;AGUA SIN GAS TRADICIONAL 20 LT;NO PERECIBLE;1154;20776;20776
243;1251;RES PATA CORTE CONGELADO 1 KG;PERECIBLE;1149;8028.689576193;3063.45
244;19;CERDO CARNE MOLIDA CONGELADO PROCESADO 1 KG;PERECIBLE;1148;14130.903;2301.45
245;456;MOROCHO PARTIDO 1 KG;NO PERECIBLE;1143;2975;2975
246;2535;CILANTRO 1 KG;FRUVER;1135;4337.872;3943.52
247;467;PIMIENTA BLANCA MOLIDA 1 KG;NO PERECIBLE;1133;7914;1319
248;540;TOCINO AHUMADO JURIS 1 KG;PERECIBLE;1126;21295.946;2170
249;3906;GELATINA GELHADA LIMON 400 GR;NO PERECIBLE;1124;6937.5688;3838
250;564;LEVADURA FRESCA LEVAPAN 500 GR;PERECIBLE;1119;3284.225;2681
251;11254;FUNDA HALAR 6 BLANCA JUMBO 20 MICRAS X100 12+FL3.50X22X0.80;NO PERECIBLE;1116;7446.45064443;2641
252;1120;CERDO GRASA CONGELADO 5 KG;PERECIBLE;1080;18754.26;12758
253;394;ACHIOTE 1 KG;NO PERECIBLE;1076;6556;1639
254;1408;VASO PLÁSTICO 7 ONZ X 50 UND;NO PERECIBLE;1049;3162.678;7338
255;4107;DV FREEBAC38 4KG;NO PERECIBLE;1048;25372.24;1327
256;1121;CERDO HUESO CONGELADO 5 KG;PERECIBLE;1048;5823.1044;13115.1
257;332;MIEL DE ABEJA LA DELICIA 310 GR;NO PERECIBLE;1034;5811.80595788;2887
258;6980;ARROZ CEBADA 500 GR;NO PERECIBLE;1027;2641.8;4403
259;3435;HIERBA BUENA 20 GR;FRUVER;1022;706.75;6425
260;370;AROMATICA HIERBA LUISA FLORAROMA X25;NO PERECIBLE;1011;2133.7464;4513
261;10488;PULPA DE PAPAYA DELIFROST 940 GR;PERECIBLE;1005;10184.1;6135
262;10885;SAMBO UND (2.33 - 3.63 KG);FRUVER;1001;7429.76;7144
263;11146;CERDO CHULETA PROCESADO (111-130) X30;PERECIBLE;995;94567.6381327678;16330.34
264;3957;ACHIOTE ILE EN PASTA 1 KG;NO PERECIBLE;990;7816.96;1576
265;4;POLLO ENTERO VACIO CONGELADO FAVORITO (1.8 - 2.0 KG);PERECIBLE;987;185703.0348;40566
266;47;CERDO COSTILLA CONGELADO PROCESADO 5KG;PERECIBLE;983;81872.136;16053.36
267;1682;CUCHARA PEQUEÑA BLANCA USAKUBIERTO X 50;NO PERECIBLE;981;1907.99;6790
268;1424;POLVO HORNEAR LEVAPAN 500 GR;NO PERECIBLE;973;3967.755;1903
269;10031;HARINA DE MAIZ AMARILLO AREPASAN 1 KG;NO PERECIBLE;971;4982.4;4152
270;1192;RES HUESO 5 KG;PERECIBLE;970;5650.6740576;11225.91
271;6910;ESPONJA DE ACERO LUSTRE X3;NO PERECIBLE;969;239.58;2178
272;1422;GRANOLA SHALOM 450 G;NO PERECIBLE;958;6341.43;3219
273;1515;CUCHARA SOPA BL USAKUBIERTO X50;NO PERECIBLE;957;2836.0122;5077
274;2603;ARROZ INTEGRAL CASA DEL ARROZ 2 KG;NO PERECIBLE;944;11259.87;4751
275;1372;FLAN CARAMELO GELHADA 60 GR;NO PERECIBLE;943;6160.695;13466
276;465;PASAS 1 KG;NO PERECIBLE;942;4587;1529
277;8069;AVENA HOJUELAS LA ORIGINAL 1 KG;NO PERECIBLE;936;3301.047;3561
278;1997;CEPILLO LAVAR;NO PERECIBLE;934;704.49966136;1676
279;300;AJI PERUANO 250 GR;NO PERECIBLE;927;1031.32;2714
280;9993;POLLO PATAS PRONACA (0.6 - 1.5 KG);PERECIBLE;926;3142.46994234;1922
281;2009;ESCOBA PLASTICA NYL SUAVE 25 CM TUBO PLASTIFICADO;NO PERECIBLE;919;3654.3;1874
282;7795;AZUCAR IMPALPABLE MOCA 500 GR;NO PERECIBLE;913;4555.6;6508
283;4197;CONTENEDOR TERMICO COMPARTIDO 8 X8 (X25);NO PERECIBLE;900;9575.9658;5283
284;1252;RES PATA CORTE CONGELADO 5 KG;PERECIBLE;892;38251.6758624;16471.32
285;7118;DORADO FILETE ENTERO KG;PERECIBLE;892;17039.01863884;2634.08
286;481;COLADA TAPIOCA VAINILLA SAN JORGE 400 GR;NO PERECIBLE;880;4482.5;3586
287;1119;CERDO FRITADA PROCESADO 5 KG;PERECIBLE;874;86302.264578;16355.1
288;636;DV GEL ANTIBACTERIAL GM6 GEL 3.2 KG;NO PERECIBLE;874;6987;1020
289;3414;TOLTEKITOS 500 GR;NO PERECIBLE;869;13010.04;6108
290;436;GARBANZO 1 KG;NO PERECIBLE;868;6300;2625
291;677;AGUA MINERAL CON GAS GÜITIG 500 ML;NO PERECIBLE;851;18592.267;41969
292;479;COLADA TAPIOCA FRESA SAN JORGE 400 GR;NO PERECIBLE;845;4186.25;3349
293;393;YEMO LIQUIDO 500ML;NO PERECIBLE;837;6313.776;1720
294;4199;DV HF4 CLORHEX JABON ANT 4 KG;NO PERECIBLE;835;6996.96;1017
295;4848;CERVEZA PILSENER LATA PACK 355 ML (X6);NO PERECIBLE;819;6157.561;1429
296;512;LONGANIZA T3 LA ITALIANA 1 KG;PERECIBLE;817;38761.5523;7013
297;4194;CONTENEDOR BLANCO CON TAPA PLASTI UTIL 5X5 X 25 UND;NO PERECIBLE;816;4964.0625;5295
298;4361;DISCOS EMPANADAS LA CHILENITA 900 GR X25;PERECIBLE;811;9336;4668
299;10880;FIDEO LAZO N.3 CAYAMBE 400 GR;NO PERECIBLE;811;4049.4;7940
300;2584;MANZANA VERDE MEDIANA UND;FRUVER;809;7085.32;32206
301;245;PIMIENTO AMARILLO 1 KG;FRUVER;805;2663.5083194934;1610.58
302;26;RES SALON PROCESADO 1 KG;PERECIBLE;799;15975.040932;2300.52
303;464;PAPRIKA 200 GR;NO PERECIBLE;796;1847.46;1502
304;1993;CANASTILLA #12 X100;NO PERECIBLE;785;4533.76;4928
305;2092;PAPEL HIGIENICO DOBLE HOJA ROLLO JUMBO SCOTT ESSENTIAL 250 M (30245194);NO PERECIBLE;782;5803.125;3095
306;3714;AROMATICA FLOR JAMAICA NATURES HEART 26 GR X20;NO PERECIBLE;781;8716.08;6316
307;3667;DURAZNOS MITADES ALMIBAR LOS ANDES 820 GR;NO PERECIBLE;781;4741.0624;2456
308;11145;CERDO CHULETA PROCESADO (111-130) X10;PERECIBLE;780;9384.1225545683;1620.49
309;577;QUESO HOLANDES CORTADO KIOSKO 1 KG;PERECIBLE;777;26781.2068;2812
310;3839;RES MOLIDA PREMIUM CONGELADO PROCESADO 1 KG;PERECIBLE;769;10649.6104;1861.82
311;2756;AGUA SIN GAS DASANI 600 ML;NO PERECIBLE;755;74879.288;250265
312;8311;CHOCLITO BABY CORN SNOB DOYPACK 190 GR;NO PERECIBLE;747;1596.85697457;1887
313;266;ZUQUINI AMARILLO 1 KG;FRUVER;743;2302.032;2397.95
314;6654;CEREZAS ROJAS HELIOS 410 GR;NO PERECIBLE;740;10040;2510
315;11070;ACEITE OLIVA CLASICO MEZCLA MAZZA VIDRIO 500 ML;NO PERECIBLE;732;4503.13679556;1332
316;1117;CERDO CUERO CONGELADO 5 KG;PERECIBLE;728;20197.5256;8705.83
317;10739;UVILLA 420 GR;FRUVER;725;4467.96;2364
318;601;YGT SEMIDESCREMADO DURAZNO ALIBABA 1.9 KG;PERECIBLE;718;7008.9;3830
319;1504;FUNDA TRANSPARENTE 40MICRAS 18X24 X100;NO PERECIBLE;707;4764.76;884
320;279;HARINA INTEGRAL TRIGUEÑITA 1 KG;NO PERECIBLE;703;1636.09;2071
321;1368;CHANTYPAK PURATOS TETRAPACK 1 LT;NO PERECIBLE;700;11647.35;2353
322;6983;MACHICA 500 GR;NO PERECIBLE;699;1730.16;3204
323;664;GELATINA SIN SABOR GELHADA 1 KG;NO PERECIBLE;692;14043.2;1072
324;442;HARINA DE MAIZ 1 KG;NO PERECIBLE;689;2064;1720
325;4562;TAPA PLÁSTICO GELATINERO X100 UND;NO PERECIBLE;686;4806.57566;2000
326;432;FREJOL CANARIO 1 KG;NO PERECIBLE;677;10362;3140
327;17;LECHE ENTERA VITA TETRAPACK 1 LT;NO PERECIBLE;677;6390.84;5606
328;652;COFIA X100;NO PERECIBLE;674;1935;774
329;3087;HUEVO (64-70) GR UND;NO PERECIBLE;672;12813.9099;92653
330;9768;JAMON AMERICANO 13X13 T2 GRANDES FOODS 1 KG;PERECIBLE;672;10219.5;2271
331;1506;FUNDA 20 MICRAS 6X10 X100 UND;NO PERECIBLE;670;2907.42;6186
332;305;ATUN EN ACEITE GIRASOL VAN CAMPS 184 GR;NO PERECIBLE;669;63566.777;46433
333;1267;CALAMAR POTA 5 KG;PERECIBLE;657;19094.715;6699.9
334;3544;MORTADELA FAMILIAR T2 LA CASTILLA 500 GR (401657);PERECIBLE;656;8516.94;4579
335;6611;PAPEL TOALLA DE MANOS HOJA SENCILLA INTERFOLIADA SCOTT ESSENTIAL X 150 (30228392);NO PERECIBLE;653;5457.6;4548
336;10493;PULPA DE SANDIA DELIFROST 940 GR;PERECIBLE;648;6225.92;4096
337;3408;SALSA DE TOMATE GUSTADINA SQUEEZE 370 GR;NO PERECIBLE;647;4143.3327;2249
338;1382;GALLETAS ORIGINAL OREO 432 GR (12 X36 GR);NO PERECIBLE;646;17396.61;4873
339;299;SALSA DE AJI INDIO BRAVO GUSTADINA 100 GR;NO PERECIBLE;639;2299.2336;4068
340;11914;GARBANZO CONGELADO IQF 1KG;PERECIBLE;638;3508.74;1818
341;11453;LAVAVAJILLA CREMA ESTRELLA LIMON 4 KG;NO PERECIBLE;634;4954.812054291;930.9
342;6982;HARINA DE PLATANO 500 GR;NO PERECIBLE;625;1510.8;2518
343;11483;AJO CONGELADO IQF CAJA 10 KG;PERECIBLE;622;32655;933
344;134;MORA CONGELADA 1 KG;PERECIBLE;622;6341.5;2306
345;403;ARROZ INTEGRAL GOURMET CASA DEL ARROZ 1 KG;NO PERECIBLE;622;861.68882378;718
346;3405;ESENCIA VAINILLA LEVAPAN 500 ML;NO PERECIBLE;620;3270.624;868
347;10475;PULPA DE BABACO DELIFROST 940 GR;PERECIBLE;617;7141.54;3518
348;404;ARVEJA SECA 1 KG;NO PERECIBLE;617;2090.4;1742
349;590;QUESO RICOTTA KIOSKO 450 GR;PERECIBLE;615;4656.96066836;2156
350;3909;GELATINA GELHADA NARANJA 400 GR;NO PERECIBLE;608;3942.3756;2181
351;7620;AGUA MINERAL CON GAS IMPERIAL TORONJA PET 550 ML;NO PERECIBLE;605;15567.65;32774
352;3571;LECHE SEMIDESCREMADA VITA TETRAPACK 1 LT;NO PERECIBLE;603;5965.62;5233
353;528;SALCHICHA RES FRANKFUTER T2 LA CASTILLA 1 KG (401405);PERECIBLE;602;13130.6742;3717
354;2572;HOJA ATCERA UND;FRUVER;593;2051.64;51291
355;3907;GELATINA MANZANA GELHADA 400 GR;NO PERECIBLE;592;5731.8996;3171
356;10345;LAVAVAJILLA CREMA SANSON LIMON 450 GR;NO PERECIBLE;592;1629.3051;1893
357;1587;CREMA COFFE MATE NESTLE 435 GR;NO PERECIBLE;591;10229.5;2050
358;1768;SAL SACHET 1.5 GR X100;NO PERECIBLE;591;3152.53550892;2634
359;260;ZANAHORIA BLANCA 1KG;FRUVER;591;2977.968;2836.16
360;1398;AROMATICA CEDRON FLORAROMA X25;NO PERECIBLE;586;932.47;1903
361;2029;GUANTE PUPOS PAR;NO PERECIBLE;579;734.14026554;1562
362;628;PAPEL ALUMINIO 300 M X30 CM;NO PERECIBLE;577;10437.85826424;614
363;2587;ORITO UNIDAD;FRUVER;576;1963.92;28056
364;3934;CAFE PASAR T&M TRADICIONAL SELLO ROJO 425 GR;NO PERECIBLE;575;14281.901;3119
365;3840;RES MOLIDA PREMIUM CONGELADO PROCESADO 5 KG;PERECIBLE;571;52689.7228;9211.49
366;223;HABA TIERNA 1 KG;FRUVER;566;2314.739;1493.38
367;3322;COCA COLA ORIGINAL 500 ML;NO PERECIBLE;562;38770.4544;69332
368;1474;HILO CHILLO ROLLO PONTE SELVA 8/6 90 MT;NO PERECIBLE;561;1008;840
369;7904;PICADITA MIX DE EMBUTIDOS T1 AL GUSTO 1 KG;PERECIBLE;550;5919.4;1741
370;3406;MAYONESA GUSTADINA SQUEEZE 310 GR;NO PERECIBLE;548;4626.4426;2197
371;11021;ENDULZANTE STEVIA SBELA X50;NO PERECIBLE;544;7504.266;2310
372;1385;GALLETAS DUCALES 243 GR (9 X27 GR);NO PERECIBLE;542;10531.74;5514
373;1258;RES SALON PROCESADO 5 KG;PERECIBLE;540;73387.7456312;10568.39
374;820;POLLO PECHUGA FILETE PROCESADO 1 KG;PERECIBLE;539;7181.3015;1317.67
375;10125;ACEITE OLIVA CLASICO MEZCLA MAZZA VIDRIO 1 LT;NO PERECIBLE;534;3515.7696;707
376;10110;VINAGRE BALSAMICO MAZZA VIDRIO 500 ML;NO PERECIBLE;534;1471.934;740
377;337;SALSA BBQ CHEF DANIEL 400 GR;NO PERECIBLE;532;2090.466;1412
378;11034;LECHE CONDENSADA SEMIDESCREMADA DULAC´S DOYPACK 420 GR;NO PERECIBLE;531;4519.62;2142
379;1433;YOGURT SEMIDESCREMADO MORA ALIBABA 1.9 LT;PERECIBLE;527;4655.52;2544
380;2025;GUANTE NIT PETROLERO C22 450MM TALLA L/9 MASTER;NO PERECIBLE;526;3950.4;823
381;2561;MERMELADA DE FRESA HELIOS 15 GR XUND;PERECIBLE;526;3078.269;28241
382;2356;BERENJENA 1 KG;FRUVER;520;990.513;1100.57
383;176;TOMATE DULCE 1 KG;FRUVER;518;1903.875;2538.5
384;9618;LECHE DESCREMADA TRU TETRAPACK 1 LT;NO PERECIBLE;516;8447.9;7346
385;5108;AGUA MINERAL CON GAS IMPERIAL LIMONADA PET 550 ML;NO PERECIBLE;509;10433.85;21966
386;606;YGT SEMIDESCREMADO NATURAL ALI BABA 1.86 LT;PERECIBLE;509;4418.2125;2067
387;3479;LONGANIZA PREMIUM JURIS 1 KG;PERECIBLE;507;14338.832;2120
388;3410;MANZANA ROJA CALIBRE 100 GR UND;FRUVER;506;3840.96;12003
389;8019;FIDEO FETTUCCINI SANTORINO 400 GR;NO PERECIBLE;501;4889.3;7522
390;11148;CERDO CHULETA PROCESADO (50-70) X30;PERECIBLE;499;51394.5332052732;8872.94
391;11946;ARROZ DE CEBADA SUPERMAXI 500 GR;NO PERECIBLE;499;1399.7082;2343
392;643;PALILLO REDONDO CARICIA 30GR X100;NO PERECIBLE;497;372.75;1491
393;10485;PULPA MIX HAWAIANO DELIFROST 940 GR;PERECIBLE;494;6312.1;3995
394;6090;JAMON FAMILIAR T3 LA CASTILLA 500 GR;PERECIBLE;490;13287.0178;4586
395;4459;MANTEQUILLA LURPAK 8 GR;PERECIBLE;490;3904.46;27889
396;3443;TORONJIL 20 GR;FRUVER;486;190.63;1733
397;377;COCO RALLADO DAYS 500 GR;NO PERECIBLE;485;5569.2;1224
398;11151;RES FILETE PROCESADO (91-110) X10;PERECIBLE;484;6878.7607279222;1007.11
399;3613;COCA COLA ORIGINAL 2 LT;NO PERECIBLE;483;13932.4407516;8539
400;2585;NARANJA IMPORTADA UND;FRUVER;483;6296.06;14642
401;8561;YOGURT DURAZNO REGENERIS 1.75 LT;PERECIBLE;483;5768.4912;1444
402;9091;PAN BLANCO HAMBURGUESA MODERNA 520 GR X 8;NO PERECIBLE;479;7226.92;4574
403;1909;JABON TOCADOR FRESH PROTEX 110 GR X 3;NO PERECIBLE;478;8870.44668076;4487
404;6300;VASO 7ONZ CARTON IMPRESO HANASKA INSTITUCIONES X50 UND;NO PERECIBLE;476;8957;3445
405;734;GATORADE MANZANA PET 500 ML;NO PERECIBLE;474;7955.2858;21982
406;1983;PAPEL ROLLO FACTURACION;NO PERECIBLE;472;1767;2325
407;675;AGUA SIN GAS CIELO 625 ML;NO PERECIBLE;470;6633.352;38566
408;97;PLATANO MAQUEÑO PINTON AL GRANEL 1 KG;FRUVER;470;3180.429;4543.47
409;11152;RES FILETE PROCESADO (91-110) X30;PERECIBLE;469;38159.539125422;5542.55
410;2318;PAVO POFASA PROCESADO KG;PERECIBLE;469;4056.691;1308.61
411;9758;FUNDA SANDUCHE ANTIGRASO KRAFT 35GR 11X25 + FUELLE 3CM IMPRESO HANASKA X100;NO PERECIBLE;468;3077.34;1293
412;178;TORONJA 1 KG;FRUVER;464;1623.336;2497.44
413;3431;BERROS 100 GR;FRUVER;463;158.7;1058
414;10882;BABACO PINTON UND (1.10 - 1.49 KG);FRUVER;461;5059.054;4004
415;654;MOPA (59) TRAPERO MICROFIBRA GRANDE;NO PERECIBLE;460;5624;925
416;2305;CALDO DE GALLINA EN PASTA MAGGI 1 KG;NO PERECIBLE;460;4737.2556;614
417;357;VINAGRE BLANCO UP LA PRIMERA 3.7 LT;NO PERECIBLE;460;1649.476;680
418;4255;COCA COLA ORIGINAL 300 ML;NO PERECIBLE;454;11036.4212;29804
419;8974;LECHE EVAPORADA SEMI LA LECHERA TETRAPACK 450 ML;NO PERECIBLE;447;2272.3392;1216
420;594;YGT DESCREMADO FRUTILLA LIGHT REGENERIS 1.75 LT;PERECIBLE;444;11272.5;2505
421;1600;GALLETAS COCO NESTLE 540 GR (18 X30 GR);NO PERECIBLE;437;15382.62;4113
422;5319;SAL MARINA SUPERMAXI 2 KG;NO PERECIBLE;436;808.0865;1751
423;1123;BORREGO CUBOS PROCESADO 1 KG;PERECIBLE;433;7162.204351272;1136.76
424;10964;GRAGEAS DE COLORES DOÑA JANNA 250 GR;NO PERECIBLE;433;1526;1526
425;5347;SAZONADOR AJINOMOTO 500 GR;NO PERECIBLE;432;2566.5;885
426;224;HABA TIERNA PELADA 1 KG;FRUVER;427;3395.448;1616.88
427;10879;FIDEO CODO RAYADO SANTORINO 400 GR;NO PERECIBLE;424;2203.71;4321
428;1476;PINCHO MADERA GD X100;NO PERECIBLE;421;608.58;882
429;3407;MOSTAZA GUSTADINA SQUEEZE 330 GR;NO PERECIBLE;420;1954.4144;1168
430;92;CAMARON CON CASCARA CONGELADO (51-60) 1 KG;PERECIBLE;412;11875.5;1950
431;2536;PEREJIL LISO 1 KG;FRUVER;411;1193.676;1085.16
432;603;YGT SEMIDESCREMADO FRESA ALIBABA 1.9 KG;PERECIBLE;410;2532.72;1384
433;9960;PAPEL HIGIENICO DOBLE HOJA SCOTT 25 MTS (30243341);NO PERECIBLE;409;5162.22;16870
434;426;FIDEO LAZO CHICO CAYAMBE 400 GR;NO PERECIBLE;406;2495.94;4894
435;219;ESPARRAGOS 1 KG;FRUVER;403;4701.044;1382.66
436;10469;MANDARINA ESPECIAL (125 - 140 GR) UND;FRUVER;403;4122.6;20613
437;1501;MAYONESA GUSTADINA SACHET 7 GR (102 X7 GR);NO PERECIBLE;402;3058.572;986
438;1534;SALSA DE TOMATE GUSTADINA 7 GR X102;NO PERECIBLE;397;2134.428;996
439;1880;DESODORANTE PASTILLA AMBIENTAL CEREZA TIPS 95 GR;NO PERECIBLE;394;1612.9272;1896
440;10799;ANIS COMUN ILE 1 KG;NO PERECIBLE;392;5489;499
441;1520;TENEDOR BLANCO USAKUBIERTO X 50;NO PERECIBLE;392;1227.2442;2197
442;3476;SALCHICHA RANCHERA ECO CARNIDEM 1 KG;PERECIBLE;384;5022.99;1139
443;9646;AZUCAR MORENA SAN CARLOS 1 KG;NO PERECIBLE;384;2477.71653045;3045
444;1724;PITAHAYA 1 KG;FRUVER;380;3198.244;2284.46
445;2451;CHOCOLATE NEGRO SEMIAMARGO BIOS 1 KG;NO PERECIBLE;378;7592;949
446;1492;ESPADA FILETE ENTERO KG;PERECIBLE;375;7007.6798;1041.26
447;802;JUGO DE DURAZNO PULP 250 ML;NO PERECIBLE;373;10227.9792;37424
448;11462;JAMON SANDUCHERO TIPO I LA EUROPEA 500 GR;PERECIBLE;372;3959.68;1472
449;576;QUESO CHEDDAR CORTADO KIOSKO 1 KG;PERECIBLE;371;7643.6;788
450;1292;PESCADO CABEZA 5 KG;PERECIBLE;370;27563.25;3675.1
451;8563;YOGURT MORA REGENERIS 1.75 LT;PERECIBLE;370;4330.1464;1084
452;2537;ALBAHACA 1 KG;FRUVER;370;2849.366;1095.91
453;1350;COCA COLA SABOR LIGERO 2 LT;NO PERECIBLE;367;4522.9872;2832
454;4466;ACEITE GIRASOL VIVI 1 LT;NO PERECIBLE;366;7277.4;3110
455;362;PURE DE TOMATE GUSTADINA BALDE 4 KG;NO PERECIBLE;365;4532;515
456;441;HARINA HABA 1 KG;NO PERECIBLE;365;1028.4;857
457;735;GATORADE TROPICAL PET 500 ML;NO PERECIBLE;363;7018.3267;19393
458;1508;FUNDA NEGRA 23X28 X1O UND;NO PERECIBLE;363;363.2658099;1473
459;361;MOSTAZA PRONACA 4 KG;NO PERECIBLE;362;4397.9541;519
460;3131;SALSA OSTRAS ORIENTAL 400 GR;NO PERECIBLE;362;3187.65;1185
461;7994;DORADO FILETE 5 KG;PERECIBLE;359;41189.0198812491;7476.07
462;9755;GALLETA INTEGRAL TRADICIONAL CLUB SOCIAL 216 GR (9 X24 GR);NO PERECIBLE;359;3342.57478182;1818
463;11147;CERDO CHULETA PROCESADO (50-70) X10;PERECIBLE;356;2197.85823;379.53
464;9393;GALLETAS ORIGINAL CHIPS AHOY 222 GR (6 X37 GR);NO PERECIBLE;354;4767.48;2337
465;11931;COLA FRUIT MANZANA 3.050 LT;NO PERECIBLE;352;7594.92;8670
466;336;PEPINILLOS ENTEROS VINAGRE SNOB 470 GR;NO PERECIBLE;351;1647.9424;754
467;3985;MANZANA VERDE CALIBRE 150 GR UND;FRUVER;351;1532.79;5677
468;5387;VASO TÉRMICO BLANCO SUPERMAXI 8 ONZ X 24 UND;NO PERECIBLE;351;1280.385;1850
469;9793;Z3 YOGURT PARA GRANIZAR CHIVERIA 1 GL;PERECIBLE;349;20007.44;1796
470;10784;RES TOP ROUND PULPA NEGRA CONGELADO PROCESADO;PERECIBLE;346;47200.992550364;6543.76
471;3795;JAMON AMERICANO T2 DON DIEGO 11X11 1 KG (401760);PERECIBLE;346;6707.68;904
472;2569;GUINEO AMARILLO UND;FRUVER;345;1638.96;20487
473;367;ALMENDRAS 150 GR;NO PERECIBLE;344;3055;1222
474;11226;CERDO CHULETA PROCESADO (131-150) X30;PERECIBLE;343;42894.0193526528;7412.48
475;1911;LIJA AGUA #120;NO PERECIBLE;341;821.25;1825
476;3867;AGUA DE COCO COCO FREEZE 355 ML;PERECIBLE;340;13011.42;11722
477;7007;PAPEL HIGIENICO DOBLE HOJA 30 MT TORK;NO PERECIBLE;340;4084.42;12013
478;2089;PAPEL TOALLA DE MANOS HOJA SENCILLA ROLLO SCOTT ESSENTIAL 305 MTS (30229431);NO PERECIBLE;339;7500;1000
479;9992;POLLO MOLLEJA PRONACA (0.75 - 1.1 KG);PERECIBLE;339;4417.7697;1269
480;10857;ACEITE DE SOYA GUSTADINA 900 ML;NO PERECIBLE;338;12703.5;4705
481;4872;COCOA SIN AZUCAR BIOS 500 GR;NO PERECIBLE;336;5347.5025;1093
482;2870;HIERBABUENA 1 KG;FRUVER;336;2179.2;908
483;368;AROMATICA ANIS FLORAROMA X25;NO PERECIBLE;336;495.88;1012
484;8562;YOGURT FRESA REGENERIS 1.75 LT;PERECIBLE;335;3399.4897;851
485;3911;GELATINA UVA GELHADA 400 GR;NO PERECIBLE;335;2548.716;1410
486;84;RES LENGUA CONGELADO;PERECIBLE;329;12441.8929300085;1809.01
487;3377;QUESO CREMA REY 250 GR;PERECIBLE;329;3090.62763641;1847
488;703;COLA SPRITE 1.75 LT;NO PERECIBLE;325;1472.8672;1316
489;3437;HOJA NARANJA 20 GR;FRUVER;325;115.39;1049
490;4444;COLA FRUIT MANZANA 3 LT;NO PERECIBLE;324;3658.5054;3623
491;2439;SPORADE FRUTAS TROPICALES PET 500 ML;NO PERECIBLE;323;12468.2814;36693
492;6303;LECHE SEMIDESCREMADA VITA FUNDA 900 ML;PERECIBLE;322;3456.1;4066
493;3729;PICADITA EMBUTIDO CASA GUILLO 1 KG;PERECIBLE;320;3981.06;1301
494;3856;JUGO DE NARANJA DHOY 355 ML;PERECIBLE;317;15625.8;17362
495;3548;QUESO HOLANDES CORTADO FLORALP (1 - 1.1 KG);PERECIBLE;317;10848.60216972;1323
496;4641;HOJUELA DE MAIZ CARSNACK 1 KG;NO PERECIBLE;317;8774;1640
497;641;FUNDA TRANSPARENTE 30MICRAS 12X18 X100;NO PERECIBLE;317;961.37997354;441
498;3711;TE NEGRO MANZANA CANELA NATURES HEART 26 GR X20;NO PERECIBLE;316;1559.52;1368
499;4131;GELATINA GELHADA FRAMBUESA 5 KG;NO PERECIBLE;312;14455.584;780
500;1443;MEJILLON CASCARA 718 GR X100;PERECIBLE;311;2242.57;551
501;8908;PAPAS PREFRITAS RIZADAS ULTRACONGELADAS AVIKO 2.5 KG (CALIBRE 9.5MM);PERECIBLE;308;29733;4488
502;454;HARINA DE MAIZ AMARILLO MAIZABOSA 1 KG;NO PERECIBLE;308;2474.2454;1342
503;10666;GALLINA DE CAMPO LA ORIGINAL (3.5 - 6.5 KG);PERECIBLE;307;15542.28;972
504;7619;AGUA MINERAL CON GAS IMPERIAL MANDARINA PET 550 ML;NO PERECIBLE;307;8189.95;17242
505;10800;PIMIENTA NEGRA SIN SAL MOLIDA ILE 1 KG;NO PERECIBLE;307;3230.5;355
506;7584;RES LOMO FINO CONGELADO PROCESADO;PERECIBLE;306;21832.403303748;1790.07
507;666;HELADO VAINILLA TOPSY 1LT;PERECIBLE;302;5142.336;1920
508;11892;HARINA DE MAIZ AMARILLO PRECOCIDA SUPERMAXI 1 KG;NO PERECIBLE;302;1240.7586;1181
509;1991;ATOMIZADOR SUMAGRILL X1UND;NO PERECIBLE;301;3410.3;1018
510;707;COLA SPRITE 3 LT;NO PERECIBLE;301;3268.72091214;1602
511;10662;SERVILLETA TORK (23.8X13.4)X100;NO PERECIBLE;301;2487.6;4146
512;4365;MERMELADA DE MELOCOTON HELIOS 15 GR;PERECIBLE;301;1730.9201588;15880
513;6981;HARINA DE ARVEJA 500 GR;NO PERECIBLE;301;837.65;1523
514;10652;POLLO, ALAS CONGELADO 2 KG;PERECIBLE;300;9671.8;2614
515;713;COCA COLA SABOR LIGERO 500 ML;NO PERECIBLE;300;6037.15393188;11454
516;458;NUEZ PEPA 1 KG;NO PERECIBLE;299;3823.6;484
517;6967;KIT PLASTICO BLANCO / NEGRO CUCHARA + TENEDOR + CUCHILLO + SERVILLETA;NO PERECIBLE;298;2596.32;32454
518;3484;COLA FIORAVANTI FRESA 2 LT;NO PERECIBLE;298;1474.7052;1228
519;11155;RES FILETE PROCESADO (50-70) X10;PERECIBLE;296;2320.0856811216;336.48
520;11404;TAJAPAN INTEGRAL SUPAN 550 GR X20;NO PERECIBLE;296;1463.28;871
521;1995;CARBON LEÑA QQ;NO PERECIBLE;295;4537;349
522;1835;FUNDA POLIFAN 3X8 X100;NO PERECIBLE;294;2148.1234814;4940
523;10453;POLLO NUGGETS PP 2.2 KG (100 X22 GR);PERECIBLE;292;18192.9;1221
524;9823;YOGURT GRIEGO MORA Y ARANDANOS KIOSKO 120 GR;PERECIBLE;291;3227.49;2961
525;1585;CHOCOLATE POLVO MILO NESTLE 400 GR;NO PERECIBLE;291;2762.06;763
526;660;SALSA CHINA GUSTADINA 150 ML;NO PERECIBLE;290;1076.0645;1315
527;9146;COLA SPRITE 500 ML;NO PERECIBLE;289;3832.056;9040
528;8300;ATUN EN ACEITE GIRASOL DON SANCHO ABRE FACIL PB 160 GR;NO PERECIBLE;289;1008.9772;1309
529;3440;PEREJIL CRESPO 50 GR;FRUVER;286;156.96;981
530;2653;PAVO GRANDE FAVORITO (9 - 11 KG);PERECIBLE;281;20860.5936;588
531;1442;HELADO CHOCOLATE TOPSY 1 LT;PERECIBLE;280;2544.385;950
532;2001;CINTA EMBALAJE 80Y;NO PERECIBLE;280;490.5;654
533;1885;DV ACIDET AC18 4 KG;NO PERECIBLE;279;1734.72;312
534;397;AJONJOLI 1 KG;NO PERECIBLE;279;1488;310
535;10419;POWERADE MORA AZUL PET 600 ML;NO PERECIBLE;276;7207.8975;14695
536;586;QUESO PARMESANO ALPINA 40 GR;PERECIBLE;274;1065.05;1253
537;3099;NECTAR DE NARANJA PULP TETRAPACK 250 ML;NO PERECIBLE;273;5500.808;20120
538;1377;GELATINA SIN SABOR GELHADA 30 GR;NO PERECIBLE;273;732.06;996
539;588;QUESO REQUESON KIOSKO 500 GR;PERECIBLE;271;6714.76;1924
540;2468;AROMATICA CEDRON HORNIMANS 32 GR X25;NO PERECIBLE;271;720.73509534;702
541;10669;BAKANELA SABORIZADA FRUTOS ROJOS 500 GR;NO PERECIBLE;270;1798.64816138;571
542;4344;JUGO DE MORA DHOY 355 ML;PERECIBLE;268;6171.3;6857
543;3108;ENDULZANTE SUCRA SWEET X50;NO PERECIBLE;268;2147.28;778
544;11945;CHORIZO PARRILLERO X6 T1 CASA GUILLO 500 GR;PERECIBLE;267;8995.3;3911
545;9961;SERVILLETA DISPENSADA SCOTT ECONOMICA HOJA SENCILLA X 120HOJAS (30209601);NO PERECIBLE;267;1850.7349;5047
546;3584;AROMATICA TE VERDE NATURES HEART 26 GR X20;NO PERECIBLE;267;1402.87996712;1096
547;11253;FUNDA NEGRA 30 MICRAS 29X36X10;NO PERECIBLE;267;777.93221896;1066
548;10726;TORTILLA CHILLI LIME PEQUEÑA KIWA 40GR;NO PERECIBLE;265;9176.27;15553
549;11943;CARNE MOLIDA DE CERDO CONDIMENTADA 1 KG;PERECIBLE;265;5213.67;1281
550;10420;POWERADE FRUTAS TROPICALES PET 600 ML;NO PERECIBLE;265;4532.7105;9241
551;8108;GUANTE AMARILLO DOMESTICO ESTRELLA C20 T8;NO PERECIBLE;265;447.8756;589
552;2437;SPORADE UVA PET 500ML;NO PERECIBLE;263;5638.2319;14483
553;3465;NECTAR DE NARANJA PULP TETRAPACK 1 LT;NO PERECIBLE;262;1130.0663;1289
554;1828;FUNDA ESPECIAL 35MICRAS 23X28 X10;NO PERECIBLE;260;800.68;1082
555;449;LAUREL HOJA 200 GR;NO PERECIBLE;259;705.6;294
556;2470;AROMATICA MENTA HORNIMANS 32 GR X25;NO PERECIBLE;258;835.32488259;811
557;135;PAPAS PREFRITAS LISAS ULTRACONGELADAS AVIKO 2.5 KG;PERECIBLE;257;17324.375;2615
558;4706;ACEITE LA FAVORITA 1 LT;NO PERECIBLE;257;10543.95795066;4934
559;334;PALMITOS MEDALLONES GUSTADINA 800 GR;NO PERECIBLE;257;3143.0028;1257
560;4385;AZUCAR BLANCA SACHET GENERICO (200 X5 GR);NO PERECIBLE;257;1768;442
561;27;BORREGO CUBOS PROCESADO 5 KG;PERECIBLE;256;22840.461;3625.47
562;9824;YOGURT GRIEGO FRUTOS ROJOS KIOSKO 120 GR;PERECIBLE;255;2832.91;2599
563;1397;QUESO FUNDIDO 4 KG;NO PERECIBLE;254;8205.42;326
564;8820;GALLETAS SALTICAS 252 GR (4 X63 GR);NO PERECIBLE;254;6486.48;4004
565;10578;MARGARINA REGIA TOPPER 450 GR;NO PERECIBLE;254;583.3286;487
566;3787;JUGO CITRUS PUNCH CIFRUT 400 ML;NO PERECIBLE;253;6156.6516;31966
567;8179;LIMPION INDUSTRIAL GENERACION VERDE 200 MT;NO PERECIBLE;253;1917.86;532
568;46;AGUA MINERAL CON GAS GÜITIG 3 LT;NO PERECIBLE;252;1882.33218754;1246
569;1864;PAPEL BOND A4 RESMA 500 HOJAS;NO PERECIBLE;252;1283.9465;535
570;112;TRUCHA FILETE 1 KG;PERECIBLE;250;11026.08;1488
571;645;ESCOBA PLASTICA DURA TUBO PLASTIFICADO X1;NO PERECIBLE;250;693.51903248;461
572;4598;ALMEJA CARNE 220 GR X 200;PERECIBLE;249;2160.62;1342
573;3464;NECTAR DE DURAZNO PULP TETRAPACK 1 LT;NO PERECIBLE;249;1251.9276;1428
574;3885;CHOCHO/CHULPI 180 GR;PERECIBLE;248;2216.74;2806
575;3958;ESCURRIDOR 55CM + BASTON ALUMINIO 140 CM;NO PERECIBLE;247;8058;395
576;7076;SALSA CHINA DE SOYA ORIENTAL 3.79 LT;NO PERECIBLE;247;5521.875;465
577;1561;CAFE CLASICO BUENDIA 170 GR;NO PERECIBLE;247;5218.31461125;559
578;4443;COLA FRUIT FRESA 3 LT;NO PERECIBLE;247;4727.9568;4683
579;4129;PALMITOS SPAGUETTI GUSTADINA 400 GR;NO PERECIBLE;247;1124.6988;964
580;3101;JUGO DE MANGO PULP 250 ML;NO PERECIBLE;246;5679.9939;20783
581;3521;CHOCOLATE POLVO AMARGO KG;NO PERECIBLE;246;3229.29;358.81
582;10474;PULPA DE COCO DELIFROST 940 GR;PERECIBLE;245;2960.61;1189
583;11225;CERDO CHULETA PROCESADO (131-150) X10;PERECIBLE;244;6732.9259544764;1163.41
584;1831;FUNDA ROJA 50MICRAS 23X28 X10 UND;NO PERECIBLE;244;1062.6;1265
585;9994;POLLO PECHUGA PRONACA (0.8 - 1.7 KG) X2 UND;PERECIBLE;243;8350.9395;1465
586;11222;DESODORANTE SPRAY AMBIENTAL LAVANDA LO 360 ML;NO PERECIBLE;243;665.8641;653
587;651;LIMPION INDUSTRIAL 650 MT X 22CM TORK;NO PERECIBLE;241;5058.24;479
588;10754;CEREAL ZUCARITAS KELLOGGS 420 GR;NO PERECIBLE;241;1687.5370309;406
589;4098;AROMATICA FRUTAS TROPICALES NATURES HEART X20;NO PERECIBLE;240;522.68;358
590;821;POLLO PECHUGA FILETE PROCESADO 5 KG;PERECIBLE;239;19934.0835;3657.63
591;1357;GALLETAS AMOR CLASICA 175 GR;NO PERECIBLE;237;3037.5296;3136
592;669;MERMELADA DE MORA GUSTADINA 300 GR;NO PERECIBLE;237;674.87999544;456
593;2020;GUANTE ALIMENTOS VINIL MEDIANA X100;NO PERECIBLE;236;1543.5;630
594;572;PAN PITA ARABE PASTELO 500 GR X10;PERECIBLE;235;2937.7;1013
595;6757;MANI CLASICO MANICRIS 168 GR (6 X28 GR);NO PERECIBLE;235;2391.25;1913
596;11340;JARABE SABOR A MAPLE MCCORMICK 300 ML;NO PERECIBLE;235;1195.5906459;490
597;11955;PAPEL HIGIENICO SCOTT 22MT X 16 UND (30248055);NO PERECIBLE;234;3623.18354048;896
598;10421;POWERADE MANZANA PET 600 ML;NO PERECIBLE;232;9870.822;20124
599;1975;ESFERO BIC AZUL;NO PERECIBLE;230;315.59438324;1412
600;11153;RES FILETE PROCESADO (111-130) X10;PERECIBLE;229;3556.85616;518.19
601;10147;ESPADA FILETE ENTERO 5 KG;PERECIBLE;227;35739.2612;5310.44
602;10928;CHURROS EN LAZO CONGELADOS IQF AVIKO 1 KG;PERECIBLE;224;4932;1233
603;3096;PAVO POFASA PROCESADO (4.5 - 5.5 KG);PERECIBLE;222;4839.3960286272;1561.48
604;2646;CONTENEDOR LONCHERA X25;NO PERECIBLE;220;1366.092;834
605;2099;PLATO TERMICO BLANCO #7 X25 UND;NO PERECIBLE;220;947.10408786;2331
606;2573;HOJA CHOCLO UND;FRUVER;220;418.66;20933
607;10148;GALLETA ORIGINAL CLUB SOCIAL 216 GR (9 X24 GR);NO PERECIBLE;218;3020;1510
608;4198;FUNDA NEGRA REFORZADA LAVAZA 80MICRAS 30X46 X10;NO PERECIBLE;218;2160.5;725
609;11567;CHOCOLISTO TARRO 280 GR;NO PERECIBLE;218;937.3824;384
610;3100;NECTAR DE MANZANA PULP TETRAPACK 250 ML;NO PERECIBLE;216;4818.5523;17631
611;399;ALMIDON DE YUCA 1 KG;NO PERECIBLE;216;1600.8;667
612;369;AROMATICA HIERBA LUISA HORNIMANS 32 GR X25;NO PERECIBLE;216;501.60605043;487
613;11562;ACEITE SABROLEINA 20 LT;NO PERECIBLE;214;10144.80071468;316
614;297;ACEITUNAS VERDES ENTERAS CON HUESO SNOB 240 GR;NO PERECIBLE;214;1069.0995;609
615;5386;VASO TERMICO BLANCO SUPERMAXI 6 OZ X 24 UND;NO PERECIBLE;213;1649.728;2980
616;486;TE VERDE LIMON EN POLVO CALIENTE LEGZ 500 GR;NO PERECIBLE;213;1114.38179566;434
617;7804;AGUA SIN GAS TRADICIONAL 600 ML;NO PERECIBLE;212;8421.8635;48541
618;3572;LECHE DESLACTOSADA SEMI VITA TPK 1 LT;NO PERECIBLE;212;3670.8276;3036
619;4933;FIDEO SPAGHETTI DON VITTORIO 400 GR;NO PERECIBLE;212;3193.07;2143
620;10667;BAKANELA SABORIZADA LIMON 500 GR;NO PERECIBLE;212;1833.2892621;582
621;1978;MARCADOR PERMANENTE NEGRO PELIKAN;NO PERECIBLE;212;452.01;1159
622;10781;CURRY DOÑA JANA 1 KG;NO PERECIBLE;211;1293.6;264
623;2037;PAPEL DESPACHO RESMA X100;NO PERECIBLE;211;1137.6;316
624;672;SALSA DE TOMATE GUSTADINA VIDRIO 395 GR;NO PERECIBLE;211;710.7709;553
625;11206;FRUTA CONFITADA DOÑA JANNA 300 GR;NO PERECIBLE;211;414.9;461
626;3624;AGUA SIN GAS DASANI 1.2 LT;NO PERECIBLE;210;33412.1472;74848
627;7135;FUNDA HALAR BIODEGRADABLE BLANCA HANASKA 25 MICRAS 11X20 FL3 X100;NO PERECIBLE;209;920.82;309
628;7031;MOSTAZA MARCELLOS DOYPACK 200 GR;NO PERECIBLE;209;699.545;869
629;1754;ABLANDADOR DE CARNE 250 GR;NO PERECIBLE;208;681.7;401
630;375;BICARBONATO 250 GR;NO PERECIBLE;208;411;411
631;11795;FIBRA VERDE ESTRELLA 71.5 CM;NO PERECIBLE;207;381.1936;556
632;7586;MANTEQUILLA INDUSTRIAL VITA 4 KG;PERECIBLE;206;7702.968;390
633;663;GALLETAS MARIA NESTLE 414 GR (18 X23 GR);NO PERECIBLE;205;3753.36;1203
634;494;CHORIZO PARRILLERO DON DIEGO 1 KG (401520);PERECIBLE;204;4212.7469;727
635;349;CEBOLLA PAITEÑA PROCESADA 1 KG;FRUVER;204;904.75;1292.5
636;3129;SALMON (1.8 - 2.0 KG);PERECIBLE;203;28741.24;787
637;20;CERDO CARNE MOLIDA CONGELADO PROCESADO 5 KG;PERECIBLE;203;9203.9828;1499.02
638;342;SALSA CHIPOTLE HOT SAUCE OLE 165 GR;NO PERECIBLE;203;922.58297505;335
639;668;MERMELADA DE GUAYABA GUSTADINA 300 GR;NO PERECIBLE;203;519.47999649;351
640;7072;TAJAPAN BLANCO FAM MODERNA 550 GR X20;NO PERECIBLE;202;1439.56;986
641;145;GUINEO SEDA VERDE 1 KG;FRUVER;202;1219.323;2903.15
642;10688;CEREAL CORN FLAKES KELLOGGS 410 GR;NO PERECIBLE;201;2268.23692703;527
643;2391;JABON TOCADOR HOTEL 11 GR;NO PERECIBLE;201;414.45;2763
644;8228;BOTELLA PET TRANSPARENTE CON TAPA 300 ML X100 UND;NO PERECIBLE;200;12260.6977176;954
645;11013;SALCHICHA PERRO CALIENTE T2 JURIS 1 KG;PERECIBLE;200;4146.96;888
646;1637;SALSA DE AJI CASERO SNOB 170 GR;NO PERECIBLE;200;668.7378;618
647;1916;MULTI26 POLVO 15 KG;NO PERECIBLE;199;14912.25;337
648;3589;AROMATICA TE VERDE DETOX NATURES HEART 34 GR X20;NO PERECIBLE;197;751.94;574
649;316;ESENCIA MANTEQUILLA LEVAPAN 500 ML;NO PERECIBLE;196;716.976;234
650;812;TE NEGRO LIMON FUZETEA 550 ML;NO PERECIBLE;195;7859.28;18320
651;4115;YOGURT VAINILLA LIGHT TONI100 950 GR;PERECIBLE;195;3010.36;932
652;11156;RES FILETE PROCESADO (50-70) X30;PERECIBLE;194;12297.973590481;1783.55
653;2361;NUEZ SIN CASCARA 1 KG;NO PERECIBLE;194;3024;252
654;9822;YOGURT GRIEGO NATURAL KIOSKO 120 GR;PERECIBLE;194;1272.03;1167
655;8978;GALLETAS AVENA QUAKER FRUTOS ROJOS 192 GR (6 X32 GR);NO PERECIBLE;193;2793.96;1194
656;7392;SALSA DE AJI MARCELLOS SACHET 5 GR X100 UND;NO PERECIBLE;193;634.5;423
657;3908;GELATINA MORA GELHADA 400 GR;NO PERECIBLE;192;1324.9708;733
658;461;OREGANO MOLIDO 1 KG;NO PERECIBLE;192;1094.4;228
659;11957;AROMATICA MENTA AKI 32 GR X25;NO PERECIBLE;192;522.88;608
660;5479;FUNDA NEGRA 37MICRAS 34X10(FUELLE X54) X10;NO PERECIBLE;191;1119.62;629
661;10745;COLA PEPSI 3 LT;NO PERECIBLE;189;3111.915;2685
662;11677;AGUA SIN GAS TESALIA 500 ML;NO PERECIBLE;188;3056.46;13893
663;151;LIMON SUTIL 1 KG;FRUVER;188;1154.452;888.04
664;3585;AROMATICA TE CHAI ESPECIAS NATURES HEART 26 GR X20;NO PERECIBLE;187;703.07999433;567
665;9548;POLLO ALAS PRONACA (0.6 - 1.3 KG);PERECIBLE;185;7215.82678674;1326
666;5140;MAYONESA ALACENA DOYPACK 400 ML;NO PERECIBLE;185;774.06559573;427
667;11154;RES FILETE PROCESADO (111-130) X30;PERECIBLE;182;20449.5586223985;2969.55
668;1144;RES HIGADO JULIANA 1 KG;PERECIBLE;182;1739.84307;367.35
669;11452;CHOCOLATE SEMIAMARGO CHOCOLATERIA NESTLE 180 GR;NO PERECIBLE;182;1398.124;598
670;396;AJO MOLIDO 1 KG;NO PERECIBLE;182;582.4;208
671;10724;TORTILLA CHIPS SAL PEQUEÑA KIWA 40GR;NO PERECIBLE;181;4171.3;7070
672;182;UVA VERDE 1 KG;FRUVER;181;3240.96;540.16
673;566;MANTEQUILLA CON SAL VITA 250 GR;PERECIBLE;181;1683.1504;727
674;3910;GELATINA PIÑA GELHADA 400 GR;NO PERECIBLE;180;1250.8592;692
675;11362;YOGURT SEMIDESCREMADO FRUTILLA SORPRESA KIOSKO 180 GR;PERECIBLE;179;2472.34;3341
676;10604;JABON EN BARRA AVENA JOLLY 100 GR;NO PERECIBLE;179;2069.613;4693
677;11242;CERDO CHULETA PROCESADO (151-170) X10;PERECIBLE;178;5134.400176768;850.88
678;3547;QUESO CHEDDAR CORTADO FLORALP (1 - 1.10 KG);PERECIBLE;178;4255.8;519
679;514;MORCILLA PREMIUM JURIS 1 KG;PERECIBLE;178;2769.2;460
680;1892;DV JABON LIQUIDO HANDEX HT7 TOCADOR 4 KG;NO PERECIBLE;178;1681.68;273
681;8969;FILETE APANADO DE CARNE DE CERDO 90 GR X 25;PERECIBLE;177;8742;744
682;484;TRIGO 1 KG;NO PERECIBLE;177;667.89;543
683;2436;SPORADE APPLE ICE PET 500 ML;NO PERECIBLE;175;8059.908;23860
684;3496;CORVINA ESPECIAL ENTERA;PERECIBLE;174;26380.64;1268.3
685;5230;PASTILLA INODORO CEREZA TIPS 90 G (X 1);NO PERECIBLE;174;972.3;1050
686;8967;FILETE APANADO DE CARNE DE PIERNA/MUSLO DE POLLO 90GR X 25;PERECIBLE;173;5390;440
687;11649;JUGO NARANJA DHOY SIX PACK 200 ML;PERECIBLE;173;3489.95;1115
688;233;LECHUGA ROMANA 1 KG;FRUVER;173;1020.6;756
689;4010;GALLETAS INTEGRAL MULTICEREAL CLUB SOCIAL 216 GR (9 X24 GR);NO PERECIBLE;171;1411.6974;862
690;11252;FUNDA AZUL 35 MICRAS 35X47X50;NO PERECIBLE;170;1902.33000126;234
691;1619;AROMATICA TORONJIL FLORAROMA X25;NO PERECIBLE;170;371.148;785
692;1861;"FUNDA KAVETA ANCHO 27""LARGO 28"" FUELLE LATERAL 4.5"" 20 MICRAS X100";NO PERECIBLE;169;2633.0169177;390
693;11363;YOGURT SEMIDESCREMADO MORA SORPRESA KIOSKO 180 GR;PERECIBLE;169;2321.38;3137
694;10764;CHOCOLATE CHIPS DOÑA JANA 500 GR;NO PERECIBLE;169;1133.44;352
695;2124;VASO PLÁSTICO SIN TAPA 10 ONZ X 50 UND;NO PERECIBLE;168;1769.85;2565
696;10698;ALCAPARRAS EN VINAGRE MAZZA VIDRIO 290 GR;NO PERECIBLE;168;495.6609;233
697;1460;PAN HOT DOG SUPAN 320 GR X8;NO PERECIBLE;167;1096.71;789
698;569;MASA MOROCHO 1 KG;PERECIBLE;165;2231.6;797
699;3854;JUGO DE NARANJA/ZANAHORIA DHOY 355 ML;PERECIBLE;164;3128.73427608;3372
700;5560;YUCA LAVADA 1 KG;FRUVER;164;2363.665;4727.33
701;1521;ESTUCHE FRESA MEDIANO X 100;NO PERECIBLE;164;1708.2;292
702;2038;PINCHO MADERA PEQUEÑO X100;NO PERECIBLE;164;176.29;289
703;2869;TARRINA PLÁSTICA 1 LT CON TAPA X50;NO PERECIBLE;163;2709.56696209;1103
704;7005;JAMON DE POLLO T1 16X13 CASA GUILLO 1 KG;PERECIBLE;162;2864.4;341
705;1927;CARAMELO AMERICAN TOFFEES LICORES 275 GR X50 UND;NO PERECIBLE;161;877.09381528;527
706;3715;AROMATICA COCO TROPICAL NATURES HEART 35 GR X20;NO PERECIBLE;160;610.7;394
707;440;HARINA CEBADA 1 KG;NO PERECIBLE;160;301.4;274
708;148;HIGO 1 KG;FRUVER;158;2273.46;757.82
709;11958;HARINA DE MAIZ AMARILLO LO 1 KG;NO PERECIBLE;158;843.8275;725
710;7678;AGUA SIN GAS TRADICIONAL 400 ML;NO PERECIBLE;157;48429.6;356100
711;3480;SALCHICHA OLMA T1 JURIS 1 KG;PERECIBLE;157;2635.6;440
712;1967;CHIFLES CLASICOS TORTOLINES 45 GR;NO PERECIBLE;157;2591.3084;5524
713;10783;CERDO PANCETA CONGELADO PROCESADO;PERECIBLE;156;6772.5275235326;1806.34
714;11014;SALCHICHA POLLO T1 JURIS 500 GR X20;PERECIBLE;155;1396.5;525
715;9685;MORCILLA DE SANGRE T1 GRANDES FOODS 1 KG;PERECIBLE;154;2575;515
716;144;GUAYABA ROSADA 1 KG;FRUVER;154;1682.252;1529.32
717;1839;FUNDA BLANCA 35MICRAS 35X47 X50;NO PERECIBLE;152;1474.2;182
718;310;MAIZ DULCE GUSTADINA 425 GR;NO PERECIBLE;152;1054.20508566;717
719;2397;AROMATICA MANZANILLA HORNIMANS 32 GR X25;NO PERECIBLE;152;450.10285505;437
720;2039;TENEDOR CHIQUITO PLASTICO X100;NO PERECIBLE;152;376.992;385
721;11038;DV JL21 TIG DETERGENTE LIQUIDO NEUTRO MULTIUSO BID 20 KG;NO PERECIBLE;151;12623.52;442
722;11001;SALCHICHA VIENESA T2 JURIS 500 GR;PERECIBLE;151;2072.52;909
723;3319;AJO MOLIDO 250 GR;NO PERECIBLE;151;200.16;278
724;3348;ANDEAN CHIPS QUINUA AMARANTO 30 GR;NO PERECIBLE;150;747.66;2199
725;11019;SALCHICHA FRANKFUTER T1 CASA GUILLO 22X15 X20 UND 1 KG;PERECIBLE;149;3423.6;634
726;3162;YOGURT FRUTILLA BEBIBLE KIOSKO FUNDA 900 ML;PERECIBLE;149;1484.01;1499
727;673;PURE DE TOMATE GUSTADINA VIDRIO 250 GR;NO PERECIBLE;149;978.0542;694
728;4174;FILTRO DE PAPEL PARA CAFE 24 CM X50;NO PERECIBLE;148;577.72;404
729;3831;AGUA SIN GAS CIELO 1.2 LT;NO PERECIBLE;147;12785.854;38281
730;8966;FILETE APANADO DE CARNE DE PIERNA/MUSLO DE POLLO 70GR X 25;PERECIBLE;147;9970;997
731;10930;JUGO LIMONADA ALL NATURAL 625 ML;NO PERECIBLE;147;1898.64;5274
732;706;COLA FANTA 3 LT;NO PERECIBLE;147;677.34250108;322
733;644;PIEDRA POMEX;NO PERECIBLE;147;125.46;369
734;105;PESCADO PAMPANITO X10;PERECIBLE;146;9307.59;2019
735;5578;PLATANO MADURO GRANEL KG;FRUVER;145;1403.815;1477.7
736;10473;YGT SEMIDESCREMADO MORA MIRAFLORES 3.5 KG;PERECIBLE;144;1453.07248218;297
737;6649;CEREAL QUINOA MUNCH CHOCOLATE 30 GR;NO PERECIBLE;144;1086;2715
738;2085;AROMATICA MANZANILLA MIEL HORNIMANS 32 GR X25;NO PERECIBLE;144;777.5817312;480
739;655;CHORIZO T1 UP 2 KG;PERECIBLE;143;3298.058;379
740;3855;JUGO DE NARANJA/FRESA DHOY 355 ML;PERECIBLE;141;4341.6;4824
741;2768;NARANJA SELECCIONADA UND;FRUVER;141;1150.9;11509
742;670;MERMELADA DE FRUTIMORA GUSTADINA 300 GR;NO PERECIBLE;141;520.5752;344
743;8112;GUANTE NEGRO PRACTICO ESTRELLA C22 T9;NO PERECIBLE;141;209.0963396;230
744;107;PICUDO LOMO CONGELADO 1 KG;PERECIBLE;140;18088.4352;2216.72
745;10725;TORTILLA SPICY BBQ PEQUEÑA KIWA 40GR;NO PERECIBLE;140;3321.7;5630
746;6754;JAMON DE PAVO T1 SW JURIS 1 KG;PERECIBLE;139;4853.88;417
747;3333;YOGURT ENTERO MORA TONI 1.7 LT;PERECIBLE;138;1435.6414;293
748;8968;FILETE APANADO DE CARNE DE CERDO 70 GR X 25;PERECIBLE;137;5073;534
749;6997;CEREZAS ROJAS RUBINO 250 GR;NO PERECIBLE;137;1392.28017309;573
750;10686;JABON EN BARRA MANZANILLA JOLLY 100 GR;NO PERECIBLE;137;1117.494;2534
751;10471;YGT SEMIDESCREMADO DURAZNO MIRAFLORES 3.5 KG;PERECIBLE;136;1296.51052575;265
752;1826;FUNDA AZUL 23X28 X10 UND;NO PERECIBLE;136;678.72;808
753;6995;NECTAR DE NARANJA NATURA TETRAPACK 225 ML;NO PERECIBLE;135;1972.3002;7618
754;9962;SERVILLETA DISPENSADA AIRFLEX SCOTT MEGA HOJA SENCILLA X 200HOJAS (30209703);NO PERECIBLE;135;1865.7018;2946
755;4150;PORTA TORTA RECTANGULAR CON TAPA 41X30 CM;NO PERECIBLE;135;1449.3336;572
756;2196;PROTECTOR HOJAS TRANSPARENTE;NO PERECIBLE;135;220.71;1051
757;10752;COLA FIORAVANTI FRESA 500 ML;NO PERECIBLE;134;1163.988;2980
758;4445;AGUA MINERAL CON GAS IMPERIAL PET 3 LT;NO PERECIBLE;133;463.905;549
759;11461;TOTOPOS TORTILLAS DE MAIZ SABOR LIMON KIWA 35 GR;NO PERECIBLE;132;3531.6;9810
760;1459;PAN HOT DOG SUPAN 600 GR X8;NO PERECIBLE;132;1795.4;764
761;1914;LUSTRA MUEBLES BIOSILIC 250 ML;NO PERECIBLE;132;285.6;170
762;7100;FRUTILLA EN CAJA PLASTICA 1 KG;FRUVER;131;946.8;526
763;4669;SORBETE PAPEL BIO CON ENVOLTURA X100;NO PERECIBLE;131;504.00021924;252
764;1470;TOSTADAS INTEGRALES GRILE 100 GR X 16;NO PERECIBLE;131;495.32;427
765;10730;COLA FANTA HARMONY 500 ML;NO PERECIBLE;130;1958.5953;4689
766;3670;DV AIR PLUS NEW SENSE VAINILLA 4 KG;NO PERECIBLE;130;1005.48;133
767;570;CHIFLES MADURITOS TORTOLINES 45 GR;NO PERECIBLE;129;2407.047;5559
768;10861;CERDO PATA CONGELADO;PERECIBLE;129;2058.9661805355;901.35
769;3730;DV LV3 GLASS LIMPIA VIDRIOS 4 KG;NO PERECIBLE;129;385.44;146
770;3920;COLA BIG NEGRA 300 ML;NO PERECIBLE;127;2250.2961;13663
771;7315;AGUA MINERALCON GAS IMPERIAL TORONJA LATA 330 ML;NO PERECIBLE;125;2759.3184;3984
772;6618;MORTADELA REBANADA T1 C11 CASA GUILLO 1KG;PERECIBLE;124;2014.57;461
773;3332;YOGURT ENTERO FRUTILLA TONI 1.7 LT;PERECIBLE;124;1254.3488;256
774;3913;CHOCOLATE GALAK NESTLE 20GR X21;NO PERECIBLE;123;2503.956;420
775;9759;FUNDA BOLSILLO ANTIGRASO KRAFT IMPRESO HANASKA 45GR 18X18 X100 UND;NO PERECIBLE;122;349.58;154
776;3349;ANDEAN CHIPS QUINUA CHIA 30 GR;NO PERECIBLE;122;336.6;990
777;667;MERMELADA DE FRUTILLA GUSTADINA 300 GR;NO PERECIBLE;122;220.5;147
778;11243;CERDO CHULETA PROCESADO (151-170) X30;PERECIBLE;121;34616.7029375562;5983.14
779;109;PESCADO SECO 1 KG;PERECIBLE;121;1931.2;284
780;2283;TERNERA PULPA MACAFRI 1 KG;PERECIBLE;120;6256.8;790
781;1387;GALLETAS MARIA NESTLE TACO 172 GR;NO PERECIBLE;120;1573.8;1830
782;1462;PAPA SARITA NATURAL 30 GR;NO PERECIBLE;120;1128.0192;3052
783;4495;JALAPEÑO ROJOS Y VERDES OLE 200 GR;NO PERECIBLE;120;780.2987794;340
784;4455;POLLO VACIO PRONACA (1.8-2.0)KG;PERECIBLE;119;24344.89755087;4913
785;52;CERDO LOMO FINO CONGELADO PROCESADO 1 KG;PERECIBLE;119;6502.626;1102.14
786;5295;QUESO MOZZARELLA SALINERITO 500 GR;PERECIBLE;119;5444.2204;1289
787;1887;DV AIR PLUS AM2 FRESH 4 KG;NO PERECIBLE;119;1208;151
788;3091;ENDULZANTE SUCRA SWEET X 100;NO PERECIBLE;119;1142.64;207
789;7109;LECHE DESLACTOSADA SEMI LA LECHERA TETRAPACK 946 ML;NO PERECIBLE;119;1085.96;850
790;5099;LENTEJA ESPECIAL SUPERMAXI 500 GR;NO PERECIBLE;119;381.54242784;392
791;3434;ENELDO 50 GR;FRUVER;118;46.2;220
792;11214;CEREAL CHOCAPIC NESTLE 640 G;NO PERECIBLE;114;836.4;170
793;11996;PAÑO DE LIMPIEZA REUTILIZABLE BLANCHY ROJO X30;NO PERECIBLE;114;617.16;139
794;2440;GRANADINA JARABE CEREZA AMERICANA 650 GR;NO PERECIBLE;114;583.26475788;153
795;2745;FUNDA AMARILLA 38MICRAS 22.4X26.7 X10 UND;NO PERECIBLE;114;384.16;686
796;10293;POLLO HIGADO PRONACA (1.1 - 1.4 KG);PERECIBLE;114;209.328;178
797;11064;DV DS70 PLUS DETERGENTE NO IONICO BID 20 KG;NO PERECIBLE;113;11792;268
798;10719;LECHE CHOCOLATE SIX PACK NUTRI TETRAPACK 200 ML;NO PERECIBLE;113;1817.696;860
799;9095;YOGURT GRIEGO NATURAL ZEUS REY 900 ML;PERECIBLE;113;1046.96;184
800;11650;AGUA DE COCO FREEZE SIX PACK 200 ML;PERECIBLE;112;3045.9;715
801;3160;YOGURT DURAZNO BEBIBLE KIOSKO FUNDA 900 ML;PERECIBLE;112;1667.16;1684
802;4462;HM MASA HOJALDRE MAXI 1 KG;PERECIBLE;111;2498.39104212;778
803;5463;YOGURT ENTERO NATURAL SIN AZUCAR REY FUNDA 900 GR;PERECIBLE;111;189.72;153
804;11731;JABON DE TOCADOR ANTIBACTERIAL AVENA BEST PACK (3X92 GR) 276 GR;NO PERECIBLE;110;1944.0445;2687
805;11365;YOGURT SEMIDESCREMADO DURAZNO SORPRESA KIOSKO 180 GR;PERECIBLE;110;1512.56;2044
806;10957;JUGO NARANJADA ALL NATURAL 625 ML;NO PERECIBLE;109;2007;5575
807;2431;MERMELADA DE GUAYABA LA PRIMERA 5.7 KG;NO PERECIBLE;109;1368.5;115
808;70;RES CHINCHULINES CONGELADO 1 KG;PERECIBLE;108;874.9922715107;263.83
809;1512;FOSFORO EL GALLO X10;NO PERECIBLE;108;63.70596417;131
810;1988;SOBRE MANILA F4 CARTA 25X35CM;NO PERECIBLE;108;49.14;630
811;3477;CHORIZO PARRILLERO T1 JURIS 1 KG;PERECIBLE;107;5782.772;718
812;2432;MERMELADA DE MORA LA PRIMERA 5.7 KG;NO PERECIBLE;107;1867.6108;121
813;3409;AGUA MINERAL CON GAS GÜITIG VIDRIO 330 ML;NO PERECIBLE;107;967.90309045;1607
814;8777;NATURES HEART ANTIOXIDANTE 35 GR;NO PERECIBLE;107;783.64;1507
815;4096;AROMATICA FRUTOS ROJOS NATURES HEART 26 GR X20;NO PERECIBLE;107;318.27993678;218
816;8093;SAL DE MESA LA ORIGINAL 1 KG;NO PERECIBLE;107;205.9305;1081
817;3331;YOGURT ENTERO DURAZNO TONI 1.7 LT;PERECIBLE;106;1254.3488;256
818;10668;BAKANELA SABORIZADA NARANJA 500 GR;NO PERECIBLE;105;711.56878344;226
819;2353;SUAVIZANTE DE ROPA GL;NO PERECIBLE;105;530;106
820;7806;AGUA SIN GAS TRADICIONAL 6 LT;NO PERECIBLE;104;1464.65998146;1854
821;10765;Z3 VASO CARTULINA P/GRANIZADO 12 OZ X14 UND;NO PERECIBLE;104;0.1197;1197
822;4595;CAFE SACHET GENERICO 2 GR X200;NO PERECIBLE;103;1978;115
823;100;BAGRE 1 KG;PERECIBLE;103;702.47;199
824;1551;CASCARA CAMARON 1 KG;PERECIBLE;103;4.13;413
825;11884;PICAÑA NELORE (0.92-1.56 KG);PERECIBLE;102;6047.756;422.92
826;98;LANGOSTINO (10-12) KG;PERECIBLE;101;5197.86;402
827;2130;VIANDA TRANSPARENTE REDONDA 700 CC X25;NO PERECIBLE;101;2261.322;1644
828;314;ESENCIA COCO LEVAPAN 500 ML;NO PERECIBLE;101;606.936;121
829;8111;GUANTE NEGRO PRACTICO ESTRELLA C22 T8.5;NO PERECIBLE;101;126.75425087;137
830;4124;YOGURT REY ROCKER PACK BTL 6 X145 ML;PERECIBLE;100;566.3405;253
831;1471;TOSTADAS NATURAL GRILE 100 GR X 16;NO PERECIBLE;98;912.6;780
832;1908;JABON TOCADOR HIDRALOE ANTIBACTERIAL PROACTIVE 125 GR X 3;NO PERECIBLE;98;874.8529593;593
833;1616;AROMATICA MANZANILLA PUSUQUI X25;NO PERECIBLE;97;242.1;269
834;10424;JABON TOCADOR ALOE ANTIBACTERIAL LA ORIGINAL 110 GR;NO PERECIBLE;95;1264.3751;4813
835;1996;CEPILLO INODORO ESTRELLA CON BASE;NO PERECIBLE;94;161.48908668;204
836;11999;AVENA HOJUELAS LO 500 GR;NO PERECIBLE;93;766.8144;1551
837;1686;CUCHILLO BLANCO X50;NO PERECIBLE;93;460.2864;824
838;9792;Z3 MERMELADA DE MORA CHIVERIA 1.35 KG;NO PERECIBLE;93;396.9;105
839;1856;FUNDA PAPEL CAFE 8.5 X17 X2 X100;NO PERECIBLE;93;384.48;432
840;4452;COLA FIORAVANTI FRESA 300 ML;NO PERECIBLE;93;276.9839;1387
841;7781;SNACK QUINOA/TOMATE/ALBAHACA ANDINOS 40 GR;NO PERECIBLE;93;207.9;495
842;1947;MANI CLASICO MANICRIS 200 GR;NO PERECIBLE;92;1424.59984916;838
843;1358;GALLETAS AMOR CHOCOLATE 175 GR;NO PERECIBLE;92;1414.04;1219
844;4442;AGUA MINERAL CON GAS IMPERIAL PET 550 ML;NO PERECIBLE;92;954.7392;2944
845;2118;ULTRAMOPA STANDARD REPUESTO (202);NO PERECIBLE;92;776.88;117
846;10579;LECHE CONDENSADA LA LECHERA ABRE FACIL 393 GR;NO PERECIBLE;92;626.6561;371
847;8322;FIDEO SPAGHETTI N5 INTEGRAL AVENA LINAZA SILUET 400 GR;NO PERECIBLE;92;524.4;230
848;2990;POLVO HORNEAR BAKELS 5 KG;NO PERECIBLE;91;1790.11;107
849;106;PARGO UND X10;PERECIBLE;90;3357.48;294
850;11422;COCA COLA ORIGINAL 3.05 LT;NO PERECIBLE;90;2512.635;1150
851;7020;FUNDA HAMBURGUESA ANTIGRASA CUADROS 40MICRAS (18X18CM) X100;NO PERECIBLE;90;428.778;249
852;4457;QUESO FRESCO FLORALP 430 GR;PERECIBLE;89;3604.72;1256
853;7316;AGUA MINERAL CON GAS IMPERIAL MANDARINA LATA 330 ML;NO PERECIBLE;89;2127.6672;3072
854;10791;GALLETA DUCALES TACO 315 GR X 3;NO PERECIBLE;89;1773.32;1031
855;3171;YGT MORA BEBIBLE KIOSKO FUNDA 900 ML;PERECIBLE;89;1499.85;1515
856;8979;GALLETAS AVENA QUAKER MANZANA Y CANELA 168 GR (6 X28 GR);NO PERECIBLE;89;1336.14;571
857;11002;MORTADELA TIPO I TRADICIONAL JURIS 500 GR;PERECIBLE;89;1285.2;540
858;3143;MORTADELA SANDUCHE T2 CASA GUILLO 1 KG;PERECIBLE;89;1267.27;359
859;6482;GALLETAS SANDUCHE GALAK NESTLE 87.5 GR;NO PERECIBLE;88;2128.749;3642
860;6301;VASO CARTON SIN TAPA IMPRESO HANASKA INSTITUCIONES 12 ONZ X 50 UND;NO PERECIBLE;88;1755.6;532
861;317;ESENCIA NARANJA LEVAPAN 500 ML;NO PERECIBLE;88;303.312;89
862;175;TAXO AL GRANEL 1 KG;FRUVER;88;282.15;297
863;6655;VASO PLASTICO CRISTALINO CON TAPA TIPO DOMO 12 ONZ X 100 UND;NO PERECIBLE;87;931;98
864;406;AZAFRAN 250 GR;NO PERECIBLE;87;182;140
865;1987;SOBRE MANILA F2 21X27 CM;NO PERECIBLE;87;24.48594918;462
866;7347;BARRA DE CEREAL ARANDANOS Y NUECES TOSH 138 GR (6 X 23 GR);NO PERECIBLE;86;2344.42;923
867;1775;CARVE CARNE FILETEADA 450 GR;PERECIBLE;86;1422;316
868;477;SEMOLA 1 KG;NO PERECIBLE;86;234.33;219
869;11871;QUESO CREMA TONI CLASICO 225 GR;PERECIBLE;85;797.1236;427
870;1980;MARCADOR NEGRO EDDING ROPA;NO PERECIBLE;85;204.25;215
871;11294;POLLO PECHUGA ENTERA CONGELADO 2 KG X4;PERECIBLE;84;3017.40873;418.91
872;752;JUGO NARANJILLA TESALIA ICE 500 ML;NO PERECIBLE;84;1965.7416;6374
873;3790;PAN HOT DOG GIGANTE MODERNA 560 GR X8;NO PERECIBLE;84;569.4;365
874;9012;ATUN EN AGUA VAN CAMPS ABRE FACIL 184 GR;NO PERECIBLE;83;713.45993796;517
875;431;FREJOL BOLON 1 KG;NO PERECIBLE;83;616.8;257
876;3955;PALMITOS CORAZONES SNOB 810 GR;NO PERECIBLE;83;559.24;164
877;3025;PALITOS CAFE PLASTICO X 100;NO PERECIBLE;83;116.3514495;325
878;1862;PAPEL PERIODICO PLIEGO X500;NO PERECIBLE;82;3429;127
879;3767;VASO TERMICO CON TAPA 8 ONZ X 25 UND;NO PERECIBLE;82;2280.22398271;1109
880;4105;FUNDA NEGRA 2MICRAS 61X40 X50;NO PERECIBLE;82;2109;114
881;3590;JUGO DE ARANDANO NATURES HEART TETRAPACK 200 ML;NO PERECIBLE;82;1884.33997346;2654
882;11823;PAN ESPECIAL 12 GRANOS Y SEMILLAS OROWEAT 600 GR;NO PERECIBLE;82;694.26;261
883;568;MANTEQUILLA SIN SAL VITA 250 GR;PERECIBLE;82;333.3888;144
884;2262;DV FORTY BLEND LAVAVAJILLAS 20 KG;NO PERECIBLE;81;3142.8;81
885;466;PASAS CIRUELA 1 KG;NO PERECIBLE;81;918;153
886;6680;CARAMELO SURTIDO EXTRA FUERTE JAAZZ 300 GR X100;NO PERECIBLE;81;632.13446422;322
887;6614;CHOCOLATE COBER N AMYEL 1 KG;NO PERECIBLE;81;606.9;102
888;2613;HIERBA LUISA 1 KG;FRUVER;81;267.75;178.5
889;3432;CEBOLLIN 30 GR;FRUVER;81;42.84;204
890;7018;NECTAR DE DURAZNO DEL VALLE TETRAPACK 250 ML;NO PERECIBLE;80;938.40562528;3488
891;1143;RES HIGADO ENTERO CONGELADO KG;PERECIBLE;80;727.3523728218;144.03
892;1294;PESCADO SECO 5 KG;PERECIBLE;79;6766;199
893;10489;PULPA DE PERA DELIFROST 940 GR;PERECIBLE;79;1239.3;765
894;2939;POLLO HAMBURGUESA APAN PLUMROSE 1.3 KG (20 X65 GR);PERECIBLE;79;1051.65;135
895;3090;CHAMPIÑON ENTERO GUIPI 435 GR;NO PERECIBLE;79;765;306
896;11824;PAN ESPECIAL MULTIGRANO OROWEAT 600 GR;NO PERECIBLE;79;579.88;218
897;5557;MARCADOR TIZA LIQUIDA NEGRO PELIKAN;NO PERECIBLE;79;101.50480501;203
898;387;GEL LADY FRUIT FRESA PURATOS 2.5 KG;NO PERECIBLE;78;737.6;80
899;4837;CEREAL FROOT LOOPS KELLOGGS 370 GR;NO PERECIBLE;78;601.67896301;127
900;209;CEBOLLA PUERRO 1 KG;FRUVER;78;580.5;387
901;443;HARINA MOROCHO 1 KG;NO PERECIBLE;78;254.76;193
902;407;CANELA MOLIDA 1 KG;NO PERECIBLE;77;1900.08;91
903;11162;RES HIGADO (71-90) X10;PERECIBLE;77;1587.6874680792;317.82
904;10755;CHOCOLATE CON MANI MANICHO 100 GR (4 X25 GR);NO PERECIBLE;77;1570.853701;892
905;7276;CREMA DE LECHE LA LECHERA TETRAPACK 236 ML;NO PERECIBLE;77;526.7992;472
906;2412;PIMIENTA DULCE 30 GR;NO PERECIBLE;77;150;300
907;5047;AROMATICA ANIS HORNIMANS 32 GR X25;NO PERECIBLE;76;249.93545508;282
908;2174;ESFERO BIC ROJO;NO PERECIBLE;76;24.86;113
909;3027;TARRINA TÉRMICA CON TAPA 1/2LT X50 UND;NO PERECIBLE;75;1310.5;250
910;7006;VASO PLASTICO CON TAPA 8 ONZ X 100 UND;NO PERECIBLE;75;1103.27187188;202
911;3666;ACEITE OLIVA ARBOLITO LATA 500 ML;NO PERECIBLE;75;726.6;105
912;3292;GALLETAS INTEGRAL LINAZA SILUET 252 GR (9 X28 GR);NO PERECIBLE;75;287.04761269;193
913;2058;CLAVO OLOR 30 GR;NO PERECIBLE;75;108.3;190
914;1405;GELATINERO CON TAPA 100 ML X100 UND;NO PERECIBLE;74;1469.99126348;302
915;72;BORREGO PROCESADO 2 KG;PERECIBLE;74;1379.9017969599;190.99
916;7222;PAPAS FRITAS NATURALES ARTESANAS LAYS 34 GR;NO PERECIBLE;74;1103.425;2525
917;2944;VASO CON TAPA 1 ONZ X 100 UND;NO PERECIBLE;74;1004.5825;575
918;656;JAMON DE CERDO REBANADO T2 PLUMROSE 1 KG;PERECIBLE;74;981.6576;154
919;6979;ALCOHOL INDUSTRIAL OZZ AL 72° GL;NO PERECIBLE;74;980.12;107
920;6651;CEREAL QUINOA MUNCH VAINILLA 30 GR;NO PERECIBLE;74;825.2;2063
921;378;COLORINA AMARILLO LEVAPAN 250 ML;NO PERECIBLE;74;363.825;126
922;2109;TABLA DE APOYO PLASTICA;NO PERECIBLE;74;199.42;118
923;1972;CLIPS ESTANDAR;NO PERECIBLE;74;25;100
924;739;AVENA NUTRI MARACUYA TETRAPACK 200 ML;NO PERECIBLE;73;2139.552;6555
925;763;LECHE CHOCOLATADA SEMI VITA TETRAPACK 200 ML;NO PERECIBLE;73;1760.13;4293
926;3141;SALAMI CURADO 90 CASA GUILLO 1 KG;PERECIBLE;73;1240.68;196
927;9806;AGUA MINERAL IMPERIAL LIMONADA PET 330 ML;NO PERECIBLE;73;659.96;2357
928;709;COLA FIORAVANTI MANZANA 3 LT;NO PERECIBLE;73;400.33084;182
929;1886;DV DETERGENTE ALCALINO ACTIFOAM 23 KG;NO PERECIBLE;72;4812.75;93
930;6677;ENERGIZANTE ORIGINAL V220 330 ML;NO PERECIBLE;72;4586.988;11298
931;2043;SET ULTRAMOPA STANDARD 196 (MOPA + BASE + TUBO);NO PERECIBLE;72;1445.8388034;124
932;10476;PULPA DE DURAZNO DELIFROST 940 GR;PERECIBLE;72;1317.5;527
933;11686;COLA ORANGINE FRESA 3 LT;NO PERECIBLE;72;844.263;945
934;11338;COLA PEPSI 300 ML;NO PERECIBLE;72;661.8282;3278
935;7314;AGUA MINERAL CON GAS IMPERIAL LIMONADA LATA 330 ML;NO PERECIBLE;71;1579.3510524;2280
936;11384;ESPARRAGO VERDE ARENAS 500 GR;FRUVER;71;547.2915;329
937;4558;"FUNDA POLIFAN 30X12 5X12"" HMB X100";NO PERECIBLE;71;545.03889686;578
938;437;GRANOLA TRADICIONAL SCHULLO 400 GR;NO PERECIBLE;71;336.4603536;83
939;11047;YOGURT ENTERO NATURAL KIOSKO 900 ML;PERECIBLE;71;249.6;192
940;1667;PIMENTON PICANTE 200 GR;NO PERECIBLE;71;175.000003;100
941;1905;JABON LAVAR LIDER AZUL 250 GR;NO PERECIBLE;71;69;230
942;3921;COLA BIG FRESA 300 ML;NO PERECIBLE;70;1349.6106;7311
943;11073;GUANTE NITRILO CELESTE SUPPLIES X100 3.5 MICRAS;NO PERECIBLE;70;368.5;134
944;2588;PEPINO DULCE UND;FRUVER;70;154.8;1290
945;533;SALCHICHA POLLO T1 MR POLLO C18 1 KG X29 UND;PERECIBLE;69;3166.821;501
946;8761;YOGURT VAINILLA FINESSE ALPINA 180 GR;PERECIBLE;69;432;480
947;7380;DV SUPER ENZIDENT L DETERGENTE LIQUIDO 20 KG;NO PERECIBLE;68;3308.88;68
948;395;CHIFLES PICANTES TORTOLINES 45 GR;NO PERECIBLE;68;1925.118;4446
949;10621;CHIFLES NATURALES PLATANITOS NATUCHIPS 45 GR;NO PERECIBLE;68;936.00740496;2179
950;766;LECHE SEMIDESCREMADA LA LECHERA TETRAPACK 1 LT;NO PERECIBLE;68;868.765;727
951;86;RES UBRE 1 KG;PERECIBLE;68;851.873308;316.87
952;7725;CUERITOS CRONQUIS 25 GR;NO PERECIBLE;68;789.6816;1392
953;9850;TARRINA DE PAPEL 16 ONZ ECOPAC X25;NO PERECIBLE;68;758.775;335
954;318;ESENCIA RON LEVAPAN 500 ML;NO PERECIBLE;68;431.2;70
955;11662;CEREAL MILO NESTLE 300 GR;NO PERECIBLE;68;352.82175947;137
956;11161;RES HIGADO (50-70) X10;PERECIBLE;67;2008.6425689343;397.41
957;4277;HABAS SUAVES POPIS 200 GR;NO PERECIBLE;67;1213.8;578
958;11159;RES HIGADO (91-110) X10;PERECIBLE;67;1202.9175912942;240.26
959;10649;DORITOS MEGA QUESO 43 GR;NO PERECIBLE;66;1290.1;2716
960;11932;PAN HOT DOG GIGANTE MODERNA 600 GR X8;NO PERECIBLE;66;510.12;327
961;9791;Z3 MERMELADA DE FRUTILLA CHIVERIA 1.35 KG;NO PERECIBLE;66;393.12;104
962;1451;CARAMELO MELO SURTIDO 405GR X100;NO PERECIBLE;66;302.93851896;198
963;4867;COBERTURA CHOCOLATE NEGRO SEMIAMARGO BON AMI 500 GR;NO PERECIBLE;65;662.805;286
964;3922;COLA BIG LIMON 300 ML;NO PERECIBLE;65;350.9272;2132
965;6449;CHOCHOS SUPERMAXI 500 GR;FRUVER;65;294.9302;278
966;1741;MENTA FRESCA 1 KG;FRUVER;65;172.075;137.66
967;10893;CAMARON APANADO TIPO II 2 KG;PERECIBLE;64;4818.5;419
968;2755;GELATINA CEREZA LIGHT TONI 200 GR;PERECIBLE;64;513.8672;679
969;7147;INSECTICIDA SPRAY RAID 285CC;NO PERECIBLE;64;507;169
970;11229;RES FILETE PROCESADO (131-150) X30;PERECIBLE;63;5956.107202431;864.9
971;1128;BORREGO MENUDO 1 KG;PERECIBLE;63;5315.4315;268.05
972;6994;NECTAR DE DURAZNO NATURA TETRAPACK 225 ML;NO PERECIBLE;63;804.6612;3108
973;6756;SALCHICHA RANCHERA T1 JURIS 1 KG X50;PERECIBLE;63;560.04;78
974;1666;PICKLES VINAGRE SNOB VIDRIO 470 GR;NO PERECIBLE;63;205.62378742;74
975;1832;FUNDA VERDE 23X28 X10;NO PERECIBLE;63;153.72;183
976;93;CAMARON GRANDE CONGELADO (36-40) 1 KG;PERECIBLE;62;2009.28;224
977;9807;AGUA MINERAL CON GAS IMPERIAL MANDARINA PET 330 ML;NO PERECIBLE;62;751.24;2683
978;3536;MALLA NEGRA CABELLO X 144;NO PERECIBLE;62;716.9;67
979;10233;AZUCAR MORENA SACHET GENERICO (200 X5 GR);NO PERECIBLE;62;439.56;99
980;295;MARGARINA DE MESA REGIA 3 KG;NO PERECIBLE;62;415.79999736;66
981;2123;VASO PLÁSTICO CON TAPA 10 ONZ X100 UND;NO PERECIBLE;61;1191.8764424;280
982;85;RES LIBRILLO 1 KG;PERECIBLE;60;1530.157272;375.72
983;10702;PAPAS RUFFLES CREMA Y CEBOLLA 38 GR;NO PERECIBLE;60;1088.6658;3382
984;11143;CERDO CHULETA PROCESADO (91-110) X10;PERECIBLE;60;911.846264;156.68
985;232;LECHUGA ROJA 1 KG;FRUVER;60;177.6;111
986;11732;CHIFLE SUPERMAXI REDONDO 300 GR;NO PERECIBLE;59;7891.4583;7029
987;11882;PAN HAMBURGUESA REY PAN 400 GR X8 UND;NO PERECIBLE;59;1128.6;855
988;571;PAN BAGEL 600 GR X 5;PERECIBLE;59;904;226
989;1530;FUNDA VERDE 35 MICRAS 35X47 X50;NO PERECIBLE;59;801.9;99
990;4590;FUNDA ROLLO TRANSPARENTE HMB 10X16 X1KG;NO PERECIBLE;58;497.34431991;291
991;2216;TIJERA FENIX 16.5 CM;NO PERECIBLE;58;29;58
992;1970;CINTA SCOTCH PEQUEÑA 18X25;NO PERECIBLE;58;27.2;136
993;80;RES HIGADO JULIANA 5 KG;PERECIBLE;57;2054.7356544;433.84
994;1962;PAPAS SARITA CEBOLLA 30 GR;NO PERECIBLE;57;679.6944;1839
995;2783;BANDEJA ALUMINIO CON TAPA 13X10.5X3.9 X 10 UND;NO PERECIBLE;57;327.04;292
996;3219;AGUA SIN GAS CIELO 3.5 LT;NO PERECIBLE;57;212.40139642;358
997;4897;DESINFECTANTE EUCALIPTO KALIPTO 1 GL;NO PERECIBLE;56;511.1796;92
998;1853;FUNDA AMARILLA 20MICRAS 7X6 X100UND;NO PERECIBLE;56;479.67;813
999;5615;BANANO PINTON GRANEL (170 - 210 GR);FRUVER;56;405.11445;605.1
1000;6650;CEREAL QUINOA MUNCH CANELA 30 GR;NO PERECIBLE;56;336.8;842
1001;11377;COLA QUINTUPLE PIÑA 300 ML;NO PERECIBLE;56;168.72;888
1002;4809;BEBIDA DE ALMENDRAS NATURES HEART TETRAPACK 946 ML;NO PERECIBLE;55;480.6995269;190
1003;312;ESENCIA BANANO LEVAPAN 500 ML;NO PERECIBLE;55;346.312;73
1004;11165;RES LOMO FALDA PROCESADO (71-90) X10;PERECIBLE;54;4666.058792728;752.8
1005;11701;COLA ORANGINE MANZANA 3 LT;NO PERECIBLE;54;2018.1906;2259
1006;3647;DV SUPER ENZIDENT DETERGENTE POLVO DL53 20 KG;NO PERECIBLE;54;1843.16;71
1007;3360;ENROLLADO DE CERDO T1 CASA GUILLO 1 KG X11;PERECIBLE;54;1798.3;245
1008;526;SALAMI ITALIANO JURIS 1 KG;PERECIBLE;54;725.12;64
1009;9682;PEPPERONI T1 C40 GRANDES FOODS 1 KG;PERECIBLE;54;648;72
1010;2321;VASO SIN TAPA 1 ONZ X100 UND;NO PERECIBLE;54;134.514;141
1011;1536;VASO PLÁSTICO SIN TAPA 12 ONZ X 50 UND;NO PERECIBLE;54;89.93;92
1012;9905;CAFE PASAR T&M ZARUMA SWEET & COFFEE 400 GR;NO PERECIBLE;53;8543.85;1106
1013;4360;TOCINO AHUMADO CASA GUILLO 1 KG;PERECIBLE;53;784.35;83
1014;10594;CEREAL MC DOUGAL 20 GR X 6;NO PERECIBLE;53;463.46021414;329
1015;4106;FUNDA VERDE 2MICRAS 34X10(FUELLE X54) X50;NO PERECIBLE;52;1053;54
1016;4926;FIDEO ESPIRAL/TORNILLO DON VITTORIO 400 GR;NO PERECIBLE;52;275.525;250
1017;1973;CUADERNO CUADROS UNIVERSITARIO NORMA 100 HOJAS;NO PERECIBLE;52;73.75;59
1018;1971;CLIPS MARIPOSA;NO PERECIBLE;52;53.35;55
1019;2175;ETIQUETAS T11 ROJA X20;NO PERECIBLE;52;25.48;98
1020;7788;CERDO CHULETA PROCESADO (185-195) X10;PERECIBLE;51;16555.6205098104;2934.86
1021;503;JAMON DE POLLO T1 MR POLLO 200 GR;PERECIBLE;51;819.1472;328
1022;1379;GALLETAS SALTIN NOEL 300 GR;NO PERECIBLE;51;400.464;288
1023;1829;FUNDA GRIS 45MICRAS 23X28 X10;NO PERECIBLE;51;294.63;427
1024;11893;HARINA DE MAIZ BLANCA PRECOCIDA SUPERMAXI 1 KG;NO PERECIBLE;51;171.2478;163
1025;6598;MINI ROSQUITAS TRENZADAS NATURALES SUPAN 40 GR;NO PERECIBLE;50;900.51;2309
1026;11983;PATAS DE CERDO CONGELADAS LA FINNCA 1 KG;PERECIBLE;50;781.83;357
1027;653;MASCARILLA REUTILIZABLE X50;NO PERECIBLE;50;732;61
1028;3807;YOGURT DESCREMADO FRUTOS ROJOS FINESSE 180 GR;PERECIBLE;50;589.9;694
1029;3786;"GUANTE NIT INDUSTRIAL 330MM 13"" TALLA M";NO PERECIBLE;50;117.18;126
1030;386;GEL NEUTRO MIROIR PURATOS 5 KG;NO PERECIBLE;49;1766.44;52
1031;4074;PORTA TORTA BASE + TAPA 28CM DIAM UND;NO PERECIBLE;49;189.10517703;267
1032;2614;CEDRON 1 KG;FRUVER;49;130.5;87
1033;6599;MINI ROSQUITAS INTEGRALES SUPAN 40 GR;NO PERECIBLE;49;112.71;289
1034;2178;GRAPAS 26/6 EAGLE 5000;NO PERECIBLE;49;39.5;50
1035;1124;BORREGO PROCESADO 5 KG;PERECIBLE;48;3549.84476;491.26
1036;2528;CAFE GRANO GARDELLA 453 GR;NO PERECIBLE;48;1334.0447;157
1037;585;QUESO MOZZARELLA KIOSKO LIGTH 500 GR;PERECIBLE;48;1132.7;241
1038;7019;NECTAR DE NARANJA DEL VALLE TPK 250 ML;NO PERECIBLE;48;956.4408;3528
1039;1840;FUNDA ESPECIAL 35MICRAS 35X47 X50;NO PERECIBLE;48;746.25;75
1040;4611;AGUA MINERAL CON GAS GÜITIG 1.5 LT;NO PERECIBLE;48;454.9141;617
1041;1830;FUNDA PERFORADA 35 MICRAS 23X28 X100;NO PERECIBLE;48;421.4;49
1042;671;MERMELADA DE PIÑA GUSTADINA 300 GR;NO PERECIBLE;48;340.5;227
1043;156;MANGO TOMMY 2 KG;FRUVER;48;250.8;76
1044;2222;COLORINA LA REPOSTERITA 40 ML (4 X10 ML);NO PERECIBLE;48;190.9243116;132
1045;1483;CHIFLES QUESO TORTOLINES 45 GR;NO PERECIBLE;47;802.349;1853
1046;10285;ARANDANO CONGELADOS IQF 1 KG;PERECIBLE;47;450.64;86
1047;11669;CEREAL CORN FLAKES NESTLE 500 GR;NO PERECIBLE;47;288.6912;84
1048;11465;GATORADE MANZANA PET 1 LT;NO PERECIBLE;46;10340.4834;11646
1049;9668;AZUCAR 5 KG;NO PERECIBLE;46;1362.69;315
1050;1807;YOGURT ENTERO NATURAL SIN AZUCAR TONI 1.7 LT;PERECIBLE;46;879.45;165
1051;11378;COLA QUINTUPLE UVA 300 ML;NO PERECIBLE;46;272.6416;1232
1052;1628;COLOR CARAMELO LEVAPAN 500 ML;NO PERECIBLE;46;213.5808;48
1053;8233;ESTRAGON ENTERO MCCORMICK 7 GR;NO PERECIBLE;46;140.27;83
1054;2199;RESALTADOR AMARILLO PELIKAN;NO PERECIBLE;46;31.96;68
1055;3654;SET TRAPERO MICROFIBRA GR;NO PERECIBLE;45;871.25;85
1056;11204;YOGURT SEMIDESCREMADO SURTIDO TONI X6 190 ML;PERECIBLE;45;589.6;134
1057;142;FRUTILLA GRUESA 1 KG;FRUVER;45;433.512;240.84
1058;418;FIDEO ARROZ FINO ORIENTAL 200 GR;NO PERECIBLE;45;391.21305741;183
1059;10332;SALAMI DE AJO C90 REBANADO CASA GUILLO 300 GR;PERECIBLE;45;361.1;157
1060;315;ESENCIA FRESA LEVAPAN 500 ML;NO PERECIBLE;45;305.8;55
1061;700;COLA PEPSI 400 ML;NO PERECIBLE;45;281.815;785
1062;2947;FIDEO FUSILLI TRICOLORE TOSCANA 400 GR;NO PERECIBLE;45;187.27083718;107
1063;7779;SNACK QUINOA CHIA BBQ 40 GR;NO PERECIBLE;45;167.58;399
1064;11464;GATORADE FRUTOS TROPICALES PET 1 LT;NO PERECIBLE;44;30424.7814;34266
1065;3130;RES HIGADO ENTERO CONGELADO 3 KG;PERECIBLE;44;1398.5146253722;276.58
1066;2694;CREMA SILKPAK PURATOS TETRAPACK 1 LT;NO PERECIBLE;44;786.8025;153
1067;10288;FRUTILLA CONGELADOS IQF 1 KG;PERECIBLE;44;718.2;266
1068;674;SALCHICHA UP 1 KG;PERECIBLE;44;225.792;56
1069;447;HARINA SOYA 500 GR;NO PERECIBLE;44;72.389969;50
1070;1438;CONCHA CASCARA X100;PERECIBLE;43;1408;64
1071;4084;ACEITE OLIVA EXTRA VIRGEN SNOB VIDRIO 150 ML;NO PERECIBLE;43;450.24;168
1072;9082;YOGURT DURAZNO TONI B 190 ML;PERECIBLE;43;423.98;493
1073;2563;CAFE DESCAFEINADO BUENDIA 85 GR;NO PERECIBLE;43;255.60799236;49
1074;2054;ARCHIVADOR BENE OFICIO;NO PERECIBLE;43;115.4495;73
1075;7218;POLLO ENTERO VACIO CONGELADO FAVORITO (2.0 - 2.5 KG);PERECIBLE;42;6998.2506;1223
1076;11228;RES FILETE PROCESADO (131-150) X10;PERECIBLE;42;1163.7918393075;169.43
1077;767;LECHE ENTERA VITA TETRAPACK 200 ML;NO PERECIBLE;42;933.6;3112
1078;524;QUESO CHANCHO JURIS 1 KG;PERECIBLE;42;596.65;100
1079;6908;SERVILLETA SUAVE GOLD 1HOJA 33X34 X200;NO PERECIBLE;42;568;200
1080;9435;CAMARON APANADO 2.1 KG (75 X28 GR);PERECIBLE;41;3172.26;182
1081;3217;INSECTICIDA DE INSECTOS PARA PLASTICOS F6 LT;NO PERECIBLE;41;386.57;43
1082;7228;SALSA BBQ GUSTADINA SQUEEZE 370 GR;NO PERECIBLE;41;217.8;99
1083;1473;CANASTILLA #9 X100;NO PERECIBLE;41;42.24;132
1084;5558;MARCADOR TIZA LIQUIDA ROJO PELIKAN;NO PERECIBLE;41;38.5;77
1085;8710;AGUA SIN GAS DASANI 3.8 LT;NO PERECIBLE;40;1226.9107;1229
1086;3324;GALLETAS AMOR CHOCOLATE 180 GR (8 X22.5 GR);NO PERECIBLE;40;909.91999516;484
1087;10078;TORTILLA TRIGO INTEGRALES MAMA FANY 400 GR X12 UND;PERECIBLE;40;447.3926;179
1088;1685;CUCHARA/TENEDOR BLANCO X 50;NO PERECIBLE;40;120.184;166
1089;2479;YOGURT DURAZNO REGENERIS 150 GR;PERECIBLE;39;1621.75;2495
1090;4671;JUGO DE NARANJA DEL VALLE 300 ML;NO PERECIBLE;39;1482.5244;5308
1091;1266;BAGRE 5 KG;PERECIBLE;39;1182.55;67
1092;9872;BIMBOLETE GOTA VAINILLA 76 GR X2;NO PERECIBLE;39;897.6;1632
1093;10298;JAMON DE POLLO PARA SANDUCHE T2 JURIS 200 GR;PERECIBLE;39;345;138
1094;11928;DEDITOS DE DAMA SUPERMAXI 150 GR;NO PERECIBLE;39;247.5502;197
1095;308;CEBOLLA PERLA PROCESADA 1 KG;FRUVER;39;94.2;157
1096;11810;PULPA MARIA MORENA NARANJA DE 1 KG;PERECIBLE;38;463.3;226
1097;7780;SNACK QUINOA CHAMPIÑONES 40 GR;NO PERECIBLE;38;122.22;291
1098;1834;FUNDA NEGRA 30MICRAS 29X36 X10;NO PERECIBLE;38;42.88;67
1099;723;COLA TANQUE GAS 9 KG;NO PERECIBLE;38;0.5;50
1100;7329;TRES LECHES LA LECHERA TETRAPACK 1 LT;NO PERECIBLE;37;908.48;320
1101;2897;QUESO CREMA FLORALP 3.8 KG;PERECIBLE;37;791.06;37
1102;1449;BIZCOTELAS INALECSA 150 GR (X 24);NO PERECIBLE;37;461.78307072;256
1103;10472;YGT SEMIDESCREMADO FRESA MIRAFLORES 3.5 KG;PERECIBLE;37;269.0875;55
1104;3919;COLA BIG NARANJA 300 ML;NO PERECIBLE;37;240.1514;1459
1105;1649;ESENCIA PIÑA LEVAPAN 500ML;NO PERECIBLE;37;142.672;37
1106;1819;FUNDA BLANCA 35MICRAS 18X24 X100 UND;NO PERECIBLE;37;141;47
1107;6564;MARCADOR TIZA LIQUIDA VERDE PELIKAN;NO PERECIBLE;37;30.5;61
1108;2207;SEPARADOR PLASTICO AZUL X10;NO PERECIBLE;37;29.58;51
1109;4589;TAPA PLÁSTICO TRANSPARENTE JARRA 200CC HMB X100;NO PERECIBLE;36;795.6;255
1110;1458;PAN HAMBURGUESA SUPAN 400 GR X8;NO PERECIBLE;36;652.54;413
1111;5613;PAPA SUPERCHOLA SUPERMAXI 3 KG;FRUVER;36;471.3486;174
1112;3923;COLA BIG MANZANA 300 ML;NO PERECIBLE;36;377.5924;2294
1113;801;JUGO DE DURAZNO PULP 145 ML;NO PERECIBLE;36;314.312;1616
1114;1984;PAPEL ROLLO COPIAS X3;NO PERECIBLE;36;157.95;81
1115;9152;MERMELADA DE FRUTILLA SIN AZUCAR SNOB 285 GR;NO PERECIBLE;36;61.2;36
1116;2076;LAPIZ MONGOL HB;NO PERECIBLE;36;10.26;57
1117;8235;YOGURT MIX CEREAL TONI 180 GR;PERECIBLE;35;1391.48;1618
1118;10030;HARINA DE MAIZ BLANCO AREPASAN 1 KG;NO PERECIBLE;35;63;63
1119;11323;RES BIFE ANGOSTO MADURADO CONGELADO IMPORTADO FRIGOR (3.86 - 4.98 KG);PERECIBLE;34;18107.4582;303.46
1120;7621;AGUA MINERAL CON GAS IMPERIAL LIMON MENTA PET 550 ML;NO PERECIBLE;34;2408.25;5070
1121;11837;CHAMPIÑON CONGELADO IQF CAJA 10 KG;PERECIBLE;34;1012;44
1122;9552;CINTA DOBLE FAZ ABRO 18MM X5MT X1MM;NO PERECIBLE;34;101.08;38
1123;2202;RESALTADOR VERDE;NO PERECIBLE;34;20.21;43
1124;2210;SOBRE MANILA F6 30X40 CM;NO PERECIBLE;34;16.9930895;170
1125;11894;COCHINILLO PRONACA (6.5 / 7 KG);PERECIBLE;33;3364.9;46
1126;11942;PECHUGA ENTERA DE PAVO 0969;PERECIBLE;33;2825.55;195
1127;6662;PAVO PECHUGA ENTERA CONGELADA POFASA (2-4) KG;PERECIBLE;33;1263.32812136;74
1128;10644;CEREAL MUSLI MANZANA KELLOGGS 275 GR;NO PERECIBLE;33;296.6774;101
1129;3329;CHOCOLATE COBERTURA BLANCO AMYEL 1 KG;NO PERECIBLE;33;282.9;46
1130;313;ESENCIA CANELA LEVAPAN 500 ML;NO PERECIBLE;33;220.44;44
1131;7382;PAÑOS DE LIMPIEZA WYPALL VERDE REUTILIZABLES X80PLUS X 30 (30243106);NO PERECIBLE;33;194.7;33
1132;1634;ACEITUNAS NEGRAS LA ESPAÑOLA SIN HUESO 300 GR;NO PERECIBLE;33;160.82;68
1133;1475;PALO HELADO CARICIA X 100;NO PERECIBLE;33;116.8608;224
1134;11938;CARNE MOLIDA DE PAVO 2 KG TRIPA 11031;PERECIBLE;32;2842.4;304
1135;5082;LECHE DESLACTOSADA SUPERMAXI TPK 1 LT;NO PERECIBLE;32;944.3423;869
1136;776;LECHE VAINILLA SEMI VITA TETRAPACK 200 ML;NO PERECIBLE;32;859.36;2096
1137;4551;PULPA MARIA MORENA DURAZNO 1 KG;PERECIBLE;32;606.1;209
1138;578;QUESO CREMA TONI 250 GR;PERECIBLE;32;353.46;137
1139;6904;YOGURT SEMI MORA DULACS VASO 150 GR;PERECIBLE;32;325.6;880
1140;1814;FUNDA LAMINADA 60MICRAS 10X15 X100;NO PERECIBLE;32;306.13803049;97
1141;4183;PAVO PRONACA PROCESADO KG;PERECIBLE;32;304.29;63
1142;2371;FUNDA PAPEL CAFE 17.5X39.5X6 X100;NO PERECIBLE;32;208.5;75
1143;2149;ARCHIVADOR ACORDEON PLASTICO;NO PERECIBLE;32;80;32
1144;2213;SOBRE OFICIO BLANCO TERRESTRE;NO PERECIBLE;32;3.18;159
1145;11941;PULPA DE PAVO 0958;PERECIBLE;31;2499;510
1146;11838;BIFE ANCHO CONGELADO NELORE FRIDOSA (2-3 KG);PERECIBLE;31;2249.94;214.28
1147;2645;CHORIZO SUIZO T1 FRITZ 2 KG;PERECIBLE;31;682.3584;58
1148;10714;HELADO CHICLE COPA BUGGY 130ML;PERECIBLE;31;620.553;1830
1149;69;RES CORAZON CONGELADO;PERECIBLE;31;370.7624946432;121.92
1150;1668;PIÑA ALMIBAR RODAJAS SNOB 600 GR;NO PERECIBLE;31;197.4435;97
1151;446;HARINA QUINUA 1 KG;NO PERECIBLE;31;165;75
1152;10859;VASO CON TAPA 2 ONZ X125 UND;NO PERECIBLE;31;131.25;42
1153;2177;GRAPADORA MEDIANA;NO PERECIBLE;31;79.05;31
1154;469;PIMIENTA NEGRA GRANO 1 KG;NO PERECIBLE;30;576.52076865;31
1155;708;COLA FIORAVANTI FRESA 3 LT;NO PERECIBLE;30;88.4013;39
1156;2154;BORRADOR PELIKAN BLANCO;NO PERECIBLE;30;5.78;34
1157;11527;CAFÉ VIZCOFFE GOURMET GRANEL 500GR;NO PERECIBLE;29;2826;314
1158;11880;PREMEZCLA PAN DE YUCA SABOR A QUESO FLEISCHMANN 1 KG;NO PERECIBLE;29;1387.65;319
1159;11382;YOGURT SURTIDO LIGHT DESCREMADO TONI 100 (190 GR X6 UND);PERECIBLE;29;450.7125;105
1160;10780;PIMENTON MIX MC CORMICK 1 KG;NO PERECIBLE;29;441.6272727;30
1161;444;HARINA DE MAIZ NEGRA 1 KG;NO PERECIBLE;29;100.05;69
1162;11167;RES T-BON PROCESADO (111-130) X10;PERECIBLE;28;1216.593470365;141.7
1163;8775;NATURES HEART GO NUTS 35 GR;NO PERECIBLE;28;273.51007839;423
1164;1843;FUNDA ROJA 35MICRAS 35X47 X50;NO PERECIBLE;28;226.8;28
1165;11017;CERDO COSTILLAR SAN LUIS CONGELADO PROCESADO;PERECIBLE;27;2037.9509819262;247.97
1166;10690;LANGOSTA UND (350GR - 450GR);PERECIBLE;27;1838.19;213
1167;6771;ACEITE DANOLIN MAY 20 LT;NO PERECIBLE;27;968.76;27
1168;11375;MATA MALEZA GURKA 500 GLIFOSATO GL;NO PERECIBLE;27;954;53
1169;1792;QUESO CREMA TONI 50 GR;PERECIBLE;27;667.48;1517
1170;2769;TORTILLAS MAMA FANY EXTRA GRANDE 645 GR;PERECIBLE;27;483.4168;158
1171;11967;SERVILLETA GOURMET UNILIMPIO 1 HOJA 33X33X200 UN;NO PERECIBLE;27;361.4;139
1172;10109;VINAGRE BALSAMICO MAZZA PET 5 LT;NO PERECIBLE;27;287.05471335;27
1173;5482;ADEREZO HONEY MUSTARD 3.83 KG;NO PERECIBLE;27;279.888;32
1174;10028;PAÑOS DE LIMPIEZA WYPALL AZUL PREDOBLADO REUTILIZABLES 29 X 34 CM CORES X 50 (30228872);NO PERECIBLE;27;144.76306884;39
1175;10454;CERDO NUGGETS 2.2 KG (100 X22 GR);PERECIBLE;26;1121;76
1176;7710;RES PICAÑA CONGELADO PROCESADO;PERECIBLE;26;1098.134001;87.39
1177;4797;AZUCAR BLANCA SUPERMAXI 5 KG;NO PERECIBLE;26;326.4415;77
1178;240;PAPA CHAUCHA 1 KG;FRUVER;26;316.8;264
1179;3750;AGUA SIN GAS DASANI 300 ML;NO PERECIBLE;26;243.048;1235
1180;10555;MANTEQUILLA PRESIDENT 8 GR;PERECIBLE;26;223.56;1656
1181;1969;TOSTITOS JALAPEÑOS 45 GR;NO PERECIBLE;26;209.38661612;491
1182;459;NUEZ MOSCADA 200 GR;NO PERECIBLE;26;189;27
1183;9684;JAMON AMERICANO TIPO I GRANDES FOODS 500 GR;PERECIBLE;26;152;38
1184;10117;TOMATES DESHIDRATADOS EN ACEITE MAZZA 280 GR;NO PERECIBLE;26;113.34503269;61
1185;2028;GUANTE PLASTICO X100;NO PERECIBLE;26;39.5;50
1186;2171;CORRECTOR BOLIGRAFO PELIKAN-NUKOTE;NO PERECIBLE;26;14.5;29
1187;3468;ACEITE TRI REFINADO 20 LT;NO PERECIBLE;25;855.9;27
1188;11160;RES HIGADO (111-130) X10;PERECIBLE;25;779.8337061504;154.88
1189;7772;NECTAR DE NARANJA TRU TETRAPACK 200 ML;NO PERECIBLE;25;696;2320
1190;2507;QUESO FRESCO VITA 450 GR;PERECIBLE;25;585;195
1191;9956;PAPEL TOALLA DE MANOS HOJA SENCILLA NATURAL SCOTT ESSENTIAL (1 ROLLO X 250 MTS) (30240064);NO PERECIBLE;25;570.48857094;114
1192;11969;INFUSION DE MANZANILLA NATURE´S HEART 20 X 1G;NO PERECIBLE;25;86.48;92
1193;11970;INFUSION MENTA NATURE´S HEART 20 X 1.30 G;NO PERECIBLE;25;53.25;75
1194;2107;SEPARADOR PLASTICO AMARILLO X10;NO PERECIBLE;25;17.98;31
1195;11463;GATORADE UVA PET 1 LT;NO PERECIBLE;24;8558.4681;9639
1196;5660;RES, CARNE MOLIDA 14 - 17% GRASA REFRIGERADO 2.5 KG;PERECIBLE;24;2116.17744;782.61
1197;10927;LECHE SABORES SURTIDOS VITA TPK PACK (6 X 200 ML FRUTILLA, CHOCOLATE, VAINILLA);NO PERECIBLE;24;1177.4058;431
1198;1139;CERDO MENUDO;PERECIBLE;24;595.1521428592;431.44
1199;4547;QUESO REQUESON FLORALP 450 GR;PERECIBLE;24;331.1759;79
1200;174;TAMARINDO 1 KG;FRUVER;24;225.15;79
1201;11447;PAPA CECILIA GRUESA SUPERMAXI 1.2 KG;FRUVER;24;137.6286;102
1202;485;AROMATICA TORONJIL HORNIMANS 32 GR X25;NO PERECIBLE;24;91.225;89
1203;380;COLORINA ROJO LEVAPAN 250 ML;NO PERECIBLE;24;88.0032;32
1204;2198;REGLA 30 CM;NO PERECIBLE;24;6.24;26
1205;11441;RES PICAÑA TIPO A MADURADO/IMPORTADO FRIGOR (1.1 - 1.9 KG);PERECIBLE;23;1556.250696;58.89
1206;2051;BARRA TOSH FRESA 138 GR (6 X23 GR);NO PERECIBLE;23;1407.16;554
1207;793;BAG BOX FANTA 10 LT;NO PERECIBLE;23;1065.7786;23
1208;7326;BAG BOX COCA SIN AZUCAR 10 LT;NO PERECIBLE;23;1065.7786;23
1209;11380;CHOCOLATE BARRA BIOS 600 GR (30 UND X20 GR);NO PERECIBLE;23;731;86
1210;9941;JAMON VIRGINIA ARTESANAL DON DIEGO 200 GR;PERECIBLE;23;509.12;172
1211;6617;PASTEL MEXICANO REBANADO T1 C11 CASA GUILLO 1 KG;PERECIBLE;23;195.3;35
1212;344;SALSA DE TOMATE EN VIDRIO MARCELLOS 400 GR;NO PERECIBLE;23;94.9536;84
1213;7106;CONTENEDOR COMPARTIDO COMPOSTABLE 8X8 X200;NO PERECIBLE;22;831.6000011;22
1214;7805;AGUA SIN GAS TRADICIONAL 1 LT;NO PERECIBLE;22;531.855;2007
1215;10287;FRAMBUESA CONGELADOS IQF 1 KG;PERECIBLE;22;500.4;72
1216;413;CLAVO OLOR 1 KG;NO PERECIBLE;22;380.16;22
1217;4588;TAPA VASO BLANCO HMB 100 CC 3.5 ONZ X100 UND;NO PERECIBLE;22;200.38251852;97
1218;6554;GALLETAS QUAKER AVENA Y PASAS 168 GR (6 X28 GR);NO PERECIBLE;22;156.2085;63
1219;381;COLORINA VERDE LEVAPAN 250 ML;NO PERECIBLE;22;82.503;30
1220;1439;CONCHA CARNE 800 GR;PERECIBLE;21;899.57;71
1221;6615;CHAMPIÑON ENTERO BOTONCITO GUIPI LATA 180 GR;NO PERECIBLE;21;249.676;148
1222;11163;RES LOMO FALDA PROCESADO (50-70) X10;PERECIBLE;21;214.3158242038;34.21
1223;11716;CERDO HUESO CONGELADO 5 KG;PERECIBLE;21;212.90745;289.67
1224;11571;CHOCLO GRANO SELECCIONADO 1 KG;FRUVER;21;128;80
1225;4619;CREMA PASTELERA CREMYVIT PURATOS 2 KG;NO PERECIBLE;20;1268.8;80
1226;795;BAG BOX FRESA 10 LT;NO PERECIBLE;20;947.27;20
1227;3325;GALLETAS AMOR CLASICA 180 GR (8 X22.5 GR);NO PERECIBLE;20;842.23999552;448
1228;4643;MANTEPAN LEVAPAN 15 KG;NO PERECIBLE;20;687.2;20
1229;8762;QUESO AMERICANO REBANADO KIOSKO 1.6 KG;PERECIBLE;20;651.984;51
1230;9291;CHOCLO SELECCIONADO UND;FRUVER;20;392;1120
1231;11698;CHORIZO PARRILLERO TIPO 1 CASA GUILLO 1KG;PERECIBLE;20;262.5;75
1232;9773;SORBETON OXOBIODEGRADABLE PARA BUBBLES TEAS X150;NO PERECIBLE;20;225.15;57
1233;2173;CUADERNO CUADROS JUNIOR NORMA 100 HOJAS;NO PERECIBLE;20;19.76;26
1234;10126;ACEITE OLIVA CLASICO MEZCLA MAZZA LATA 5 LT;NO PERECIBLE;19;715.991439;25
1235;1776;CARVE HAMBURGUESA 450 GR;PERECIBLE;19;211.5;47
1236;11929;TOSTITOS JALAPEÑOS 43 GR;NO PERECIBLE;19;210.900417;525
1237;7321;UVA ROSADA IMPORTADA EN CAJA PLASTICA 1 KG;FRUVER;19;132;30
1238;4601;MEJILLON CARNE 310 GR X 200;PERECIBLE;19;94.08;56
1239;4967;FRUTOS SECOS CIRUELAS SIN SEMILLAS SUPERMAXI 350 GR;NO PERECIBLE;19;52.1294514;30
1240;10865;FIORAVANTI MINI FRESA 250 ML;NO PERECIBLE;19;23.98;110
1241;10924;POLLO PIERNA/MUSLO CONGELADO PROCESADO X12 PRESAS;PERECIBLE;18;1104.643593925;495.5
1242;11286;AVENA CON LECHE Y CANELA UHT VITA 200 ML;NO PERECIBLE;18;744.74;1619
1243;2938;PESCADO FILETE APAN PLUMROSE 960 GR (12 X80 GR);PERECIBLE;18;672;112
1244;1924;CARAMELO SURTIDO HALLS 302.4 GR (12 X25.2 GR);NO PERECIBLE;18;519.4;98
1245;508;JAMON SERRANO DON DIEGO 100 GR (401521);PERECIBLE;18;373.464;95
1246;1513;ULTRAMOPA MEDIANA + BASTON 27X74 (219);NO PERECIBLE;18;246.06;18
1247;4400;PREMEZCLA QUEQUEX NARANJA 1KG;NO PERECIBLE;18;204.93;69
1248;10116;TOMATES DESHIDRATADOS EN ACEITE MAZZA 1.6 KG;NO PERECIBLE;18;174.1332182;20
1249;3778;AVENA LECHE FINESSE ALPINA VASO 250 GR;NO PERECIBLE;18;155.52;216
1250;2042;TRAPEADOR;NO PERECIBLE;18;50;25
1251;11986;PALO HELADO FIESTA X 100;NO PERECIBLE;18;49.3626;147
1252;2203;SACAGRAPAS;NO PERECIBLE;18;8.64;18
1253;74;CUY X2;PERECIBLE;17;1162;166
1254;1468;TIGRETON INALECSA 50 GR;NO PERECIBLE;17;583.9548;1066
1255;4389;CARAT DECORCREM PURATOS 1 KG;NO PERECIBLE;17;280;40
1256;3665;CEREZAS ROJAS HELIOS 160 GR;NO PERECIBLE;17;76.0104;46
1257;199;HORCHATA 10 GR;FRUVER;17;75.25;301
1258;10716;BROCOLI EMPACADO 1 KG;FRUVER;17;71.8905;130.71
1259;2158;CARPETA PLASTICO;NO PERECIBLE;17;8.14;37
1260;7875;COCHINILLO PRONACA (4.28 - 5.45 KG);PERECIBLE;16;1371.73666674;22
1261;10700;SNACK DE TODITO NATURAL 55 GR;NO PERECIBLE;16;193.35991356;396
1262;311;ESENCIA ANIS 500 ML;NO PERECIBLE;16;134.16;26
1263;1809;RON GOLD SAN MIGUEL 750 ML;NO PERECIBLE;16;115.50986046;18
1264;2533;LONGANIZA T1 PRONACA 300 GR;PERECIBLE;15;420.12;120
1265;10929;CHURROS EN LAZO CONGELADOS IQF AVIKO CAJA (4X1 KG);PERECIBLE;15;225.619875;15
1266;11339;HUEVOS DE CODORNIZ LA ORIGINAL X 20;NO PERECIBLE;15;125.454;87
1267;4625;"BANDEJA TERMICA RECTANGULAR HMB 10X14"" X10";NO PERECIBLE;15;97.584;76
1268;2578;MANGO CHUPAR UND;FRUVER;15;86.56;541
1269;4672;AZUCAR MORENA VALDEZ 2 KG;NO PERECIBLE;15;75.82623474;38
1270;11501;PAPAS SUPERCRUNCH AVIKO 2.5 KG (CALIBRE 9.5MM);PERECIBLE;14;1315.21;260
1271;11924;CHICHARRON DE CERDO 1 KG;PERECIBLE;14;990.81;109
1272;6993;QUESO MOZZARELLA KIOSKO CORTADO BLOQUE 2.7 KG;PERECIBLE;14;772.57;23
1273;4456;QUESO FRESCO FLORALP 500 GR;PERECIBLE;14;764.86;229
1274;11018;CERDO COSTILLAR BABY BACK CONGELADO PROCESADO;PERECIBLE;14;746.3869178556;90.79
1275;9871;BIMBOLETE GOTA CHOCOLATE 76 GR X2;NO PERECIBLE;14;300.85;547
1276;3444;TILAPIA ENTERA (200-250GR) X 10;PERECIBLE;14;298.8;40
1277;7906;JAMON SERRANO EL POZO 500 GR;PERECIBLE;14;227.9;20
1278;8795;PAPA HASH BROWN LUTOSA 2.5 KG X23 UND;PERECIBLE;14;225.55;26
1279;768;LECHE FRESA SEMI VITA TETRAPACK 200 ML;NO PERECIBLE;14;219.76;536
1280;3151;ACEITUNAS VERDES TAJADAS SNOB 4.1 KG;NO PERECIBLE;14;198.2064;14
1281;1837;FUNDA AMARILLA 35MICRAS 35X47 X50;NO PERECIBLE;14;178.2;22
1282;1646;COCTEL DE FRUTAS EN ALMIBAR GUSTADINA 820 GR;NO PERECIBLE;14;148.12329168;42
1283;2139;CARVE TRIGO/SOYA 450 GR;PERECIBLE;14;139.5;31
1284;9762;FRUTAS DESH ARANDANO NUTS NATURES HEART 35 GR;NO PERECIBLE;14;109.19774544;168
1285;3703;TORTILLINAS INTEGRALES BIMBO 320 GR X8;NO PERECIBLE;14;96;48
1286;2156;CALCULADORA CASIO HL 815 8 DIGITOS BOLSILLO;NO PERECIBLE;14;66;15
1287;10750;Z3 MERMELADA DE DURAZNO CHIVERIA 1.35 KG;NO PERECIBLE;14;60.48;16
1288;2189;PERFORADORA XINGLI;NO PERECIBLE;14;34.44;14
1289;10021;DISPENSADOR LIMPION METALICO WYPALL (30180284) COMOD;NO PERECIBLE;14;0.0026;26
1290;11651;CERDO DESHUESADO PROCESADO 5 KG;PERECIBLE;13;16746.92;577.48
1291;1569;CAPUCHINO NESCAFE 1 KG;NO PERECIBLE;13;1363.8248;52
1292;1570;CAPPUCCINO VAINILLA ALEGRIA NESCAFE 1 KG;NO PERECIBLE;13;1109.3836;52
1293;3327;GALLETAS AMOR VAINILLA 180 GR (8 X22.5 GR);NO PERECIBLE;13;667.25;425
1294;113;PULPO 1 KG;PERECIBLE;13;644.16;32
1295;8428;LECHE POLVO EL ORDEÑO 400 GR;NO PERECIBLE;13;227.115;75
1296;555;HELADO VAINILLA CREMOSSITO PINGUINO 900 ML;PERECIBLE;13;110.84;34
1297;3118;PAN HOT DOG MODERNA 320 GR X8;NO PERECIBLE;13;95.7;110
1298;3439;PAICO 50 GR;FRUVER;13;5.04;24
1299;11185;CALAMAR POTA CONGELADO SELECCIONADO 5 KG;PERECIBLE;12;2692.235;111.02
1300;791;BAG BOX COCA COLA 18 LT;NO PERECIBLE;12;975.0048;12
1301;4414;PREMEZCLA PAN YUCA FLEISCHMANN 1KG;NO PERECIBLE;12;749.76;142
1302;3378;AGUA SIN GAS TESALIA 625 ML;NO PERECIBLE;12;433.34273432;1592
1303;11230;RES HIGADO (131-150) X10;PERECIBLE;12;367.9067860041;73.33
1304;12009;REFRESCO CITRUS NARANJA LA ORIGINAL 500 ML;NO PERECIBLE;12;347.6289;1821
1305;1226;RES L.FALDAT 76-90 X10;PERECIBLE;12;249.5977272383;37.87
1306;3359;ENROLLADO DE POLLO T1 CASA GUILLO 1 KG X11;PERECIBLE;12;116.11;17
1307;11653;HELADO DE CREMA DE LECHE SABOR MANJAR CON ALMENDRAS TOPSY 1 LT;PERECIBLE;12;106.512;28
1308;9761;FRUTAS DESHIDRATADAS Y NUECES NUTTY BERRY MIX NATURES HEART 35 GR;NO PERECIBLE;12;86.73;147
1309;2191;PORTA CLIPS;NO PERECIBLE;12;6.96;12
1310;11706;VASO DE PAPEL 12 OZ B/F SIN TAPA X50 UNID;NO PERECIBLE;11;704;220
1311;7588;ARROZ ENVEJECIDO MACAREÑO CASA DEL ARROZ 45.36 KG;NO PERECIBLE;11;504.41053788;12
1312;11485;RES MOLIDA ESPECIAL 6 - 7% GRASA REFRIGERADO PROCESADO 5 KG;PERECIBLE;11;487.2296;85.18
1313;3474;MANGA PLASTICA (53X58X25) X 100;NO PERECIBLE;11;374;11
1314;11974;CARNE MOLIDA DE CERDO CONDIMENTADA 5 KG;PERECIBLE;11;223.85;11
1315;2753;FIDEO LONCHYS POLLO 65 GR;NO PERECIBLE;11;195.36;264
1316;3857;JUGO DE NARANJA/MANGO DHOY 355 ML;PERECIBLE;11;143.78000052;156
1317;4195;CONTENEDOR TERMICO LLANO PLASTI UTIL 8X8 (X25);NO PERECIBLE;11;143.1954;79
1318;5562;MANDARINA GRANEL KG;FRUVER;11;121.22;83.6
1319;4571;TARRINA PLÁSTICA OPAL SIN TAPA 1/2 LT X50 UND;NO PERECIBLE;11;80.979;30
1320;8848;LECHE FRESA SEMI TONI TETRAPACK 200 ML;NO PERECIBLE;11;73.4592;96
1321;10513;PULPA DE PAPAYA CONGELADO DELIFROST 940 GR EK;PERECIBLE;11;68.06;41
1322;8236;FIDEO FETTUCCINI DON VITTORIO 400 GR;NO PERECIBLE;11;55.77524136;54
1323;3416;VASO TERMICO BLANCO PLASTRO 10 ONZ X 20 UND;NO PERECIBLE;11;52.9932;52
1324;11264;CEBOLLA PUERRO SIN HOJA POR KG;FRUVER;11;40.8;24
1325;11048;VASO TERMICO BLANCO PLASTRO 6 OZ X 25 UND;NO PERECIBLE;11;36.3763636;40
1326;1608;MOKACHINO NESCAFE 1 KG;NO PERECIBLE;10;865.396;40
1327;8039;LECHE CHOCOLATADA SEMI TONI TETRAPACK 1 LT;NO PERECIBLE;10;355.8225;209
1328;5281;QUESO MANABA AUTENTICO LA HOLANDESA 400 GR;PERECIBLE;10;273.4032;79
1329;4591;FUNDA ROLLO TRANSPARENTE HMB 18X24 X1KG;NO PERECIBLE;10;273;10
1330;9908;ESCOBILLON CERDA SUAVE 42.5 CM CON TUBO METALICO;NO PERECIBLE;10;270;20
1331;9430;QUESO BURRATA ROSSI 300 GR;PERECIBLE;10;141.7692;37
1332;2435;MERMELADA DE FRUTILLA LA PRIMERA 5.7 KG;NO PERECIBLE;10;136.1;10
1333;10926;LECHE ENTERA VITA TPK PACK (6 X 200 ML);NO PERECIBLE;10;97.2;54
1334;3781;AVENA LECHE CANELA ALPINA VASO 250 GR;NO PERECIBLE;10;81.36;113
1335;10113;SALSA DE TOMATE POMODORO CLASICA MAZZA LATA 2.5 KG;NO PERECIBLE;10;79.55738608;16
1336;8776;NATURES HEART FRUTAS Y CHOCOLATE 35 GR;NO PERECIBLE;10;78;120
1337;11994;PAN RUSTICO SOUR CORTADO MAXIPAN 380 GR;NO PERECIBLE;10;50.031;34
1338;11466;ACEITE OLIVA EXTRA VIRGEN MAZZA 500 ML;NO PERECIBLE;10;48.209;10
1339;10699;ALCAPARRAS EN VINAGRE MAZZA VIDRIO 700 GR;NO PERECIBLE;10;47.2416;12
1340;6128;JAMON DE PIERNA T1 JURIS 200 GR;PERECIBLE;10;46.144;16
1341;7839;JABON LAVAR BLANCO FLORAL LAVATODO 230 GR;NO PERECIBLE;10;19.24620808;38
1342;2102;RECIBERA;NO PERECIBLE;10;7.2;10
1343;11025;RES BIFE ANGOSTO MADURADO CONGELADO IMPORTADO PROCESADO FRIGOR (3.5 - 6.5 KG);PERECIBLE;9;6195.15;91.78
1344;11394;RES PICAÑA IMPORTADA FRIGOR (1.17 - 2.13 KG);PERECIBLE;9;978.199083;41.67
1345;9741;PAPEL HIGIENICO INTERFOLIADO ELITE EXCELLENCE DOBLE HOJA 250HOJAS;NO PERECIBLE;9;391.3;350
1346;4546;QUESO PARMESANO RALLADO FLORALP 1 KG;PERECIBLE;9;180;9
1347;8297;PREMEZCLA TEGRAL BISCUIT PURATOS 5 KG;NO PERECIBLE;9;160.49;11
1348;5260;QUESO DAMBO SALINERITO 350 GR;PERECIBLE;9;147.826;35
1349;1661;MERMELADA DE PIÑA LA PRIMERA 5.7 KG;NO PERECIBLE;9;138.87;9
1350;7660;HELADO RON PASAS TOPSY 1 LT X6;PERECIBLE;9;133.56;10
1351;770;LECHE POLVO SOYA ORIENTAL 400 GR;NO PERECIBLE;9;129.4463736;18
1352;1556;AVENA LECHE ALPINA VASO 250 GR;NO PERECIBLE;9;76.68;108
1353;391;MEJORADOR S-500 PURATOS 1 KG;NO PERECIBLE;9;69.3;9
1354;819;BEBIDA LACTEA MORA YOGUYOGU TETRAPACK 200 ML;NO PERECIBLE;9;68.637;137
1355;8269;PROTEINA DE TRIGO FORMA DE MILANESA CON 5 CEREALES CORDON GREEN X4 250GR;PERECIBLE;9;61.69;31
1356;2098;PLATO TERMICO LLANO ALEGRIA #10 1/4 X25 UND;NO PERECIBLE;9;46.69577187;51
1357;7773;NECTAR DE DURAZNO TRU TETRAPACK 200 ML;NO PERECIBLE;9;43.5;145
1358;2607;CEREZAS VERDE HELIOS 160 GR;NO PERECIBLE;9;28.54824945;15
1359;8359;AROMATICA TORONJIL ILE 37.5GR X25;NO PERECIBLE;9;18.9222;22
1360;2165;CARPETA MANILA OFICIO IDEAL AZUL;NO PERECIBLE;9;7.02;39
1361;192;ARRAYAN 10 GR;FRUVER;9;5.67;27
1362;5670;RES PULPA REDONDA BLANCA REFRIGERADO;PERECIBLE;8;1611.877398;51.06
1363;1454;CHOCOLATE SNICKERS 2.5KG X48;NO PERECIBLE;8;426.24;8
1364;11984;QUESO MOZZARELLA REBANADO FLORALP BLOQUE( 2.6/3.0 KG);PERECIBLE;8;319.8;13
1365;11700;CHORIZO TIPO 1 CASA GUILLO 1 KG;PERECIBLE;8;256.2;61
1366;4622;BEBIDA AMARANTO MORA/FRESA AMATI TETRAPACK 200 ML;NO PERECIBLE;8;119.75186815;179
1367;4387;ADEREZO VINAGRETA ITALIAN HERBS MCCORMICK 3.35 LT;NO PERECIBLE;8;70.29;9
1368;11272;UVA ROSADA MEDIANA IMPORTADA EMPACADA AL GRANEL POR KG;FRUVER;8;49.5;15
1369;657;MORTADELA UP T2 1 KG;PERECIBLE;8;39.84;10
1370;9459;MASA PARA EMPANADAS YUB 450 GR;PERECIBLE;8;37.08;30
1371;1815;FUNDA PERFORADA 40 MICRAS 12X18 X100;NO PERECIBLE;8;20.96;8
1372;4505;INFUSION MUYUKUNA MANGO 10 GR;NO PERECIBLE;8;16.8;28
1373;3425;NECTAR DE MANZANA PULP TPK 1 LT;NO PERECIBLE;8;12.7137;15
1374;6264;RES HIGADO ENTERO CONGELADO;PERECIBLE;7;795.188966;64.51
1375;8223;RES LOMO DE FALDA ASADO CON GRASA SUPERMAXI REFRIGERADO (2.09 - 2.68 KG);PERECIBLE;7;306.5460263019;22.33
1376;9189;MASA DE HOJALDRE LA CANASTA 500 GR;PERECIBLE;7;238.5915;93
1377;2086;MULTI26 LIQUIDO 20 KG;NO PERECIBLE;7;231;7
1378;10782;DV SUMA CIT D5.8 DESINFECTANTE ACIDO 5 LT;NO PERECIBLE;7;168;8
1379;11973;NACHOS DE YUCA TRICOLOR 40 GR;NO PERECIBLE;7;159.3;270
1380;7661;HELADO SUNDAE MORA TOPSY 1 LT X6;PERECIBLE;7;156.2706;9
1381;11451;RES BIFE DE CHORIZO LOMO DE FALDA SUPERMAXI (1 - 1.2) KG;PERECIBLE;7;123.393150972;7.8
1382;1289;RES RIÑON CONGELADO;PERECIBLE;7;91.7451399549;32.73
1383;7987;"BANDEJA TERMICA HOT DOG BLANCA 4X8 1/2"" X 25";NO PERECIBLE;7;78.27963276;84
1384;96;ALMEJA CASCARA X100;PERECIBLE;7;75.06;18
1385;12025;CHAMPIÑON ENTERO LA ORIGINAL 435 GR;NO PERECIBLE;7;72.541;43
1386;4623;BEBIDA AMARANTO MARACUYA UVILLA AMATI TETRAPACK 200 ML;NO PERECIBLE;7;55.61852868;82
1387;4948;FREJOL BOLON ROJO SUPERMAXI 500 GR;NO PERECIBLE;7;54.5076;36
1388;8264;PROTEINA DE TRIGO FORMA DE FRITADA 5 CEREALES CORDON GREEN X4 250 GR;PERECIBLE;7;43.68;21
1389;7841;TOALLA PAÑO 2 EN 1 REUTILIZABLE DURAMAX 120HOJAS (20,6 X 27,5 CM);NO PERECIBLE;7;38.81188892;7
1390;6130;JAMON DE ESPALDA T1 JURIS 200 GR;PERECIBLE;7;37.904;16
1391;1407;VASO PLASTICO SIN TAPA 3 ONZ X100 UND;NO PERECIBLE;7;29.82;21
1392;9517;LECHUGA CRIOLLA EMPACADA 1 KG;FRUVER;7;27.45;61
1393;8948;GALLETAS INTEGRAL SALTICAS (3X66 GR);NO PERECIBLE;7;24.99;84
1394;4502;INFUSION MUYUKUNA FRUTOS ROJOS 10GR;NO PERECIBLE;7;23.4;39
1395;2682;CHOCOLISTO TARRO 300 GR;NO PERECIBLE;7;21.36948147;9
1396;4506;INFUSION MUYUKUNA MANZANA 10 GR;NO PERECIBLE;7;16.2;27
1397;10121;ALCACHOFA CORAZONES EN AGUA 5/7 MAZZA LATA 400 GR;NO PERECIBLE;7;16.12140677;7
1398;2204;SACAPUNTAS;NO PERECIBLE;7;2;8
1399;1777;GELATINA TONI FRESA 200 GR;PERECIBLE;6;338.28958659;447
1400;10536;RES LOMO FINO EXTRA LIMPIO REFRIGERADO;PERECIBLE;6;171.1264;10.09
1401;6016;CHORIZO PARRILLERO T1 AGROPESA 2.5 KG;PERECIBLE;6;140.9967;9
1402;2752;FIDEO LONCHYS CARNE 67 GR;NO PERECIBLE;6;132.35815488;168
1403;12016;CHIFLES NATURALES PLATANITOS NATUCHIPS 42 GR;NO PERECIBLE;6;102.6;225
1404;4511;SABORIZANTE TORANI AMARETTO 750 ML;NO PERECIBLE;6;63;6
1405;8268;PROTEINA DE SOYA FORMA DE HAMBURGUESA CRISPY CON QUINUA CORDON GREEN X2 180 GR;PERECIBLE;6;59.66;38
1406;3454;TARRINA TERMICA CON TAPA 1LT X50 UND;NO PERECIBLE;6;56.16;9
1407;2187;PAPELERA METALICA 2 SERVICIOS;NO PERECIBLE;6;37.8;6
1408;5184;PAN BLANCO HAMBURGUESA CYRANO 480 GR;NO PERECIBLE;6;31.7961;21
1409;3881;CHOCHO/CHIFLE 180 GR;PERECIBLE;6;31.6;40
1410;10737;VASO DURO SIN TAPA 6 ONZ X50 UND;NO PERECIBLE;6;23.6775;11
1411;5176;PALMITOS CORAZONES CARLO 371 GR;NO PERECIBLE;6;22.08982373;13
1412;5076;LECHE DE COCO GOYA 400 ML;NO PERECIBLE;6;20.8926;6
1413;10738;TAPA DURA PLANA PARA VASO 6 ONZ X100 UND;NO PERECIBLE;6;14.4312;6
1414;2503;ARCHIVADOR NORTON PASIVO 03 (CAJAS CARTON) GRANDE;NO PERECIBLE;6;10.8;8
1415;11738;DV DS30 PLUS DETERGENTE DESENGRASANTE ALTAMENTE ESPUMANTE 20 KG;NO PERECIBLE;5;528;12
1416;6286;DV LIMPIADOR DESINFECTANTE SUMA BREAK UP CHLOR D3.4 BID 20LT;NO PERECIBLE;5;444;5
1417;1232;CERDO PIERNA CONGELADO CON GRASA PROCESADO;PERECIBLE;5;365.45229;72.06
1418;11667;COLA AKI FRESA 3 LT;NO PERECIBLE;5;342.6192;396
1419;6620;VINO ESPUMANTE FRUTAS MONT SANT 750 ML;NO PERECIBLE;5;212.51545882;49
1420;8026;VASO TERMICO CON TAPA 12 ONZ X100 UND;NO PERECIBLE;5;208.1;20
1421;817;BEBIDA LACTEA FRESA YOGUYOGU TETRAPACK 200 ML;NO PERECIBLE;5;199.49080962;398
1422;11736;ARROZ ENVEJECIDO ARROZOTE 45.36 KG;NO PERECIBLE;5;190.90719065;5
1423;65;RES PECHO PROCESADO 1 KG;PERECIBLE;5;170.960265;33.81
1424;10946;QUESO CREMA PRESIDENT BALDE 4 KILOS;PERECIBLE;5;158;10
1425;7339;AGUA ACQUA PANNA S/G 500 ML;NO PERECIBLE;5;142.75712088;198
1426;11455;CERDO STEAK SUIZO CONGELADO GG;PERECIBLE;5;105.56217;13.23
1427;8688;PAPEL ALUMINIO DIAMOND 60.9 M;NO PERECIBLE;5;80.8344;9
1428;11730;JABON TOCADOR ANTIBACTERIAL MANZANILLA BEST PACK (3X92 GR) 276 GR;NO PERECIBLE;5;65.52;91
1429;3652;PAN ARABE NATURAL MINI PASTELO 300 GR;PERECIBLE;5;55.72;28
1430;9295;RES, CARNE MOLIDA TACO 14 - 15% CONGELADO TIPO 1 SUPERMAXI (1.24 - 1.54 KG);PERECIBLE;5;44.9899085376;11.94
1431;2457;FIDEO LETRAS TOSCANA 400 GR;NO PERECIBLE;5;43.1462;29
1432;188;AJO PELADO 1 KG;FRUVER;5;32.4;9
1433;9930;COCA COLA LATA 350 ML;NO PERECIBLE;5;29.6275;35
1434;3880;CHOCHO/CHIFLE 111 GR;PERECIBLE;5;16.52;28
1435;11099;AJO MACHO SUPERMAXI 150 GR;FRUVER;5;14.9895;9
1436;10302;CHOCLITO TROCITOS BABY CORN SNOB LATA 810 GR;NO PERECIBLE;5;14.6475;5
1437;4508;INFUSION MUYUKUNA PIÑA 10 GR;NO PERECIBLE;5;13.8;23
1438;2007;ESCOBA MADERA FIBRA INDUSTRIAL;NO PERECIBLE;5;12.5;5
1439;10327;BROCOLI CONGELADOS IQF 1 KG;PERECIBLE;5;12.48;26
1440;9061;TOCINETA REBANADA LA EUROPEA 100 GR;PERECIBLE;5;4.3878;6
1441;11687;POLLO, PIERNA MUSLO CONGELADO CORTE EN CUARTOS X12 PROCESADO;PERECIBLE;4;1103.64;129.84
1442;1895;DV SUMA BLEND 20 KG;NO PERECIBLE;4;362.68;4
1443;10455;MEZCLA POLVO TEGRAL PONQUE CHOCOLATE PURATOS 25 KG;NO PERECIBLE;4;256.16;4
1444;7924;LECHE CONDENSADA ITAMBE LATA 5 KG;NO PERECIBLE;4;105.75;5
1445;11959;DR. MULLER KIDS GALLETAS MANGO Y MANZANA 25 GR;NO PERECIBLE;4;96;160
1446;10873;CREMA DE AVELLANA CON CACAO BAKELS 3 KG;NO PERECIBLE;4;88.16;4
1447;8267;PROTEINA DE SOYA FORMA DE JAMON CORDON GREEN X15 250 GR;PERECIBLE;4;79.2;40
1448;5266;QUESO GOUDA KIOSKO 350 GR;PERECIBLE;4;59.01294282;13
1449;5233;PIMIENTA MOLIDA ILE 500 GR;NO PERECIBLE;4;56.034;11
1450;11937;PAPAS SG FRITAS ARTESANALES SX. 27 GR;NO PERECIBLE;4;45.36;216
1451;4959;FREJOL REFRITO FACUNDO 425 GR;NO PERECIBLE;4;42.08112075;25
1452;4961;FREJOL ROJO LA PRADERA 500 GR;NO PERECIBLE;4;38.1276;17
1453;10920;PIÑA MADURA;FRUVER;4;33.6366;27
1454;11985;QUESO AMERICANO REBANADO FLORALP BLOQUE 1 KG;PERECIBLE;4;32.8;4
1455;11467;ACEITE OLIVA EXTRA VIRGEN MAZZA 1 LT;NO PERECIBLE;4;31.4944;4
1456;9922;MARGARINA DE MESA GIRASOL 490 GR;NO PERECIBLE;4;30.7872;18
1457;12030;AGUA DASANI S/G PACK (12 X300 ML);NO PERECIBLE;4;29.985;15
1458;2082;MANI AJONJOLI 25 GR;NO PERECIBLE;4;28;140
1459;1533;MORTIÑO 1 KG;FRUVER;4;27.4;4
1460;11813;CHOCOLATE AMBATO DOÑA OLGUITA 250 GR;NO PERECIBLE;4;27.056;8
1461;2354;ALCACHOFA 1 KG;FRUVER;4;25.9;14
1462;11927;FONDO DE CERDO/RES CONGELADO FUNDA 1 KG;PERECIBLE;4;24;1200
1463;7679;NARANJA SELECCIONADA VERDE POR KG;FRUVER;4;22.5;45
1464;9976;QUESO MOZZARELLA REBANADO SUPERMAXI 300 GR;PERECIBLE;4;21.2695;7
1465;11565;BASE ENSALADERA REDONDA 500 GR PS NEGRO 15X5CMS X 50 UNID;NO PERECIBLE;4;20.8;4
1466;11566;TAPA ENSALADERA REDONDA  500 GR X 50 UNID;NO PERECIBLE;4;20.8;4
1467;10329;MIX VEGETALES CONGELADOS IQF 1 KG;PERECIBLE;4;19.44;8
1468;5183;PAN BLANCO GIGANTE SANDUCHERO SUPERMAXI 800 GR;NO PERECIBLE;4;18.2928;12
1469;2260;NESTUM ARROZ AZUCAR NESTLE 350 GR;NO PERECIBLE;4;16.35;5
1470;9865;TORTILLA DE MAIZ SABOR A LA MEXICANA 275 GR;PERECIBLE;4;15.862;10
1471;11915;CHOCLO EN TROZOS CONGELADO IQF 1KG;PERECIBLE;4;15.12;9
1472;309;CHOCLITO ENTERO BABY CORN SNOB 210 GR;NO PERECIBLE;4;11.25;5
1473;10715;COLIFLOR EMPACADA 1 KG;FRUVER;4;11;20
1474;9805;AGUA MINERAL IMPERIAL LIMON MENTA LATA 330 ML;NO PERECIBLE;4;10.0875;15
1475;2463;VASO SIN TAPA 2 ONZ X 100 UND;NO PERECIBLE;4;10.024;8
1476;11195;FARFALLE BARILLA 500 GR;NO PERECIBLE;4;9.8418694;4
1477;11293;VERDURA ATADO SIN MARCA 300 G;FRUVER;4;8.8533;9
1478;11572;RES RIBEYE/ BIFE ANCHO MADURADO IMPORTADO FRIGOR (2.5 KG);PERECIBLE;3;416.50752;14.43
1479;11528;CAFÉ VIZCOFFE GOURMET MOLIDO 400GR;NO PERECIBLE;3;268.25;37
1480;1346;PAVO PECHUGA PRONACA (2-5) KG;PERECIBLE;3;217.945;5
1481;7876;AZUCAR BLANCA TABABUELA 50 KG;NO PERECIBLE;3;180.00002785;5
1482;1555;POLLO VACIO PRONACA (2.2-2.4)KG;PERECIBLE;3;130.8164;22
1483;8909;PAPAS PREFRITAS CON PIEL ULTRACONGELADAS AVIKO 2.5 KG;PERECIBLE;3;125.0500714;20
1484;11925;GARBANZO CONGELADOS IQF CAJA 17 KG;PERECIBLE;3;98.43;3
1485;11832;ESTUCHE PARA MUFFIN X70 UND;NO PERECIBLE;3;84.28;14
1486;11960;DR. MULLER KIDS GALLETAS MANZANA 25 GR;NO PERECIBLE;3;76.8;128
1487;11652;HELADO DE CREMA DE LECHE SABOR A CHICLE CON MINI CHICLE TOPSY 1 LT;PERECIBLE;3;70.224;24
1488;6093;CHORIZO PARRILLERO T1 DON DIEGO 1 KG;PERECIBLE;3;64.581;11
1489;11961;DR. MULLER KIDS GALLETAS UVA Y MANZANA 25 GR;NO PERECIBLE;3;57.6;96
1490;11083;TORTILLAS DE HARINA DE TRIGO MAMA FANNY 250 GR;NO PERECIBLE;3;48.945;30
1491;1583;CHOCOLATE GOTAS PURATOS 2 KG;NO PERECIBLE;3;38.91;3
1492;11459;ROAST BEEF TIPO I CASA NOBLE 180 GR;PERECIBLE;3;32.748;8
1493;6421;QUESO FETA FLORALP 250 GR;PERECIBLE;3;30.5395;5
1494;9648;BATA AZUL DE AISLAMIENTO DE PAPEL TELA DESECHABLE X 10;NO PERECIBLE;3;30;4
1495;11568;PANELA SOLIDA SUPERMAXI 625 GR;NO PERECIBLE;3;26.01109784;28
1496;11998;PAPAS FRITAS CREMA Y CEBOLLA LO 50 GR;NO PERECIBLE;3;22.66;100
1497;10969;MOSTAZA DIJON GREY POUPON 227 GR;NO PERECIBLE;3;21.733;5
1498;5605;NARANJA NAVEL GRANEL KG;FRUVER;3;21;7
1499;415;COMINO GRANO 1 KG;NO PERECIBLE;3;20.99175825;3
1500;9657;LECHE ENTERA TONI TPK 1 LT;NO PERECIBLE;3;20.7296;16
1501;9167;SALSA DE AJI CON AJO SRIRACHA BADIA 500 ML;NO PERECIBLE;3;18.025;5
1502;3603;CHIPS DE ZANAHORIA BLANCA P KIWA 28GR;NO PERECIBLE;3;16.72;38
1503;11514;RES CARNE MOLIDA 14 - 15% GRASA TIPO 1 REFRIGERADO SUPERMAXI (460 - 500) GR;PERECIBLE;3;15.52;4
1504;11923;MANTECA DE CERDO 1 KG;PERECIBLE;3;14.44;4
1505;3121;BOTANAS NATURAL 40GR X12;NO PERECIBLE;3;12.6;3
1506;2278;VASO CON TAPA 2 ONZ X100;NO PERECIBLE;3;10.58;4
1507;8169;SALCHICHA VIENESA LA EUROPEA 400 GR;PERECIBLE;3;10.31031199;11
1508;2019;GUANTE CAUCHO INDUSTRIAL CORTO NEGRO 300MM C40 T9 MASTER;NO PERECIBLE;3;10.2;5
1509;5181;PAN BLANCO CLASICO SUPERMAXI 500 GR;NO PERECIBLE;3;8.9919;9
1510;10328;ENSALADA RUSA CONGELADOS IQF 1 KG;PERECIBLE;3;8.88;4
1511;8583;FIDEO TALLARIN SEMOLA DE TRIGO SUMESA 400GR;NO PERECIBLE;3;7.818;6
1512;4509;INFUSION MUYUKUNA JENGIBRE 10GR;NO PERECIBLE;3;6.6;11
1513;2662;GALLETAS RICAS NESTLE 58 GR;NO PERECIBLE;3;5.66719213;19
1514;10983;FUNDA LAMINADA 60 MICRAS 10X9.5 X100;NO PERECIBLE;3;5.337;3
1515;7729;NÉCTAR DE DURAZNO DEL VALLE 1 L;NO PERECIBLE;3;4.5516;6
1516;3938;CINTA NEGRA EPSON ORIGINAL ERC-38B;NO PERECIBLE;3;4.35;3
1517;8865;DISPENSADOR PAPEL HIGIENICO KIMBERLY ROLLO JUMBO (30217689) COMOD;NO PERECIBLE;3;3e-04;3
1518;5654;RES LOMO DE FALDA SIN GRASA REFRIGERADO;PERECIBLE;2;251.74314;6.6
1519;55;COCHINILLO MACAFRI (6 - 8 KG);PERECIBLE;2;219.9100109;2
1520;3067;RES L.FALDAT 76-90 X30;PERECIBLE;2;174.35616;10.56
1521;11966;QUESO FRESCO LA HOLANDESA 450 GR;PERECIBLE;2;129;43
1522;4761;ARROZ FLOR SUPERMAXI 5 KG;NO PERECIBLE;2;54.52457144;8
1523;1107;CERDO CHULETA (116-130) X10;PERECIBLE;2;51.6336;7.44
1524;6175;CORVINA FILETES SUPERMAXI 910 GR;PERECIBLE;2;35.1798;3
1525;9940;RES PULPA DE BRAZO SUPERMAXI REFRIGERADO;PERECIBLE;2;33.20090726;2
1526;5178;PALMITOS CORAZONES GUSTADINA 800 GR;NO PERECIBLE;2;30.79019792;8
1527;3579;CHAMPIÑÓN PORTOBELLO 1 KG;FRUVER;2;30;4
1528;5291;QUESO MOZZARELLA LA HOLANDESA 500 GR;PERECIBLE;2;29.1696;6
1529;11833;ENSALADERA HERMETICA 5X5 BAJA X50 UND;NO PERECIBLE;2;27.5;5
1530;3522;HARINA TOMEBAMBA KG;NO PERECIBLE;2;27.3372;41.42
1531;4811;BEBIDA ENERGETICA ORIGINAL RED BULL 250 ML;NO PERECIBLE;2;27.02713392;16
1532;8901;POLLO ESPALDILLA 5 KG;PERECIBLE;2;24.808;35.44
1533;5400;VINO BLANCO CHARDONNAY PEÑASOL 750 ML;NO PERECIBLE;2;24.7686;6
1534;769;LECHE DESCREMADA SVELTY TPK 1 LT;NO PERECIBLE;2;23.673;15
1535;11096;CAFE GRANO FINO ECUATORIANO LOJANO VELEZ 340 GR;NO PERECIBLE;2;22.2972;4
1536;11800;TOCINETA AHUMADA LA FINNCA 1KG;PERECIBLE;2;18.6;4
1537;8947;AGUA SIN GAS TRU TETRAPACK 1 LT;NO PERECIBLE;2;16.08;24
1538;11011;GUANTE MEGAFORTEX 4C-HPPE ANTICORTE POLIURETANO N5 TALLA L;NO PERECIBLE;2;15.9;3
1539;7752;TORTILLAS MEXICANAS DELMEXS 260 GR;PERECIBLE;2;15.8532;12
1540;11288;BROCOLI CONGELADOS IQF CAJA 11 KG;PERECIBLE;2;15.84;3
1541;11444;MUFFINS ENGLISH MAXIPAN CAJA 360 GR;PERECIBLE;2;15.04;4
1542;7333;ETIQUETA ADHESIVA TERMICA PAPEL ZEBRA 6X4.95 X1000;NO PERECIBLE;2;14.7;3
1543;1865;STRETCH FILM PALLETS 50CM;NO PERECIBLE;2;14.7;3
1544;11814;"ETIQUETA ADHESIVA PAPEL TERMICO ZEBRA 2.5CM LARGO X 3.2CM ANCHO NUCLEO 1"" X2000 UND";NO PERECIBLE;2;14.68;2
1545;8018;FUNDA AZUL 30MICRAS 35X47 X50;NO PERECIBLE;2;13.86;2
1546;11570;ATUN LOMITOS EN AGUA SUPERMAXI 3 X 80 GR;NO PERECIBLE;2;11.55;5
1547;7350;PILA ALKALINA MAX AAA X 8;NO PERECIBLE;2;11.28950944;2
1548;7630;TOMATE RIÑON SELECCIONADO PINTON POR KG;FRUVER;2;10.8;10.8
1549;6117;PEPPERONI T1 JURIS 200 GR;PERECIBLE;2;10.28146252;4
1550;2299;GUINEO 1 KG;FRUVER;2;10;20
1551;9319;FUNDAS DE BASURA PARA COCINA AZUL SUPERMAXI X10 UND;NO PERECIBLE;2;9.4874;13
1552;6069;SALCHICHA RANCHERA T1 FRITZ 300 GR;PERECIBLE;2;9.2826;3
1553;9273;AGUACATE SEMI MADURO KG;FRUVER;2;8.25;5.5
1554;9278;CILANTRO ATADO KG;FRUVER;2;6.6;6
1555;11475;JARABE DE AZUCAR ORIGINAL PEARL MILLING COMPANY 355 ML;NO PERECIBLE;2;6.5508;3
1556;6059;NECTAR DE MANZANA NATURA TPK 1 LT;NO PERECIBLE;2;4.91000012;4
1557;10736;TAPA DOMO PARA VASO DURO 350GR X50 UND;NO PERECIBLE;2;4.6512;2
1558;9294;LECHUGA CRESPA BOHEMIA 200 GR;FRUVER;2;4.5;10
1559;9507;MARGARINA DE MESA BONELLA 490 GR;NO PERECIBLE;2;4.1176109;2
1560;11428;TOSTADAS CON AJO BAGUETTE 120 GR;NO PERECIBLE;2;3.89768012;2
1561;5604;MANZANA VERDE IMPORTADA GRANEL (200 - 240 GR);FRUVER;2;2.94;1.5
1562;11255;FUNDA BLANCA 30 MICRAS 23X28X10;NO PERECIBLE;2;1.59;3
1563;8914;RES, CARNE MOLIDA 14 - 17% GRASA CONGELADO 2.5 KG;PERECIBLE;1;354.9;52.5
1564;4582;DORADO FILETE ENTERO 5 KG;PERECIBLE;1;176.8102;30.59
1565;5739;CERDO PANCETA REFRIGERADO;PERECIBLE;1;153.414702;10.42
1566;3533;CERDO CHULETA (156-170) X30;PERECIBLE;1;145.470003;4.93
1567;5738;CERDO, CARNE MOLIDA REFRIGERADO 2.5 KG;PERECIBLE;1;102.375;10
1568;5735;CERDO LOMO DE FALDA REFRIGERADO;PERECIBLE;1;90.675651;3.41
1569;7287;POLLO, PECHUGA FILETE REFRIGERADO X 10;PERECIBLE;1;86.89584;4.63
1570;12013;DESINFECTANTE ZAKKA DE ACIDO PERACETICO GALON;NO PERECIBLE;1;74.1;6
1571;5697;CERDO CHULETA CONGELADO 25 X (131 - 160 G);PERECIBLE;1;63.083667;3.61
1572;8274;CERDO GRASA CONGELADO 5 KG;PERECIBLE;1;62.23;5.08
1573;10294;POLLO PECHUGA FILETE PRONACA (2.4 - 2.7 KG);PERECIBLE;1;62.046;3
1574;5425;VINO TINTO CABERNET SAUVIGNON CARMENERE CONCHA Y TORO 750 ML;NO PERECIBLE;1;58.4184;12
1575;5444;VINO TINTO SANTA LUCIA 1 LT;NO PERECIBLE;1;47.586;12
1576;9147;TAPA PS PARA VASO DE CARTON 7 ONZ X100 UND;NO PERECIBLE;1;45.5;10
1577;5748;CERDO STEAK SUIZO REFRIGERADO;PERECIBLE;1;38.043825;5.97
1578;2932;HARINA TOMEBAMBA 50 KG;NO PERECIBLE;1;33;1
1579;11024;RES LOMO FINO MADURADO CONGELADO FRIGOR;PERECIBLE;1;30.5435;1.27
1580;5655;RES LOMO FINO REFRIGERADO;PERECIBLE;1;27.444816;1.44
1581;11473;RES FILETE CONGELADO (50-60)X30;PERECIBLE;1;24.06003;1.86
1582;11577;RES CARNE MOLIDA ESPECIAL 20% GRASA REFRIGERADO 2.5 KG;PERECIBLE;1;23.825;2.5
1583;11409;RES CORAZON DE CUADRIL 120 DIAS IMPORTADO FRIGOR (2.76 - 3.82 KG);PERECIBLE;1;23.341802904;2.48
1584;7299;COLA FRUIT NARANJA LATA 330 ML;NO PERECIBLE;1;22.032;36
1585;4796;AZUCAR BLANCA SUPERMAXI 2 KG;NO PERECIBLE;1;19.7388;12
1586;3556;FIDEO LONCHYS CAMARON 65 GR;NO PERECIBLE;1;19.421862;24
1587;11796;AGUA MINERAL IMPERIAL BENEFIT LIMON + JENGIBRE 330 ML LATA;NO PERECIBLE;1;19.368;24
1588;4766;ARROZ JAPONES BOTAN 2.27 KG;NO PERECIBLE;1;18.745;2
1589;1751;CHOCOLATE AMBATO DOÑA OLGUITA 1KG;NO PERECIBLE;1;16.6314;1
1590;5473;YGT SEMIDESCREMADO MORA DULACS 3500 GR;PERECIBLE;1;15.1119;3
1591;5602;MANZANA ROJA GRANEL CAJA KG;FRUVER;1;14.78256;9.2
1592;9810;COLA FRUIT MORA LATA 330 ML;NO PERECIBLE;1;13.5936;24
1593;5265;QUESO FRESCO SUPERMAXI 750 GR;PERECIBLE;1;12.91174803;3
1594;8057;ARROZ MACAREÑO ENVEJECIDO PREMIUM CASA DEL ARROZ 10 KG;NO PERECIBLE;1;11.639;1
1595;8173;DETERGENTE EN POLVO FRUTAL XTRA POWER CICLON 5 KG;NO PERECIBLE;1;11.48724;1
1596;10740;CHOCOLATE CON LECHE EN BARRA KINDER 50 G;NO PERECIBLE;1;11.391;10
1597;2101;PLATO SOPERO TERMICO X25 UND;NO PERECIBLE;1;11.10819672;8
1598;229;ISHPINGO EUREKA 200 GR;NO PERECIBLE;1;11;1
1599;11460;TOTOPOS TORTILLAS DE MAIZ SABOR SRIRACHA KIWA 35 GR;NO PERECIBLE;1;10.8;30
1600;401;APANADURA EUREKA 1 KG;NO PERECIBLE;1;9.75;5
1601;3316;COLA 7UP 400 ML;NO PERECIBLE;1;9.334;26
1602;9641;AZUCAR MORENA MONTERREY 2 KG;NO PERECIBLE;1;9.064;5
1603;5606;PERA VERDE IMPORTADA GRANEL (130 - 200 GR);FRUVER;1;8.1;3
1604;8281;RES, CARNE MOLIDA TACO 14 -15% GRASA TIPO 1 REFRIGERADO SUPERMAXI;PERECIBLE;1;7.6824;1.98
1605;11935;CHIFLES DE DULCE EL ARTESANAL 30 GR;NO PERECIBLE;1;7.68;48
1606;11305;TILAPIA FILETE SANTA PRISCILA X 1 KG;PERECIBLE;1;7.644;1.05
1607;8120;CACAO EN POLVO CHOCOLISTO 1000 G;NO PERECIBLE;1;7.568655;1
1608;11298;RES COSTILLA CONGELADO 1 KG;PERECIBLE;1;7.191782;2.21
1609;11415;RES TIRA DE ASADO SHORT RIB SUPERMAXI (1.03 - 1.53) KG;PERECIBLE;1;7.0705782664;1.18
1610;5586;TOMATE RIÑON SELECCIONADO MADURO POR KG;FRUVER;1;7;7
1611;11699;CHORIZO CERVECERO LA CASTILLA T II 2.27 KG;PERECIBLE;1;6.27;1
1612;5331;SALSA DE SOYA BAJA EN SODIO KIKKOMAN 296 ML;NO PERECIBLE;1;6.2624;1
1613;7297;COLA FRUIT MANZANA LATA 330 ML;NO PERECIBLE;1;6.12;10
1614;9763;FRUTOS SECOS RED FRUITS VANILLA NUTS NATURES HEART 35 GR;NO PERECIBLE;1;5.9984;8
1615;6745;TARRINA REDONDA SUPERMAXI (X 12);NO PERECIBLE;1;5.72727274;7
1616;5469;YGT SEMIDESCREMADO FRESA DULACS 3500 GR;PERECIBLE;1;4.8436;1
1617;7613;TOMILLO NATURES HEART 110 GR;NO PERECIBLE;1;4.1707133;1
1618;11063;TAPA PLANA VASO DURO 350 GR X100 UND;NO PERECIBLE;1;3.84;1
1619;4840;CEREZAS ROJAS ALFRESCO 500 GR;NO PERECIBLE;1;3.73234458;1
1620;5125;MANTEQUILLA SIN SAL SUPERMAXI 250 GR;PERECIBLE;1;3.296;2
1621;6133;JAMON DE PECHUGA DE PAVO T1 JURIS 200 GR;PERECIBLE;1;3.1209;1
1622;11434;RES HIGADO IMPORTADO ARGENTINO 1 KG;PERECIBLE;1;3.1122;1.05
1623;10735;VASO DURO TIPO DOMO SIN TAPA 350GR X 25 UND;NO PERECIBLE;1;3.0022824;2
1624;10237;ACEITUNAS VERDES C/H MADAMA OLIVA 480 GR;NO PERECIBLE;1;2.9561;1
1625;10527;JABON TOCADOR BEST ANTIBACTERIAL NATURAL FRESH PACK (3 X90 GR);NO PERECIBLE;1;2.894;4
1626;5185;PAN BLANCO HAMBURGUESA GIGANTE SUPERMAXI 520 GR;NO PERECIBLE;1;2.5338;2
1627;8854;COBERTOR ZAPATO PLASTICO X100 UND;NO PERECIBLE;1;2.5;1
1628;8733;PAN GOURMET MORAS Y NUECES MODERNA 500 GR;NO PERECIBLE;1;2.4411;1
1629;8134;COLA FIORAVANTI MANZANA 300 ML;NO PERECIBLE;1;2.4228;12
1630;1735;ARVEJA TIERNA FRESCA 1 KG;FRUVER;1;2.24;0.8
1631;6122;MORCILLA T1 JURIS 300 GR;PERECIBLE;1;2.1939;1
1632;2882;FREJOL CANARIO EUREKA 500 GR;NO PERECIBLE;1;1.65;1
1633;10418;CHAMPIÑON ENTERO FRESCO 220 GR;FRUVER;1;1.56;1
1634;10723;MIX DE PAPAS NATIVAS P KIWA 28GR;NO PERECIBLE;1;0.88;2
1635;11270;NABO CHINO EMPACADO POR KG;FRUVER;1;0.8;2
1636;7883;TOMATE DULCE MADURO 1KG;FRUVER;1;0.75;1
1637;731;GATORADE FRUTAS TROPICALES VIDRIO 473 ML;NO PERECIBLE;1;0.6207;1
1638;2540;ACELGA 1 KG;FRUVER;1;0.6;1
1639;8546;DISPENSADOR PAPEL TOALLA ESSENTIAL KIMBERLY (30217684) COMOD;NO PERECIBLE;1;4e-04;4
1640;8547;DISPENSADOR PAPEL TOALLA INTERFOLIADA KIMBERLY (30217686) COMOD;NO PERECIBLE;1;1e-04;1
