producto_id;producto;clasificacion;ventas_total;egresos_total;meses_activos;variabilidad;promedio_primeros_tres;promedio_ultimos_tres;cambio_tendencia;segmento_temporal
2;POLLO ENTERO VACIO CONGELADO FAVORITO (1.4 - 1.6 KG);PERECIBLE;714887.0754;3872;7;0.107173237753308;105022.130133333;102251.065466667;-2.63855309652221;Demanda estable
3;POLLO ENTERO VACIO CONGELADO FAVORITO (1.6 - 1.8 KG);PERECIBLE;612363.84;3063;7;0.148084341093674;75676.16;97929.6533333333;29.4062137049942;Demanda creciente
4;POLLO ENTERO VACIO CONGELADO FAVORITO (1.8 - 2.0 KG);PERECIBLE;171058.6526;908;7;0.129549532083975;22869.1628666667;26014.1114666667;13.7519183292186;Demanda estable
7;POLLO PECHUGA ENTERA CONGELADO PROCESADO 2 KG X4;PERECIBLE;49489.2908094744;3488;7;0.0994316322074024;7282.0676915712;6940.2912662664;-4.6933980811576;Demanda estable
8;POLLO PECHUGA CONGELADO PROCESADO 5.6 KG X10;PERECIBLE;365073.346875753;3836;7;0.107102328604713;48225.9879915534;53853.2466208755;11.6685191194169;Demanda estable
14;COCA COLA ORIGINAL 3 LT;NO PERECIBLE;33184.346;1315;7;0.197843719891991;4186.39333333333;5455.15766666667;30.3068592057762;Demanda creciente
17;LECHE ENTERA VITA TETRAPACK 1 LT;NO PERECIBLE;6026.04;639;7;0.119097936500967;834.48;901.36;8.01457194899817;Demanda estable
19;CERDO CARNE MOLIDA CONGELADO PROCESADO 1 KG;PERECIBLE;13551.7168;1097;7;0.351266471321855;2509.99106666667;1240.68933333333;-50.5699701560691;Demanda decreciente
20;CERDO CARNE MOLIDA CONGELADO PROCESADO 5 KG;PERECIBLE;8512.9872;190;7;0.406139770636966;1484.2836;845.6008;-43.0297013320096;Demanda decreciente
22;CERDO FRITADA PROCESADO 1 KG;PERECIBLE;16135.451808;1244;7;0.175713084038284;2095.34692266667;2319.18877866667;10.6828064402398;Demanda estable
23;RES COSTILLA CONGELADO PROCESADO 1 KG;PERECIBLE;46918.0473510366;4643;7;0.475278840327091;8968.5852829468;4886.2771017781;-45.5178609822772;Demanda decreciente
26;RES SALON PROCESADO 1 KG;PERECIBLE;15235.494282;762;7;0.217720075177247;2515.15302;1782.573617;-29.1266335357997;Demanda decreciente
27;BORREGO CUBOS PROCESADO 5 KG;PERECIBLE;21753.018;239;7;0.547881974407617;2084.25;4314.219;106.991435768262;Demanda creciente
40;POLLO VACIO PRONACA (1.4-1.6) KG;PERECIBLE;167864.049;1328;7;0.504205359511527;14485.1868;34076.2632;135.249042145594;Demanda creciente
41;POLLO VACIO PRONACA (1.6-1.8) KG;PERECIBLE;118168.3696;1082;7;0.223673308480039;18735.8981333333;14439.0289333333;-22.9338842975207;Demanda estable
46;AGUA MINERAL CON GAS GÜITIG 3 LT;NO PERECIBLE;1791.69018814;238;7;0.181913223149618;219.05149855;269.408164883333;22.9885057471264;Demanda estable
47;CERDO COSTILLA CONGELADO PROCESADO 5KG;PERECIBLE;76212.207;913;7;0.27303812542397;8639.995;13607.633;57.4958434582428;Demanda creciente
48;CERDO CUERO 1 KG;PERECIBLE;6641.348;1325;7;0.140539708990591;946.204266666667;951.749066666667;0.586004544191443;Demanda estable
49;CERDO DESHUESADO PROCESADO 1 KG;PERECIBLE;38655.26;3845;7;0.0575123717704695;5484.09333333333;5523.47533333333;0.718113234153561;Demanda estable
50;CERDO GRASA CONGELADO 1 KG;PERECIBLE;8897.028;2554;7;0.0912351536226326;1214.8276;1333.143;9.73927493909425;Demanda estable
51;CERDO HUESO CONGELADO 1 KG;PERECIBLE;2936.2872;2385;7;0.482952247821887;247.555733333333;617.6984;149.518923146195;Demanda creciente
52;CERDO LOMO FINO CONGELADO PROCESADO 1 KG;PERECIBLE;6334.653;114;7;0.739618679681644;374.217333333333;1128.98466666667;201.692243010301;Demanda creciente
55;COCHINILLO MACAFRI (6 - 8 KG);PERECIBLE;219.9100109;2;1;2.64575131106459;73.3033369666667;0;-100;Demanda intermitente
60;RES GOULASH PROCESADO 1 KG;PERECIBLE;39095.57184;2356;7;0.283382746831684;6578.12688;4043.46904;-38.5316046077847;Demanda decreciente
61;RES HUESO 1 KG;PERECIBLE;2561.42505;1728;7;0.841213190821716;640.326478;77.7753;-87.853805414556;Demanda decreciente
62;RES JULIANA PROCESADO 1 KG;PERECIBLE;46371.43992;2871;7;0.184577979538605;6755.97;6421.74728;-4.94707229309781;Demanda estable
64;RES CARNE MOLIDA 14 - 17% GRASA CONGELADO PROCESADO 1 KG;PERECIBLE;33761.69784;3473;7;0.041976869926091;4960.00128;4720.41336;-4.83040036634829;Demanda estable
65;RES PECHO PROCESADO 1 KG;PERECIBLE;170.960265;5;1;2.64575131106459;0;56.986755;;Demanda intermitente
68;MURICO FILETE ENTERO CONGELADO KG;PERECIBLE;24794.8076999859;1823;7;0.537478922877999;2494.77907723297;3733.2436310755;49.6422535023082;Demanda creciente
69;RES CORAZON CONGELADO;PERECIBLE;367.052436872;30;7;0.753289400996703;34.7691206426667;71.2310818530667;104.868804664723;Demanda creciente
70;RES CHINCHULINES CONGELADO 1 KG;PERECIBLE;843.1538687267;103;7;0.353692727666937;153.7529534444;86.2068975380667;-43.9315501869428;Demanda decreciente
71;YUCA 1 KG;FRUVER;130460.373;6903;7;0.106920020763413;17296.062;20132.46;16.3990970892681;Demanda estable
72;BORREGO PROCESADO 2 KG;PERECIBLE;1258.7386306422;68;7;0.390425310406763;114.1067545246;215.3771012481;88.750527648797;Demanda creciente
74;CUY X2;PERECIBLE;1162;17;7;0.836923123995736;214.666666666667;163.333333333333;-23.9130434782609;Demanda variable
80;RES HIGADO JULIANA 5 KG;PERECIBLE;1909.7144352;53;7;0.463277114764484;301.1566272;264.2935152;-12.2405116376599;Demanda variable
84;RES LENGUA CONGELADO;PERECIBLE;12169.1219261975;316;7;0.262914250899421;1554.18489581067;1835.02577635233;18.0699787585556;Demanda estable
85;RES LIBRILLO 1 KG;PERECIBLE;1446.424616;56;7;0.272151042475491;197.792606666667;203.01911;2.6424159231297;Demanda estable
86;RES UBRE 1 KG;PERECIBLE;790.981048;61;7;0.388330767408988;101.944128;116.900593333333;14.6712376933896;Demanda estable
89;CALAMAR POTA CONGELADO 1 KG;PERECIBLE;9747.5985;1396;7;0.0494521204472373;1361.9865;1427.546;4.81352054517428;Demanda estable
91;CAMARON SIN CASCARA MEDIANO (51-60) CONGELADO 1 KG;PERECIBLE;232454.82;3888;7;0.0936070304743229;31360.9833333333;34585.5033333333;10.281948004394;Demanda estable
92;CAMARON CON CASCARA CONGELADO (51-60) 1 KG;PERECIBLE;11065.53;381;7;0.227839681789074;1741.74;1581.37;-9.20745920745921;Demanda estable
93;CAMARON GRANDE CONGELADO (36-40) 1 KG;PERECIBLE;1785.03;57;7;0.465712854034077;155.48;358.8;130.769230769231;Demanda creciente
96;ALMEJA CASCARA X100;PERECIBLE;75.06;7;6;0.865431218188735;11.12;5.56;-50;Demanda decreciente
97;PLATANO MAQUEÑO PINTON AL GRANEL 1 KG;FRUVER;3057.117;446;7;0.102614312027662;432.908;457.685666666667;5.72354095250416;Demanda estable
98;LANGOSTINO (10-12) KG;PERECIBLE;5120.28;97;7;0.352629310373229;745.63;831.83;11.5606936416185;Demanda estable
99;ALBACORA 1 KG;PERECIBLE;27369.7739138964;1891;7;0.121629253918362;3631.0995805956;4035.6147566786;11.1402942030207;Demanda estable
100;BAGRE 1 KG;PERECIBLE;677.76;98;7;0.423532836575167;102.37;105.9;3.44827586206897;Demanda estable
101;PESCADO CABEZA 1 KG;PERECIBLE;3768.615;1174;7;0.176983360461989;505.95;606.085;19.7914813716771;Demanda estable
105;PESCADO PAMPANITO X10;PERECIBLE;9127.8;143;7;0.189104829842412;1180.16;1441.39333333333;22.1354166666667;Demanda estable
106;PARGO UND X10;PERECIBLE;2855;83;7;0.431270989827355;422.54;426.346666666667;0.900900900900892;Demanda estable
107;PICUDO LOMO CONGELADO 1 KG;PERECIBLE;17224.0464;134;7;0.517792979526015;1511.4224;3195.8368;111.445642197707;Demanda creciente
108;PESCADO RETAZO 1 KG;PERECIBLE;41817.6445042804;3553;7;0.110505356159538;5417.15785642027;6429.28841488667;18.6837929647343;Demanda estable
109;PESCADO SECO 1 KG;PERECIBLE;1931.2;121;3;2.42293693442826;596.133333333333;6.8;-98.8593155893536;Demanda intermitente
110;TILAPIA FILETE SANTA PRISCILA X 1KG;PERECIBLE;44081.415;2323;7;0.139746951255102;6132.50666666667;6689.549;9.08343624575485;Demanda estable
112;TRUCHA FILETE 1 KG;PERECIBLE;9751.56;235;7;0.208941695121302;1459.77;1276.99;-12.5211505922166;Demanda estable
113;PULPO 1 KG;PERECIBLE;644.16;13;5;1.26835482351483;26.84;154.33;475;Demanda creciente
134;MORA CONGELADA 1 KG;PERECIBLE;5923.5;579;7;0.15601948270511;789.25;932.25;18.1184668989547;Demanda estable
135;PAPAS PREFRITAS LISAS ULTRACONGELADAS AVIKO 2.5 KG;PERECIBLE;17052.75;250;7;1.1386478259319;324.625;5260.25;1520.40816326531;Demanda creciente
141;FRUTILLA 1 KG;FRUVER;26722.527;3473;7;0.0357864179463687;3756.72466666667;3859.779;2.74319633396964;Demanda estable
142;FRUTILLA GRUESA 1 KG;FRUVER;429.912;44;7;0.454530429994006;82.2;41.904;-49.021897810219;Demanda decreciente
144;GUAYABA ROSADA 1 KG;FRUVER;1652.552;146;7;0.460681770915774;257.150666666667;160.416666666667;-37.6176353162608;Demanda decreciente
145;GUINEO SEDA VERDE 1 KG;FRUVER;1184.883;195;7;0.160440567718194;191.3548;151.0838;-21.0451998068509;Demanda estable
148;HIGO 1 KG;FRUVER;2151.48;149;7;1.34893103571365;481.52;167.14;-65.2890845655425;Demanda decreciente
150;LIMON GRANDE 1 KG;FRUVER;89582.445;8134;7;0.118107134729724;11578.7475;13998.4155;20.8974934465062;Demanda estable
151;LIMON SUTIL 1 KG;FRUVER;1127.152;185;7;0.192042639354074;148.780666666667;157.083333333333;5.58047416555019;Demanda estable
152;MADURO PINTON AL GRANEL 1 KG;FRUVER;153179.88;6564;7;0.103578513768343;20129.5875;23636.8725;17.423531406195;Demanda estable
156;MANGO TOMMY 2 KG;FRUVER;247.5;47;7;0.317490157327751;40.7;25.3;-37.8378378378378;Demanda decreciente
162;MARACUYA 1 KG;FRUVER;16279.36;1667;7;0.268949018382564;2024.58;2850.83666666667;40.8112629121431;Demanda creciente
166;NARANJILLA PINTONA AL GRANEL 1 KG;FRUVER;21127.82;2949;7;0.27021171600328;2354.18666666667;3788.66333333333;60.9330044629709;Demanda creciente
174;TAMARINDO 1 KG;FRUVER;222.3;23;7;0.648038561851288;29.45;27.55;-6.4516129032258;Demanda variable
175;TAXO AL GRANEL 1 KG;FRUVER;279.3;85;7;0.320029288153269;46.8666666666667;31.0333333333333;-33.7837837837838;Demanda decreciente
176;TOMATE DULCE 1 KG;FRUVER;1779;486;7;0.325362747328889;218.285;306.29;40.3165586274824;Demanda creciente
178;TORONJA 1 KG;FRUVER;1581.7555;438;7;0.445418533088877;213.568333333333;263.419;23.3417875621386;Demanda estable
180;UVA ROSADA IMPORTADA AL GRANEL GRANDE 1 KG;FRUVER;13803.968;1343;7;0.118543820468326;1800.62933333333;2116.544;17.5446806746086;Demanda estable
182;UVA VERDE 1 KG;FRUVER;3012.96;169;7;0.413812594749404;317.66;582.34;83.3217905937165;Demanda creciente
185;ACELGA 300 GR;FRUVER;4381.92;3292;7;0.110679229216203;594.773333333333;675.626666666667;13.5939741750359;Demanda estable
187;AJI ROJO AL GRANEL 1 KG;FRUVER;19318.5875;4450;7;0.0475197491809365;2714.84583333333;2826.17083333333;4.10060116980244;Demanda estable
188;AJO PELADO 1 KG;FRUVER;10.8;3;1;2.64575131106459;0;3.6;;Demanda intermitente
191;APIO 1 KG;FRUVER;17842.6272;7706;7;0.0427165828765992;2450.8224;2621.9504;6.98247249576307;Demanda estable
192;ARRAYAN 10 GR;FRUVER;5.67;9;6;0.708882825676819;1.26;0.28;-77.7777777777778;Demanda decreciente
193;ARVEJA CONGELADOS IQF 1 KG;PERECIBLE;51402.29;5742;7;0.070973825250169;7257.24666666667;7461.39333333333;2.81300438090846;Demanda estable
197;MANZANILLA 10 GR;FRUVER;2737.02;1607;7;0.142075294984194;356.473333333333;438.863333333333;23.1125282863608;Demanda estable
199;HORCHATA 10 GR;FRUVER;75.25;17;5;0.961209051754825;14.5833333333333;10.5;-28;Demanda decreciente
204;BROCOLI 1 KG;FRUVER;35979.84;6047;7;0.0866954490296788;4803.84;5604.16;16.6600053290701;Demanda estable
206;CAMOTE MORADO 1 KG;FRUVER;14841.736;2216;7;0.131205667100734;1976.21216666667;2269.80966666667;14.8565778994884;Demanda estable
207;CEBOLLA BLANCA 1 KG;FRUVER;52069.824;8225;7;0.0764372574782355;7101.96266666667;7823.87733333333;10.1650022754273;Demanda estable
208;CEBOLLA PERLA 1 KG;FRUVER;73434.12;6030;5;0.696155893806514;14167.08;5162.05333333333;-63.5630395724925;Demanda decreciente
209;CEBOLLA PUERRO 1 KG;FRUVER;492;74;7;1.16922912499139;20.91;137.93;559.636537541846;Demanda creciente
210;CHOCHOS 1 KG;FRUVER;12068.8;2502;7;0.315060925671776;2064.08;1435.952;-30.4313786287353;Demanda decreciente
212;CHOCLO GRANO 1 KG;FRUVER;29463.224;4254;7;0.180239302505678;4600.05466666667;3903.79733333333;-15.135849110199;Demanda estable
216;COL MORADA 1 KG;FRUVER;3075.625;1966;7;0.108276521512252;423.229166666667;474.895833333333;12.2077282795964;Demanda estable
219;ESPARRAGOS 1 KG;FRUVER;4208.656;365;7;0.15076147281958;540.158;671.794666666667;24.3700300035669;Demanda estable
220;ESPINACA 1 KG;FRUVER;12882.9;4386;7;0.0514642458478105;1846.8075;1890.095;2.34390969280773;Demanda estable
221;FREJOL TIERNO 1 KG;FRUVER;26288.57;2968;7;0.191927742524603;3727.196;3859.38666666667;3.54665187091492;Demanda estable
223;HABA TIERNA 1 KG;FRUVER;2248.616;546;7;0.294885768958778;336.4275;298.586833333333;-11.2477923673501;Demanda estable
224;HABA TIERNA PELADA 1 KG;FRUVER;3277.134;408;7;1.24628729144887;750.057;245.966;-67.2070255993878;Demanda decreciente
229;ISHPINGO EUREKA 200 GR;NO PERECIBLE;0;0;0;;0;0;;Demanda intermitente
230;LECHUGA CRIOLLA 1 KG;FRUVER;48014.088;7516;7;0.0609743467078985;6949.42666666667;6763.54666666667;-2.67475302518961;Demanda estable
231;LECHUGA ESCAROLA BOHEMIA 1 KG;FRUVER;13527.724;1985;7;0.112029173273628;1956.68666666667;1787.19333333333;-8.66226239595507;Demanda estable
232;LECHUGA ROJA 1 KG;FRUVER;174.4;58;7;0.738631824142031;31.4666666666667;19.2;-38.9830508474576;Demanda decreciente
233;LECHUGA ROMANA 1 KG;FRUVER;974.7;162;7;0.328374628963277;127.35;145.8;14.4876325088339;Demanda estable
234;MELLOCO 1 KG;FRUVER;10141.728;2037;7;0.266685167958582;1496.932;1480.864;-1.07339545149679;Demanda estable
236;NABO CHINO 1 KG;FRUVER;2986.1965;2311;7;0.155676042620485;404.024833333333;463.418666666667;14.7005402720707;Demanda estable
240;PAPA CHAUCHA 1 KG;FRUVER;310.8;25;5;1.0681660997497;6.8;76.8;1029.41176470588;Demanda creciente
241;PAPANABO 1 KG;FRUVER;3357.8965;3628;7;0.0794485840699932;477.7605;501.291;4.92516647985759;Demanda estable
245;PIMIENTO AMARILLO 1 KG;FRUVER;2530.9431399366;765;7;0.297046997480789;363.9423536061;402.0063325166;10.4587934142167;Demanda estable
246;PIMIENTO ROJO 1 KG;FRUVER;24150.1425;5372;7;0.0624786332091843;3410.671;3570.4735;4.68536836299953;Demanda estable
247;PIMIENTO VERDE 1 KG;FRUVER;55338.1073202455;8013;7;0.0696640599146434;7391.24948575233;8350.58399535583;12.9793279397854;Demanda estable
248;RABANO 1 KG;FRUVER;18588.1976;5184;7;0.0719187831491217;2575.2888;2635.83973333333;2.35122885376324;Demanda estable
249;REMOLACHA 1 KG;FRUVER;19995.7875;3577;7;0.15189412383703;2492.635;3230.3525;29.5958894904388;Demanda creciente
253;TOMATE CHERRY 1 KG;FRUVER;14779.402;2948;7;0.0464334193007161;2097.084;2114.50066666667;0.830518313365936;Demanda estable
254;TOMILLO 10 GR;FRUVER;1345.47;3880;7;0.0608335883158653;184.66;197.563333333333;6.98761688147587;Demanda estable
256;VAINITA 1 KG;FRUVER;28886.16;5102;7;0.0390213214875458;3986.616;4250.648;6.62296042558401;Demanda estable
259;ZANAHORIA 1 KG;FRUVER;72463.756;8590;7;0.0623186210830982;9854.868;10885.3626666667;10.4567069459141;Demanda estable
260;ZANAHORIA BLANCA 1KG;FRUVER;2787.078;559;7;0.129107961268143;366.9785;429.646;17.0766134800813;Demanda estable
265;ZUQUINI 1 KG;FRUVER;14280.7601;4879;7;0.0997753179176624;1891.6001;2191.78883333333;15.8695663704677;Demanda estable
266;ZUQUINI AMARILLO 1 KG;FRUVER;2178.6048;704;7;0.156979580090759;306.7936;344.256;12.210945730289;Demanda estable
279;HARINA INTEGRAL TRIGUEÑITA 1 KG;NO PERECIBLE;1538.92;660;7;0.137675932638121;237.263333333333;208.296666666667;-12.2086570477247;Demanda estable
287;ACEITE EL COCINERO 1 LT;NO PERECIBLE;105938.48;7578;7;0.0647623186882837;14509.3733333333;15766.6466666667;8.66524903901203;Demanda estable
289;ACEITE EL COCINERO 20 LT;NO PERECIBLE;53953.4;1145;5;0.822871563255108;1278.56666666667;13409.1;948.760330578513;Demanda creciente
292;MANTECA VEGETAL 3 CHANCHITOS FUNDA 1 KG;NO PERECIBLE;24361.68;3055;7;0.0715692775209733;3351.04;3609.2;7.70387700534758;Demanda estable
295;MARGARINA DE MESA REGIA 3 KG;NO PERECIBLE;377.9999976;57;7;0.148448769065415;50.39999968;58.7999996266667;16.6666666666667;Demanda estable
297;ACEITUNAS VERDES ENTERAS CON HUESO SNOB 240 GR;NO PERECIBLE;1033.9895;201;7;0.275440404627141;179.646166666667;122.885;-31.5960912052117;Demanda decreciente
299;SALSA DE AJI INDIO BRAVO GUSTADINA 100 GR;NO PERECIBLE;2153.412;603;7;0.136646126952046;329.3232;291.4548;-11.4988558352403;Demanda estable
300;AJI PERUANO 250 GR;NO PERECIBLE;959.12;863;7;0.19379167208962;119.446666666667;160.233333333333;34.1463414634146;Demanda creciente
305;ATUN EN ACEITE GIRASOL VAN CAMPS 184 GR;NO PERECIBLE;59088.778;629;7;0.154585723272254;7838.43766666667;8809.515;12.3886592536531;Demanda estable
308;CEBOLLA PERLA PROCESADA 1 KG;FRUVER;91.8;37;7;1.02360989063035;21.3;5.9;-72.3004694835681;Demanda decreciente
309;CHOCLITO ENTERO BABY CORN SNOB 210 GR;NO PERECIBLE;11.25;4;2;1.75499287747842;0;3.75;;Demanda intermitente
310;MAIZ DULCE GUSTADINA 425 GR;NO PERECIBLE;1002.74458636;144;7;0.323916411487227;105.86159856;184.277597493333;74.0740740740741;Demanda creciente
311;ESENCIA ANIS 500 ML;NO PERECIBLE;123.84;15;7;0.330718913883074;15.48;18.92;22.2222222222222;Demanda estable
312;ESENCIA BANANO LEVAPAN 500 ML;NO PERECIBLE;317.848;50;7;0.101959709114026;42.696;47.44;11.1111111111111;Demanda estable
313;ESENCIA CANELA LEVAPAN 500 ML;NO PERECIBLE;210.42;32;7;0.319142369252113;28.39;35.07;23.5294117647059;Demanda estable
314;ESENCIA COCO LEVAPAN 500 ML;NO PERECIBLE;551.76;92;7;0.15463455542028;73.568;81.928;11.3636363636364;Demanda estable
315;ESENCIA FRESA LEVAPAN 500 ML;NO PERECIBLE;289.12;43;7;0.309489941142905;35.2133333333333;48.1866666666667;36.8421052631579;Demanda creciente
316;ESENCIA MANTEQUILLA LEVAPAN 500 ML;NO PERECIBLE;664.888;180;7;0.187170915973432;89.8773333333334;93.9626666666667;4.54545454545454;Demanda estable
317;ESENCIA NARANJA LEVAPAN 500 ML;NO PERECIBLE;282.864;82;7;0.203277923451305;34.08;46.576;36.6666666666667;Demanda creciente
318;ESENCIA RON LEVAPAN 500 ML;NO PERECIBLE;412.72;65;7;0.312602548704577;59.5466666666667;65.7066666666667;10.3448275862069;Demanda estable
323;DULCE DE LECHE KIOSKO 500 GR;NO PERECIBLE;16134.75;1277;7;0.10545378903159;2318.15;2302.53;-0.673813169984683;Demanda estable
332;MIEL DE ABEJA LA DELICIA 310 GR;NO PERECIBLE;5497.76310044;965;7;0.170171861396257;817.987699186667;784.436111853333;-4.10172272354389;Demanda estable
334;PALMITOS MEDALLONES GUSTADINA 800 GR;NO PERECIBLE;3020.4832;243;7;0.205714835349184;402.5644;479.243333333333;19.0476190476191;Demanda estable
336;PEPINILLOS ENTEROS VINAGRE SNOB 470 GR;NO PERECIBLE;1564.8896;326;7;0.238923445227938;174.848;264.4576;51.25;Demanda creciente
337;SALSA BBQ CHEF DANIEL 400 GR;NO PERECIBLE;1992.753;501;7;0.224384489161885;287.217;316.3335;10.1374570446735;Demanda estable
340;SALSA INGLESA MCCORMICK 175 ML;NO PERECIBLE;6226.7889;1414;7;0.126905509962204;820.9487;971.7778;18.3725365543547;Demanda estable
342;SALSA CHIPOTLE HOT SAUCE OLE 165 GR;NO PERECIBLE;873.01135251;190;7;0.335790549721869;131.27300043;114.74912625;-12.5874125874126;Demanda estable
344;SALSA DE TOMATE EN VIDRIO MARCELLOS 400 GR;NO PERECIBLE;94.9536;23;3;1.71796067734069;31.6512;0;-100;Demanda intermitente
349;CEBOLLA PAITEÑA PROCESADA 1 KG;FRUVER;863.1;193;7;0.112148422867879;118.65;118.183333333333;-0.393313667649953;Demanda estable
357;VINAGRE BLANCO UP LA PRIMERA 3.7 LT;NO PERECIBLE;1571.8536;436;7;0.12408853282664;214.270166666667;243.378566666667;13.5849056603774;Demanda estable
358;MAYONESA ADEREZO LA PRIMERA 3.7 KG;NO PERECIBLE;26983.3632;1871;7;0.132144512570344;3394.7516;4314.3909;27.0900321543409;Demanda creciente
360;MOSTAZA MARCELLOS BALDE 3.8 KG;NO PERECIBLE;16113.9;1791;7;0.108715702630975;2073.28;2543.53;22.6814516129032;Demanda estable
361;MOSTAZA PRONACA 4 KG;NO PERECIBLE;4118.3154;340;7;0.127167596500577;652.4903;516.9079;-20.7792207792208;Demanda estable
362;PURE DE TOMATE GUSTADINA BALDE 4 KG;NO PERECIBLE;4180;342;7;0.121352793382273;569.066666666667;627.733333333333;10.3092783505155;Demanda estable
367;ALMENDRAS 150 GR;NO PERECIBLE;2822.5;317;7;0.109617208180018;425;399.166666666667;-6.07843137254902;Demanda estable
368;AROMATICA ANIS FLORAROMA X25;NO PERECIBLE;463.54;311;7;0.0674713462885114;69.4166666666667;64.3533333333333;-7.29411764705882;Demanda estable
369;AROMATICA HIERBA LUISA HORNIMANS 32 GR X25;NO PERECIBLE;469.67630184;204;7;0.212787111636077;58.02287647;75.87606923;30.7692307692308;Demanda creciente
370;AROMATICA HIERBA LUISA FLORAROMA X25;NO PERECIBLE;1976.7768;939;7;0.145397987183857;257.3608;284.3104;10.4715248009798;Demanda estable
371;AROMATICA MANZANILLA FLORAROMA X25;NO PERECIBLE;2793.3024;1398;7;0.0938340752285466;381.392;415.7488;9.00826446280993;Demanda estable
375;BICARBONATO 250 GR;NO PERECIBLE;379;198;7;0.211510119512729;59.6666666666667;46.6666666666667;-21.7877094972067;Demanda estable
377;COCO RALLADO DAYS 500 GR;NO PERECIBLE;5291.65;456;7;0.104852946008303;728;768.95;5.62499999999999;Demanda estable
378;COLORINA AMARILLO LEVAPAN 250 ML;NO PERECIBLE;343.6125;70;7;0.331018490512434;55.825;36.575;-34.4827586206897;Demanda decreciente
380;COLORINA ROJO LEVAPAN 250 ML;NO PERECIBLE;85.2531;23;7;0.220364532601282;11.0004;11.9171;8.33333333333335;Demanda estable
381;COLORINA VERDE LEVAPAN 250 ML;NO PERECIBLE;79.7529;21;7;0.324699928547713;8.2503;14.6672;77.7777777777778;Demanda creciente
386;GEL NEUTRO MIROIR PURATOS 5 KG;NO PERECIBLE;1732.47;48;7;0.246986191211649;215.143333333333;249.113333333333;15.7894736842105;Demanda estable
387;GEL LADY FRUIT FRESA PURATOS 2.5 KG;NO PERECIBLE;691.5;73;7;0.26788610072746;86.0533333333333;104.493333333333;21.4285714285714;Demanda estable
391;MEJORADOR S-500 PURATOS 1 KG;NO PERECIBLE;69.3;9;5;0.865431218188735;17.9666666666667;5.13333333333333;-71.4285714285714;Demanda decreciente
393;YEMO LIQUIDO 500ML;NO PERECIBLE;5796.1932;781;7;0.167346288847203;761.0792;938.5012;23.3118971061093;Demanda estable
394;ACHIOTE 1 KG;NO PERECIBLE;6008;997;7;0.122238298577501;769.333333333333;941.333333333333;22.3570190641248;Demanda estable
395;CHIFLES PICANTES TORTOLINES 45 GR;NO PERECIBLE;1782.228;62;7;0.301394901375319;246.377;288.233666666667;16.9888693614528;Demanda estable
396;AJO MOLIDO 1 KG;NO PERECIBLE;526.4;169;7;0.171207201483309;75.6;77.4666666666667;2.46913580246912;Demanda estable
397;AJONJOLI 1 KG;NO PERECIBLE;1392;260;7;0.144731769070238;203.2;190.4;-6.29921259842521;Demanda estable
399;ALMIDON DE YUCA 1 KG;NO PERECIBLE;1514.4;199;7;0.227568140538225;200;250.4;25.2;Demanda creciente
401;APANADURA EUREKA 1 KG;NO PERECIBLE;9.75;1;1;2.64575131106459;3.25;0;-100;Demanda intermitente
403;ARROZ INTEGRAL GOURMET CASA DEL ARROZ 1 KG;NO PERECIBLE;816.0841228;590;7;0.128219777798455;130.013401916667;106.010927716667;-18.4615384615385;Demanda estable
404;ARVEJA SECA 1 KG;NO PERECIBLE;2088;616;7;0.159028641373273;306.4;282;-7.96344647519581;Demanda estable
406;AZAFRAN 250 GR;NO PERECIBLE;172.9;82;7;0.166435666324652;28.1666666666667;21.2333333333333;-24.6153846153846;Demanda estable
407;CANELA MOLIDA 1 KG;NO PERECIBLE;1816.56;73;7;0.432933238063618;229.68;306.24;33.3333333333334;Demanda creciente
408;CANELA RAMA 200 GR;NO PERECIBLE;9454.5;1294;7;0.160817088695861;1285.5;1399.5;8.86814469078179;Demanda estable
413;CLAVO OLOR 1 KG;NO PERECIBLE;362.88;21;7;0.471404520791032;57.6;51.84;-10;Demanda variable
415;COMINO GRANO 1 KG;NO PERECIBLE;20.99175825;3;3;1.24721912892465;2.33241758333333;2.33241758333333;0;Demanda intermitente
416;COMINO MOLIDO 1 KG;NO PERECIBLE;16194.9;2594;7;0.10351159853994;2122.56666666667;2454.33333333333;15.630447414294;Demanda estable
418;FIDEO ARROZ FINO ORIENTAL 200 GR;NO PERECIBLE;350.59530828;40;7;0.576275968327349;64.84588019;40.61774913;-37.3626373626374;Demanda decreciente
420;FIDEO CABELLO DE ANGEL CAYAMBE 400 GR;NO PERECIBLE;11650.95;2586;7;0.22474563681243;1358.81;2015.69;48.3422995120731;Demanda creciente
423;FIDEO BASTON GRANDE CAYAMBE 400 GR;NO PERECIBLE;7787.19;1499;6;0.586078696874872;1123.87;1471.86;30.9635456058085;Demanda creciente
426;FIDEO LAZO CHICO CAYAMBE 400 GR;NO PERECIBLE;1927.8;324;2;1.71329959988782;0;642.6;;Demanda intermitente
427;FIDEO MACARRON CHICO CAYAMBE 400 GR;NO PERECIBLE;11051.7;2399;7;0.13844065528318;1402.16;1736.89;23.872453928225;Demanda estable
429;FIDEO BROCA CAYAMBE 400 GR;NO PERECIBLE;11747.34;1578;7;0.173917441757579;1512.32;1896.69;25.4159172661871;Demanda creciente
431;FREJOL BOLON 1 KG;NO PERECIBLE;554.4;76;7;0.663906130309292;54.4;105.6;94.1176470588235;Demanda creciente
432;FREJOL CANARIO 1 KG;NO PERECIBLE;9837.3;635;7;0.187216566558745;1237.5;1641.2;32.6222222222222;Demanda creciente
433;FREJOL NEGRO 1 KG;NO PERECIBLE;10066;1337;7;0.104915574580191;1532.66666666667;1352;-11.7877337973032;Demanda estable
434;FREJOL PANAMITO 1 KG;NO PERECIBLE;16870;1553;7;0.192820532049705;2060.83333333333;2716.66666666667;31.8236959158916;Demanda creciente
436;GARBANZO 1 KG;NO PERECIBLE;6038.4;833;7;0.877435427269386;1486.4;65.6;-95.5866523143165;Demanda decreciente
437;GRANOLA TRADICIONAL SCHULLO 400 GR;NO PERECIBLE;304.03044;63;7;0.50467444585227;45.9423776;51.3473632;11.7647058823529;Demanda variable
440;HARINA CEBADA 1 KG;NO PERECIBLE;289.3;155;7;0.18430935506242;44.7333333333333;40.7;-9.01639344262295;Demanda estable
441;HARINA HABA 1 KG;NO PERECIBLE;933.6;340;7;0.125795578418329;134.4;132;-1.78571428571429;Demanda estable
442;HARINA DE MAIZ 1 KG;NO PERECIBLE;1903.2;652;7;0.104004733938111;281.6;268.8;-4.54545454545453;Demanda estable
443;HARINA MOROCHO 1 KG;NO PERECIBLE;245.52;74;7;0.440422897006389;40.04;36.08;-9.89010989010989;Demanda estable
444;HARINA DE MAIZ NEGRA 1 KG;NO PERECIBLE;100.05;29;6;1.24446544825795;9.18333333333333;23.6833333333333;157.894736842105;Demanda creciente
446;HARINA QUINUA 1 KG;NO PERECIBLE;165;31;7;0.364336027234119;24.9333333333333;21.2666666666667;-14.7058823529412;Demanda estable
447;HARINA SOYA 500 GR;NO PERECIBLE;72.389969;44;7;0.234662878757307;11.0997952466667;9.65199586666667;-13.0434782608696;Demanda estable
449;LAUREL HOJA 200 GR;NO PERECIBLE;664.8;242;7;0.205226533870679;94.4;86.4;-8.47457627118644;Demanda estable
453;MAIZ 1 KG;NO PERECIBLE;7838.4;1157;7;0.0717054787897418;1131.2;1139.2;0.707213578500698;Demanda estable
454;HARINA DE MAIZ AMARILLO MAIZABOSA 1 KG;NO PERECIBLE;2424.4655;298;7;0.317276477429258;310.970733333333;326.949466666667;5.13833992094861;Demanda estable
455;MANI 1 KG;NO PERECIBLE;37094.4;4149;7;0.155288369120402;4950.4;5810.13333333333;17.3669467787115;Demanda estable
456;MOROCHO PARTIDO 1 KG;NO PERECIBLE;2783;1069;7;0.139643678467232;408.333333333333;401;-1.79591836734694;Demanda estable
457;MOTE 1 KG;NO PERECIBLE;64005;4125;7;0.121111299196127;8581.66666666667;9649.16666666667;12.4393086036124;Demanda estable
458;NUEZ PEPA 1 KG;NO PERECIBLE;3594.5;287;7;0.0989092385742867;505.6;502.966666666667;-0.520833333333337;Demanda estable
459;NUEZ MOSCADA 200 GR;NO PERECIBLE;168;23;7;0.528690730852063;30.3333333333333;21;-30.7692307692308;Demanda decreciente
461;OREGANO MOLIDO 1 KG;NO PERECIBLE;1008;178;7;0.192450089729875;126.4;148.8;17.7215189873418;Demanda estable
464;PAPRIKA 200 GR;NO PERECIBLE;1752.75;749;7;0.129931361160062;249.69;258.71;3.61247947454846;Demanda estable
465;PASAS 1 KG;NO PERECIBLE;4359;888;7;0.0812287825124326;649;628;-3.23574730354391;Demanda estable
466;PASAS CIRUELA 1 KG;NO PERECIBLE;900;78;7;0.690528514711471;118;172;45.7627118644068;Demanda creciente
467;PIMIENTA BLANCA MOLIDA 1 KG;NO PERECIBLE;7350;1052;7;0.0929047497010072;1040;1056;1.53846153846153;Demanda estable
469;PIMIENTA NEGRA GRANO 1 KG;NO PERECIBLE;539.32588035;28;7;0.450040734493147;74.3897766;61.9914805;-16.6666666666667;Demanda variable
477;SEMOLA 1 KG;NO PERECIBLE;219.35;80;7;0.330893310160095;30.6733333333333;34.5966666666667;12.7906976744186;Demanda estable
479;COLADA TAPIOCA FRESA SAN JORGE 400 GR;NO PERECIBLE;3937.5;806;7;0.137394928054656;525;607.5;15.7142857142857;Demanda estable
481;COLADA TAPIOCA VAINILLA SAN JORGE 400 GR;NO PERECIBLE;4247.5;834;7;0.135586516353249;631.666666666667;560.833333333333;-11.2137203166227;Demanda estable
482;TOMATE RIÑON REGULAR PINTON AL GRANEL 1 KG;FRUVER;206668.394049905;8976;7;0.0616241217327847;28301.3139266645;30983.4434193765;9.4770493683157;Demanda estable
484;TRIGO 1 KG;NO PERECIBLE;637.14;167;7;0.299947239902459;87.74;79.13;-9.81308411214953;Demanda estable
485;AROMATICA TORONJIL HORNIMANS 32 GR X25;NO PERECIBLE;91.225;24;5;0.844318040640866;20.8416666666667;1.70833333333333;-91.8032786885246;Demanda decreciente
486;TE VERDE LIMON EN POLVO CALIENTE LEGZ 500 GR;NO PERECIBLE;1027.079996;196;7;0.229383231005814;142.079399446667;144.647099436667;1.80722891566267;Demanda estable
494;CHORIZO PARRILLERO DON DIEGO 1 KG (401520);PERECIBLE;3975.1642;186;7;0.274626954073938;535.043966666667;627.759166666667;17.3285198555957;Demanda estable
503;JAMON DE POLLO T1 MR POLLO 200 GR;PERECIBLE;771.6966;49;7;0.135562270312017;100.728466666667;119.8752;19.0082644628099;Demanda estable
507;JAMON SANDUCHE T2 LA ITALIANA 1 KG;PERECIBLE;45507.5784;1722;7;0.0684144519134462;6522.4992;6312.6168;-3.21782178217822;Demanda estable
508;JAMON SERRANO DON DIEGO 100 GR (401521);PERECIBLE;334.152;17;5;1.49558365626769;3.9312;107.4528;2633.33333333333;Demanda creciente
512;LONGANIZA T3 LA ITALIANA 1 KG;PERECIBLE;36666.7814;770;7;0.209250071719382;4419.83763333333;5917.68173333333;33.8891204668612;Demanda creciente
514;MORCILLA PREMIUM JURIS 1 KG;PERECIBLE;2528.4;166;7;0.15426048196572;343.14;371.233333333333;8.18713450292396;Demanda estable
524;QUESO CHANCHO JURIS 1 KG;PERECIBLE;566.8175;40;7;0.194285869472381;77.5645;73.5868333333333;-5.12820512820512;Demanda estable
526;SALAMI ITALIANO JURIS 1 KG;PERECIBLE;725.12;54;7;0.370524508579842;79.31;101.97;28.5714285714286;Demanda creciente
528;SALCHICHA RES FRANKFUTER T2 LA CASTILLA 1 KG (401405);PERECIBLE;12756.2186;577;7;0.275646144273491;1795.73833333333;1659.14446666667;-7.60655737704917;Demanda estable
533;SALCHICHA POLLO T1 MR POLLO C18 1 KG X29 UND;PERECIBLE;3090.969;65;7;1.01486107402405;134.848;800.66;493.75;Demanda creciente
540;TOCINO AHUMADO JURIS 1 KG;PERECIBLE;20216.428;1066;7;0.156921558525941;2832.91693333333;2793.66173333333;-1.38568129330254;Demanda estable
550;VINO BLANCO SECO COCINA CASTELL REAL 750 ML;NO PERECIBLE;14179.0724;1923;7;0.123451007590878;1883.39496666667;2260.29056666667;20.0115008625647;Demanda estable
551;VINO TINTO SECO COCINA CASTELL REAL 750 ML;NO PERECIBLE;11823.4749;1596;7;0.0681042208844583;1700.36233333333;1678.70166666667;-1.27388535031847;Demanda estable
555;HELADO VAINILLA CREMOSSITO PINGUINO 900 ML;PERECIBLE;107.58;12;7;0.340150671524904;13.04;19.56;50;Demanda creciente
564;LEVADURA FRESCA LEVAPAN 500 GR;PERECIBLE;3073.525;1040;5;1.20745148570272;1004.90833333333;1.63333333333333;-99.8374644453474;Demanda decreciente
566;MANTEQUILLA CON SAL VITA 250 GR;PERECIBLE;1595.1728;173;7;0.0889297748514661;227.661333333333;233.063466666667;2.37288135593221;Demanda estable
567;MANTEQUILLA SIN SAL KIOSKO 1 KG;PERECIBLE;92422.68;5950;7;0.0629010666960361;12886.93;13747.265;6.67602757212154;Demanda estable
568;MANTEQUILLA SIN SAL VITA 250 GR;PERECIBLE;321.8128;78;7;0.146616751727892;47.0757333333333;44.7605333333333;-4.91803278688524;Demanda estable
569;MASA MOROCHO 1 KG;PERECIBLE;2214.8;159;7;0.312795661163695;406.933333333333;249.2;-38.7614678899083;Demanda decreciente
570;CHIFLES MADURITOS TORTOLINES 45 GR;NO PERECIBLE;2215.661;121;7;0.250376879800586;323.595333333333;329.513;1.82872435325603;Demanda estable
571;PAN BAGEL 600 GR X 5;PERECIBLE;900;58;5;0.828870022623145;140;90.6666666666667;-35.2380952380952;Demanda decreciente
572;PAN PITA ARABE PASTELO 500 GR X10;PERECIBLE;2749.2;221;7;0.147239147090085;380.866666666667;386.666666666667;1.5228426395939;Demanda estable
576;QUESO CHEDDAR CORTADO KIOSKO 1 KG;PERECIBLE;7488.4;361;7;0.402203636952228;1312.73333333333;782.466666666667;-40.3940886699507;Demanda decreciente
577;QUESO HOLANDES CORTADO KIOSKO 1 KG;PERECIBLE;26466.9181;756;7;0.457054498938572;4361.9462;2666.692;-38.8646288209607;Demanda decreciente
578;QUESO CREMA TONI 250 GR;PERECIBLE;353.46;32;2;2.0509909836787;117.82;0;-100;Demanda intermitente
579;QUESO FRESCO KIOSKO 450 GR;PERECIBLE;374397.6;8342;7;0.0903606716197427;49873.42;56444.91;13.1763372152942;Demanda estable
583;QUESO MOZZARELLA KIOSKO 500 GR;PERECIBLE;35872.2;1949;7;0.0738913986441785;5006.4;5329.8;6.45973154362416;Demanda estable
585;QUESO MOZZARELLA KIOSKO LIGTH 500 GR;PERECIBLE;1029.3;46;7;0.803700531317016;244.4;42.3;-82.6923076923077;Demanda decreciente
586;QUESO PARMESANO ALPINA 40 GR;PERECIBLE;1016.6;262;7;0.217880634426043;157.533333333333;136;-13.6690647482014;Demanda estable
588;QUESO REQUESON KIOSKO 500 GR;PERECIBLE;6386.7;257;7;0.205964540877546;930.666666666667;955.096666666667;2.62499999999999;Demanda estable
590;QUESO RICOTTA KIOSKO 450 GR;PERECIBLE;4482.00064325;581;7;0.26599208235282;571.680082046667;759.600109016667;32.8715365239295;Demanda creciente
592;TORTILLA TRIGO SUAVES MAMA FANY 400 GR X12;PERECIBLE;35593.9554;1577;7;0.18310097964546;5644.47833333333;4348.12286666667;-22.9667896678967;Demanda estable
594;YGT DESCREMADO FRUTILLA LIGHT REGENERIS 1.75 LT;PERECIBLE;10480.5;412;7;0.142817478521487;1359;1666.5;22.6269315673289;Demanda estable
601;YGT SEMIDESCREMADO DURAZNO ALIBABA 1.9 KG;PERECIBLE;6492.84;669;7;0.0870663838629096;915;973.56;6.40000000000001;Demanda estable
603;YGT SEMIDESCREMADO FRESA ALIBABA 1.9 KG;PERECIBLE;2422.92;386;7;0.228290834580799;395.28;329.4;-16.6666666666667;Demanda estable
606;YGT SEMIDESCREMADO NATURAL ALI BABA 1.86 LT;PERECIBLE;4255.7625;482;7;0.105471845490184;576.4125;635.55;10.2595797280593;Demanda estable
608;CHAMPIÑON FRESCO 220 GR;FRUVER;11548.68;1293;7;1.02043144525183;3188.12;495.56;-84.4560430598597;Demanda decreciente
610;CEBOLLA PAITEÑA 1 KG;FRUVER;35474.48;2834;4;1.54479144420332;731.956666666667;11092.87;1415.50911483831;Demanda creciente
628;PAPEL ALUMINIO 300 M X30 CM;NO PERECIBLE;9910.86542028;547;7;0.0678199147042137;1399.64766084;1393.98107112;-0.404858299595134;Demanda estable
631;"STRETCH FILM ALIMENTOS 30 CM 12"" X1400 M";NO PERECIBLE;62682;1894;7;0.086834343239124;8628.33333333333;9170.83333333333;6.2874251497006;Demanda estable
632;DV DESINFECTANTE CONCENTRADO CL10 CLORO 4 KG;NO PERECIBLE;12125.68;2784;7;0.0882549207898011;1597.72;1846.30666666667;15.5588380108321;Demanda estable
636;DV GEL ANTIBACTERIAL GM6 GEL 3.2 KG;NO PERECIBLE;6480.1;813;7;0.108703169419784;874.516666666667;936.166666666667;7.04960835509139;Demanda estable
638;DV DESINFECTANTE MULTIUSO AC1 QUAT 4 KG;NO PERECIBLE;8793.15;1434;7;0.0235508359173054;1249.3;1257.05;0.620347394540932;Demanda estable
639;LAVAVAJILLA BARRA ROSADO LAVA 300 GR;NO PERECIBLE;4086.6386;2068;7;0.0734201260322012;551.1862;609.2058;10.5263157894737;Demanda estable
641;FUNDA TRANSPARENTE 30MICRAS 12X18 X100;NO PERECIBLE;915.5999748;304;7;0.196497102042527;112.633330233333;137.33999622;21.9354838709677;Demanda estable
643;PALILLO REDONDO CARICIA 30GR X100;NO PERECIBLE;349.75;466;7;0.123998099279007;48.1666666666667;52.1666666666667;8.30449826989619;Demanda estable
644;PIEDRA POMEX;NO PERECIBLE;122.4;140;7;0.432590769275711;16.8866666666667;16.0933333333333;-4.6979865771812;Demanda estable
645;ESCOBA PLASTICA DURA TUBO PLASTIFICADO X1;NO PERECIBLE;649.89202176;228;7;0.245868496241359;83.2423422933333;106.309497386667;27.710843373494;Demanda creciente
648;GUANTE ALIMENTOS VINIL LG X100;NO PERECIBLE;37984.8;4757;7;0.0584191829407654;5169.5;5601.51666666667;8.3570300157978;Demanda estable
651;LIMPION INDUSTRIAL 650 MT X 22CM TORK;NO PERECIBLE;5058.24;241;1;2.64575131106459;0;0;;Demanda intermitente
652;COFIA X100;NO PERECIBLE;1800;629;7;0.154481243950553;222.5;282.5;26.9662921348315;Demanda creciente
653;MASCARILLA REUTILIZABLE X50;NO PERECIBLE;708;48;7;0.386624002506794;124;76;-38.7096774193548;Demanda decreciente
654;MOPA (59) TRAPERO MICROFIBRA GRANDE;NO PERECIBLE;5113.28;428;7;0.134505833459018;662.72;806.613333333333;21.7125382262997;Demanda estable
655;CHORIZO T1 UP 2 KG;PERECIBLE;3150.124;137;7;0.3210011315292;408.994;478.61;17.0212765957447;Demanda estable
656;JAMON DE CERDO REBANADO T2 PLUMROSE 1 KG;PERECIBLE;886.0416;69;7;0.226018389531007;127.488;121.1136;-5;Demanda estable
657;MORTADELA UP T2 1 KG;PERECIBLE;35.856;7;7;0.379516695035541;5.312;3.984;-25;Demanda decreciente
660;SALSA CHINA GUSTADINA 150 ML;NO PERECIBLE;1011.4188;271;7;0.135364957523226;154.6587;133.655666666667;-13.5802469135803;Demanda estable
663;GALLETAS MARIA NESTLE 414 GR (18 X23 GR);NO PERECIBLE;3687.84;193;7;0.427401365225589;621.92;504.4;-18.8963210702341;Demanda estable
664;GELATINA SIN SABOR GELHADA 1 KG;NO PERECIBLE;13309.6;655;7;0.107799931934042;1978.1;1829.63333333333;-7.50551876379691;Demanda estable
666;HELADO VAINILLA TOPSY 1LT;PERECIBLE;4973.6031;284;7;0.447651890394258;964.188;421.385866666667;-56.2962962962963;Demanda decreciente
667;MERMELADA DE FRUTILLA GUSTADINA 300 GR;NO PERECIBLE;207;114;7;0.564628703715;18.5;43;132.432432432432;Demanda creciente
668;MERMELADA DE GUAYABA GUSTADINA 300 GR;NO PERECIBLE;486.91999671;189;7;0.212055551598951;72.02666618;71.53333285;-0.684931506849329;Demanda estable
669;MERMELADA DE MORA GUSTADINA 300 GR;NO PERECIBLE;637.87999569;221;7;0.206261760765178;92.74666604;96.69333268;4.25531914893618;Demanda estable
670;MERMELADA DE FRUTIMORA GUSTADINA 300 GR;NO PERECIBLE;485.7693;133;7;0.196030786066292;72.6384;64.5674666666667;-11.1111111111111;Demanda estable
671;MERMELADA DE PIÑA GUSTADINA 300 GR;NO PERECIBLE;313.5;45;7;0.200424600604849;50;39.5;-21;Demanda estable
672;SALSA DE TOMATE GUSTADINA VIDRIO 395 GR;NO PERECIBLE;669.6413;199;7;0.2540800919116;74.5474;104.966166666667;40.8045977011494;Demanda creciente
673;PURE DE TOMATE GUSTADINA VIDRIO 250 GR;NO PERECIBLE;931.5473;140;7;0.202216345152703;135.762566666667;123.078866666667;-9.34256055363321;Demanda estable
674;SALCHICHA UP 1 KG;PERECIBLE;205.632;41;7;0.24698619121165;32.256;26.88;-16.6666666666667;Demanda estable
675;AGUA SIN GAS CIELO 625 ML;NO PERECIBLE;6448.624;451;7;0.276693527822952;1121.956;723.948;-35.4744749348459;Demanda decreciente
677;AGUA MINERAL CON GAS GÜITIG 500 ML;NO PERECIBLE;17667.283;810;7;0.0953705704292891;2515.797;2423.80066666667;-3.65674707988495;Demanda estable
700;COLA PEPSI 400 ML;NO PERECIBLE;275.712;43;7;1.23865269650859;63.3036666666667;20.3433333333333;-67.8638941398866;Demanda decreciente
703;COLA SPRITE 1.75 LT;NO PERECIBLE;1386.6888;305;7;0.291019868505941;191.3832;198.844533333333;3.89863547758285;Demanda estable
706;COLA FANTA 3 LT;NO PERECIBLE;656.30701968;140;7;0.420307889923327;79.93482932;93.2573008733333;16.6666666666667;Demanda estable
707;COLA SPRITE 3 LT;NO PERECIBLE;2881.04489884;273;7;0.2423559244323;348.228278613333;479.49401645;37.6953125;Demanda creciente
708;COLA FIORAVANTI FRESA 3 LT;NO PERECIBLE;83.8679;28;6;0.746552827942332;6.04453333333333;12.8446333333333;112.5;Demanda creciente
709;COLA FIORAVANTI MANZANA 3 LT;NO PERECIBLE;389.33274;70;7;0.580208843085747;43.9924;51.3244666666667;16.6666666666667;Demanda variable
713;COCA COLA SABOR LIGERO 500 ML;NO PERECIBLE;5737.77350292;285;7;0.104839442742755;763.73634078;846.66331406;10.8580630319761;Demanda estable
723;COLA TANQUE GAS 9 KG;NO PERECIBLE;0.46;36;7;0.446755438892706;0.0366666666666667;0.09;145.454545454545;Demanda creciente
731;GATORADE FRUTAS TROPICALES VIDRIO 473 ML;NO PERECIBLE;0.6207;1;1;2.64575131106459;0;0.2069;;Demanda intermitente
734;GATORADE MANZANA PET 500 ML;NO PERECIBLE;7569.8623;446;7;0.106795203278634;1093.42053333333;1026.95156666667;-6.07899382171228;Demanda estable
735;GATORADE TROPICAL PET 500 ML;NO PERECIBLE;6636.8841;344;7;0.108482444959076;936.838466666667;937.924166666667;0.115889775946432;Demanda estable
739;AVENA NUTRI MARACUYA TETRAPACK 200 ML;NO PERECIBLE;2018.784;69;7;0.234867910029506;276.4608;306.1632;10.7438016528926;Demanda estable
752;JUGO NARANJILLA TESALIA ICE 500 ML;NO PERECIBLE;1962.6576;80;7;0.452271911273021;364.8372;188.8436;-48.2389405466329;Demanda decreciente
763;LECHE CHOCOLATADA SEMI VITA TETRAPACK 200 ML;NO PERECIBLE;1708.47;70;7;0.480125961779196;220.853333333333;261.443333333333;18.3787128712871;Demanda variable
766;LECHE SEMIDESCREMADA LA LECHERA TETRAPACK 1 LT;NO PERECIBLE;825.745;64;7;0.257057814626911;112.33;113.525;1.06382978723403;Demanda estable
767;LECHE ENTERA VITA TETRAPACK 200 ML;NO PERECIBLE;861.3;38;7;0.732194948046931;107.1;106.6;-0.466853408029877;Demanda variable
768;LECHE FRESA SEMI VITA TETRAPACK 200 ML;NO PERECIBLE;209.92;13;7;0.530005099673898;25.1466666666667;39.36;56.5217391304348;Demanda creciente
769;LECHE DESCREMADA SVELTY TPK 1 LT;NO PERECIBLE;23.673;2;1;2.64575131106459;7.891;0;-100;Demanda intermitente
770;LECHE POLVO SOYA ORIENTAL 400 GR;NO PERECIBLE;129.4463736;9;1;2.64575131106459;43.1487912;0;-100;Demanda intermitente
776;LECHE VAINILLA SEMI VITA TETRAPACK 200 ML;NO PERECIBLE;849.52;31;7;0.299997970937055;119.31;122.043333333333;2.29095074455898;Demanda estable
791;BAG BOX COCA COLA 18 LT;NO PERECIBLE;975.0048;12;7;0.554860676539949;162.5008;135.417333333333;-16.6666666666667;Demanda variable
793;BAG BOX FANTA 10 LT;NO PERECIBLE;973.1022;21;7;0.333333333333333;154.460666666667;108.122466666667;-30;Demanda decreciente
795;BAG BOX FRESA 10 LT;NO PERECIBLE;899.9065;19;7;0.409941103352559;126.302666666667;126.302666666667;2.22044604925031e-14;Demanda estable
801;JUGO DE DURAZNO PULP 145 ML;NO PERECIBLE;280.858;31;7;1.09148377910944;15.0413333333333;72.0298333333334;378.879310344828;Demanda creciente
802;JUGO DE DURAZNO PULP 250 ML;NO PERECIBLE;9513.2997;345;7;0.151234693533284;1242.7862;1485.0211;19.4912769388653;Demanda estable
812;TE NEGRO LIMON FUZETEA 550 ML;NO PERECIBLE;7469.748;182;7;0.148859474181927;1072.929;1110.109;3.46528055444488;Demanda estable
817;BEBIDA LACTEA FRESA YOGUYOGU TETRAPACK 200 ML;NO PERECIBLE;199.49080962;5;5;0.903195564773521;17.37608392;32.74723508;88.4615384615385;Demanda creciente
819;BEBIDA LACTEA MORA YOGUYOGU TETRAPACK 200 ML;NO PERECIBLE;68.637;9;3;2.00681259306982;4.342;17.702;307.692307692308;Demanda intermitente
820;POLLO PECHUGA FILETE PROCESADO 1 KG;PERECIBLE;6858.062;515;7;0.22401804999899;979.801;1069.03566666667;9.10742759669225;Demanda estable
821;POLLO PECHUGA FILETE PROCESADO 5 KG;PERECIBLE;18992.3235;231;7;0.382689021056815;2631.95033333333;2925.81433333333;11.1652562845981;Demanda estable
1107;CERDO CHULETA (116-130) X10;PERECIBLE;51.6336;2;1;2.64575131106459;17.2112;0;-100;Demanda intermitente
1116;CERDO COSTILLA CONGELADO PROCESADO 1 KG;PERECIBLE;16032.666;1250;7;0.110086137669056;2150.874;2492.676;15.8913074406032;Demanda estable
1117;CERDO CUERO CONGELADO 5 KG;PERECIBLE;18952.8224;685;7;0.116864219352886;2810.0536;2574.23333333333;-8.39202023287622;Demanda estable
1119;CERDO FRITADA PROCESADO 5 KG;PERECIBLE;83817.1122692;844;7;0.248510650479262;10769.4682483333;13488.0477150667;25.243395533053;Demanda creciente
1120;CERDO GRASA CONGELADO 5 KG;PERECIBLE;17704.8711;1010;7;0.122804791369822;2346.8256;2620.863;11.676939266386;Demanda estable
1121;CERDO HUESO CONGELADO 5 KG;PERECIBLE;5419.16652;950;7;0.502840090048534;619.43328;1108.70796;78.987470611847;Demanda creciente
1123;BORREGO CUBOS PROCESADO 1 KG;PERECIBLE;6793.496621728;409;7;0.155759352487937;874.788280855333;1083.14721140933;23.8182123736586;Demanda estable
1124;BORREGO PROCESADO 5 KG;PERECIBLE;3367.316;45;7;0.190518070636837;562.279146666667;438.064206666667;-22.0913296778615;Demanda estable
1128;BORREGO MENUDO 1 KG;PERECIBLE;5109.9927;61;7;0.426419361269313;646.9207;744.8148;15.1323183815265;Demanda estable
1139;CERDO MENUDO;PERECIBLE;550.0853421286;20;6;1.05206916324217;56.971498934;95.4307093524;67.5060532687651;Demanda creciente
1142;RES GUATA 1 KG;PERECIBLE;19930.8163939056;1425;7;0.0990994861863826;2758.21496642;2961.0352788227;7.35331781140862;Demanda estable
1143;RES HIGADO ENTERO CONGELADO KG;PERECIBLE;700.2843403402;77;7;0.489066229228581;89.5534407973334;79.0830948996;-11.6917293233083;Demanda variable
1144;RES HIGADO JULIANA 1 KG;PERECIBLE;1603.44051;169;7;0.351618271164801;220.170150666667;227.353387333333;3.26258425354942;Demanda estable
1146;RES COSTILLA CONGELADO PROCESADO 5 KG;PERECIBLE;101373.4667088;2210;7;0.364410597870475;11856.403416;15642.908424;31.9363712176846;Demanda creciente
1191;RES GOULASH PROCESADO 5 KG;PERECIBLE;154763.13528;1441;7;0.244701103686697;22057.00224;24854.96832;12.6851602477781;Demanda estable
1192;RES HUESO 5 KG;PERECIBLE;5550.5305856;958;7;0.496999479761699;926.0766944;494.811269333333;-46.5690830656397;Demanda decreciente
1193;RES JULIANA PROCESADO 5 KG;PERECIBLE;257788.13736;2130;7;0.143090626126893;33444.58416;38374.75824;14.741322709871;Demanda estable
1226;RES L.FALDAT 76-90 X10;PERECIBLE;232.3954545134;10;3;1.28288976674233;0;77.4651515044667;;Demanda intermitente
1232;CERDO PIERNA CONGELADO CON GRASA PROCESADO;PERECIBLE;298.00134;4;2;1.70782526615613;0;49.649985;;Demanda intermitente
1242;RES CARNE MOLIDA 14 - 17% GRASA CONGELADO PROCESADO 5 KG;PERECIBLE;137228.596942791;2161;7;0.146117290097256;20926.1395565518;17451.3625298518;-16.6049596358162;Demanda estable
1251;RES PATA CORTE CONGELADO 1 KG;PERECIBLE;7638.8717931174;1090;7;0.157442020379977;1143.2890298258;1028.3756884566;-10.0511190408876;Demanda estable
1252;RES PATA CORTE CONGELADO 5 KG;PERECIBLE;35959.615692;838;7;0.137548752698164;5050.48090213333;5196.74061573333;2.89595617594001;Demanda estable
1258;RES SALON PROCESADO 5 KG;PERECIBLE;68860.1360304;508;7;0.191608626207184;9687.38509786666;9058.01998053333;-6.49674923599279;Demanda estable
1263;ALBACORA 5 KG;PERECIBLE;108261.882424556;1258;7;0.256304897967303;13078.3040512875;18530.7820726697;41.6910174285595;Demanda creciente
1266;BAGRE 5 KG;PERECIBLE;1094.3;37;7;0.365433235870246;141.2;170.616666666667;20.8333333333334;Demanda estable
1267;CALAMAR POTA 5 KG;PERECIBLE;18293.409;621;7;0.232657186415324;2696.9645;2683.0375;-0.516395377098966;Demanda estable
1289;RES RIÑON CONGELADO;PERECIBLE;82.6070661311;6;3;1.42317687410878;14.1742924240333;0;-100;Demanda intermitente
1292;PESCADO CABEZA 5 KG;PERECIBLE;26660.025;363;7;0.274094148796636;3343.8;4360.875;30.4167414319038;Demanda creciente
1293;PESCADO RETAZO 5 KG;PERECIBLE;209267.858028902;2554;7;0.151875329796395;27153.7477674816;33956.3545347648;25.0521836820985;Demanda creciente
1294;PESCADO SECO 5 KG;PERECIBLE;6766;79;2;2.5842389503002;2210;0;-100;Demanda intermitente
1316;TILAPIA FILETE SANTA PRISCILA 5 KG;PERECIBLE;291987.287;1774;7;0.234661383341282;34591.8863333333;50630.242;46.3645015253529;Demanda creciente
1317;RES GUATA 5 KG;PERECIBLE;105714.551904;1251;7;0.160215639731051;13632.08496;16567.1391253333;21.5304861578073;Demanda estable
1346;PAVO PECHUGA PRONACA (2-5) KG;PERECIBLE;217.945;3;3;1.55777619273972;58.1186666666667;14.5296666666667;-75;Demanda intermitente
1350;COCA COLA SABOR LIGERO 2 LT;NO PERECIBLE;4348.9033;344;7;0.161824461136081;595.7183;602.1067;1.07238605898123;Demanda estable
1357;GALLETAS AMOR CLASICA 175 GR;NO PERECIBLE;2615.22;214;7;0.352553556299525;373.8796;407.7806;9.06735751295338;Demanda estable
1358;GALLETAS AMOR CHOCOLATE 175 GR;NO PERECIBLE;1414.04;92;7;0.944299005692346;96.28;345.68;259.036144578313;Demanda creciente
1362;CAFE CLASICO MINERVA PASAR TOSTADO&MOLIDO 400 GR;NO PERECIBLE;55451.14;2882;7;0.178529153297094;6798.26333333333;9232.28333333333;35.8035557120225;Demanda creciente
1368;CHANTYPAK PURATOS TETRAPACK 1 LT;NO PERECIBLE;11647.35;700;3;1.26923082259458;3882.45;0;-100;Demanda intermitente
1372;FLAN CARAMELO GELHADA 60 GR;NO PERECIBLE;5747.5725;886;7;0.204019373895169;758.6875;816.18;7.57788944723619;Demanda estable
1377;GELATINA SIN SABOR GELHADA 30 GR;NO PERECIBLE;685.02;257;7;0.129105092508924;89.425;101.675;13.6986301369863;Demanda estable
1379;GALLETAS SALTIN NOEL 300 GR;NO PERECIBLE;368.4825;48;7;0.594472382097785;49.5945;44.0325;-11.2149532710281;Demanda variable
1382;GALLETAS ORIGINAL OREO 432 GR (12 X36 GR);NO PERECIBLE;15458.1;593;7;0.185829884359578;2159.85;2400.23;11.129476584022;Demanda estable
1385;GALLETAS DUCALES 243 GR (9 X27 GR);NO PERECIBLE;9762.01;508;7;0.150080426135437;1308.98666666667;1480.88666666667;13.1322957198444;Demanda estable
1387;GALLETAS MARIA NESTLE TACO 172 GR;NO PERECIBLE;1492.1;113;7;0.446968024678781;233.06;229.906666666667;-1.35301353013531;Demanda estable
1388;COLIFLOR 1 KG;FRUVER;24900.25;4933;7;0.0537478697328398;3404;3668.08333333333;7.75802976889934;Demanda estable
1392;LECHE ENTERA EN POLVO LA VAQUITA 400 GR;NO PERECIBLE;247744.2992885;6728;7;0.0614836370759305;33894.9485693233;36675.90589467;8.20463650994761;Demanda estable
1397;QUESO FUNDIDO 4 KG;NO PERECIBLE;7928.55;246;7;0.281383998714409;1057.14;1073.92;1.58730158730158;Demanda estable
1398;AROMATICA CEDRON FLORAROMA X25;NO PERECIBLE;881.02;548;7;0.153085184458606;121.683333333333;123.48;1.47651006711409;Demanda estable
1400;MASA WANTAN 454 GR X26;PERECIBLE;23270;2224;7;0.17331253478616;2999.44333333333;3613.41333333333;20.4694648895962;Demanda estable
1405;GELATINERO CON TAPA 100 ML X100 UND;NO PERECIBLE;1358.03828646;68;7;0.546897501335626;108.707963193333;222.283447126667;104.477611940299;Demanda creciente
1407;VASO PLASTICO SIN TAPA 3 ONZ X100 UND;NO PERECIBLE;29.82;7;3;1.57527187541754;0;6.62666666666667;;Demanda intermitente
1408;VASO PLÁSTICO 7 ONZ X 50 UND;NO PERECIBLE;2967.004;985;7;0.0897978691890096;419.506666666667;410.455666666667;-2.15753424657534;Demanda estable
1411;NARANJA PINTONA AL GRANEL 1 KG;FRUVER;48908.0475;4662;7;0.0491242030815692;7005.354;6958.6545;-0.666625840749813;Demanda estable
1420;PEPINILLO 1 KG;FRUVER;31942.65;6177;7;0.0799267167255072;4266.91166666667;4888.23;14.5613122996453;Demanda estable
1422;GRANOLA SHALOM 450 G;NO PERECIBLE;5955.31;892;7;0.0945844841515145;827.4;884.53;6.9047619047619;Demanda estable
1424;POLVO HORNEAR LEVAPAN 500 GR;NO PERECIBLE;3700.875;905;7;0.0969974412228607;494.145;533.76;8.01687763713082;Demanda estable
1433;YOGURT SEMIDESCREMADO MORA ALIBABA 1.9 LT;PERECIBLE;4443.24;497;7;0.263942675953759;603.29;715.53;18.6046511627907;Demanda estable
1435;PAPA 1 KG;FRUVER;387971.445;6178;7;0.0354046847074779;54142.5716666667;56703.8266666667;4.7305750745801;Demanda estable
1437;VERDE 1 KG;FRUVER;280520.338;7982;7;0.12317381151211;36418.998;43973.1576666667;20.7423599810919;Demanda estable
1438;CONCHA CASCARA X100;PERECIBLE;1408;43;6;0.587064887633102;308;102.666666666667;-66.6666666666667;Demanda decreciente
1439;CONCHA CARNE 800 GR;PERECIBLE;848.89;20;7;0.335073795830502;122.476666666667;114.03;-6.89655172413793;Demanda estable
1440;PAPA CHOLA 1 KG;FRUVER;196972.782;3174;7;0.14671791512561;24589.13;31010.964;26.1165563808073;Demanda creciente
1442;HELADO CHOCOLATE TOPSY 1 LT;PERECIBLE;2464.036;263;7;0.401242556519047;377.6403;250.867433333333;-33.5697399527187;Demanda decreciente
1443;MEJILLON CASCARA 718 GR X100;PERECIBLE;2075.7;288;7;0.140293169908602;322.886666666667;278.116666666667;-13.8655462184874;Demanda estable
1449;BIZCOTELAS INALECSA 150 GR (X 24);NO PERECIBLE;461.78307072;37;4;1.34558453381057;130.47776868;0;-100;Demanda decreciente
1451;CARAMELO MELO SURTIDO 405GR X100;NO PERECIBLE;293.75856384;62;7;0.271083618326523;38.249813;41.8197955466667;9.33333333333335;Demanda estable
1454;CHOCOLATE SNICKERS 2.5KG X48;NO PERECIBLE;372.96;7;5;0.816496580927726;35.52;53.28;50;Demanda creciente
1458;PAN HAMBURGUESA SUPAN 400 GR X8;NO PERECIBLE;652.54;36;3;1.6137041192212;217.513333333333;0;-100;Demanda intermitente
1459;PAN HOT DOG SUPAN 600 GR X8;NO PERECIBLE;1760.15;128;7;0.320630220530999;225.6;258.5;14.5833333333333;Demanda estable
1460;PAN HOT DOG SUPAN 320 GR X8;NO PERECIBLE;1043.89;160;7;0.215842486232256;128.806666666667;168.653333333333;30.9352517985611;Demanda creciente
1462;PAPA SARITA NATURAL 30 GR;NO PERECIBLE;1068.144;112;7;0.254203848649667;174.8208;144.5136;-17.3361522198731;Demanda estable
1465;PAN BLANCO MOLDE SUPAN 550 GR X 20;NO PERECIBLE;17685.5;1178;7;0.0804027410468452;2385.25;2615.08333333333;9.63560772805088;Demanda estable
1468;TIGRETON INALECSA 50 GR;NO PERECIBLE;583.9548;17;6;0.871906517553127;100.9778;85.6394;-15.1898734177215;Demanda variable
1470;TOSTADAS INTEGRALES GRILE 100 GR X 16;NO PERECIBLE;476.76;123;7;0.18907264806302;62.64;69.2133333333333;10.4938271604938;Demanda estable
1471;TOSTADAS NATURAL GRILE 100 GR X 16;NO PERECIBLE;835.38;87;7;0.44691260078594;81.51;164.58;101.913875598086;Demanda creciente
1473;CANASTILLA #9 X100;NO PERECIBLE;41.92;40;7;0.870797992641966;7.25333333333333;4.58666666666667;-36.7647058823529;Demanda decreciente
1474;HILO CHILLO ROLLO PONTE SELVA 8/6 90 MT;NO PERECIBLE;921.6;513;7;0.261887124528724;121.6;152.8;25.6578947368421;Demanda creciente
1475;PALO HELADO CARICIA X 100;NO PERECIBLE;116.8608;33;6;1.00357434120913;22.607;12.8686;-43.0769230769231;Demanda decreciente
1476;PINCHO MADERA GD X100;NO PERECIBLE;543.03;376;7;0.248084605022629;64.86;92.23;42.1985815602837;Demanda creciente
1483;CHIFLES QUESO TORTOLINES 45 GR;NO PERECIBLE;714.883;42;7;0.673889865818689;114.745;123.260666666667;7.42138364779874;Demanda variable
1492;ESPADA FILETE ENTERO KG;PERECIBLE;6348.8801;343;4;1.38011362417541;1446.38916666667;669.9042;-53.68437378829;Demanda decreciente
1501;MAYONESA GUSTADINA SACHET 7 GR (102 X7 GR);NO PERECIBLE;2794.902;370;7;0.14725309834817;345.356;421.872;22.1556886227545;Demanda estable
1504;FUNDA TRANSPARENTE 40MICRAS 18X24 X100;NO PERECIBLE;4473.7;662;7;0.127612298116864;583.916666666667;657.58;12.6153846153846;Demanda estable
1506;FUNDA 20 MICRAS 6X10 X100 UND;NO PERECIBLE;2624.01;619;7;0.177166937530942;332.916666666667;412.66;23.9529411764706;Demanda estable
1508;FUNDA NEGRA 23X28 X1O UND;NO PERECIBLE;334.1650865;340;7;0.15520688825292;42.4180036;52.1182447333333;22.8682170542636;Demanda estable
1512;FOSFORO EL GALLO X10;NO PERECIBLE;59.32921854;100;7;0.123314580288489;8.42928788;8.1050845;-3.84615384615384;Demanda estable
1513;ULTRAMOPA MEDIANA + BASTON 27X74 (219);NO PERECIBLE;246.06;18;7;0.379516695035541;41.01;36.4533333333333;-11.1111111111111;Demanda estable
1515;CUCHARA SOPA BL USAKUBIERTO X50;NO PERECIBLE;2570.1186;889;7;0.148469801533367;322.8708;409.4538;26.8166089965398;Demanda creciente
1520;TENEDOR BLANCO USAKUBIERTO X 50;NO PERECIBLE;1140.1026;376;7;0.348845621671566;172.4212;137.9742;-19.9784017278618;Demanda estable
1521;ESTUCHE FRESA MEDIANO X 100;NO PERECIBLE;1690.65;162;7;0.360000195116101;253.5;210.6;-16.9230769230769;Demanda estable
1530;FUNDA VERDE 35 MICRAS 35X47 X50;NO PERECIBLE;801.9;59;2;1.70794709836712;0;267.3;;Demanda intermitente
1533;MORTIÑO 1 KG;FRUVER;27.4;4;4;0.935414346693485;6.85;0;-100;Demanda decreciente
1534;SALSA DE TOMATE GUSTADINA 7 GR X102;NO PERECIBLE;1956.559;366;7;0.14342727220809;243.587666666667;292.876666666667;20.2346041055719;Demanda estable
1536;VASO PLÁSTICO SIN TAPA 12 ONZ X 50 UND;NO PERECIBLE;86.02;51;7;0.324278707967038;11.0783333333333;12.7075;14.7058823529412;Demanda estable
1551;CASCARA CAMARON 1 KG;PERECIBLE;3.98;96;7;0.448915129111232;0.516666666666667;0.686666666666667;32.9032258064516;Demanda creciente
1555;POLLO VACIO PRONACA (2.2-2.4)KG;PERECIBLE;130.8164;3;3;1.5416620132459;9.91033333333333;7.92826666666667;-20;Demanda intermitente
1556;AVENA LECHE ALPINA VASO 250 GR;NO PERECIBLE;76.68;9;2;2.04375994982539;25.56;0;-100;Demanda intermitente
1561;CAFE CLASICO BUENDIA 170 GR;NO PERECIBLE;5068.95319125;233;6;1.22050596369752;1325.5826025;364.06846125;-72.5352112676056;Demanda decreciente
1569;CAPUCHINO NESCAFE 1 KG;NO PERECIBLE;1258.9152;12;6;0.649073413641551;209.8192;104.9096;-50;Demanda decreciente
1570;CAPPUCCINO VAINILLA ALEGRIA NESCAFE 1 KG;NO PERECIBLE;1109.3836;13;7;0.484472913530543;199.120133333333;113.782933333333;-42.8571428571428;Demanda decreciente
1583;CHOCOLATE GOTAS PURATOS 2 KG;NO PERECIBLE;25.94;2;1;2.64575131106459;0;8.64666666666667;;Demanda intermitente
1585;CHOCOLATE POLVO MILO NESTLE 400 GR;NO PERECIBLE;2577.44;274;7;0.156143311427858;411.473333333333;353.553333333333;-14.0762463343109;Demanda estable
1587;CREMA COFFE MATE NESTLE 435 GR;NO PERECIBLE;9500.96;550;7;0.124909857924384;1388.88333333333;1305.71666666667;-5.98802395209581;Demanda estable
1600;GALLETAS COCO NESTLE 540 GR (18 X30 GR);NO PERECIBLE;14025;402;7;0.0505233059532375;1948.54;2085.67333333333;7.03774792066541;Demanda estable
1608;MOKACHINO NESCAFE 1 KG;NO PERECIBLE;778.8564;9;6;0.587944735792131;144.232666666667;57.6930666666667;-60;Demanda decreciente
1616;AROMATICA MANZANILLA PUSUQUI X25;NO PERECIBLE;199.8;78;3;1.2592514016156;0;66.6;;Demanda intermitente
1619;AROMATICA TORONJIL FLORAROMA X25;NO PERECIBLE;348.4536;158;7;0.178004654638488;43.8128;55.6328;26.9784172661871;Demanda creciente
1628;COLOR CARAMELO LEVAPAN 500 ML;NO PERECIBLE;204.6816;44;7;0.315029929264988;22.248;32.6304;46.6666666666667;Demanda creciente
1632;AROMATICA TE NEGRO HORNIMANS 40 GR X25;NO PERECIBLE;6283.6799392;1272;7;0.225067618821317;945.65249085;888.120991406667;-6.08378870673954;Demanda estable
1634;ACEITUNAS NEGRAS LA ESPAÑOLA SIN HUESO 300 GR;NO PERECIBLE;156.09;32;7;0.440958551844098;26.015;15.7666666666667;-39.3939393939394;Demanda decreciente
1637;SALSA DE AJI CASERO SNOB 170 GR;NO PERECIBLE;623.2896;185;7;0.290034495673455;111.817;73.2221;-34.5161290322581;Demanda decreciente
1646;COCTEL DE FRUTAS EN ALMIBAR GUSTADINA 820 GR;NO PERECIBLE;148.12329168;14;7;0.408248290463863;23.5116336;19.98488856;-15;Demanda estable
1649;ESENCIA PIÑA LEVAPAN 500ML;NO PERECIBLE;134.96;35;7;0.365148371670111;21.8506666666667;19.28;-11.7647058823529;Demanda estable
1661;MERMELADA DE PIÑA LA PRIMERA 5.7 KG;NO PERECIBLE;123.44;8;7;0.330718913883074;20.5733333333333;15.43;-25;Demanda decreciente
1666;PICKLES VINAGRE SNOB VIDRIO 470 GR;NO PERECIBLE;197.28768793;60;7;0.375117077097431;27.7869983;25.00829847;-9.99999999999999;Demanda estable
1667;PIMENTON PICANTE 200 GR;NO PERECIBLE;164.50000282;67;7;0.214355762549041;20.4166670166667;28.00000048;37.1428571428572;Demanda creciente
1668;PIÑA ALMIBAR RODAJAS SNOB 600 GR;NO PERECIBLE;193.3725;30;6;0.837818034045428;13.57;48.852;260;Demanda creciente
1682;CUCHARA PEQUEÑA BLANCA USAKUBIERTO X 50;NO PERECIBLE;1798.962;932;7;0.127131710232277;228.078333333333;273.881333333333;20.082135523614;Demanda estable
1685;CUCHARA/TENEDOR BLANCO X 50;NO PERECIBLE;115.84;37;6;0.587200721644652;10.3773333333333;22.444;116.279069767442;Demanda creciente
1686;CUCHILLO BLANCO X50;NO PERECIBLE;383.7582;83;7;0.441497777846915;44.3156;68.894;55.4621848739496;Demanda creciente
1715;AGUACATE DURO 1 KG;FRUVER;45710.433;4911;7;0.0655472429379324;6416.8065;6556.8375;2.18225374257428;Demanda estable
1724;PITAHAYA 1 KG;FRUVER;2936.22;353;7;0.172715045265147;373.090666666667;488.674666666667;30.9801370891079;Demanda creciente
1735;ARVEJA TIERNA FRESCA 1 KG;FRUVER;2.24;1;1;2.64575131106459;0;0.746666666666667;;Demanda intermitente
1741;MENTA FRESCA 1 KG;FRUVER;160.825;59;7;0.47469611084063;25.4166666666667;20.6916666666667;-18.5901639344262;Demanda variable
1751;CHOCOLATE AMBATO DOÑA OLGUITA 1KG;NO PERECIBLE;16.6314;1;1;2.64575131106459;5.5438;0;-100;Demanda intermitente
1754;ABLANDADOR DE CARNE 250 GR;NO PERECIBLE;642.6;193;7;0.329712848421571;95.7666666666667;92.3666666666667;-3.55029585798817;Demanda estable
1768;SAL SACHET 1.5 GR X100;NO PERECIBLE;2898.80068436;555;7;0.13888879607661;377.0116497;445.23280536;18.0952380952381;Demanda estable
1775;CARVE CARNE FILETEADA 450 GR;PERECIBLE;1395;83;7;0.615464371549279;181.5;132;-27.2727272727273;Demanda decreciente
1776;CARVE HAMBURGUESA 450 GR;PERECIBLE;207;18;7;1.71008351646062;9;57;533.333333333333;Demanda creciente
1777;GELATINA TONI FRESA 200 GR;PERECIBLE;267.15038941;5;5;0.864511696153117;36.0741319033333;29.7674654866667;-17.4825174825175;Demanda variable
1792;QUESO CREMA TONI 50 GR;PERECIBLE;646.36;26;7;0.398627858108008;92.5466666666667;78.6133333333333;-15.0554675118859;Demanda estable
1807;YOGURT ENTERO NATURAL SIN AZUCAR TONI 1.7 LT;PERECIBLE;826.15;43;7;0.155196718732634;124.366666666667;115.483333333333;-7.14285714285714;Demanda estable
1809;RON GOLD SAN MIGUEL 750 ML;NO PERECIBLE;115.50986046;16;7;0.440958551844098;14.97350043;14.97350043;0;Demanda estable
1814;FUNDA LAMINADA 60MICRAS 10X15 X100;NO PERECIBLE;280.88953313;29;7;0.148637714104752;41.02880821;39.9767874866667;-2.56410256410256;Demanda estable
1815;FUNDA PERFORADA 40 MICRAS 12X18 X100;NO PERECIBLE;18.34;7;6;0.577350269189626;2.62;2.62;0;Demanda variable
1819;FUNDA BLANCA 35MICRAS 18X24 X100 UND;NO PERECIBLE;135;35;7;0.29592569415464;24;15;-37.5;Demanda decreciente
1826;FUNDA AZUL 23X28 X10 UND;NO PERECIBLE;629.16;126;7;0.256229345981037;79.24;97.16;22.6148409893993;Demanda estable
1828;FUNDA ESPECIAL 35MICRAS 23X28 X10;NO PERECIBLE;758.5;245;7;0.0996587474976776;107.793333333333;104.833333333333;-2.74599542334096;Demanda estable
1829;FUNDA GRIS 45MICRAS 23X28 X10;NO PERECIBLE;271.17;47;7;0.176155440963567;32.89;42.32;28.6713286713287;Demanda creciente
1830;FUNDA PERFORADA 35 MICRAS 23X28 X100;NO PERECIBLE;395.6;45;7;0.230065331396921;57.3333333333333;48.7333333333333;-15;Demanda estable
1831;FUNDA ROJA 50MICRAS 23X28 X10 UND;NO PERECIBLE;993.72;229;7;0.0997177487949865;131.32;150.64;14.7121535181237;Demanda estable
1832;FUNDA VERDE 23X28 X10;NO PERECIBLE;140.28;58;7;0.23266125255659;18.48;20.16;9.09090909090908;Demanda estable
1834;FUNDA NEGRA 30MICRAS 29X36 X10;NO PERECIBLE;42.88;38;2;1.91876686843106;0;14.2933333333333;;Demanda intermitente
1835;FUNDA POLIFAN 3X8 X100;NO PERECIBLE;1999.40724038;276;7;0.0916287670794673;274.82065592;297.287534436667;8.17510548523206;Demanda estable
1837;FUNDA AMARILLA 35MICRAS 35X47 X50;NO PERECIBLE;170.1;13;6;0.638284738504225;18.9;27;42.8571428571429;Demanda creciente
1839;FUNDA BLANCA 35MICRAS 35X47 X50;NO PERECIBLE;1385.1;143;7;0.173445468327811;197.1;205.2;4.10958904109588;Demanda estable
1840;FUNDA ESPECIAL 35MICRAS 35X47 X50;NO PERECIBLE;666.65;43;7;0.261939235444541;99.5;86.2333333333333;-13.3333333333333;Demanda estable
1843;FUNDA ROJA 35MICRAS 35X47 X50;NO PERECIBLE;218.7;27;7;0.407968188687859;21.6;40.5;87.5;Demanda creciente
1853;FUNDA AMARILLA 20MICRAS 7X6 X100UND;NO PERECIBLE;453.12;54;7;0.311442982307033;55.6566666666667;61.7533333333333;10.9540636042403;Demanda estable
1856;FUNDA PAPEL CAFE 8.5 X17 X2 X100;NO PERECIBLE;358.67;86;7;0.490865858027509;40.3466666666667;57.5533333333333;42.6470588235294;Demanda creciente
1861;"FUNDA KAVETA ANCHO 27""LARGO 28"" FUELLE LATERAL 4.5"" 20 MICRAS X100";NO PERECIBLE;2457.48245652;157;7;0.153444989789562;301.55920254;398.32820037;32.089552238806;Demanda creciente
1862;PAPEL PERIODICO PLIEGO X500;NO PERECIBLE;3213;77;7;0.089854425391291;432;468;8.33333333333333;Demanda estable
1864;PAPEL BOND A4 RESMA 500 HOJAS;NO PERECIBLE;1163.9515;230;7;0.598503110271425;182.3924;174.392733333333;-4.38596491228069;Demanda variable
1865;STRETCH FILM PALLETS 50CM;NO PERECIBLE;14.7;2;1;2.64575131106459;4.9;0;-100;Demanda intermitente
1880;DESODORANTE PASTILLA AMBIENTAL CEREZA TIPS 95 GR;NO PERECIBLE;1512.5446;370;7;0.194580083914442;230.823266666667;209.2722;-9.33660933660935;Demanda estable
1885;DV ACIDET AC18 4 KG;NO PERECIBLE;1634.64;263;7;0.221654603869348;224.253333333333;239.08;6.61157024793388;Demanda estable
1886;DV DETERGENTE ALCALINO ACTIFOAM 23 KG;NO PERECIBLE;4398.75;67;7;0.220097493339644;500.25;707.25;41.3793103448276;Demanda creciente
1887;DV AIR PLUS AM2 FRESH 4 KG;NO PERECIBLE;1136;112;7;0.149830736124253;173.333333333333;157.333333333333;-9.23076923076923;Demanda estable
1888;DV DESINFECTANTE LIQUIDO AC10 DIQUAT 4 KG;NO PERECIBLE;18918.45;1484;7;0.114287686739226;2419.95;2960.55;22.3393045310853;Demanda estable
1892;DV JABON LIQUIDO HANDEX HT7 TOCADOR 4 KG;NO PERECIBLE;1564.64;164;7;0.109907646804253;234.08;209.44;-10.5263157894737;Demanda estable
1895;DV SUMA BLEND 20 KG;NO PERECIBLE;362.68;4;4;0.935414346693485;60.4466666666667;60.4466666666667;0;Demanda variable
1905;JABON LAVAR LIDER AZUL 250 GR;NO PERECIBLE;67.2;67;7;0.457503984499953;9.7;9.9;2.06185567010311;Demanda variable
1908;JABON TOCADOR HIDRALOE ANTIBACTERIAL PROACTIVE 125 GR X 3;NO PERECIBLE;820.2668556;91;7;0.148051191562998;103.7627737;123.9252084;19.4312796208531;Demanda estable
1909;JABON TOCADOR FRESH PROTEX 110 GR X 3;NO PERECIBLE;8348.53941004;449;7;0.11012979626735;1114.98371472;1209.87594576;8.51063829787233;Demanda estable
1911;LIJA AGUA #120;NO PERECIBLE;785.7;324;7;0.227698588343594;103.95;119.85;15.2958152958153;Demanda estable
1914;LUSTRA MUEBLES BIOSILIC 250 ML;NO PERECIBLE;272.16;126;7;0.125800793149241;38.64;39.2;1.44927536231885;Demanda estable
1916;MULTI26 POLVO 15 KG;NO PERECIBLE;13894.5;185;7;0.0350800671801663;1976.5;1991.25;0.746268656716409;Demanda estable
1924;CARAMELO SURTIDO HALLS 302.4 GR (12 X25.2 GR);NO PERECIBLE;492.9;17;6;0.895576932146015;60.0666666666667;42.4;-29.4117647058824;Demanda decreciente
1927;CARAMELO AMERICAN TOFFEES LICORES 275 GR X50 UND;NO PERECIBLE;798.8710272;146;7;1.6338075948362;6.65725856;258.523540746667;3783.33333333333;Demanda creciente
1947;MANI CLASICO MANICRIS 200 GR;NO PERECIBLE;1332.79985888;85;7;0.203928779918165;176.79998128;184.166647166667;4.16666666666665;Demanda estable
1962;PAPAS SARITA CEBOLLA 30 GR;NO PERECIBLE;627.9504;53;7;0.343375316917378;80.3264;102.7488;27.9141104294479;Demanda creciente
1967;CHIFLES CLASICOS TORTOLINES 45 GR;NO PERECIBLE;2368.0168;142;7;0.546745769570518;215.3169;494.587766666667;129.702251270879;Demanda creciente
1969;TOSTITOS JALAPEÑOS 45 GR;NO PERECIBLE;209.38661612;26;3;1.28563902724038;69.7955387066667;0;-100;Demanda intermitente
1970;CINTA SCOTCH PEQUEÑA 18X25;NO PERECIBLE;24.2;51;7;1.08780550256927;5.13333333333333;2.86666666666667;-44.1558441558442;Demanda decreciente
1971;CLIPS MARIPOSA;NO PERECIBLE;43.65;43;7;0.465430461404593;6.14333333333333;6.14333333333333;0;Demanda variable
1972;CLIPS ESTANDAR;NO PERECIBLE;20.25;61;7;0.45690133225295;2.33333333333333;3.66666666666667;57.1428571428571;Demanda creciente
1973;CUADERNO CUADROS UNIVERSITARIO NORMA 100 HOJAS;NO PERECIBLE;61.25;42;7;0.876759649501046;11.6666666666667;8.33333333333333;-28.5714285714286;Demanda decreciente
1975;ESFERO BIC AZUL;NO PERECIBLE;289.44385715;204;7;0.74353311300761;49.1719294;41.57263122;-15.4545454545455;Demanda variable
1978;MARCADOR PERMANENTE NEGRO PELIKAN;NO PERECIBLE;433.29;193;7;0.673123513570839;76.83;57.2;-25.5499153976311;Demanda decreciente
1980;MARCADOR NEGRO EDDING ROPA;NO PERECIBLE;158.65;67;7;0.549420912588776;19.95;29.7666666666667;49.2063492063492;Demanda creciente
1983;PAPEL ROLLO FACTURACION;NO PERECIBLE;1684.92;447;7;0.248520001643769;222.173333333333;224.706666666667;1.14025085518814;Demanda estable
1984;PAPEL ROLLO COPIAS X3;NO PERECIBLE;150.15;34;7;0.277731860300354;22.75;22.75;0;Demanda estable
1987;SOBRE MANILA F2 21X27 CM;NO PERECIBLE;19.50395952;70;7;0.494303860707941;2.50866146;3.23299329;28.8732394366197;Demanda creciente
1988;SOBRE MANILA F4 CARTA 25X35CM;NO PERECIBLE;41.106;96;7;0.449505818585759;5.382;6.708;24.6376811594203;Demanda estable
1991;ATOMIZADOR SUMAGRILL X1UND;NO PERECIBLE;3222.7;279;7;0.261477389919344;364.033333333333;517.016666666667;42.0245398773006;Demanda creciente
1993;CANASTILLA #12 X100;NO PERECIBLE;4281.68;727;7;0.214542188182717;539.12;667.613333333333;23.8339021615472;Demanda estable
1995;CARBON LEÑA QQ;NO PERECIBLE;4277;276;7;0.0943555652173764;585;650;11.1111111111111;Demanda estable
1996;CEPILLO INODORO ESTRELLA CON BASE;NO PERECIBLE;151.98972864;86;7;0.455294932011922;21.1096845333333;24.54000827;16.25;Demanda variable
1997;CEPILLO LAVAR;NO PERECIBLE;661.20403778;872;7;0.0865851142522329;89.8138987533333;97.3801242333333;8.42433697347893;Demanda estable
2001;CINTA EMBALAJE 80Y;NO PERECIBLE;459.75;260;7;0.176273313660556;64.25;68.75;7.00389105058366;Demanda estable
2007;ESCOBA MADERA FIBRA INDUSTRIAL;NO PERECIBLE;10;4;4;0.935414346693485;1.66666666666667;0.833333333333333;-50;Demanda decreciente
2009;ESCOBA PLASTICA NYL SUAVE 25 CM TUBO PLASTIFICADO;NO PERECIBLE;3433.95;857;7;0.0926799982106915;462.15;495.3;7.17299578059072;Demanda estable
2011;ESTROPAJO ALAMBRE ESTRELLA;NO PERECIBLE;711.11744753;1490;7;0.124033483311956;109.068090763333;95.8156876366667;-12.150577711517;Demanda estable
2019;GUANTE CAUCHO INDUSTRIAL CORTO NEGRO 300MM C40 T9 MASTER;NO PERECIBLE;10.2;3;2;1.75499287747842;0;3.4;;Demanda intermitente
2020;GUANTE ALIMENTOS VINIL MEDIANA X100;NO PERECIBLE;1450.4;224;7;0.0821647736960494;192.733333333333;213.966666666667;11.0169491525424;Demanda estable
2025;GUANTE NIT PETROLERO C22 450MM TALLA L/9 MASTER;NO PERECIBLE;3638.4;490;7;0.082721640698522;483.2;553.6;14.5695364238411;Demanda estable
2028;GUANTE PLASTICO X100;NO PERECIBLE;37.92;25;7;0.464447850200166;4.74;4.47666666666667;-5.55555555555556;Demanda variable
2029;GUANTE PUPOS PAR;NO PERECIBLE;693.72025092;543;7;0.134709179400894;100.11003621;100.736703103333;0.625978090766832;Demanda estable
2037;PAPEL DESPACHO RESMA X100;NO PERECIBLE;1080;197;7;0.291255265410996;124.8;164.4;31.7307692307692;Demanda creciente
2038;PINCHO MADERA PEQUEÑO X100;NO PERECIBLE;168.97;155;7;0.608050560449505;16.47;31.5166666666667;91.358024691358;Demanda creciente
2039;TENEDOR CHIQUITO PLASTICO X100;NO PERECIBLE;359.3664;145;7;0.383034942837607;38.8416;58.752;51.2605042016807;Demanda creciente
2042;TRAPEADOR;NO PERECIBLE;50;18;7;0.507543101617981;8;6.66666666666667;-16.6666666666667;Demanda variable
2043;SET ULTRAMOPA STANDARD 196 (MOPA + BASE + TUBO);NO PERECIBLE;1410.85883235;69;7;0.373001127153612;174.89985525;194.3331725;11.1111111111111;Demanda estable
2051;BARRA TOSH FRESA 138 GR (6 X23 GR);NO PERECIBLE;1285.24;22;6;0.570318203866231;146.473333333333;231.14;57.8034682080925;Demanda creciente
2054;ARCHIVADOR BENE OFICIO;NO PERECIBLE;88.564;34;7;0.478713553878169;12.652;15.2878333333333;20.8333333333333;Demanda variable
2058;CLAVO OLOR 30 GR;NO PERECIBLE;102.6;74;7;0.489708908245311;17.86;13.3;-25.531914893617;Demanda decreciente
2076;LAPIZ MONGOL HB;NO PERECIBLE;9.9;34;7;0.370540518003219;1.2;1.74;45;Demanda creciente
2082;MANI AJONJOLI 25 GR;NO PERECIBLE;28;4;2;1.85404962177392;9.33333333333333;0;-100;Demanda intermitente
2085;AROMATICA MANZANILLA MIEL HORNIMANS 32 GR X25;NO PERECIBLE;712.7832536;131;7;0.426433734626552;64.7984776;139.31672684;115;Demanda creciente
2086;MULTI26 LIQUIDO 20 KG;NO PERECIBLE;198;6;6;0.440958551844099;33;22;-33.3333333333333;Demanda decreciente
2089;PAPEL TOALLA DE MANOS HOJA SENCILLA ROLLO SCOTT ESSENTIAL 305 MTS (30229431);NO PERECIBLE;7020;319;7;0.107313753784333;1025;997.5;-2.6829268292683;Demanda estable
2092;PAPEL HIGIENICO DOBLE HOJA ROLLO JUMBO SCOTT ESSENTIAL 250 M (30245194);NO PERECIBLE;5482.5;726;7;0.142749756324867;731.875;832.5;13.7489325362938;Demanda estable
2098;PLATO TERMICO LLANO ALEGRIA #10 1/4 X25 UND;NO PERECIBLE;46.69577187;9;4;1.56035399855115;2.13640786333333;3.66241348;71.4285714285714;Demanda creciente
2099;PLATO TERMICO BLANCO #7 X25 UND;NO PERECIBLE;891.8461917;211;7;0.221020585843133;112.81820466;148.84418598;31.9327731092437;Demanda creciente
2101;PLATO SOPERO TERMICO X25 UND;NO PERECIBLE;11.10819672;1;1;2.64575131106459;3.70273224;0;-100;Demanda intermitente
2102;RECIBERA;NO PERECIBLE;6.48;9;5;0.974996043043569;0.96;1.2;25;Demanda variable
2107;SEPARADOR PLASTICO AMARILLO X10;NO PERECIBLE;16.24;22;6;0.889756521002609;1.74;2.32;33.3333333333334;Demanda creciente
2109;TABLA DE APOYO PLASTICA;NO PERECIBLE;169;61;7;0.858001554000147;16.3366666666667;38.3066666666667;134.48275862069;Demanda creciente
2118;ULTRAMOPA STANDARD REPUESTO (202);NO PERECIBLE;756.96;90;7;0.296001186779971;90.7466666666667;106.24;17.0731707317073;Demanda estable
2123;VASO PLÁSTICO CON TAPA 10 ONZ X100 UND;NO PERECIBLE;1136.53932186;58;7;0.584165617036288;107.836440026667;163.173560566667;51.3157894736842;Demanda creciente
2124;VASO PLÁSTICO SIN TAPA 10 ONZ X 50 UND;NO PERECIBLE;1657.38;157;7;0.202236568459275;270.94;222.18;-17.9966044142615;Demanda estable
2130;VIANDA TRANSPARENTE REDONDA 700 CC X25;NO PERECIBLE;1993.0995;89;7;0.515913983568938;188.902;376.4285;99.2718446601942;Demanda creciente
2139;CARVE TRIGO/SOYA 450 GR;PERECIBLE;139.5;14;6;1.30276261331024;9;34.5;283.333333333333;Demanda creciente
2149;ARCHIVADOR ACORDEON PLASTICO;NO PERECIBLE;77.5;31;7;0.580943770289897;10;15;50;Demanda creciente
2154;BORRADOR PELIKAN BLANCO;NO PERECIBLE;5.61;29;7;0.790980684866743;0.85;0.566666666666667;-33.3333333333333;Demanda decreciente
2156;CALCULADORA CASIO HL 815 8 DIGITOS BOLSILLO;NO PERECIBLE;61.6;13;6;1.15470053837925;2.93333333333333;16.1333333333333;450;Demanda creciente
2158;CARPETA PLASTICO;NO PERECIBLE;6.6;15;6;0.949853789918334;1.02666666666667;1.17333333333333;14.2857142857143;Demanda variable
2165;CARPETA MANILA OFICIO IDEAL AZUL;NO PERECIBLE;5.4;7;4;1.17992466802852;1.14;0.6;-47.3684210526316;Demanda decreciente
2171;CORRECTOR BOLIGRAFO PELIKAN-NUKOTE;NO PERECIBLE;13.5;24;7;0.548515059049952;1.83333333333333;2.16666666666667;18.1818181818182;Demanda variable
2173;CUADERNO CUADROS JUNIOR NORMA 100 HOJAS;NO PERECIBLE;17.48;17;6;1.00502831580208;2.02666666666667;3.54666666666667;75;Demanda creciente
2174;ESFERO BIC ROJO;NO PERECIBLE;21.56;66;7;0.420560041253707;2.64;3.96;50;Demanda creciente
2175;ETIQUETAS T11 ROJA X20;NO PERECIBLE;24.44;48;7;0.702342541801251;2.68666666666667;4.33333333333333;61.2903225806451;Demanda creciente
2177;GRAPADORA MEDIANA;NO PERECIBLE;66.3;26;6;0.818306328063228;7.65;14.45;88.8888888888889;Demanda creciente
2178;GRAPAS 26/6 EAGLE 5000;NO PERECIBLE;33.97;42;7;0.445112471936608;3.68666666666667;5.00333333333333;35.7142857142857;Demanda creciente
2187;PAPELERA METALICA 2 SERVICIOS;NO PERECIBLE;37.8;6;4;1.24721912892465;4.2;8.4;100;Demanda creciente
2189;PERFORADORA XINGLI;NO PERECIBLE;31.98;13;5;1.0039370231001;3.28;7.38;125;Demanda creciente
2191;PORTA CLIPS;NO PERECIBLE;6.38;11;5;1.09343142743447;0.966666666666667;0.966666666666667;-1.11022302462516e-14;Demanda variable
2196;PROTECTOR HOJAS TRANSPARENTE;NO PERECIBLE;194.25;122;7;0.663654945385917;29.75;32.83;10.3529411764706;Demanda variable
2198;REGLA 30 CM;NO PERECIBLE;5.04;19;6;0.577350269189626;0.8;0.88;10;Demanda variable
2199;RESALTADOR AMARILLO PELIKAN;NO PERECIBLE;30.08;43;6;1.50422581831984;6.73666666666667;2.50666666666667;-62.7906976744186;Demanda decreciente
2202;RESALTADOR VERDE;NO PERECIBLE;17.39;28;7;0.844062895702466;3.13333333333333;2.19333333333333;-30;Demanda decreciente
2203;SACAGRAPAS;NO PERECIBLE;8.16;17;5;0.746386914144089;0.48;1.76;266.666666666667;Demanda creciente
2204;SACAPUNTAS;NO PERECIBLE;2;7;3;1.46664299223317;0.333333333333333;0.333333333333333;0;Demanda intermitente
2207;SEPARADOR PLASTICO AZUL X10;NO PERECIBLE;24.36;29;6;0.739118594202782;3.48;3.48;2.22044604925031e-14;Demanda variable
2210;SOBRE MANILA F6 30X40 CM;NO PERECIBLE;13.7943903;32;7;1.00374744168843;2.36570461666667;1.13287263333333;-52.112676056338;Demanda decreciente
2213;SOBRE OFICIO BLANCO TERRESTRE;NO PERECIBLE;2.82;26;6;1.16196679210196;0.513333333333333;0.426666666666667;-16.8831168831169;Demanda variable
2216;TIJERA FENIX 16.5 CM;NO PERECIBLE;25;50;7;0.374165738677394;3.83333333333333;4;4.34782608695652;Demanda estable
2222;COLORINA LA REPOSTERITA 40 ML (4 X10 ML);NO PERECIBLE;185.1387264;44;7;0.470136837349865;32.3028507;18.3210198;-43.2835820895522;Demanda decreciente
2233;JENGIBRE 100 GR;FRUVER;5772.8;2521;7;0.0673420628540031;793.6;862.4;8.66935483870968;Demanda estable
2260;NESTUM ARROZ AZUCAR NESTLE 350 GR;NO PERECIBLE;16.35;4;3;1.33166562369588;3.27;2.18;-33.3333333333333;Demanda intermitente
2262;DV FORTY BLEND LAVAVAJILLAS 20 KG;NO PERECIBLE;3104;80;7;0.13228756555323;439.733333333333;439.733333333333;0;Demanda estable
2278;VASO CON TAPA 2 ONZ X100;NO PERECIBLE;10.58;3;1;2.64575131106459;0;3.52666666666667;;Demanda intermitente
2283;TERNERA PULPA MACAFRI 1 KG;PERECIBLE;5916.24;115;7;0.104449130834296;818.4;871.2;6.45161290322582;Demanda estable
2290;COL BLANCA 1 KG;FRUVER;12615.75;5802;7;0.0484706622104889;1769.33333333333;1821.16666666667;2.92954031650341;Demanda estable
2299;GUINEO 1 KG;FRUVER;10;2;2;1.98431348329844;2.5;0.833333333333333;-66.6666666666667;Demanda intermitente
2305;CALDO DE GALLINA EN PASTA MAGGI 1 KG;NO PERECIBLE;4390.0626;430;7;0.138587714568389;599.2294;622.3756;3.86266094420602;Demanda estable
2318;PAVO POFASA PROCESADO KG;PERECIBLE;3791.889;438;7;0.124516443199031;512.492;570.555;11.3295427050569;Demanda estable
2321;VASO SIN TAPA 1 ONZ X100 UND;NO PERECIBLE;130.698;51;7;0.489069251941693;17.808;22.578;26.7857142857143;Demanda creciente
2353;SUAVIZANTE DE ROPA GL;NO PERECIBLE;500;100;7;0.112249721603218;73.3333333333333;71.6666666666667;-2.27272727272726;Demanda estable
2354;ALCACHOFA 1 KG;FRUVER;25.9;4;4;1.25830573921179;3.08333333333333;4.31666666666667;40;Demanda creciente
2356;BERENJENA 1 KG;FRUVER;890.937;482;7;0.357548048653987;110.157;163.611;48.5252866363463;Demanda creciente
2358;COCO UND;FRUVER;5218;1137;7;0.130902929588038;657;841;28.0060882800609;Demanda creciente
2359;PALMITOS FRESCOS UND;FRUVER;4971.225;2285;7;0.0782996524945907;759.091666666667;675.5;-11.0120648582187;Demanda estable
2361;NUEZ SIN CASCARA 1 KG;NO PERECIBLE;2820;177;7;0.248538811188451;424;364;-14.1509433962264;Demanda estable
2371;FUNDA PAPEL CAFE 17.5X39.5X6 X100;NO PERECIBLE;200.16;31;7;0.766997043684378;34.2866666666667;25.9466666666667;-24.3243243243243;Demanda variable
2391;JABON TOCADOR HOTEL 11 GR;NO PERECIBLE;391.95;188;7;0.110082516378765;56.4;53.95;-4.34397163120568;Demanda estable
2397;AROMATICA MANZANILLA HORNIMANS 32 GR X25;NO PERECIBLE;450.10285505;152;5;0.867499251988104;108.491611133333;7.55321343333333;-93.0379746835443;Demanda decreciente
2412;PIMIENTA DULCE 30 GR;NO PERECIBLE;142.5;72;7;0.448363759163746;25.5;17;-33.3333333333333;Demanda decreciente
2420;ACEITUNAS VERDES RELLENAS SNOB 220 GR;NO PERECIBLE;4949.4324;1363;7;0.053862547836148;712.4183;690.0894;-3.13424009461858;Demanda estable
2431;MERMELADA DE GUAYABA LA PRIMERA 5.7 KG;NO PERECIBLE;1285.2;102;7;0.166752378509137;162.633333333333;198.333333333333;21.9512195121951;Demanda estable
2432;MERMELADA DE MORA LA PRIMERA 5.7 KG;NO PERECIBLE;1697.828;102;7;0.136060268609961;216.0872;272.681466666667;26.1904761904762;Demanda creciente
2435;MERMELADA DE FRUTILLA LA PRIMERA 5.7 KG;NO PERECIBLE;122.49;9;7;0.379516695035541;18.1466666666667;18.1466666666667;0;Demanda estable
2436;SPORADE APPLE ICE PET 500 ML;NO PERECIBLE;7583.9478;161;7;0.1672754931595;996.3974;1165.973;17.0188721889479;Demanda estable
2437;SPORADE UVA PET 500ML;NO PERECIBLE;5109.5625;243;7;0.148999945314432;669.855533333333;817.789533333333;22.0844633862844;Demanda estable
2439;SPORADE FRUTAS TROPICALES PET 500 ML;NO PERECIBLE;11597.7138;299;7;0.0927784840258892;1616.88166666667;1712.36546666667;5.90542907180385;Demanda estable
2440;GRANADINA JARABE CEREZA AMERICANA 650 GR;NO PERECIBLE;552.7672542;106;7;0.622436876701249;49.55844348;106.74126288;115.384615384615;Demanda creciente
2451;CHOCOLATE NEGRO SEMIAMARGO BIOS 1 KG;NO PERECIBLE;7248;358;7;0.192530257053104;944;1088;15.2542372881356;Demanda estable
2457;FIDEO LETRAS TOSCANA 400 GR;NO PERECIBLE;43.1462;5;3;1.77611313926564;4.4634;9.91866666666667;122.222222222222;Demanda intermitente
2463;VASO SIN TAPA 2 ONZ X 100 UND;NO PERECIBLE;10.024;4;4;1.28086884574495;0.835333333333333;2.506;200;Demanda creciente
2468;AROMATICA CEDRON HORNIMANS 32 GR X25;NO PERECIBLE;680.69425671;255;7;0.206959192865098;81.45059482;113.27792809;39.0756302521008;Demanda creciente
2470;AROMATICA MENTA HORNIMANS 32 GR X25;NO PERECIBLE;835.32488259;258;4;0.94982991119388;198.44545094;0;-100;Demanda decreciente
2479;YOGURT DURAZNO REGENERIS 150 GR;PERECIBLE;1474.85;35;7;0.126743372987164;192.183333333333;237.033333333333;23.337091319053;Demanda estable
2503;ARCHIVADOR NORTON PASIVO 03 (CAJAS CARTON) GRANDE;NO PERECIBLE;9.45;5;3;1.52752523165195;0.9;1.8;100;Demanda intermitente
2506;LECHE ENTERA VITA FUNDA 1 LT;PERECIBLE;39506.3;1997;7;0.0924519725170681;5530.38333333333;5751.38333333333;3.99610635790768;Demanda estable
2507;QUESO FRESCO VITA 450 GR;PERECIBLE;585;25;6;1.26500115423976;121;27;-77.6859504132231;Demanda decreciente
2528;CAFE GRANO GARDELLA 453 GR;NO PERECIBLE;1291.5592;46;7;0.420160787936354;172.774366666667;215.259866666667;24.5901639344262;Demanda estable
2533;LONGANIZA T1 PRONACA 300 GR;PERECIBLE;409.617;14;6;1.03437638086188;63.018;68.853;9.25925925925926;Demanda variable
2535;CILANTRO 1 KG;FRUVER;4052.62;1057;7;0.17806743119442;489.551333333333;650.371333333333;32.8504875893165;Demanda creciente
2536;PEREJIL LISO 1 KG;FRUVER;1116.676;384;7;0.23031165296418;142.266666666667;179.725333333333;26.3298969072165;Demanda creciente
2537;ALBAHACA 1 KG;FRUVER;2604.602;344;7;0.506012380873683;185.310666666667;532.445333333333;187.32578804602;Demanda creciente
2540;ACELGA 1 KG;FRUVER;0;0;0;;0;0;;Demanda intermitente
2561;MERMELADA DE FRESA HELIOS 15 GR XUND;PERECIBLE;2916.84;495;7;0.105754492667258;385.133333333333;448.462333333333;16.4433962264151;Demanda estable
2563;CAFE DESCAFEINADO BUENDIA 85 GR;NO PERECIBLE;245.17501308;41;7;0.371985646579953;38.25425736;33.03776772;-13.6363636363636;Demanda estable
2565;CHOCLO UND;FRUVER;35403.2284;4146;7;0.0715692407488222;4762.22666666667;5287.3228;11.0262734239166;Demanda estable
2567;DURAZNO IMPORTADO UND;FRUVER;21782.74;1835;7;0.0711594463671734;3066.98;3044.75;-0.724817246933462;Demanda estable
2568;GRANADILLA UND;FRUVER;26115.48;1988;7;0.0860264453158072;3881.46;3608.52;-7.03189006198698;Demanda estable
2569;GUINEO AMARILLO UND;FRUVER;1540.72;322;7;0.279275388618937;173.893333333333;280.4;61.2482748044778;Demanda creciente
2570;GUINEO PINTON UND;FRUVER;42426.88;4651;7;0.0943482891439112;6247.86666666667;6055.09333333333;-3.08542649224269;Demanda estable
2572;HOJA ATCERA UND;FRUVER;1904.16;558;7;0.167745838560369;238.626666666667;284.52;19.232273565402;Demanda estable
2573;HOJA CHOCLO UND;FRUVER;401.48;203;7;0.154738459476651;60.64;55.62;-8.278364116095;Demanda estable
2574;KIWI UND;FRUVER;9297.42;1222;7;0.186948629950647;1175.09333333333;1555.32666666667;32.3577134298552;Demanda creciente
2577;MANDARINA NACIONAL UND;FRUVER;51324.3;3694;7;0.0831144980192969;6753.03333333333;7774.46666666667;15.1255485189372;Demanda estable
2578;MANGO CHUPAR UND;FRUVER;86.56;15;1;2.64575131106459;28.8533333333333;0;-100;Demanda intermitente
2580;MANZANA GOLD PEQUEÑA UND;FRUVER;64927.28;4228;7;0.0730291162475084;9366.64666666667;9014.42666666667;-3.7603639011329;Demanda estable
2584;MANZANA VERDE MEDIANA UND;FRUVER;6579.32;762;7;0.134862716240164;852.353333333333;1035.83333333333;21.5262840918868;Demanda estable
2585;NARANJA IMPORTADA UND;FRUVER;5977.86;462;7;0.113775408203327;794.496666666667;919.053333333333;15.6774309940465;Demanda estable
2587;ORITO UNIDAD;FRUVER;1825.11;537;7;0.102209563233735;252.746666666667;265.766666666667;5.15140324963073;Demanda estable
2588;PEPINO DULCE UND;FRUVER;146.76;68;7;0.69974133807157;12.2;34.6;183.606557377049;Demanda creciente
2589;PERA IMPORTADA UND;FRUVER;28750.05;1997;7;0.104734226235245;3953.67;4118.73;4.17485526106123;Demanda estable
2590;TOMATE DULCE CALIBRE 70 GR UND;FRUVER;29313.72;1750;7;0.343790398018499;3050.04;5553.4;82.0763006386802;Demanda creciente
2603;ARROZ INTEGRAL CASA DEL ARROZ 2 KG;NO PERECIBLE;10435.11;873;7;0.135300251380884;1311.4;1615.55;23.1927710843374;Demanda estable
2607;CEREZAS VERDE HELIOS 160 GR;NO PERECIBLE;28.54824945;9;4;1.05830052442584;1.90321663;4.44083880333333;133.333333333333;Demanda creciente
2613;HIERBA LUISA 1 KG;FRUVER;248.25;76;7;0.597747200949791;48.75;25.5;-47.6923076923077;Demanda decreciente
2614;CEDRON 1 KG;FRUVER;124.5;45;7;0.516294699537674;18;15;-16.6666666666667;Demanda variable
2645;CHORIZO SUIZO T1 FRITZ 2 KG;PERECIBLE;647.064;28;7;0.683130051063973;70.5888;113.7264;61.1111111111111;Demanda creciente
2646;CONTENEDOR LONCHERA X25;NO PERECIBLE;1261.26;203;7;0.319003268634428;134.316;223.314;66.260162601626;Demanda creciente
2653;PAVO GRANDE FAVORITO (9 - 11 KG);PERECIBLE;18944.8248;261;7;0.284562048728825;2329.66946666667;3169.29653333333;36.0406091370558;Demanda creciente
2662;GALLETAS RICAS NESTLE 58 GR;NO PERECIBLE;5.66719213;3;2;2.07010109887338;0.397697693333333;1.49136635;275;Demanda intermitente
2682;CHOCOLISTO TARRO 300 GR;NO PERECIBLE;21.36948147;7;2;1.83585684909537;2.37438683;4.74877366;100;Demanda intermitente
2694;CREMA SILKPAK PURATOS TETRAPACK 1 LT;NO PERECIBLE;766.2325;42;7;0.37359509163576;68.5666666666667;135.419166666667;97.5;Demanda creciente
2734;TE NEGRO LIMON EN POLVO ICE TEA LEGZ 925 GR;NO PERECIBLE;30457.5545;1627;7;0.167341253108705;4246.3685;4516.75483333333;6.36747219025702;Demanda estable
2735;RES LOMO FALDA CUADRIL PROCESADO KG;PERECIBLE;24831.158023;1176;7;0.280472098496748;3943.18504;3296.37584666667;-16.4032168607876;Demanda estable
2745;FUNDA AMARILLA 38MICRAS 22.4X26.7 X10 UND;NO PERECIBLE;359.52;109;7;0.219762372795176;43.8666666666667;58.8;34.0425531914894;Demanda creciente
2752;FIDEO LONCHYS CARNE 67 GR;NO PERECIBLE;132.35815488;6;4;1.15470053837925;37.81661568;0;-100;Demanda decreciente
2753;FIDEO LONCHYS POLLO 65 GR;NO PERECIBLE;195.36;11;4;0.962091385841669;47.36;17.76;-62.5;Demanda decreciente
2755;GELATINA CEREZA LIGHT TONI 200 GR;PERECIBLE;466.9456;58;7;0.459419662237382;46.9216;94.6;101.612903225807;Demanda creciente
2756;AGUA SIN GAS DASANI 600 ML;NO PERECIBLE;70345.8096;708;7;0.149870927465618;8696.5472;10722.5301333333;23.2964058808688;Demanda estable
2768;NARANJA SELECCIONADA UND;FRUVER;1071.3;135;7;0.18226161206897;156.433333333333;142.666666666667;-8.80034093330493;Demanda estable
2769;TORTILLAS MAMA FANY EXTRA GRANDE 645 GR;PERECIBLE;434.4632;25;6;0.734332934590508;48.9536;74.4502666666667;52.0833333333333;Demanda creciente
2783;BANDEJA ALUMINIO CON TAPA 13X10.5X3.9 X 10 UND;NO PERECIBLE;310.24;51;7;0.627518796427106;40.6933333333333;50.4;23.8532110091743;Demanda variable
2868;TARRINA PLÁSTICA CON TAPA 1/2 LT X50 UND;NO PERECIBLE;18665.824;1088;7;0.157788588295782;2284.648;2931.456;28.3110571081409;Demanda creciente
2869;TARRINA PLÁSTICA 1 LT CON TAPA X50;NO PERECIBLE;2567.08746635;149;7;0.377221271416937;237.465826233333;477.388195496667;101.034482758621;Demanda creciente
2870;HIERBABUENA 1 KG;FRUVER;2028;313;7;0.313280129256617;218.4;345.6;58.2417582417582;Demanda creciente
2882;FREJOL CANARIO EUREKA 500 GR;NO PERECIBLE;1.65;1;1;2.64575131106459;0;0.55;;Demanda intermitente
2885;FREJOL ROJO EUREKA 500 GR;NO PERECIBLE;11733.75;1277;4;0.959822314963005;0;3187.08333333333;;Demanda variable
2897;QUESO CREMA FLORALP 3.8 KG;PERECIBLE;769.68;36;7;0.411386294287464;121.153333333333;78.3933333333333;-35.2941176470588;Demanda decreciente
2932;HARINA TOMEBAMBA 50 KG;NO PERECIBLE;33;1;1;2.64575131106459;11;0;-100;Demanda intermitente
2938;PESCADO FILETE APAN PLUMROSE 960 GR (12 X80 GR);PERECIBLE;666;17;7;1.37608004818096;166;54;-67.4698795180723;Demanda decreciente
2939;POLLO HAMBURGUESA APAN PLUMROSE 1.3 KG (20 X65 GR);PERECIBLE;934.8;73;7;0.206042965673919;127.236666666667;145.413333333333;14.2857142857143;Demanda estable
2944;VASO CON TAPA 1 ONZ X 100 UND;NO PERECIBLE;885.7797;67;7;0.310866314375599;98.4199666666667;151.9977;54.4378698224852;Demanda creciente
2947;FIDEO FUSILLI TRICOLORE TOSCANA 400 GR;NO PERECIBLE;180.27005822;43;7;0.457101841159402;18.0853456466667;36.75408954;103.225806451613;Demanda creciente
2990;POLVO HORNEAR BAKELS 5 KG;NO PERECIBLE;1739.92;88;7;0.21436054624623;262.103333333333;262.103333333333;0;Demanda estable
3025;PALITOS CAFE PLASTICO X 100;NO PERECIBLE;113.84541828;81;7;0.433757129531043;21.59960242;13.84283912;-35.9116022099448;Demanda decreciente
3027;TARRINA TÉRMICA CON TAPA 1/2LT X50 UND;NO PERECIBLE;1216.144;70;7;0.145150502073127;160.754666666667;193.954;20.6521739130435;Demanda estable
3067;RES L.FALDAT 76-90 X30;PERECIBLE;174.35616;2;1;2.64575131106459;0;0;;Demanda intermitente
3087;HUEVO (64-70) GR UND;NO PERECIBLE;12153.6657;637;7;0.276332959120356;1526.0483;1632.8159;6.99634474216837;Demanda estable
3090;CHAMPIÑON ENTERO GUIPI 435 GR;NO PERECIBLE;765;79;7;0.260058999758525;105.833333333333;115;8.66141732283465;Demanda estable
3091;ENDULZANTE SUCRA SWEET X 100;NO PERECIBLE;850.08;91;2;1.76513525808615;0;283.36;;Demanda intermitente
3096;PAVO POFASA PROCESADO (4.5 - 5.5 KG);PERECIBLE;4575.8989294944;211;7;0.369123600490111;606.4482949264;776.0075315008;27.9593887876259;Demanda creciente
3099;NECTAR DE NARANJA PULP TETRAPACK 250 ML;NO PERECIBLE;5158.2378;261;7;0.349376594082514;766.157933333333;652.423533333333;-14.8447722136315;Demanda estable
3100;NECTAR DE MANZANA PULP TETRAPACK 250 ML;NO PERECIBLE;4502.8908;204;7;0.260223062003999;548.6953;710.4889;29.4869666279263;Demanda creciente
3101;JUGO DE MANGO PULP 250 ML;NO PERECIBLE;5394.3954;235;7;0.335603791837173;645.1702;801.8622;24.2869245975713;Demanda estable
3108;ENDULZANTE SUCRA SWEET X50;NO PERECIBLE;2147.28;268;6;0.606452289057537;388.24;188.6;-51.4218009478673;Demanda decreciente
3115;SALSA DE TOMATE LA PRIMERA 3.56 KG;NO PERECIBLE;19062.81;3078;7;0.0742484839201313;2533.05;2919.15;15.242494226328;Demanda estable
3118;PAN HOT DOG MODERNA 320 GR X8;NO PERECIBLE;95.7;13;4;1.56857043933019;15.08;16.82;11.5384615384615;Demanda variable
3121;BOTANAS NATURAL 40GR X12;NO PERECIBLE;12.6;3;1;2.64575131106459;4.2;0;-100;Demanda intermitente
3126;RES LOMO FALDA CUADRIL PROCESADO 3 KG;PERECIBLE;147776.908860836;1341;7;0.203204024411681;21557.8078789019;19866.3776220555;-7.84602157300863;Demanda estable
3129;SALMON (1.8 - 2.0 KG);PERECIBLE;25417.92;188;7;0.174862874007142;3359.84;3615.48;7.6086956521739;Demanda estable
3130;RES HIGADO ENTERO CONGELADO 3 KG;PERECIBLE;1242.6746486784;41;7;0.626554761563814;112.236470344367;197.724287972633;76.1675927316414;Demanda creciente
3131;SALSA OSTRAS ORIENTAL 400 GR;NO PERECIBLE;2934.79;331;7;0.219603886835301;355.976666666667;433.986666666667;21.9143576826196;Demanda estable
3141;SALAMI CURADO 90 CASA GUILLO 1 KG;PERECIBLE;1190.04;69;7;0.456745297498929;223.66;139.26;-37.7358490566038;Demanda decreciente
3143;MORTADELA SANDUCHE T2 CASA GUILLO 1 KG;PERECIBLE;1228.44;87;7;0.34229192230315;170.616666666667;161.203333333333;-5.51724137931036;Demanda estable
3151;ACEITUNAS VERDES TAJADAS SNOB 4.1 KG;NO PERECIBLE;198.2064;14;5;0.763762615825973;33.0344;23.596;-28.5714285714286;Demanda decreciente
3160;YOGURT DURAZNO BEBIBLE KIOSKO FUNDA 900 ML;PERECIBLE;1649.34;110;7;0.525148455768017;216.15;215.82;-0.152671755725198;Demanda variable
3162;YOGURT FRUTILLA BEBIBLE KIOSKO FUNDA 900 ML;PERECIBLE;1470.15;144;7;0.662863461601099;219.12;177.21;-19.1265060240964;Demanda variable
3171;YGT MORA BEBIBLE KIOSKO FUNDA 900 ML;PERECIBLE;1453.32;87;7;0.311770634138935;220.11;172.59;-21.5892053973014;Demanda estable
3190;SERVILLETA HANASKA INDUPAPEL 24X24 X100;NO PERECIBLE;15439.992;3390;7;0.0666400078975856;2086.1;2249.032;7.8103638368247;Demanda estable
3217;INSECTICIDA DE INSECTOS PARA PLASTICOS F6 LT;NO PERECIBLE;341.62;37;7;0.350438322025231;56.9366666666667;47.9466666666667;-15.7894736842105;Demanda estable
3219;AGUA SIN GAS CIELO 3.5 LT;NO PERECIBLE;194.60239672;52;7;0.188655225663475;23.9297662633333;28.8739328466667;20.6611570247934;Demanda estable
3292;GALLETAS INTEGRAL LINAZA SILUET 252 GR (9 X28 GR);NO PERECIBLE;270.68738606;71;7;0.445777914120864;33.2162177033333;44.1230354566667;32.8358208955224;Demanda creciente
3316;COLA 7UP 400 ML;NO PERECIBLE;9.334;1;1;2.64575131106459;3.11133333333333;0;-100;Demanda intermitente
3319;AJO MOLIDO 250 GR;NO PERECIBLE;193.68;144;7;0.207013469030868;24.96;28.32;13.4615384615385;Demanda estable
3322;COCA COLA ORIGINAL 500 ML;NO PERECIBLE;36714.8352;533;7;0.191048808152989;4501.3736;5379.3176;19.5039132055158;Demanda estable
3324;GALLETAS AMOR CHOCOLATE 180 GR (8 X22.5 GR);NO PERECIBLE;904.27999519;39;7;0.312998578977801;149.146665873333;128.466665983333;-13.8655462184874;Demanda estable
3325;GALLETAS AMOR CLASICA 180 GR (8 X22.5 GR);NO PERECIBLE;755.75999598;17;7;0.562795941821037;110.91999941;88.35999953;-20.3389830508474;Demanda variable
3327;GALLETAS AMOR VAINILLA 180 GR (8 X22.5 GR);NO PERECIBLE;425.47;10;6;1.01701638917143;70.65;70.1266666666667;-0.740740740740753;Demanda variable
3329;CHOCOLATE COBERTURA BLANCO AMYEL 1 KG;NO PERECIBLE;276.75;32;7;0.522576711835771;32.8;45.1;37.5;Demanda creciente
3331;YOGURT ENTERO DURAZNO TONI 1.7 LT;PERECIBLE;1166.1524;98;7;0.237732463783964;130.661333333333;204.158333333333;56.25;Demanda creciente
3332;YOGURT ENTERO FRUTILLA TONI 1.7 LT;PERECIBLE;1146.5532;113;7;0.315574491750633;125.761533333333;213.957933333333;70.1298701298701;Demanda creciente
3333;YOGURT ENTERO MORA TONI 1.7 LT;PERECIBLE;1332.7456;128;7;0.203416607071043;191.0922;199.258533333333;4.27350427350428;Demanda estable
3348;ANDEAN CHIPS QUINUA AMARANTO 30 GR;NO PERECIBLE;705.5;137;7;0.513860605349636;90.3266666666667;125.233333333333;38.6449184441656;Demanda creciente
3349;ANDEAN CHIPS QUINUA CHIA 30 GR;NO PERECIBLE;317.56;114;7;0.491796886706816;31.62;63.58;101.075268817204;Demanda creciente
3359;ENROLLADO DE POLLO T1 CASA GUILLO 1 KG X11;PERECIBLE;109.28;11;7;0.701560760020114;15.9366666666667;15.9366666666667;2.22044604925031e-14;Demanda variable
3360;ENROLLADO DE CERDO T1 CASA GUILLO 1 KG X11;PERECIBLE;1673.52;50;7;0.507231990910325;171.266666666667;261.793333333333;52.8571428571429;Demanda creciente
3377;QUESO CREMA REY 250 GR;PERECIBLE;2996.92154673;314;7;0.312637258160026;480.24370961;434.506213456667;-9.52380952380952;Demanda estable
3378;AGUA SIN GAS TESALIA 625 ML;NO PERECIBLE;433.34273432;12;1;2.64575131106459;0;144.447578106667;;Demanda intermitente
3405;ESENCIA VAINILLA LEVAPAN 500 ML;NO PERECIBLE;3048.312;576;7;0.11977573844364;414.48;435.832;5.15151515151515;Demanda estable
3406;MAYONESA GUSTADINA SQUEEZE 310 GR;NO PERECIBLE;4342.1596;514;7;0.154089520839011;619.807133333333;612.7878;-1.13250283125708;Demanda estable
3407;MOSTAZA GUSTADINA SQUEEZE 330 GR;NO PERECIBLE;1817.2038;390;7;0.124954558880435;267.728;244.3018;-8.75;Demanda estable
3408;SALSA DE TOMATE GUSTADINA SQUEEZE 370 GR;NO PERECIBLE;3865.1454;606;7;0.103319023726809;540.408;559.4451;3.52272727272727;Demanda estable
3409;AGUA MINERAL CON GAS GÜITIG VIDRIO 330 ML;NO PERECIBLE;952.24317735;105;7;0.559975829900887;109.820159816667;180.289768766667;64.1681901279708;Demanda creciente
3410;MANZANA ROJA CALIBRE 100 GR UND;FRUVER;3647.68;477;7;0.22826875597284;527.893333333333;437.333333333333;-17.1549808042029;Demanda estable
3414;TOLTEKITOS 500 GR;NO PERECIBLE;12635.16;836;7;0.187974749876937;2055.45;1539.99;-25.0777202072539;Demanda decreciente
3416;VASO TERMICO BLANCO PLASTRO 10 ONZ X 20 UND;NO PERECIBLE;48.9168;10;5;1.25005786903084;9.1719;2.7176;-70.3703703703704;Demanda decreciente
3425;NECTAR DE MANZANA PULP TPK 1 LT;NO PERECIBLE;12.7137;8;2;1.95087824477232;1.13010666666667;0;-100;Demanda intermitente
3427;CILANTRO 50 GR;FRUVER;24323.52;7495;7;0.054984211781929;3337.81333333333;3579.41333333333;7.23827176275087;Demanda estable
3430;ALBAHACA 30 GR;FRUVER;4668.64;4179;7;0.111714094358967;605.866666666667;715.253333333333;18.0545774647887;Demanda estable
3431;BERROS 100 GR;FRUVER;149.4;435;7;0.101904745377614;21.25;21.35;0.470588235294112;Demanda estable
3432;CEBOLLIN 30 GR;FRUVER;42.21;78;7;0.290480807502388;6.23;6.44;3.37078651685394;Demanda estable
3433;CEDRON 20 GR;FRUVER;1736.68;2291;7;0.0803829338846059;231.88;264.146666666667;13.9152435167615;Demanda estable
3434;ENELDO 50 GR;FRUVER;44.1;112;7;0.32885885748775;6.51;6.72;3.2258064516129;Demanda estable
3435;HIERBA BUENA 20 GR;FRUVER;656.26;961;7;0.13355833939436;96.36;98.2666666666667;1.97869101978692;Demanda estable
3436;HIERBA LUISA 20 GR;FRUVER;1785.08;2318;7;0.110773744049085;226.893333333333;278.373333333333;22.6890756302521;Demanda estable
3437;HOJA NARANJA 20 GR;FRUVER;107.25;302;7;0.239042578575708;16.2433333333333;14.7033333333333;-9.48081264108351;Demanda estable
3438;MENTA 20 GR;FRUVER;2462.02;1285;7;0.225723617758449;279.803333333333;405.57;44.9482374524964;Demanda creciente
3439;PAICO 50 GR;FRUVER;4.83;12;6;0.518711019367341;0.91;0.42;-53.8461538461539;Demanda decreciente
3440;PEREJIL CRESPO 50 GR;FRUVER;144.64;266;7;0.192985801190645;19.1466666666667;21.6;12.8133704735376;Demanda estable
3441;PEREJIL LISO 50 GR;FRUVER;5877.76;5841;7;0.0486247981923853;817.173333333333;868.693333333333;6.30465996606187;Demanda estable
3442;ROMERO 50 GR;FRUVER;677.55;1772;7;0.0555715297136814;95.85;96.65;0.834637454355769;Demanda estable
3443;TORONJIL 20 GR;FRUVER;176.22;454;7;0.153441284024335;21.8533333333333;28.93;32.3825503355705;Demanda creciente
3444;TILAPIA ENTERA (200-250GR) X 10;PERECIBLE;276.39;13;6;0.661840333631773;19.92;52.29;162.5;Demanda creciente
3454;TARRINA TERMICA CON TAPA 1LT X50 UND;NO PERECIBLE;56.16;6;3;1.46986183948033;8.32;2.08;-75;Demanda intermitente
3464;NECTAR DE DURAZNO PULP TETRAPACK 1 LT;NO PERECIBLE;1150.2304;232;7;0.557589188507535;144.6555;192.874;33.3333333333333;Demanda creciente
3465;NECTAR DE NARANJA PULP TETRAPACK 1 LT;NO PERECIBLE;1089.7381;251;7;0.352197835216382;192.874;110.171966666667;-42.8787878787879;Demanda decreciente
3468;ACEITE TRI REFINADO 20 LT;NO PERECIBLE;792.5;23;5;0.968022038316622;84.5333333333333;169.066666666667;100;Demanda creciente
3474;MANGA PLASTICA (53X58X25) X 100;NO PERECIBLE;374;11;6;0.621027319149067;56.6666666666667;45.3333333333333;-20;Demanda variable
3476;SALCHICHA RANCHERA ECO CARNIDEM 1 KG;PERECIBLE;4793.67;360;7;0.279287757476787;561.54;857.01;52.6178010471204;Demanda creciente
3477;CHORIZO PARRILLERO T1 JURIS 1 KG;PERECIBLE;5766.664;105;7;0.50478603656284;665.797333333333;920.840666666667;38.3064516129032;Demanda creciente
3479;LONGANIZA PREMIUM JURIS 1 KG;PERECIBLE;13371.6372;469;7;0.265930155480209;1557.88253333333;2227.47893333333;42.9811866859624;Demanda creciente
3480;SALCHICHA OLMA T1 JURIS 1 KG;PERECIBLE;2384.02;146;7;0.31007169756613;293.51;337.436666666667;14.9659863945578;Demanda estable
3484;COLA FIORAVANTI FRESA 2 LT;NO PERECIBLE;1370.2269;276;7;0.153578595955162;172.5293;208.156;20.6496519721578;Demanda estable
3496;CORVINA ESPECIAL ENTERA;PERECIBLE;24957.712;162;7;0.0975644441112972;3637.64266666667;3500.29333333333;-3.77577859947393;Demanda estable
3521;CHOCOLATE POLVO AMARGO KG;NO PERECIBLE;3229.29;246;4;1.25752190407188;1076.25;0;-100;Demanda decreciente
3522;HARINA TOMEBAMBA KG;NO PERECIBLE;27.3372;2;2;2.49988252342694;9.1124;0;-100;Demanda intermitente
3533;CERDO CHULETA (156-170) X30;PERECIBLE;145.470003;1;1;2.64575131106459;0;48.490001;;Demanda intermitente
3536;MALLA NEGRA CABELLO X 144;NO PERECIBLE;674.1;58;7;0.475749354765375;67.7666666666667;96.3;42.1052631578947;Demanda creciente
3544;MORTADELA FAMILIAR T2 LA CASTILLA 500 GR (401657);PERECIBLE;8027.76;613;7;0.171816043670117;1271.62;985.8;-22.4768405655778;Demanda estable
3547;QUESO CHEDDAR CORTADO FLORALP (1 - 1.10 KG);PERECIBLE;3862.2;158;7;0.555138433659968;336.2;820;143.90243902439;Demanda creciente
3548;QUESO HOLANDES CORTADO FLORALP (1 - 1.1 KG);PERECIBLE;9561.20191224;280;7;0.663724042259106;929.3335192;2121.06709088;128.235294117647;Demanda creciente
3556;FIDEO LONCHYS CAMARON 65 GR;NO PERECIBLE;19.421862;1;1;2.64575131106459;6.473954;0;-100;Demanda intermitente
3571;LECHE SEMIDESCREMADA VITA TETRAPACK 1 LT;NO PERECIBLE;5567.76;562;7;0.112543596849664;732.26;813.2;11.0534509600415;Demanda estable
3572;LECHE DESLACTOSADA SEMI VITA TPK 1 LT;NO PERECIBLE;3601.9089;200;7;0.437336958178711;639.210866666667;340.160133333333;-46.7843631778058;Demanda decreciente
3578;MAYONESA MARCELLOS BALDE 3.8 KG;NO PERECIBLE;13409.46;1301;7;0.0882679555469624;1884.36;1911.42;1.43603133159269;Demanda estable
3579;CHAMPIÑÓN PORTOBELLO 1 KG;FRUVER;30;2;2;1.98431348329844;7.5;2.5;-66.6666666666667;Demanda intermitente
3584;AROMATICA TE VERDE NATURES HEART 26 GR X20;NO PERECIBLE;1322.23996901;252;7;0.399190626279918;159.573329593333;194.55999544;21.9251336898396;Demanda estable
3585;AROMATICA TE CHAI ESPECIAS NATURES HEART 26 GR X20;NO PERECIBLE;648.51999477;174;7;0.186376258248168;83.90666599;102.09333251;21.6748768472906;Demanda estable
3589;AROMATICA TE VERDE DETOX NATURES HEART 34 GR X20;NO PERECIBLE;712.64;185;7;0.253867326612422;126.633333333333;81.6566666666667;-35.5172413793104;Demanda decreciente
3590;JUGO DE ARANDANO NATURES HEART TETRAPACK 200 ML;NO PERECIBLE;1836.05997414;77;7;0.455678838899499;295.596662503333;183.88999741;-37.7902321857486;Demanda decreciente
3603;CHIPS DE ZANAHORIA BLANCA P KIWA 28GR;NO PERECIBLE;16.72;3;3;1.55530545850392;5.13333333333333;0;-100;Demanda intermitente
3611;HUEVO (58-64) GR UND;NO PERECIBLE;14906.4645;6089;7;0.399090195813997;2147.3685;2067.6461;-3.71256260860677;Demanda estable
3613;COCA COLA ORIGINAL 2 LT;NO PERECIBLE;12646.7207244;448;7;0.516424731990295;1024.6601232;2726.4443724;166.082802547771;Demanda creciente
3624;AGUA SIN GAS DASANI 1.2 LT;NO PERECIBLE;30878.8272;196;7;0.113382101229906;4286.184;4501.0512;5.01301857316436;Demanda estable
3626;PASTELPAN LEVAPAN 2.5 KG;PERECIBLE;32349.68210413;1358;7;0.111557392954931;4480.47658992333;4971.18371232;10.9521188772702;Demanda estable
3647;DV SUPER ENZIDENT DETERGENTE POLVO DL53 20 KG;NO PERECIBLE;1687.4;49;7;0.212805065858938;268.253333333333;224.986666666667;-16.1290322580645;Demanda estable
3652;PAN ARABE NATURAL MINI PASTELO 300 GR;PERECIBLE;55.72;5;4;1.46486631927058;16.5833333333333;1.32666666666667;-92;Demanda decreciente
3654;SET TRAPERO MICROFIBRA GR;NO PERECIBLE;850.75;43;7;0.473163275994904;116.166666666667;105.916666666667;-8.82352941176471;Demanda variable
3665;CEREZAS ROJAS HELIOS 160 GR;NO PERECIBLE;69.4008;13;3;1.45614915800902;0;23.1336;;Demanda intermitente
3666;ACEITE OLIVA ARBOLITO LATA 500 ML;NO PERECIBLE;698.92;71;7;0.211195336709916;113.026666666667;87.6533333333333;-22.4489795918367;Demanda estable
3667;DURAZNOS MITADES ALMIBAR LOS ANDES 820 GR;NO PERECIBLE;4573.1176;743;7;0.180275966281316;582.9808;725.8304;24.5033112582782;Demanda estable
3670;DV AIR PLUS NEW SENSE VAINILLA 4 KG;NO PERECIBLE;945;122;7;0.186933143128767;143.64;133.56;-7.01754385964911;Demanda estable
3686;PAÑOS DE LIMPIEZA LIGERA WYPALL ROLLO JUMBO DESECHABLES L10 X 650 MTS (30243071);NO PERECIBLE;34932.2;2001;7;0.301109273238775;5298.2;5786.11333333333;9.20903954802259;Demanda estable
3695;SALCHICHA VIENESA ROJA T2 20X21 CASA GUILLO 1 KG;PERECIBLE;11925.76;1310;7;0.112053844294285;1542.93333333333;1882.02666666667;21.9771863117871;Demanda estable
3697;MARGARINA INDUSTRIAL DANEC 453.6 GR;PERECIBLE;25691.6968;2921;7;0.109862710557471;3596.07893333333;3848.00826666667;7.00566750629723;Demanda estable
3703;TORTILLINAS INTEGRALES BIMBO 320 GR X8;NO PERECIBLE;96;14;7;0.424577676878688;10.6666666666667;14.6666666666667;37.5;Demanda creciente
3711;TE NEGRO MANZANA CANELA NATURES HEART 26 GR X20;NO PERECIBLE;1494.54;293;7;0.371359108523237;250.04;164.54;-34.1945288753799;Demanda decreciente
3714;AROMATICA FLOR JAMAICA NATURES HEART 26 GR X20;NO PERECIBLE;8095.08;734;7;0.294329591296849;1426;858.36;-39.8064516129032;Demanda decreciente
3715;AROMATICA COCO TROPICAL NATURES HEART 35 GR X20;NO PERECIBLE;564.2;149;7;0.241981872925345;92.4833333333333;69.2333333333333;-25.1396648044693;Demanda decreciente
3729;PICADITA EMBUTIDO CASA GUILLO 1 KG;PERECIBLE;3825;305;7;0.391851400405817;447.78;672.18;50.1138952164009;Demanda creciente
3730;DV LV3 GLASS LIMPIA VIDRIOS 4 KG;NO PERECIBLE;361.68;121;7;0.26526261159915;43.12;60.72;40.8163265306122;Demanda creciente
3750;AGUA SIN GAS DASANI 300 ML;NO PERECIBLE;241.2768;25;7;0.564217913255867;20.5328;44.3456;115.974440894569;Demanda creciente
3767;VASO TERMICO CON TAPA 8 ONZ X 25 UND;NO PERECIBLE;2084.89370466;76;7;0.285619466859051;276.889236253333;298.13568755;7.67326732673266;Demanda estable
3778;AVENA LECHE FINESSE ALPINA VASO 250 GR;NO PERECIBLE;155.52;18;6;0.921842849233603;34.56;5.76;-83.3333333333333;Demanda decreciente
3781;AVENA LECHE CANELA ALPINA VASO 250 GR;NO PERECIBLE;81.36;10;4;1.09445093641525;17.28;0;-100;Demanda decreciente
3786;"GUANTE NIT INDUSTRIAL 330MM 13"" TALLA M";NO PERECIBLE;110.67;47;7;0.148035969319034;16.12;14.26;-11.5384615384615;Demanda estable
3787;JUGO CITRUS PUNCH CIFRUT 400 ML;NO PERECIBLE;5960.3922;237;7;0.300889008340735;860.3442;809.3052;-5.93239310499216;Demanda estable
3790;PAN HOT DOG GIGANTE MODERNA 560 GR X8;NO PERECIBLE;569.4;84;4;1.09943718293583;151.84;0;-100;Demanda decreciente
3795;JAMON AMERICANO T2 DON DIEGO 11X11 1 KG (401760);PERECIBLE;6418.3;329;7;0.28683103708818;910.186666666667;1046.22;14.9456521739131;Demanda estable
3807;YOGURT DESCREMADO FRUTOS ROJOS FINESSE 180 GR;PERECIBLE;550.8;47;6;0.944868395795502;5.1;121.55;2283.33333333333;Demanda creciente
3831;AGUA SIN GAS CIELO 1.2 LT;NO PERECIBLE;11992.604;138;7;0.178571290199061;1847.57666666667;1547.97866666667;-16.2157276288039;Demanda estable
3832;DV DESENGRASANTE DE HORNOS FORTY GRILL 4 KG;NO PERECIBLE;14546.56;1286;7;0.090329518192992;2052.61333333333;2141.74666666667;4.34243176178659;Demanda estable
3839;RES MOLIDA PREMIUM CONGELADO PROCESADO 1 KG;PERECIBLE;10147.5088;734;7;0.188251335908067;1534.92386666667;1320.99586666667;-13.9373687937095;Demanda estable
3840;RES MOLIDA PREMIUM CONGELADO PROCESADO 5 KG;PERECIBLE;50203.7536;545;7;0.184225677345869;7636.3716;6282.02813333333;-17.7354316632086;Demanda estable
3844;PANELA WARYFOOD 500 GR;NO PERECIBLE;10703.94;2884;7;0.115863213617794;1610.18;1442.48;-10.4149846601001;Demanda estable
3854;JUGO DE NARANJA/ZANAHORIA DHOY 355 ML;PERECIBLE;3039.65999064;158;7;0.409186639438832;515.88856984;341.45142752;-33.8129496402878;Demanda decreciente
3855;JUGO DE NARANJA/FRESA DHOY 355 ML;PERECIBLE;4298.4;138;6;0.600350057390942;856.8;309.6;-63.8655462184874;Demanda decreciente
3856;JUGO DE NARANJA DHOY 355 ML;PERECIBLE;15215.4;306;7;0.340238210908967;2152.8;1918.2;-10.8974358974359;Demanda estable
3857;JUGO DE NARANJA/MANGO DHOY 355 ML;PERECIBLE;121.66000044;9;4;1.09343142743447;0;25.80666676;;Demanda variable
3867;AGUA DE COCO COCO FREEZE 355 ML;PERECIBLE;12429.78;325;7;0.240160780694166;1536.24;1955.82;27.3121387283237;Demanda creciente
3880;CHOCHO/CHIFLE 111 GR;PERECIBLE;9.44;3;3;1.35352548923173;0;1.96666666666667;;Demanda intermitente
3881;CHOCHO/CHIFLE 180 GR;PERECIBLE;31.6;6;4;1.07267189764625;2.63333333333333;6.84666666666667;160;Demanda creciente
3885;CHOCHO/CHULPI 180 GR;PERECIBLE;2173.29;243;7;0.40809891915733;321.53;308.626666666667;-4.01310401310402;Demanda estable
3905;GELATINA FRAMBUESA GELHADA 400 GR;NO PERECIBLE;13242.4776;2127;7;0.0989006681432159;1787.7164;1961.84853333333;9.74047859791034;Demanda estable
3906;GELATINA GELHADA LIMON 400 GR;NO PERECIBLE;6501.9372;1048;7;0.129299603047908;958.630533333333;881.506266666667;-8.04525455688245;Demanda estable
3907;GELATINA MANZANA GELHADA 400 GR;NO PERECIBLE;5498.7192;548;7;0.304545071618901;858.61;717.014666666667;-16.4912280701754;Demanda estable
3908;GELATINA MORA GELHADA 400 GR;NO PERECIBLE;1279.7808;179;7;0.167343577337274;195.823333333333;184.977733333333;-5.53846153846155;Demanda estable
3909;GELATINA GELHADA NARANJA 400 GR;NO PERECIBLE;3725.4636;573;7;0.041312457256866;532.639466666667;533.844533333333;0.226244343891402;Demanda estable
3910;GELATINA PIÑA GELHADA 400 GR;NO PERECIBLE;1138.788;165;7;0.296342588976259;154.851066666667;156.658666666667;1.16731517509727;Demanda estable
3911;GELATINA UVA GELHADA 400 GR;NO PERECIBLE;2449.298;313;7;0.102710372520781;333.803466666667;353.084533333333;5.77617328519855;Demanda estable
3913;CHOCOLATE GALAK NESTLE 20GR X21;NO PERECIBLE;2384.72;116;7;0.27137765813223;323.924466666667;312.000866666667;-3.68098159509204;Demanda estable
3919;COLA BIG NARANJA 300 ML;NO PERECIBLE;234.555;36;7;1.07053484521856;11.1928;62.3285333333333;456.862745098039;Demanda creciente
3920;COLA BIG NEGRA 300 ML;NO PERECIBLE;2029.7628;117;7;0.423568534595951;258.579;333.4077;28.9384288747346;Demanda creciente
3921;COLA BIG FRESA 300 ML;NO PERECIBLE;1208.3916;66;7;0.637740971692571;83.0084666666667;269.392933333333;224.536693847294;Demanda creciente
3922;COLA BIG LIMON 300 ML;NO PERECIBLE;331.1752;60;7;0.396624638112134;35.3341333333333;51.4649333333333;45.6521739130435;Demanda creciente
3923;COLA BIG MANZANA 300 ML;NO PERECIBLE;377.5924;36;7;0.992322485547092;17.7219333333333;72.8629333333333;311.145510835913;Demanda creciente
3934;CAFE PASAR T&M TRADICIONAL SELLO ROJO 425 GR;NO PERECIBLE;13269.942;540;7;0.105425859143938;1741.54633333333;1981.18066666667;13.7598597721297;Demanda estable
3938;CINTA NEGRA EPSON ORIGINAL ERC-38B;NO PERECIBLE;4.35;3;3;1.24721912892465;0.966666666666667;0;-100;Demanda intermitente
3955;PALMITOS CORAZONES SNOB 810 GR;NO PERECIBLE;511.5;76;7;0.213610930501296;63.6533333333333;80.7033333333333;26.7857142857143;Demanda creciente
3957;ACHIOTE ILE EN PASTA 1 KG;NO PERECIBLE;7390.4;939;7;0.0993054268267669;1036.64;1016.8;-1.91387559808611;Demanda estable
3958;ESCURRIDOR 55CM + BASTON ALUMINIO 140 CM;NO PERECIBLE;7629.6;232;7;0.249442934122773;877.2;1237.6;41.0852713178295;Demanda creciente
3985;MANZANA VERDE CALIBRE 150 GR UND;FRUVER;1447.47;332;7;0.127844406624092;193.59;213.03;10.0418410041841;Demanda estable
4010;GALLETAS INTEGRAL MULTICEREAL CLUB SOCIAL 216 GR (9 X24 GR);NO PERECIBLE;1336.3632;159;7;0.14284716609173;191.065;189.9732;-0.571428571428578;Demanda estable
4074;PORTA TORTA BASE + TAPA 28CM DIAM UND;NO PERECIBLE;185.56388158;47;7;0.0339959013126905;25.9694999666667;27.1499317833333;4.54545454545454;Demanda estable
4084;ACEITE OLIVA EXTRA VIRGEN SNOB VIDRIO 150 ML;NO PERECIBLE;434.16;41;7;0.243703411843505;75.04;53.6;-28.5714285714286;Demanda decreciente
4095;APANADURA DORADITA MODERNA 1 KG;NO PERECIBLE;17821.44;3568;7;0.0672400697402429;2470.34666666667;2548.60666666667;3.16797642436149;Demanda estable
4096;AROMATICA FRUTOS ROJOS NATURES HEART 26 GR X20;NO PERECIBLE;300.75994026;97;7;0.656232162439159;50.12665671;38.44665903;-23.3009708737864;Demanda variable
4098;AROMATICA FRUTAS TROPICALES NATURES HEART X20;NO PERECIBLE;484.72;223;7;0.204368450217097;60.8333333333333;74.46;22.4;Demanda estable
4105;FUNDA NEGRA 2MICRAS 61X40 X50;NO PERECIBLE;1998;78;7;0.149013675365103;265.166666666667;296;11.6279069767442;Demanda estable
4106;FUNDA VERDE 2MICRAS 34X10(FUELLE X54) X50;NO PERECIBLE;975;48;7;0.149666295470958;136.5;149.5;9.52380952380953;Demanda estable
4107;DV FREEBAC38 4KG;NO PERECIBLE;23842.64;984;7;0.0611867258176809;3295.01333333333;3505.33333333333;6.38297872340425;Demanda estable
4115;YOGURT VAINILLA LIGHT TONI100 950 GR;PERECIBLE;2848.86;186;7;0.31999648314184;502.803333333333;333.766666666667;-33.6188436830835;Demanda decreciente
4124;YOGURT REY ROCKER PACK BTL 6 X145 ML;PERECIBLE;539.4785;94;7;0.256445858503238;67.155;80.586;20;Demanda estable
4129;PALMITOS SPAGUETTI GUSTADINA 400 GR;NO PERECIBLE;1061.697;234;7;0.217571317288168;164.1158;141.1707;-13.9810426540284;Demanda estable
4131;GELATINA GELHADA FRAMBUESA 5 KG;NO PERECIBLE;13269.4848;289;7;0.29903601246303;1451.736;2174.5152;49.7872340425532;Demanda creciente
4150;PORTA TORTA RECTANGULAR CON TAPA 41X30 CM;NO PERECIBLE;1434.1308;132;7;0.152715326584983;193.4134;217.0622;12.2270742358079;Demanda estable
4167;POLLO SOPA 1 KG;PERECIBLE;10754.0412;1382;5;0.958060909588156;3061.3217;523.3587;-82.9041586841396;Demanda decreciente
4168;POLLO SOPA 5 KG;PERECIBLE;58738.1108;1966;7;0.229198161333762;6694.1924;9834.48583333333;46.9107137305067;Demanda creciente
4174;FILTRO DE PAPEL PARA CAFE 24 CM X50;NO PERECIBLE;540.54;138;7;0.202013187308069;78.65;80.08;1.81818181818183;Demanda estable
4179;POLLO PIERNA Y MUSLO X 8 PRESAS PROCESADO;PERECIBLE;41116.0678427378;5036;7;0.373259299991807;3664.47068684693;7817.38789145013;113.32925160268;Demanda creciente
4180;POLLO PIEZA DOS PIERNAS Y DOS MUSLOS CONGELADO X24 PRESAS PROCESADO;PERECIBLE;224673.740297571;3543;7;0.246333727876529;26166.5472604101;39403.858292286;50.5886806544932;Demanda creciente
4183;PAVO PRONACA PROCESADO KG;PERECIBLE;283.2312;30;7;0.179923634621843;43.2768;42.7938;-1.11607142857144;Demanda estable
4185;CERDO DESHUESADO PROCESADO 3 KG;PERECIBLE;811864.28;5298;7;0.0941819899986457;108937.939333333;121492.716;11.5247054823123;Demanda estable
4189;CREMA DE LECHE PARMALAT FUNDA 900 ML;NO PERECIBLE;85322.728;6285;7;0.077610345309347;11776.0586666667;12757.5525333333;8.33465503568596;Demanda estable
4194;CONTENEDOR BLANCO CON TAPA PLASTI UTIL 5X5 X 25 UND;NO PERECIBLE;4637.8125;760;7;0.0833357696751694;634.0625;661.5625;4.3371118777723;Demanda estable
4195;CONTENEDOR TERMICO LLANO PLASTI UTIL 8X8 (X25);NO PERECIBLE;132.3198;10;5;1.37389816649185;1.2084;38.0646;3050;Demanda creciente
4197;CONTENEDOR TERMICO COMPARTIDO 8 X8 (X25);NO PERECIBLE;9072.063;846;7;0.0957097181030804;1253.715;1322.5938;5.49397590361447;Demanda estable
4198;FUNDA NEGRA REFORZADA LAVAZA 80MICRAS 30X46 X10;NO PERECIBLE;2151.56;215;7;0.627638829118402;404.286666666667;142.046666666667;-64.8648648648649;Demanda decreciente
4199;DV HF4 CLORHEX JABON ANT 4 KG;NO PERECIBLE;6646.08;791;7;0.0456387527238918;915.04;974.666666666667;6.51629072681705;Demanda estable
4255;COCA COLA ORIGINAL 300 ML;NO PERECIBLE;10169.5489;425;7;0.175103919482114;1313.70096666667;1488.35913333333;13.2951235553885;Demanda estable
4277;HABAS SUAVES POPIS 200 GR;NO PERECIBLE;1144.5;61;7;0.201645727340581;172.9;156.8;-9.31174089068826;Demanda estable
4300;DV DETERGENTE LIQUIDO NEUTRO JL21 TIG 4 KG;NO PERECIBLE;64421.28;4109;7;0.0762252330450588;8573.62333333333;9704.63666666667;13.1917777275807;Demanda estable
4344;JUGO DE MORA DHOY 355 ML;PERECIBLE;6009.3;259;7;0.295232797361583;831.6;786.3;-5.44733044733045;Demanda estable
4360;TOCINO AHUMADO CASA GUILLO 1 KG;PERECIBLE;784.35;53;5;1.12880700509607;75.6;185.85;145.833333333333;Demanda creciente
4361;DISCOS EMPANADAS LA CHILENITA 900 GR X25;PERECIBLE;8782;768;7;0.174250655585641;1076.66666666667;1373.33333333333;27.5541795665635;Demanda creciente
4365;MERMELADA DE MELOCOTON HELIOS 15 GR;PERECIBLE;1637.94315027;282;7;0.166911662061291;219.489686803333;248.265689443333;13.1104121834133;Demanda estable
4385;AZUCAR BLANCA SACHET GENERICO (200 X5 GR);NO PERECIBLE;1668;240;7;0.149785741683411;216;262.666666666667;21.6049382716049;Demanda estable
4387;ADEREZO VINAGRETA ITALIAN HERBS MCCORMICK 3.35 LT;NO PERECIBLE;62.48;7;5;0.787268484487133;13.0166666666667;7.81;-40;Demanda decreciente
4389;CARAT DECORCREM PURATOS 1 KG;NO PERECIBLE;280;17;6;0.568990333837052;25.6666666666667;51.3333333333333;100;Demanda creciente
4400;PREMEZCLA QUEQUEX NARANJA 1KG;NO PERECIBLE;190.08;17;7;0.0984085605608916;28.71;24.75;-13.7931034482759;Demanda estable
4414;PREMEZCLA PAN YUCA FLEISCHMANN 1KG;NO PERECIBLE;749.76;12;3;1.41754691798761;249.92;0;-100;Demanda intermitente
4442;AGUA MINERAL CON GAS IMPERIAL PET 550 ML;NO PERECIBLE;891.1764;89;7;0.320825410671646;102.4788;154.3668;50.6329113924051;Demanda creciente
4443;COLA FRUIT FRESA 3 LT;NO PERECIBLE;4727.9568;247;4;1.25182302158201;1575.64906666667;0;-100;Demanda decreciente
4444;COLA FRUIT MANZANA 3 LT;NO PERECIBLE;3658.5054;324;4;1.01559518912615;805.4838;0;-100;Demanda decreciente
4445;AGUA MINERAL CON GAS IMPERIAL PET 3 LT;NO PERECIBLE;437.71;125;7;0.171111891110113;64.5016666666667;57.7416666666667;-10.4803493449782;Demanda estable
4452;COLA FIORAVANTI FRESA 300 ML;NO PERECIBLE;253.4193;86;6;0.700542308036184;18.0395666666667;56.5816666666667;213.653136531365;Demanda creciente
4455;POLLO VACIO PRONACA (1.8-2.0)KG;PERECIBLE;22764.18875406;112;7;0.0811051786896231;3039.1893272;3457.07785969;13.75;Demanda estable
4456;QUESO FRESCO FLORALP 500 GR;PERECIBLE;764.86;14;2;2.14458797403089;254.953333333333;0;-100;Demanda intermitente
4457;QUESO FRESCO FLORALP 430 GR;PERECIBLE;3334.94;82;6;0.540000125445991;296.566666666667;646.706666666667;118.064516129032;Demanda creciente
4459;MANTEQUILLA LURPAK 8 GR;PERECIBLE;3846.64;481;7;0.127988423371423;533.026666666667;544.553333333333;2.16249343372439;Demanda estable
4462;HM MASA HOJALDRE MAXI 1 KG;PERECIBLE;2344.2486642;106;7;0.344170187782881;271.89002772;406.7646084;49.6062992125985;Demanda creciente
4466;ACEITE GIRASOL VIVI 1 LT;NO PERECIBLE;6970.86;348;7;0.195831710164736;1155.96;851.76;-26.3157894736842;Demanda decreciente
4495;JALAPEÑO ROJOS Y VERDES OLE 200 GR;NO PERECIBLE;755.05381889;115;7;0.44051631640481;141.524778616667;69.6148911033333;-50.8108108108108;Demanda decreciente
4502;INFUSION MUYUKUNA FRUTOS ROJOS 10GR;NO PERECIBLE;22.2;6;5;0.68834960341957;2.8;3;7.14285714285714;Demanda variable
4505;INFUSION MUYUKUNA MANGO 10 GR;NO PERECIBLE;15.6;7;6;0.484472913530543;1.8;2.4;33.3333333333333;Demanda creciente
4506;INFUSION MUYUKUNA MANZANA 10 GR;NO PERECIBLE;16.2;7;6;0.459617542444106;1.8;2.6;44.4444444444444;Demanda creciente
4508;INFUSION MUYUKUNA PIÑA 10 GR;NO PERECIBLE;10.8;4;4;1.14170834383692;1.2;1.2;0;Demanda variable
4509;INFUSION MUYUKUNA JENGIBRE 10GR;NO PERECIBLE;6.6;3;3;1.4630433581301;1;0;-100;Demanda intermitente
4511;SABORIZANTE TORANI AMARETTO 750 ML;NO PERECIBLE;52.5;5;2;1.75499287747842;0;7;;Demanda intermitente
4546;QUESO PARMESANO RALLADO FLORALP 1 KG;PERECIBLE;180;9;4;1.16357615351148;33.3333333333333;0;-100;Demanda decreciente
4547;QUESO REQUESON FLORALP 450 GR;PERECIBLE;314.4075;23;7;0.343834585552737;43.3183666666667;50.3052;16.1290322580645;Demanda estable
4551;PULPA MARIA MORENA DURAZNO 1 KG;PERECIBLE;565.5;30;7;0.243846019035256;70.5666666666667;98.6;39.7260273972603;Demanda creciente
4558;"FUNDA POLIFAN 30X12 5X12"" HMB X100";NO PERECIBLE;512.97778528;67;7;0.27222644875749;60.6646523033333;90.8398161433333;49.7409326424871;Demanda creciente
4562;TAPA PLÁSTICO GELATINERO X100 UND;NO PERECIBLE;4607.10277011;655;7;0.103204240988205;648.086618156667;631.263603346667;-2.59579728059333;Demanda estable
4571;TARRINA PLÁSTICA OPAL SIN TAPA 1/2 LT X50 UND;NO PERECIBLE;70.1818;10;7;0.756953303544898;3.59906666666667;17.0955666666667;375;Demanda creciente
4580;MURICO FILETE ENTERO CONGELADO 5 KG;PERECIBLE;146882;1570;7;0.518818855553723;18774.2166666667;20257.8333333333;7.90241581317639;Demanda variable
4582;DORADO FILETE ENTERO 5 KG;PERECIBLE;176.8102;1;1;2.64575131106459;0;58.9367333333333;;Demanda intermitente
4588;TAPA VASO BLANCO HMB 100 CC 3.5 ONZ X100 UND;NO PERECIBLE;185.9219244;21;6;0.717678011642451;8.26319664;42.69318264;416.666666666667;Demanda creciente
4589;TAPA PLÁSTICO TRANSPARENTE JARRA 200CC HMB X100;NO PERECIBLE;739.44;33;7;0.220649959707886;96.72;120.64;24.7311827956989;Demanda estable
4590;FUNDA ROLLO TRANSPARENTE HMB 10X16 X1KG;NO PERECIBLE;475.12618878;55;7;0.208001607783371;59.81804535;78.61800246;31.4285714285714;Demanda creciente
4591;FUNDA ROLLO TRANSPARENTE HMB 18X24 X1KG;NO PERECIBLE;273;10;6;0.683130051063973;27.3;54.6;100;Demanda creciente
4595;CAFE SACHET GENERICO 2 GR X200;NO PERECIBLE;1823.2;95;7;0.110690037149673;258;263.733333333333;2.22222222222224;Demanda estable
4598;ALMEJA CARNE 220 GR X 200;PERECIBLE;2101.05;239;7;0.226240155103492;355.273333333333;265.65;-25.226586102719;Demanda decreciente
4601;MEJILLON CARNE 310 GR X 200;PERECIBLE;94.08;19;7;0.590726953281576;18.48;9.52;-48.4848484848485;Demanda decreciente
4611;AGUA MINERAL CON GAS GÜITIG 1.5 LT;NO PERECIBLE;437.2189;46;7;0.439080488965688;79.1368666666667;45.4668333333333;-42.5465838509317;Demanda decreciente
4617;SERVILLETA HANASKA 24X24 X100;NO PERECIBLE;47240.59;2539;7;0.0797785101433597;6337.43333333333;7141.26333333333;12.6838415131257;Demanda estable
4619;CREMA PASTELERA CREMYVIT PURATOS 2 KG;NO PERECIBLE;1205.36;19;7;0.278500138006799;148.026666666667;185.033333333333;25;Demanda creciente
4622;BEBIDA AMARANTO MORA/FRESA AMATI TETRAPACK 200 ML;NO PERECIBLE;119.75186815;8;2;1.80959888017007;39.9172893833333;0;-100;Demanda intermitente
4623;BEBIDA AMARANTO MARACUYA UVILLA AMATI TETRAPACK 200 ML;NO PERECIBLE;55.61852868;7;1;2.64575131106459;18.53950956;0;-100;Demanda intermitente
4625;"BANDEJA TERMICA RECTANGULAR HMB 10X14"" X10";NO PERECIBLE;89.88;13;5;1.0311805532172;16.692;8.988;-46.1538461538462;Demanda decreciente
4641;HOJUELA DE MAIZ CARSNACK 1 KG;NO PERECIBLE;8527.9;306;7;0.257699912361702;1184.13333333333;1137.76666666667;-3.91566265060243;Demanda estable
4643;MANTEPAN LEVAPAN 15 KG;NO PERECIBLE;652.84;19;7;0.409941103352559;68.72;103.08;50;Demanda creciente
4669;SORBETE PAPEL BIO CON ENVOLTURA X100;NO PERECIBLE;470.00020445;123;7;0.540526041918289;32.6666808766667;103.333378283333;216.326530612245;Demanda creciente
4671;JUGO DE NARANJA DEL VALLE 300 ML;NO PERECIBLE;1430.8539;37;7;0.760338512660061;321.1019;93.1;-71.0060887213685;Demanda decreciente
4672;AZUCAR MORENA VALDEZ 2 KG;NO PERECIBLE;65.84909859;13;6;0.837044079814129;3.32571205;11.97256338;260;Demanda creciente
4706;ACEITE LA FAVORITA 1 LT;NO PERECIBLE;9860.11795386;240;7;0.131862901658123;1387.62532684;1451.02299321;4.56878850102669;Demanda estable
4761;ARROZ FLOR SUPERMAXI 5 KG;NO PERECIBLE;54.52457144;2;1;2.64575131106459;18.1748571466667;0;-100;Demanda intermitente
4766;ARROZ JAPONES BOTAN 2.27 KG;NO PERECIBLE;18.745;1;1;2.64575131106459;0;6.24833333333333;;Demanda intermitente
4796;AZUCAR BLANCA SUPERMAXI 2 KG;NO PERECIBLE;19.7388;1;1;2.64575131106459;0;6.5796;;Demanda intermitente
4797;AZUCAR BLANCA SUPERMAXI 5 KG;NO PERECIBLE;305.244;23;3;1.27346797329668;0;101.748;;Demanda intermitente
4809;BEBIDA DE ALMENDRAS NATURES HEART TETRAPACK 946 ML;NO PERECIBLE;447.80955927;52;7;0.485284096530902;44.6966226766667;65.77993526;47.1698113207547;Demanda creciente
4811;BEBIDA ENERGETICA ORIGINAL RED BULL 250 ML;NO PERECIBLE;27.02713392;2;2;1.78097585609688;9.00904464;0;-100;Demanda intermitente
4827;CANGUIL AMARILLO SUPERMAXI 1 KG;NO PERECIBLE;9922.9658958;3465;7;0.0799846122728853;1362.42385236;1486.85771772;9.13327120223673;Demanda estable
4837;CEREAL FROOT LOOPS KELLOGGS 370 GR;NO PERECIBLE;587.46607412;76;7;0.229803336270565;83.6981234633333;80.53970371;-3.77358490566038;Demanda estable
4840;CEREZAS ROJAS ALFRESCO 500 GR;NO PERECIBLE;3.73234458;1;1;2.64575131106459;1.24411486;0;-100;Demanda intermitente
4848;CERVEZA PILSENER LATA PACK 355 ML (X6);NO PERECIBLE;5795.605;766;7;0.140180413780784;738.275333333333;924.998666666667;25.2918287937743;Demanda creciente
4867;COBERTURA CHOCOLATE NEGRO SEMIAMARGO BON AMI 500 GR;NO PERECIBLE;655.8525;64;7;0.296082712629176;98.1075;88.065;-10.2362204724409;Demanda estable
4872;COCOA SIN AZUCAR BIOS 500 GR;NO PERECIBLE;4838.6825;303;5;0.911182632255066;29.355;1177.46166666667;3911.11111111111;Demanda creciente
4897;DESINFECTANTE EUCALIPTO KALIPTO 1 GL;NO PERECIBLE;483.3981;53;7;0.447636836994173;68.5277;62.9714;-8.1081081081081;Demanda estable
4926;FIDEO ESPIRAL/TORNILLO DON VITTORIO 400 GR;NO PERECIBLE;254.5851;47;7;0.307044124314559;31.9609;38.5735;20.6896551724138;Demanda estable
4933;FIDEO SPAGHETTI DON VITTORIO 400 GR;NO PERECIBLE;3061.95;199;7;0.332158169069265;514.05;340.713333333333;-33.719806763285;Demanda decreciente
4948;FREJOL BOLON ROJO SUPERMAXI 500 GR;NO PERECIBLE;22.7115;4;2;1.75499287747842;0;7.5705;;Demanda intermitente
4959;FREJOL REFRITO FACUNDO 425 GR;NO PERECIBLE;42.08112075;4;1;2.64575131106459;0;14.02704025;;Demanda intermitente
4961;FREJOL ROJO LA PRADERA 500 GR;NO PERECIBLE;38.1276;4;1;2.64575131106459;0;12.7092;;Demanda intermitente
4967;FRUTOS SECOS CIRUELAS SIN SEMILLAS SUPERMAXI 350 GR;NO PERECIBLE;50.39180302;18;7;0.781271055998457;11.0051064066667;2.31686450666667;-78.9473684210526;Demanda decreciente
5047;AROMATICA ANIS HORNIMANS 32 GR X25;NO PERECIBLE;230.4369444;70;7;0.127639779124653;30.42949394;35.4518376;16.5048543689321;Demanda estable
5076;LECHE DE COCO GOYA 400 ML;NO PERECIBLE;20.8926;6;1;2.64575131106459;6.9642;0;-100;Demanda intermitente
5082;LECHE DESLACTOSADA SUPERMAXI TPK 1 LT;NO PERECIBLE;650.9333;23;2;1.7900773684955;0;216.977766666667;;Demanda intermitente
5097;LENTEJA ESPECIAL SUPERMAXI 1 KG;NO PERECIBLE;50544.366;4728;7;0.115161353640175;6828.31633333333;7625.02133333333;11.6676639028977;Demanda estable
5099;LENTEJA ESPECIAL SUPERMAXI 500 GR;NO PERECIBLE;371.80920264;113;7;0.350068293730907;61.31931876;38.9329008;-36.5079365079365;Demanda decreciente
5108;AGUA MINERAL CON GAS IMPERIAL LIMONADA PET 550 ML;NO PERECIBLE;9745.1;481;7;0.237840856472484;1130.81666666667;1632.41666666667;44.3573228787455;Demanda creciente
5125;MANTEQUILLA SIN SAL SUPERMAXI 250 GR;PERECIBLE;3.296;1;1;2.64575131106459;0;1.09866666666667;;Demanda intermitente
5140;MAYONESA ALACENA DOYPACK 400 ML;NO PERECIBLE;728.74559598;173;7;0.221369741819733;97.2869327966667;103.933866093333;6.83229813664597;Demanda estable
5176;PALMITOS CORAZONES CARLO 371 GR;NO PERECIBLE;22.08982373;6;2;1.7703452454164;0;7.36327457666667;;Demanda intermitente
5178;PALMITOS CORAZONES GUSTADINA 800 GR;NO PERECIBLE;30.79019792;2;1;2.64575131106459;0;10.2633993066667;;Demanda intermitente
5181;PAN BLANCO CLASICO SUPERMAXI 500 GR;NO PERECIBLE;8.9919;3;1;2.64575131106459;2.9973;0;-100;Demanda intermitente
5183;PAN BLANCO GIGANTE SANDUCHERO SUPERMAXI 800 GR;NO PERECIBLE;18.2928;4;1;2.64575131106459;6.0976;0;-100;Demanda intermitente
5184;PAN BLANCO HAMBURGUESA CYRANO 480 GR;NO PERECIBLE;31.7961;6;3;1.61015297179883;8.0752;2.5235;-68.75;Demanda intermitente
5185;PAN BLANCO HAMBURGUESA GIGANTE SUPERMAXI 520 GR;NO PERECIBLE;2.5338;1;1;2.64575131106459;0.8446;0;-100;Demanda intermitente
5230;PASTILLA INODORO CEREZA TIPS 90 G (X 1);NO PERECIBLE;915.814;164;7;0.200846332049342;140.134666666667;123.158;-12.1145374449339;Demanda estable
5233;PIMIENTA MOLIDA ILE 500 GR;NO PERECIBLE;56.034;4;1;2.64575131106459;0;18.678;;Demanda intermitente
5260;QUESO DAMBO SALINERITO 350 GR;PERECIBLE;147.826;9;3;1.66132477258362;19.7101333333333;29.5652;50;Demanda intermitente
5265;QUESO FRESCO SUPERMAXI 750 GR;PERECIBLE;12.91174803;1;1;2.64575131106459;4.30391601;0;-100;Demanda intermitente
5266;QUESO GOUDA KIOSKO 350 GR;PERECIBLE;59.01294282;4;1;2.64575131106459;19.67098094;0;-100;Demanda intermitente
5281;QUESO MANABA AUTENTICO LA HOLANDESA 400 GR;PERECIBLE;273.4032;10;2;2.41944401494469;6.9216;0;-100;Demanda intermitente
5291;QUESO MOZZARELLA LA HOLANDESA 500 GR;PERECIBLE;29.1696;2;1;2.64575131106459;9.7232;0;-100;Demanda intermitente
5295;QUESO MOZZARELLA SALINERITO 500 GR;PERECIBLE;5148.5684;110;6;0.511412509341675;473.0432;937.6392;98.2142857142857;Demanda creciente
5319;SAL MARINA SUPERMAXI 2 KG;NO PERECIBLE;771.628;409;7;0.224448104579786;99.5301666666667;104.452833333333;4.94590417310665;Demanda estable
5331;SALSA DE SOYA BAJA EN SODIO KIKKOMAN 296 ML;NO PERECIBLE;6.2624;1;1;2.64575131106459;0;2.08746666666667;;Demanda intermitente
5347;SAZONADOR AJINOMOTO 500 GR;NO PERECIBLE;2392.5;402;7;0.0899858846870663;332.533333333333;348.966666666667;4.94186046511629;Demanda estable
5386;VASO TERMICO BLANCO SUPERMAXI 6 OZ X 24 UND;NO PERECIBLE;1534.5792;198;7;0.147332849957725;199.8496;222.362666666667;11.2650046168052;Demanda estable
5387;VASO TÉRMICO BLANCO SUPERMAXI 8 ONZ X 24 UND;NO PERECIBLE;1204.9461;332;7;0.196035899383611;146.0331;199.3248;36.4928909952607;Demanda creciente
5400;VINO BLANCO CHARDONNAY PEÑASOL 750 ML;NO PERECIBLE;24.7686;2;2;1.70782512765993;0;8.2562;;Demanda intermitente
5425;VINO TINTO CABERNET SAUVIGNON CARMENERE CONCHA Y TORO 750 ML;NO PERECIBLE;58.4184;1;1;2.64575131106459;0;19.4728;;Demanda intermitente
5444;VINO TINTO SANTA LUCIA 1 LT;NO PERECIBLE;47.586;1;1;2.64575131106459;0;15.862;;Demanda intermitente
5463;YOGURT ENTERO NATURAL SIN AZUCAR REY FUNDA 900 GR;PERECIBLE;181.04;104;7;0.160045499254081;27.28;26.8666666666667;-1.51515151515151;Demanda estable
5469;YGT SEMIDESCREMADO FRESA DULACS 3500 GR;PERECIBLE;4.8436;1;1;2.64575131106459;1.61453333333333;0;-100;Demanda intermitente
5473;YGT SEMIDESCREMADO MORA DULACS 3500 GR;PERECIBLE;15.1119;1;1;2.64575131106459;5.0373;0;-100;Demanda intermitente
5479;FUNDA NEGRA 37MICRAS 34X10(FUELLE X54) X10;NO PERECIBLE;1044.86;178;7;0.241995969003388;113.326666666667;183.933333333333;62.303664921466;Demanda creciente
5482;ADEREZO HONEY MUSTARD 3.83 KG;NO PERECIBLE;279.888;27;7;0.486805060231164;34.986;52.479;50;Demanda creciente
5557;MARCADOR TIZA LIQUIDA NEGRO PELIKAN;NO PERECIBLE;90.50428427;67;7;0.541633744642982;14.6673609866667;13.50063909;-7.95454545454546;Demanda variable
5558;MARCADOR TIZA LIQUIDA ROJO PELIKAN;NO PERECIBLE;32;35;7;0.498940935674421;4.66666666666667;5.33333333333333;14.2857142857143;Demanda variable
5560;YUCA LAVADA 1 KG;FRUVER;2205.165;153;7;0.103941437465076;294.055;326.333333333333;10.9769714282475;Demanda estable
5562;MANDARINA GRANEL KG;FRUVER;121.22;11;3;2.51450429535864;38.6666666666667;1.74;-95.5;Demanda intermitente
5578;PLATANO MADURO GRANEL KG;FRUVER;1286.965;138;7;0.277101231415841;145.983333333333;201.4;37.9609544468547;Demanda creciente
5586;TOMATE RIÑON SELECCIONADO MADURO POR KG;FRUVER;0;0;0;;0;0;;Demanda intermitente
5602;MANZANA ROJA GRANEL CAJA KG;FRUVER;14.78256;1;1;2.64575131106459;4.92752;0;-100;Demanda intermitente
5604;MANZANA VERDE IMPORTADA GRANEL (200 - 240 GR);FRUVER;2.94;2;2;1.83585684909537;0.326666666666667;0.653333333333333;100;Demanda intermitente
5605;NARANJA NAVEL GRANEL KG;FRUVER;21;3;2;1.73205080756888;0;3;;Demanda intermitente
5606;PERA VERDE IMPORTADA GRANEL (130 - 200 GR);FRUVER;8.1;1;1;2.64575131106459;0;0;;Demanda intermitente
5613;PAPA SUPERCHOLA SUPERMAXI 3 KG;FRUVER;441.5507;33;7;0.269007503515834;61.4017333333333;58.6928333333333;-4.41176470588235;Demanda estable
5615;BANANO PINTON GRANEL (170 - 210 GR);FRUVER;390.38545;52;7;0.52786512357637;35.9298333333333;74.0913333333333;106.211180124224;Demanda creciente
5654;RES LOMO DE FALDA SIN GRASA REFRIGERADO;PERECIBLE;251.74314;2;2;1.707869038118;41.702904;42.211476;1.21951219512195;Demanda intermitente
5655;RES LOMO FINO REFRIGERADO;PERECIBLE;27.444816;1;1;2.64575131106459;0;9.148272;;Demanda intermitente
5660;RES, CARNE MOLIDA 14 - 17% GRASA REFRIGERADO 2.5 KG;PERECIBLE;1304.76112;20;2;1.71322981683601;0;434.920373333333;;Demanda intermitente
5670;RES PULPA REDONDA BLANCA REFRIGERADO;PERECIBLE;1611.877398;8;1;2.64575131106459;537.292466;0;-100;Demanda intermitente
5697;CERDO CHULETA CONGELADO 25 X (131 - 160 G);PERECIBLE;63.083667;1;1;2.64575131106459;0;0;;Demanda intermitente
5735;CERDO LOMO DE FALDA REFRIGERADO;PERECIBLE;90.675651;1;1;2.64575131106459;30.225217;0;-100;Demanda intermitente
5738;CERDO, CARNE MOLIDA REFRIGERADO 2.5 KG;PERECIBLE;102.375;1;1;2.64575131106459;34.125;0;-100;Demanda intermitente
5739;CERDO PANCETA REFRIGERADO;PERECIBLE;153.414702;1;1;2.64575131106459;0;51.138234;;Demanda intermitente
5748;CERDO STEAK SUIZO REFRIGERADO;PERECIBLE;0;0;0;;0;0;;Demanda intermitente
6016;CHORIZO PARRILLERO T1 AGROPESA 2.5 KG;PERECIBLE;140.9967;6;3;1.3255948272721;31.3326;15.6663;-50;Demanda intermitente
6059;NECTAR DE MANZANA NATURA TPK 1 LT;NO PERECIBLE;4.91000012;2;1;2.64575131106459;0;1.63666670666667;;Demanda intermitente
6069;SALCHICHA RANCHERA T1 FRITZ 300 GR;PERECIBLE;9.2826;2;1;2.64575131106459;0;0;;Demanda intermitente
6090;JAMON FAMILIAR T3 LA CASTILLA 500 GR;PERECIBLE;12878.4985;471;7;0.244333132009064;1846.54586666667;1692.0232;-8.36820083682008;Demanda estable
6093;CHORIZO PARRILLERO T1 DON DIEGO 1 KG;PERECIBLE;64.581;3;2;1.71767669342647;11.742;0;-100;Demanda intermitente
6117;PEPPERONI T1 JURIS 200 GR;PERECIBLE;10.28146252;2;1;2.64575131106459;3.42715417333333;0;-100;Demanda intermitente
6122;MORCILLA T1 JURIS 300 GR;PERECIBLE;2.1939;1;1;2.64575131106459;0;0.7313;;Demanda intermitente
6128;JAMON DE PIERNA T1 JURIS 200 GR;PERECIBLE;46.144;10;3;1.37689263682153;7.69066666666667;7.69066666666667;0;Demanda intermitente
6130;JAMON DE ESPALDA T1 JURIS 200 GR;PERECIBLE;37.904;7;2;1.72640341461664;12.6346666666667;0;-100;Demanda intermitente
6133;JAMON DE PECHUGA DE PAVO T1 JURIS 200 GR;PERECIBLE;3.1209;1;1;2.64575131106459;1.0403;0;-100;Demanda intermitente
6175;CORVINA FILETES SUPERMAXI 910 GR;PERECIBLE;35.1798;2;1;2.64575131106459;0;11.7266;;Demanda intermitente
6264;RES HIGADO ENTERO CONGELADO;PERECIBLE;795.188966;7;2;2.17642609675369;265.062988666667;0;-100;Demanda intermitente
6286;DV LIMPIADOR DESINFECTANTE SUMA BREAK UP CHLOR D3.4 BID 20LT;NO PERECIBLE;444;5;5;0.683130051063973;59.2;59.2;0;Demanda variable
6293;ATUN EN ACEITE GIRASOL DON SANCHO POUCH 1 KG;NO PERECIBLE;49034.88378705;1458;7;0.146897433370657;7094.98318485;7023.31668803333;-1.01010101010102;Demanda estable
6300;VASO 7ONZ CARTON IMPRESO HANASKA INSTITUCIONES X50 UND;NO PERECIBLE;8460.4;446;7;0.128547558828526;1073.8;1306.93333333333;21.7110573042776;Demanda estable
6301;VASO CARTON SIN TAPA IMPRESO HANASKA INSTITUCIONES 12 ONZ X 50 UND;NO PERECIBLE;1560.9;83;7;0.430945778990852;254.1;166.1;-34.6320346320346;Demanda decreciente
6303;LECHE SEMIDESCREMADA VITA FUNDA 900 ML;PERECIBLE;3327.75;308;7;0.163542782920118;515.1;425.283333333333;-17.4367436743674;Demanda estable
6421;QUESO FETA FLORALP 250 GR;PERECIBLE;30.5395;3;2;1.75499287747842;6.1079;4.07193333333333;-33.3333333333333;Demanda intermitente
6449;CHOCHOS SUPERMAXI 500 GR;FRUVER;275.834;60;7;0.308708258643392;42.0823666666667;35.3633333333333;-15.9663865546219;Demanda estable
6482;GALLETAS SANDUCHE GALAK NESTLE 87.5 GR;NO PERECIBLE;1883.259;78;7;0.576821049000837;145.5405;392.1995;169.477911646586;Demanda creciente
6554;GALLETAS QUAKER AVENA Y PASAS 168 GR (6 X28 GR);NO PERECIBLE;151.2495;21;6;0.654917519850432;14.0505;32.2335;129.411764705882;Demanda creciente
6564;MARCADOR TIZA LIQUIDA VERDE PELIKAN;NO PERECIBLE;29;34;7;0.551813929474949;3.83333333333333;4.5;17.3913043478261;Demanda variable
6598;MINI ROSQUITAS TRENZADAS NATURALES SUPAN 40 GR;NO PERECIBLE;896.61;49;7;0.488570911221593;132.73;128.18;-3.42801175318315;Demanda variable
6599;MINI ROSQUITAS INTEGRALES SUPAN 40 GR;NO PERECIBLE;107.25;45;7;0.31372638146041;11.44;19.63;71.5909090909091;Demanda creciente
6611;PAPEL TOALLA DE MANOS HOJA SENCILLA INTERFOLIADA SCOTT ESSENTIAL X 150 (30228392);NO PERECIBLE;5137.2;607;7;0.110327421366715;688;772.4;12.2674418604651;Demanda estable
6612;PAÑOS DE LIMPIEZA WYPALL AZUL REUTILIZABLES X80PLUS X 30 (30243107);NO PERECIBLE;8212.8;1206;7;0.120249837175857;1117.06666666667;1213.43333333333;8.62676056338028;Demanda estable
6613;PAÑOS DE LIMPIEZA ROJO REUTILIZABLES X80PLUS WYPALL X 30 (30243076);NO PERECIBLE;9717.3;1376;7;0.221779125445764;1437.63333333333;1280.3;-10.9439124487004;Demanda estable
6614;CHOCOLATE COBER N AMYEL 1 KG;NO PERECIBLE;565.25;75;7;0.360619145431449;57.5166666666667;93.2166666666667;62.0689655172414;Demanda creciente
6615;CHAMPIÑON ENTERO BOTONCITO GUIPI LATA 180 GR;NO PERECIBLE;246.302;20;6;0.544150674183561;48.923;25.305;-48.2758620689655;Demanda decreciente
6617;PASTEL MEXICANO REBANADO T1 C11 CASA GUILLO 1 KG;PERECIBLE;184.14;21;7;0.419161493358514;33.48;26.04;-22.2222222222222;Demanda estable
6618;MORTADELA REBANADA T1 C11 CASA GUILLO 1KG;PERECIBLE;1887.84;116;7;0.141790674362163;247.633333333333;288.42;16.4705882352941;Demanda estable
6620;VINO ESPUMANTE FRUTAS MONT SANT 750 ML;NO PERECIBLE;182.15610756;4;3;1.50308325094096;34.69640144;26.02230108;-25;Demanda intermitente
6649;CEREAL QUINOA MUNCH CHOCOLATE 30 GR;NO PERECIBLE;977.2;132;7;0.449059087585228;101.866666666667;161.066666666667;58.1151832460733;Demanda creciente
6650;CEREAL QUINOA MUNCH CANELA 30 GR;NO PERECIBLE;332.4;54;7;0.582806530824609;32;69.7333333333333;117.916666666667;Demanda creciente
6651;CEREAL QUINOA MUNCH VAINILLA 30 GR;NO PERECIBLE;786.4;67;7;0.539508966473352;49.7333333333333;157.6;216.890080428954;Demanda creciente
6654;CEREZAS ROJAS HELIOS 410 GR;NO PERECIBLE;9632;692;7;0.501004601916148;990.666666666667;1573.33333333333;58.8156123822342;Demanda creciente
6655;VASO PLASTICO CRISTALINO CON TAPA TIPO DOMO 12 ONZ X 100 UND;NO PERECIBLE;902.5;84;7;0.405502321773857;164.666666666667;88.6666666666667;-46.1538461538462;Demanda decreciente
6662;PAVO PECHUGA ENTERA CONGELADA POFASA (2-4) KG;PERECIBLE;1229.18411808;31;7;0.656314297261703;273.15202624;125.194678693333;-54.1666666666667;Demanda decreciente
6664;ACEITE SABROFRITO 20 LT;NO PERECIBLE;178818.2536077;1889;7;0.157726959896124;29808.5911494;22095.6459339;-25.8749069247952;Demanda decreciente
6677;ENERGIZANTE ORIGINAL V220 330 ML;NO PERECIBLE;3928.456;61;7;0.271322812743624;439.292;666.110666666667;51.6327788046827;Demanda creciente
6680;CARAMELO SURTIDO EXTRA FUERTE JAAZZ 300 GR X100;NO PERECIBLE;598.76090555;76;7;0.165424918211707;84.41547193;90.9593069633333;7.75193798449614;Demanda estable
6745;TARRINA REDONDA SUPERMAXI (X 12);NO PERECIBLE;5.72727274;1;1;2.64575131106459;0;1.90909091333333;;Demanda intermitente
6754;JAMON DE PAVO T1 SW JURIS 1 KG;PERECIBLE;4539.6;130;7;0.293048992544861;609.16;690.64;13.375796178344;Demanda estable
6756;SALCHICHA RANCHERA T1 JURIS 1 KG X50;PERECIBLE;531.32;60;7;0.255330319293124;83.7666666666667;71.8;-14.2857142857143;Demanda estable
6757;MANI CLASICO MANICRIS 168 GR (6 X28 GR);NO PERECIBLE;2210;219;7;0.200440763304076;301.666666666667;337.5;11.878453038674;Demanda estable
6771;ACEITE DANOLIN MAY 20 LT;NO PERECIBLE;932.88;26;7;0.256089543018438;155.48;119.6;-23.0769230769231;Demanda estable
6902;ARROZ ENVEJECIDO GOOD RICES MACAREÑO 45.36 KG;NO PERECIBLE;237762;2024;5;0.89994870526225;1382.66666666667;59318.6666666667;4190.16393442623;Demanda creciente
6904;YOGURT SEMI MORA DULACS VASO 150 GR;PERECIBLE;297.85;29;7;0.689702820855771;47.6066666666667;38.2333333333333;-19.6891191709845;Demanda variable
6908;SERVILLETA SUAVE GOLD 1HOJA 33X34 X200;NO PERECIBLE;568;42;6;0.615859832537675;118.333333333333;37.8666666666667;-68;Demanda decreciente
6909;FIBRA VERDE LUSTRE;NO PERECIBLE;2653.38;5174;7;0.0826491671221384;356.07;392.64;10.2704524391271;Demanda estable
6910;ESPONJA DE ACERO LUSTRE X3;NO PERECIBLE;226.6;915;7;0.0637747818361855;32.0833333333333;32.34;0.800000000000001;Demanda estable
6911;ESPONJA SALVAUÑAS LUSTRE;NO PERECIBLE;2589.72;2675;7;0.0910218639056766;362.95;374.01;3.04725168756028;Demanda estable
6967;KIT PLASTICO BLANCO / NEGRO CUCHARA + TENEDOR + CUCHILLO + SERVILLETA;NO PERECIBLE;2337.28;278;7;0.296099157480163;266.293333333333;352.613333333333;32.4153815341478;Demanda creciente
6979;ALCOHOL INDUSTRIAL OZZ AL 72° GL;NO PERECIBLE;925.16;69;7;0.364234446503535;103.813333333333;152.666666666667;47.0588235294118;Demanda creciente
6980;ARROZ CEBADA 500 GR;NO PERECIBLE;2379.6;924;6;0.714090484445619;526.2;85.8;-83.6944127708096;Demanda decreciente
6981;HARINA DE ARVEJA 500 GR;NO PERECIBLE;794.75;282;7;0.169846503279605;121.183333333333;112.75;-6.9591527987897;Demanda estable
6982;HARINA DE PLATANO 500 GR;NO PERECIBLE;1435.8;597;7;0.150644679637719;190;210.4;10.7368421052632;Demanda estable
6983;MACHICA 500 GR;NO PERECIBLE;1557.36;644;7;0.141715151232961;225.18;219.6;-2.47801758593125;Demanda estable
6993;QUESO MOZZARELLA KIOSKO CORTADO BLOQUE 2.7 KG;PERECIBLE;772.57;14;6;0.626549748441081;156.753333333333;44.7866666666667;-71.4285714285714;Demanda decreciente
6994;NECTAR DE DURAZNO NATURA TETRAPACK 225 ML;NO PERECIBLE;767.3796;60;7;0.442465375020265;79.6549;150.7661;89.2741061755146;Demanda creciente
6995;NECTAR DE NARANJA NATURA TETRAPACK 225 ML;NO PERECIBLE;1917.6723;128;7;0.331625471378758;233.7004;254.3261;8.82570162481535;Demanda estable
6997;CEREZAS ROJAS RUBINO 250 GR;NO PERECIBLE;1392.28017309;137;2;2.3337322892638;464.09339103;0;-100;Demanda intermitente
7000;MASCARILLA DESECHABLE ART X 50;NO PERECIBLE;3513.96;1723;7;0.100728844992603;461.39;528.47;14.5386766076421;Demanda estable
7005;JAMON DE POLLO T1 16X13 CASA GUILLO 1 KG;PERECIBLE;2696.4;151;7;0.280518019921913;305.2;459.2;50.4587155963303;Demanda creciente
7006;VASO PLASTICO CON TAPA 8 ONZ X 100 UND;NO PERECIBLE;1092.348388;73;7;0.558121850495033;156.569935613333;101.952516213333;-34.8837209302326;Demanda decreciente
7007;PAPEL HIGIENICO DOBLE HOJA 30 MT TORK;NO PERECIBLE;4084.42;340;4;1.47825534173209;0;703.913333333333;;Demanda variable
7018;NECTAR DE DURAZNO DEL VALLE TETRAPACK 250 ML;NO PERECIBLE;938.40562528;80;7;0.406967694063;121.60531612;110.3057071;-9.29203539823008;Demanda estable
7019;NECTAR DE NARANJA DEL VALLE TPK 250 ML;NO PERECIBLE;949.6633;47;7;0.528484132916516;149.195366666667;157.689833333333;5.69351907934586;Demanda variable
7020;FUNDA HAMBURGUESA ANTIGRASA CUADROS 40MICRAS (18X18CM) X100;NO PERECIBLE;396.06;84;7;0.777612878970001;23.534;94.71;302.439024390244;Demanda creciente
7031;MOSTAZA MARCELLOS DOYPACK 200 GR;NO PERECIBLE;635.95;191;7;0.367318420716001;73.255;109.48;49.4505494505494;Demanda creciente
7039;PAPA DE MESA LAVADA TIPO CHAUCHA 1 KG;FRUVER;11016.7295;2446;7;0.126176197457955;1631.06066666667;1451.163;-11.0294896041063;Demanda estable
7072;TAJAPAN BLANCO FAM MODERNA 550 GR X20;NO PERECIBLE;1372.4;194;7;0.355988455280142;183.473333333333;209.753333333333;14.3236074270557;Demanda estable
7076;SALSA CHINA DE SOYA ORIENTAL 3.79 LT;NO PERECIBLE;5165.625;232;7;0.187531357017432;791.666666666667;692.708333333333;-12.5;Demanda estable
7100;FRUTILLA EN CAJA PLASTICA 1 KG;FRUVER;871.2;123;7;0.319976780257447;84;161.4;92.1428571428572;Demanda creciente
7106;CONTENEDOR COMPARTIDO COMPOSTABLE 8X8 X200;NO PERECIBLE;831.6000011;22;6;0.564076074817766;138.600000183333;75.6000001;-45.4545454545455;Demanda decreciente
7109;LECHE DESLACTOSADA SEMI LA LECHERA TETRAPACK 946 ML;NO PERECIBLE;1033.5784;111;7;0.256185750520999;137.9808;149.905066666667;8.64197530864197;Demanda estable
7118;DORADO FILETE ENTERO KG;PERECIBLE;15321.71367155;807;6;0.799633655371519;3426.28690061167;1659.19466536083;-51.5745553863388;Demanda decreciente
7135;FUNDA HALAR BIODEGRADABLE BLANCA HANASKA 25 MICRAS 11X20 FL3 X100;NO PERECIBLE;870.16;197;7;0.281176688700082;104.3;135.093333333333;29.5238095238095;Demanda creciente
7147;INSECTICIDA SPRAY RAID 285CC;NO PERECIBLE;477;60;7;0.37158405100385;51;85;66.6666666666667;Demanda creciente
7218;POLLO ENTERO VACIO CONGELADO FAVORITO (2.0 - 2.5 KG);PERECIBLE;6569.0856;39;7;0.249379559275761;907.9224;942.2556;3.78151260504203;Demanda estable
7222;PAPAS FRITAS NATURALES ARTESANAS LAYS 34 GR;NO PERECIBLE;1050.985;71;7;0.471157772695465;133.722;145.958;9.15032679738561;Demanda variable
7228;SALSA BBQ GUSTADINA SQUEEZE 370 GR;NO PERECIBLE;206.8;40;7;0.416527062775572;20.5333333333333;36.6666666666667;78.5714285714286;Demanda creciente
7276;CREMA DE LECHE LA LECHERA TETRAPACK 236 ML;NO PERECIBLE;493.3162;72;7;0.16620877156816;66.966;70.6863333333333;5.55555555555556;Demanda estable
7287;POLLO, PECHUGA FILETE REFRIGERADO X 10;PERECIBLE;86.89584;1;1;2.64575131106459;0;0;;Demanda intermitente
7297;COLA FRUIT MANZANA LATA 330 ML;NO PERECIBLE;6.12;1;1;2.64575131106459;2.04;0;-100;Demanda intermitente
7299;COLA FRUIT NARANJA LATA 330 ML;NO PERECIBLE;22.032;1;1;2.64575131106459;7.344;0;-100;Demanda intermitente
7314;AGUA MINERAL CON GAS IMPERIAL LIMONADA LATA 330 ML;NO PERECIBLE;1546.10155656;69;7;0.433943467935819;210.58014032;238.28805352;13.1578947368421;Demanda estable
7315;AGUA MINERALCON GAS IMPERIAL TORONJA LATA 330 ML;NO PERECIBLE;2659.584;119;7;0.409382951576719;288.1216;473.7384;64.4230769230769;Demanda creciente
7316;AGUA MINERAL CON GAS IMPERIAL MANDARINA LATA 330 ML;NO PERECIBLE;2044.5552;84;7;0.690478795327315;155.1424;451.5752;191.071428571429;Demanda creciente
7321;UVA ROSADA IMPORTADA EN CAJA PLASTICA 1 KG;FRUVER;127.6;18;7;0.768741269296826;27.8666666666667;11.7333333333333;-57.8947368421053;Demanda decreciente
7326;BAG BOX COCA SIN AZUCAR 10 LT;NO PERECIBLE;1065.7786;23;7;0.148506532839994;139.0146;169.906733333333;22.2222222222222;Demanda estable
7329;TRES LECHES LA LECHERA TETRAPACK 1 LT;NO PERECIBLE;865.895;35;7;0.236982130810299;107.882;122.077;13.1578947368421;Demanda estable
7333;ETIQUETA ADHESIVA TERMICA PAPEL ZEBRA 6X4.95 X1000;NO PERECIBLE;14.7;2;2;1.83585684909537;1.63333333333333;0;-100;Demanda intermitente
7339;AGUA ACQUA PANNA S/G 500 ML;NO PERECIBLE;142.75712088;5;1;2.64575131106459;47.58570696;0;-100;Demanda intermitente
7347;BARRA DE CEREAL ARANDANOS Y NUECES TOSH 138 GR (6 X 23 GR);NO PERECIBLE;2181.86;80;7;0.127614153297674;312.42;296.333333333333;-5.14905149051491;Demanda estable
7350;PILA ALKALINA MAX AAA X 8;NO PERECIBLE;11.28950944;2;2;1.70782512765993;3.76316981333333;0;-100;Demanda intermitente
7380;DV SUPER ENZIDENT L DETERGENTE LIQUIDO 20 KG;NO PERECIBLE;3162.9;65;7;0.193789165412217;373.06;502.82;34.7826086956522;Demanda creciente
7382;PAÑOS DE LIMPIEZA WYPALL VERDE REUTILIZABLES X80PLUS X 30 (30243106);NO PERECIBLE;182.9;31;7;0.177663566041487;23.6;29.5;25;Demanda creciente
7387;POLLO VACIO POFASA S/A PROCESADO (1.3-1.7 KG);PERECIBLE;77973.0282606576;1445;7;0.0902779706711258;10822.9298044392;11533.8261992072;6.56842839797791;Demanda estable
7392;SALSA DE AJI MARCELLOS SACHET 5 GR X100 UND;NO PERECIBLE;600;182;7;0.0817261687996365;84.5;89;5.32544378698225;Demanda estable
7584;RES LOMO FINO CONGELADO PROCESADO;PERECIBLE;20538.365645708;285;7;0.295188551376237;2355.16479949467;3586.06577883733;52.2639001570834;Demanda creciente
7586;MANTEQUILLA INDUSTRIAL VITA 4 KG;PERECIBLE;7189.4368;190;7;0.138229863159281;954.641333333333;1079.73226666667;13.1034482758621;Demanda estable
7588;ARROZ ENVEJECIDO MACAREÑO CASA DEL ARROZ 45.36 KG;NO PERECIBLE;504.41053788;11;3;1.53281996236904;154.12544213;0;-100;Demanda intermitente
7613;TOMILLO NATURES HEART 110 GR;NO PERECIBLE;4.1707133;1;1;2.64575131106459;0;1.39023776666667;;Demanda intermitente
7617;RES LOMO DE FALDA SIN GRASA CONGELADO PROCESADO;PERECIBLE;125345.72694658;1131;7;0.232826804753597;20316.3812489514;14307.6000652517;-29.5760406839669;Demanda decreciente
7619;AGUA MINERAL CON GAS IMPERIAL MANDARINA PET 550 ML;NO PERECIBLE;7561.05;290;7;0.379329511320895;712.183333333333;1435.76666666667;101.600711427301;Demanda creciente
7620;AGUA MINERAL CON GAS IMPERIAL TORONJA PET 550 ML;NO PERECIBLE;14405.325;567;7;0.251519613540557;1680.075;2478.23333333333;47.5073037414004;Demanda creciente
7621;AGUA MINERAL CON GAS IMPERIAL LIMON MENTA PET 550 ML;NO PERECIBLE;2200.2;30;7;0.433039251579718;418.95;238.45;-43.0839002267574;Demanda decreciente
7627;SALSA CHINA CHEF DANIEL 102 ML;NO PERECIBLE;12731.9342;3079;7;0.177499207595127;1602.1123;2048.09296666667;27.8370415523722;Demanda creciente
7630;TOMATE RIÑON SELECCIONADO PINTON POR KG;FRUVER;10.8;2;2;1.92957275810128;1;0;-100;Demanda intermitente
7660;HELADO RON PASAS TOPSY 1 LT X6;PERECIBLE;133.56;9;6;0.55075705472861;13.356;22.26;66.6666666666667;Demanda creciente
7661;HELADO SUNDAE MORA TOPSY 1 LT X6;PERECIBLE;156.2706;7;5;0.865431218188735;17.3634;23.1512;33.3333333333334;Demanda creciente
7667;AGUA SIN GAS TRADICIONAL 20 LT;NO PERECIBLE;19405;1080;7;0.103314533820069;2839.66666666667;2641;-6.99612630590445;Demanda estable
7678;AGUA SIN GAS TRADICIONAL 400 ML;NO PERECIBLE;44764.264;147;7;0.0668743205785744;6117.552;6710.05866666667;9.68535562373098;Demanda estable
7679;NARANJA SELECCIONADA VERDE POR KG;FRUVER;22.5;4;1;2.64575131106459;7.5;0;-100;Demanda intermitente
7710;RES PICAÑA CONGELADO PROCESADO;PERECIBLE;1098.134001;26;4;1.95519010324197;358.714558666667;7.33010833333333;-97.9565623540402;Demanda decreciente
7725;CUERITOS CRONQUIS 25 GR;NO PERECIBLE;738.0573;64;7;0.212021467661552;108.9216;110.0562;1.04166666666667;Demanda estable
7729;NÉCTAR DE DURAZNO DEL VALLE 1 L;NO PERECIBLE;4.5516;3;1;2.64575131106459;0;1.5172;;Demanda intermitente
7752;TORTILLAS MEXICANAS DELMEXS 260 GR;PERECIBLE;15.8532;2;1;2.64575131106459;0;5.2844;;Demanda intermitente
7772;NECTAR DE NARANJA TRU TETRAPACK 200 ML;NO PERECIBLE;696;25;7;0.782367561753747;128;96.8;-24.375;Demanda variable
7773;NECTAR DE DURAZNO TRU TETRAPACK 200 ML;NO PERECIBLE;39.6;8;7;0.432371610622717;4.9;4.6;-6.12244897959183;Demanda estable
7779;SNACK QUINOA CHIA BBQ 40 GR;NO PERECIBLE;162.96;43;7;0.37898868901361;20.44;21.14;3.42465753424657;Demanda estable
7780;SNACK QUINOA CHAMPIÑONES 40 GR;NO PERECIBLE;115.5;35;7;0.195362205107777;18.06;16.1;-10.8527131782946;Demanda estable
7781;SNACK QUINOA/TOMATE/ALBAHACA ANDINOS 40 GR;NO PERECIBLE;196.56;87;7;0.274772810521359;27.72;30.24;9.0909090909091;Demanda estable
7788;CERDO CHULETA PROCESADO (185-195) X10;PERECIBLE;15605.5025612652;47;7;0.361569469444206;2366.4290593988;2388.6170935828;0.937616705469169;Demanda estable
7795;AZUCAR IMPALPABLE MOCA 500 GR;NO PERECIBLE;4328.8;858;7;0.14559264778466;601.3;634.433333333333;5.5102832751261;Demanda estable
7796;MAICENA MOCA 400 GR;NO PERECIBLE;12618.6;4388;7;0.0819327506795159;1752.4;1852.4;5.70645971239443;Demanda estable
7804;AGUA SIN GAS TRADICIONAL 600 ML;NO PERECIBLE;7870.307;197;7;0.108382682136854;1016.71;1215.65666666667;19.5676905574516;Demanda estable
7805;AGUA SIN GAS TRADICIONAL 1 LT;NO PERECIBLE;531.855;22;7;0.459051093638262;103.615;56.0033333333333;-45.9505541346974;Demanda decreciente
7806;AGUA SIN GAS TRADICIONAL 6 LT;NO PERECIBLE;1358.7999828;96;7;0.524598728927782;120.34333181;244.37333024;103.063457330416;Demanda creciente
7839;JABON LAVAR BLANCO FLORAL LAVATODO 230 GR;NO PERECIBLE;19.24620808;10;7;0.590788008437991;2.02591664;2.70122218666667;33.3333333333334;Demanda creciente
7841;TOALLA PAÑO 2 EN 1 REUTILIZABLE DURAMAX 120HOJAS (20,6 X 27,5 CM);NO PERECIBLE;38.81188892;7;5;0.816496580927726;3.69637037333333;5.54455556;50;Demanda creciente
7875;COCHINILLO PRONACA (4.28 - 5.45 KG);PERECIBLE;1371.73666674;16;3;1.25172057892866;457.24555558;0;-100;Demanda intermitente
7876;AZUCAR BLANCA TABABUELA 50 KG;NO PERECIBLE;108.00001671;1;1;2.64575131106459;0;0;;Demanda intermitente
7883;TOMATE DULCE MADURO 1KG;FRUVER;0.75;1;1;2.64575131106459;0;0.25;;Demanda intermitente
7889;CHORIZO ARGENTINO X6 T1 AL GUSTO 500 GR;PERECIBLE;82586.0238;2317;7;0.327223437980562;10551.0789;12265.6972;16.2506442824534;Demanda estable
7904;PICADITA MIX DE EMBUTIDOS T1 AL GUSTO 1 KG;PERECIBLE;5504.6;516;7;0.177651156565306;746.866666666667;776.333333333333;3.94537177541729;Demanda estable
7906;JAMON SERRANO EL POZO 500 GR;PERECIBLE;227.9;14;5;1.21963109176505;56.975;15.1933333333333;-73.3333333333334;Demanda decreciente
7924;LECHE CONDENSADA ITAMBE LATA 5 KG;NO PERECIBLE;105.75;4;4;1.05830052442584;28.2;7.05;-75;Demanda decreciente
7987;"BANDEJA TERMICA HOT DOG BLANCA 4X8 1/2"" X 25";NO PERECIBLE;78.27963276;7;5;0.90267093384844;11.18280468;11.18280468;0;Demanda variable
7994;DORADO FILETE 5 KG;PERECIBLE;33342.4087600218;327;5;1.16215446663337;3661.6526865064;7452.4835668342;103.527865826746;Demanda creciente
8018;FUNDA AZUL 30MICRAS 35X47 X50;NO PERECIBLE;13.86;2;1;2.64575131106459;0;0;;Demanda intermitente
8019;FIDEO FETTUCCINI SANTORINO 400 GR;NO PERECIBLE;4546.1;469;7;0.236984624289505;596.7;746.633333333333;25.1270878721859;Demanda creciente
8026;VASO TERMICO CON TAPA 12 ONZ X100 UND;NO PERECIBLE;208.1;5;3;1.33166562369588;55.4933333333333;0;-100;Demanda intermitente
8039;LECHE CHOCOLATADA SEMI TONI TETRAPACK 1 LT;NO PERECIBLE;355.8225;10;5;1.3499212350343;89.0975;7.3775;-91.71974522293;Demanda decreciente
8057;ARROZ MACAREÑO ENVEJECIDO PREMIUM CASA DEL ARROZ 10 KG;NO PERECIBLE;11.639;1;1;2.64575131106459;0;0;;Demanda intermitente
8069;AVENA HOJUELAS LA ORIGINAL 1 KG;NO PERECIBLE;2228.508;660;2;2.03386369158828;0;742.836;;Demanda intermitente
8093;SAL DE MESA LA ORIGINAL 1 KG;NO PERECIBLE;181.356;101;7;0.512301808528835;23.4315;29.5275;26.0162601626016;Demanda creciente
8108;GUANTE AMARILLO DOMESTICO ESTRELLA C20 T8;NO PERECIBLE;412.8972;246;7;0.196052603889937;61.3389333333333;60.3250666666667;-1.65289256198347;Demanda estable
8109;GUANTE AMARILLO DOMESTICO ESTRELLA C20 T9;NO PERECIBLE;1908.8472;1184;7;0.0750330019781423;257.6576;285.3;10.7283464566929;Demanda estable
8111;GUANTE NEGRO PRACTICO ESTRELLA C22 T8.5;NO PERECIBLE;116.57690226;92;7;0.237874677382688;19.1210792066667;15.1118206633333;-20.9677419354839;Demanda estable
8112;GUANTE NEGRO PRACTICO ESTRELLA C22 T9;NO PERECIBLE;200.0051944;133;7;0.237294205460023;33.3341990666667;25.45520656;-23.6363636363636;Demanda estable
8120;CACAO EN POLVO CHOCOLISTO 1000 G;NO PERECIBLE;7.568655;1;1;2.64575131106459;2.522885;0;-100;Demanda intermitente
8134;COLA FIORAVANTI MANZANA 300 ML;NO PERECIBLE;2.4228;1;1;2.64575131106459;0;0.8076;;Demanda intermitente
8169;SALCHICHA VIENESA LA EUROPEA 400 GR;PERECIBLE;10.31031199;3;1;2.64575131106459;3.43677066333333;0;-100;Demanda intermitente
8173;DETERGENTE EN POLVO FRUTAL XTRA POWER CICLON 5 KG;NO PERECIBLE;11.48724;1;1;2.64575131106459;0;3.82908;;Demanda intermitente
8179;LIMPION INDUSTRIAL GENERACION VERDE 200 MT;NO PERECIBLE;1788.08;234;7;0.097922455198233;237.93;276.383333333333;16.1616161616162;Demanda estable
8223;RES LOMO DE FALDA ASADO CON GRASA SUPERMAXI REFRIGERADO (2.09 - 2.68 KG);PERECIBLE;306.5460263019;7;3;1.53927646162121;9.7011132372;92.4808955301;853.301886792453;Demanda intermitente
8228;BOTELLA PET TRANSPARENTE CON TAPA 300 ML X100 UND;NO PERECIBLE;11399.6214628;186;7;0.261649738863846;1280.90447853333;1876.3751224;46.4882943143813;Demanda creciente
8233;ESTRAGON ENTERO MCCORMICK 7 GR;NO PERECIBLE;140.27;46;7;0.722925032692534;13.52;20.28;50;Demanda creciente
8235;YOGURT MIX CEREAL TONI 180 GR;PERECIBLE;1308.92;33;7;0.136921062992732;180.6;186.906666666667;3.4920634920635;Demanda estable
8236;FIDEO FETTUCCINI DON VITTORIO 400 GR;NO PERECIBLE;55.77524136;11;2;2.00362611383057;18.59174712;0;-100;Demanda intermitente
8264;PROTEINA DE TRIGO FORMA DE FRITADA 5 CEREALES CORDON GREEN X4 250 GR;PERECIBLE;43.68;7;4;1.21716123890037;3.46666666666667;11.0933333333333;220;Demanda creciente
8267;PROTEINA DE SOYA FORMA DE JAMON CORDON GREEN X15 250 GR;PERECIBLE;79.2;4;3;2.05755720860118;1.98;24.42;1133.33333333333;Demanda intermitente
8268;PROTEINA DE SOYA FORMA DE HAMBURGUESA CRISPY CON QUINUA CORDON GREEN X2 180 GR;PERECIBLE;59.66;6;4;1.52593764220691;3.66333333333333;16.2233333333333;342.857142857143;Demanda creciente
8269;PROTEINA DE TRIGO FORMA DE MILANESA CON 5 CEREALES CORDON GREEN X4 250GR;PERECIBLE;61.69;9;5;1.11278634262325;11.94;8.62333333333333;-27.7777777777778;Demanda decreciente
8274;CERDO GRASA CONGELADO 5 KG;PERECIBLE;62.23;1;1;2.64575131106459;0;20.7433333333333;;Demanda intermitente
8281;RES, CARNE MOLIDA TACO 14 -15% GRASA TIPO 1 REFRIGERADO SUPERMAXI;PERECIBLE;7.6824;1;1;2.64575131106459;0;2.5608;;Demanda intermitente
8296;LASAÑA PRECOCIDA SANTORINO 500 GR X36 UND;NO PERECIBLE;18562.05;1786;7;0.0746132351627477;2626.65;2650.7;0.915614946795329;Demanda estable
8297;PREMEZCLA TEGRAL BISCUIT PURATOS 5 KG;NO PERECIBLE;145.9;8;4;1.05830052442584;38.9066666666667;0;-100;Demanda decreciente
8299;ATUN EN ACEITE GIRASOL DON SANCHO ABRE FACIL 160 GR;NO PERECIBLE;5909.7236;1706;7;0.109222265459294;800.604266666667;876.913466666667;9.53145057766367;Demanda estable
8300;ATUN EN ACEITE GIRASOL DON SANCHO ABRE FACIL PB 160 GR;NO PERECIBLE;959.646;270;7;0.185809713397197;131.292933333333;137.459333333333;4.69667318982387;Demanda estable
8311;CHOCLITO BABY CORN SNOB DOYPACK 190 GR;NO PERECIBLE;1517.31031023;703;7;0.116369896338939;223.12557267;207.61115232;-6.95322376738307;Demanda estable
8322;FIDEO SPAGHETTI N5 INTEGRAL AVENA LINAZA SILUET 400 GR;NO PERECIBLE;476.52;84;7;0.420744413795406;66.12;66.12;-2.22044604925031e-14;Demanda estable
8359;AROMATICA TORONJIL ILE 37.5GR X25;NO PERECIBLE;18.9222;9;3;1.45146454014377;0;6.3074;;Demanda intermitente
8424;FLOR DE JAMAICA DESHIDRATADA 30 GR;NO PERECIBLE;19972.524;3002;7;0.0844310056968511;2717.27733333333;3007.21546666667;10.6701708278581;Demanda estable
8428;LECHE POLVO EL ORDEÑO 400 GR;NO PERECIBLE;227.115;13;5;0.946791854007424;33.3102;40.376;21.2121212121212;Demanda variable
8546;DISPENSADOR PAPEL TOALLA ESSENTIAL KIMBERLY (30217684) COMOD;NO PERECIBLE;4e-04;1;1;2.64575131106459;0.000133333333333333;0;-100;Demanda intermitente
8547;DISPENSADOR PAPEL TOALLA INTERFOLIADA KIMBERLY (30217686) COMOD;NO PERECIBLE;1e-04;1;1;2.64575131106459;0;3.33333333333333e-05;;Demanda intermitente
8561;YOGURT DURAZNO REGENERIS 1.75 LT;PERECIBLE;5349.0372;450;7;0.0806906227168472;739.038;751.0224;1.62162162162163;Demanda estable
8562;YOGURT FRESA REGENERIS 1.75 LT;PERECIBLE;3119.8607;314;7;0.10552575340268;434.090733333333;446.074833333333;2.76073619631902;Demanda estable
8563;YOGURT MORA REGENERIS 1.75 LT;PERECIBLE;4054.519;346;7;0.120837348054726;556.580933333333;592.532333333333;6.45933014354065;Demanda estable
8583;FIDEO TALLARIN SEMOLA DE TRIGO SUMESA 400GR;NO PERECIBLE;7.818;3;1;2.64575131106459;0;2.606;;Demanda intermitente
8647;SAL YODADA SUPERMAXI 1 KG;NO PERECIBLE;31308.6155;7773;7;0.0750828301671747;4200.33056666667;4698.24363333333;11.8541400197891;Demanda estable
8688;PAPEL ALUMINIO DIAMOND 60.9 M;NO PERECIBLE;80.8344;5;2;1.83585684909537;0;26.9448;;Demanda intermitente
8710;AGUA SIN GAS DASANI 3.8 LT;NO PERECIBLE;1145.0501;37;7;0.179471236079551;150.7433;161.391833333333;7.06401766004414;Demanda estable
8733;PAN GOURMET MORAS Y NUECES MODERNA 500 GR;NO PERECIBLE;2.4411;1;1;2.64575131106459;0;0.8137;;Demanda intermitente
8761;YOGURT VAINILLA FINESSE ALPINA 180 GR;PERECIBLE;421.2;67;6;0.554255546697879;82.8;34.2;-58.6956521739131;Demanda decreciente
8762;QUESO AMERICANO REBANADO KIOSKO 1.6 KG;PERECIBLE;651.984;20;5;1.76256224196443;29.8293333333333;34.0906666666667;14.2857142857143;Demanda variable
8774;FREJOL ROJO LA ORIGINAL 500 GR;NO PERECIBLE;14679.19164705;1158;4;1.02713513307909;4278.33961121;0;-100;Demanda decreciente
8775;NATURES HEART GO NUTS 35 GR;NO PERECIBLE;257.99177607;27;7;0.383698823446181;33.8385203366667;33.62298836;-0.636942675159236;Demanda estable
8776;NATURES HEART FRUTAS Y CHOCOLATE 35 GR;NO PERECIBLE;78;10;4;1.05830052442584;20.8;0;-100;Demanda decreciente
8777;NATURES HEART ANTIOXIDANTE 35 GR;NO PERECIBLE;733.72;99;7;0.0802427319775352;106.6;103.48;-2.92682926829269;Demanda estable
8795;PAPA HASH BROWN LUTOSA 2.5 KG X23 UND;PERECIBLE;216.875;13;7;0.507543101617981;23.1333333333333;31.8083333333333;37.5;Demanda creciente
8820;GALLETAS SALTICAS 252 GR (4 X63 GR);NO PERECIBLE;5661.9;241;7;0.311191432137828;766.26;941.22;22.8329809725159;Demanda estable
8848;LECHE FRESA SEMI TONI TETRAPACK 200 ML;NO PERECIBLE;73.4592;11;3;1.46664299223317;12.2432;0;-100;Demanda intermitente
8854;COBERTOR ZAPATO PLASTICO X100 UND;NO PERECIBLE;2.5;1;1;2.64575131106459;0.833333333333333;0;-100;Demanda intermitente
8865;DISPENSADOR PAPEL HIGIENICO KIMBERLY ROLLO JUMBO (30217689) COMOD;NO PERECIBLE;3e-04;3;3;1.24721912892465;6.66666666666667e-05;3.33333333333333e-05;-50;Demanda intermitente
8901;POLLO ESPALDILLA 5 KG;PERECIBLE;24.808;2;1;2.64575131106459;0;0;;Demanda intermitente
8908;PAPAS PREFRITAS RIZADAS ULTRACONGELADAS AVIKO 2.5 KG (CALIBRE 9.5MM);PERECIBLE;29733;308;5;0.750419202656333;6452.75;1391.25;-78.4394250513347;Demanda decreciente
8909;PAPAS PREFRITAS CON PIEL ULTRACONGELADAS AVIKO 2.5 KG;PERECIBLE;125.0500714;3;3;1.25266382827424;12.50500714;29.1783499933333;133.333333333333;Demanda intermitente
8914;RES, CARNE MOLIDA 14 - 17% GRASA CONGELADO 2.5 KG;PERECIBLE;354.9;1;1;2.64575131106459;0;118.3;;Demanda intermitente
8947;AGUA SIN GAS TRU TETRAPACK 1 LT;NO PERECIBLE;16.08;2;2;1.70782512765993;5.36;0;-100;Demanda intermitente
8948;GALLETAS INTEGRAL SALTICAS (3X66 GR);NO PERECIBLE;24.99;7;4;1.52979664589048;3.57;4.76;33.3333333333333;Demanda creciente
8966;FILETE APANADO DE CARNE DE PIERNA/MUSLO DE POLLO 70GR X 25;PERECIBLE;9100;135;7;0.226019496113221;1153.33333333333;1430;23.9884393063584;Demanda estable
8967;FILETE APANADO DE CARNE DE PIERNA/MUSLO DE POLLO 90GR X 25;PERECIBLE;5132.75;164;7;0.214040034047117;775.833333333333;637;-17.8947368421053;Demanda estable
8968;FILETE APANADO DE CARNE DE CERDO 70 GR X 25;PERECIBLE;4503;123;7;0.274529242991249;744.166666666667;589;-20.8510638297872;Demanda estable
8969;FILETE APANADO DE CARNE DE CERDO 90 GR X 25;PERECIBLE;8189.75;165;7;0.606914921223638;1198.5;1135.83333333333;-5.22875816993464;Demanda variable
8974;LECHE EVAPORADA SEMI LA LECHERA TETRAPACK 450 ML;NO PERECIBLE;2156.4798;420;7;0.162780193315066;315.1874;294.6317;-6.52173913043477;Demanda estable
8978;GALLETAS AVENA QUAKER FRUTOS ROJOS 192 GR (6 X32 GR);NO PERECIBLE;2653.56;179;7;0.14067213691471;377.52;375.96;-0.413223140495866;Demanda estable
8979;GALLETAS AVENA QUAKER MANZANA Y CANELA 168 GR (6 X28 GR);NO PERECIBLE;1282.32;84;7;0.427663158015781;152.1;222.3;46.1538461538462;Demanda creciente
9012;ATUN EN AGUA VAN CAMPS ABRE FACIL 184 GR;NO PERECIBLE;684.47994048;78;7;0.356606058108731;78.65999316;119.5999896;52.046783625731;Demanda creciente
9061;TOCINETA REBANADA LA EUROPEA 100 GR;PERECIBLE;4.3878;5;1;2.64575131106459;1.4626;0;-100;Demanda intermitente
9082;YOGURT DURAZNO TONI B 190 ML;PERECIBLE;400.76;41;7;0.163141886222914;53.8933333333333;64.2133333333333;19.1489361702128;Demanda estable
9091;PAN BLANCO HAMBURGUESA MODERNA 520 GR X 8;NO PERECIBLE;6528.56;445;7;0.214095243706022;811.066666666667;1034.37333333333;27.5324675324675;Demanda creciente
9095;YOGURT GRIEGO NATURAL ZEUS REY 900 ML;PERECIBLE;955.92;103;7;0.212459146399699;123.283333333333;155.526666666667;26.1538461538462;Demanda creciente
9137;ARROZ ENVEJECIDO 1 KG;NO PERECIBLE;247443.861973968;3275;4;1.13086890310027;77714.7391809533;0;-100;Demanda decreciente
9142;FUNDA ZIPPER DELBAK 16.5 X 14.90 X50;NO PERECIBLE;13170.47;3289;7;0.0737706574822984;1841.37333333333;1925.30333333333;4.55801104972375;Demanda estable
9146;COLA SPRITE 500 ML;NO PERECIBLE;3594.2481;270;7;0.195829732639719;511.3647;465.5835;-8.9527493782813;Demanda estable
9147;TAPA PS PARA VASO DE CARTON 7 ONZ X100 UND;NO PERECIBLE;45.5;1;1;2.64575131106459;15.1666666666667;0;-100;Demanda intermitente
9152;MERMELADA DE FRUTILLA SIN AZUCAR SNOB 285 GR;NO PERECIBLE;54.4;32;7;0.305654182315025;8.5;7.36666666666667;-13.3333333333333;Demanda estable
9167;SALSA DE AJI CON AJO SRIRACHA BADIA 500 ML;NO PERECIBLE;18.025;3;2;1.75499287747842;3.605;2.40333333333333;-33.3333333333333;Demanda intermitente
9189;MASA DE HOJALDRE LA CANASTA 500 GR;PERECIBLE;238.5915;7;1;2.64575131106459;79.5305;0;-100;Demanda intermitente
9194;ARROZ ENVEJECIDO MACAREÑO 1 KG;NO PERECIBLE;1098.213224;1238;4;1.23487926132947;0;363.822173866667;;Demanda variable
9200;ARROZ ENVEJECIDO MACAREÑO 2 KG;NO PERECIBLE;33858.63091788;1989;4;1.26578081417982;0;11192.3333243867;;Demanda variable
9273;AGUACATE SEMI MADURO KG;FRUVER;8.25;2;2;2.13781382114634;2.25;0.5;-77.7777777777778;Demanda intermitente
9278;CILANTRO ATADO KG;FRUVER;5.5;1;1;2.64575131106459;0;1.83333333333333;;Demanda intermitente
9291;CHOCLO SELECCIONADO UND;FRUVER;392;20;6;1.60118771021181;91.9333333333333;26.4833333333333;-71.1928934010152;Demanda decreciente
9294;LECHUGA CRESPA BOHEMIA 200 GR;FRUVER;4.5;2;1;2.64575131106459;0;1.5;;Demanda intermitente
9295;RES, CARNE MOLIDA TACO 14 - 15% CONGELADO TIPO 1 SUPERMAXI (1.24 - 1.54 KG);PERECIBLE;44.9899085376;5;1;2.64575131106459;14.9966361792;0;-100;Demanda intermitente
9319;FUNDAS DE BASURA PARA COCINA AZUL SUPERMAXI X10 UND;NO PERECIBLE;9.4874;2;2;1.7703452454164;3.16246666666667;0;-100;Demanda intermitente
9393;GALLETAS ORIGINAL CHIPS AHOY 222 GR (6 X37 GR);NO PERECIBLE;4488;333;7;0.164971614554794;703.8;605.88;-13.9130434782609;Demanda estable
9411;OREGANO EN HOJAS LA ORIGINAL 300 GR;NO PERECIBLE;7326.39;1498;7;0.127495487824137;957.9;1127.85;17.741935483871;Demanda estable
9430;QUESO BURRATA ROSSI 300 GR;PERECIBLE;141.7692;10;2;2.56329659000422;1.2772;45.9792;3500;Demanda intermitente
9435;CAMARON APANADO 2.1 KG (75 X28 GR);PERECIBLE;3172.26;41;4;1.19478650515454;0;1010.94;;Demanda variable
9459;MASA PARA EMPANADAS YUB 450 GR;PERECIBLE;37.08;8;3;1.85062551987559;0.412;11.948;2800;Demanda intermitente
9507;MARGARINA DE MESA BONELLA 490 GR;NO PERECIBLE;4.1176109;2;1;2.64575131106459;1.37253696666667;0;-100;Demanda intermitente
9517;LECHUGA CRIOLLA EMPACADA 1 KG;FRUVER;27.45;7;5;1.66520584551219;2.1;7.05;235.714285714286;Demanda creciente
9548;POLLO ALAS PRONACA (0.6 - 1.3 KG);PERECIBLE;6519.27638802;169;4;1.14559194796343;0;2057.00039622;;Demanda variable
9552;CINTA DOBLE FAZ ABRO 18MM X5MT X1MM;NO PERECIBLE;95.76;32;7;0.543385213004489;14.1866666666667;11.5266666666667;-18.75;Demanda variable
9618;LECHE DESCREMADA TRU TETRAPACK 1 LT;NO PERECIBLE;8025.85;482;7;0.160691312121934;1051.86666666667;1127;7.14285714285716;Demanda estable
9624;HUEVOS GRANJA INTEGRAL CUBETA (58-64) GR X30;NO PERECIBLE;203270.95;1525;7;0.231120126459659;35278.7666666667;25165.45;-28.6668657162051;Demanda decreciente
9641;AZUCAR MORENA MONTERREY 2 KG;NO PERECIBLE;9.064;1;1;2.64575131106459;0;3.02133333333333;;Demanda intermitente
9642;AZUCAR BLANCA 2 KG;NO PERECIBLE;293058.169209696;8825;7;0.0779183015563346;39434.6283596453;44120.2305881867;11.88194848905;Demanda estable
9646;AZUCAR MORENA SAN CARLOS 1 KG;NO PERECIBLE;2258.01752775;361;7;0.209788646358677;286.42240352;370.23350455;29.2613636363637;Demanda creciente
9648;BATA AZUL DE AISLAMIENTO DE PAPEL TELA DESECHABLE X 10;NO PERECIBLE;30;3;2;1.70782512765993;5;5;0;Demanda intermitente
9657;LECHE ENTERA TONI TPK 1 LT;NO PERECIBLE;20.7296;3;2;2.45824505491214;6.478;0.431866666666667;-93.3333333333333;Demanda intermitente
9668;AZUCAR 5 KG;NO PERECIBLE;1362.69;46;6;1.05315516542869;144.2;113.918;-21;Demanda variable
9682;PEPPERONI T1 C40 GRANDES FOODS 1 KG;PERECIBLE;648;54;7;0.437371380270629;84;78;-7.14285714285714;Demanda estable
9684;JAMON AMERICANO TIPO I GRANDES FOODS 500 GR;PERECIBLE;132;23;6;0.667584308761952;10.6666666666667;26.6666666666667;150;Demanda creciente
9685;MORCILLA DE SANGRE T1 GRANDES FOODS 1 KG;PERECIBLE;2450;145;7;0.327014946921703;365;291.666666666667;-20.0913242009132;Demanda estable
9741;PAPEL HIGIENICO INTERFOLIADO ELITE EXCELLENCE DOBLE HOJA 250HOJAS;NO PERECIBLE;391.3;9;6;0.577350269189626;55.9;55.9;0;Demanda variable
9755;GALLETA INTEGRAL TRADICIONAL CLUB SOCIAL 216 GR (9 X24 GR);NO PERECIBLE;3156.87618283;334;7;0.112655546736831;435.74819763;452.908464203333;3.9381153305204;Demanda estable
9758;FUNDA SANDUCHE ANTIGRASO KRAFT 35GR 11X25 + FUELLE 3CM IMPRESO HANASKA X100;NO PERECIBLE;2948.82;448;7;0.311093783004208;322.886666666667;477.586666666667;47.9115479115479;Demanda creciente
9759;FUNDA BOLSILLO ANTIGRASO KRAFT IMPRESO HANASKA 45GR 18X18 X100 UND;NO PERECIBLE;342.77;120;7;0.603751750466285;64.3166666666667;29.51;-54.1176470588235;Demanda decreciente
9761;FRUTAS DESHIDRATADAS Y NUECES NUTTY BERRY MIX NATURES HEART 35 GR;NO PERECIBLE;86.73;12;5;1.01500458912687;18.88;5.31;-71.875;Demanda decreciente
9762;FRUTAS DESH ARANDANO NUTS NATURES HEART 35 GR;NO PERECIBLE;109.19774544;14;5;0.816496580927726;18.19962424;7.79983896;-57.1428571428571;Demanda decreciente
9763;FRUTOS SECOS RED FRUITS VANILLA NUTS NATURES HEART 35 GR;NO PERECIBLE;5.9984;1;1;2.64575131106459;1.99946666666667;0;-100;Demanda intermitente
9768;JAMON AMERICANO 13X13 T2 GRANDES FOODS 1 KG;PERECIBLE;9490.5;629;7;0.109860560177455;1351.5;1366.5;1.10987791342951;Demanda estable
9773;SORBETON OXOBIODEGRADABLE PARA BUBBLES TEAS X150;NO PERECIBLE;225.15;20;5;1.17027757605051;53.9833333333333;21.0666666666667;-60.9756097560976;Demanda decreciente
9791;Z3 MERMELADA DE FRUTILLA CHIVERIA 1.35 KG;NO PERECIBLE;317.52;58;7;0.751541625470482;21.42;75.6;252.941176470588;Demanda creciente
9792;Z3 MERMELADA DE MORA CHIVERIA 1.35 KG;NO PERECIBLE;389.34;91;7;0.315645984602114;54.18;52.92;-2.32558139534882;Demanda estable
9793;Z3 YOGURT PARA GRANIZAR CHIVERIA 1 GL;PERECIBLE;18592.66;338;7;0.382086823777528;1752.69333333333;3598.22;105.296610169492;Demanda creciente
9805;AGUA MINERAL IMPERIAL LIMON MENTA LATA 330 ML;NO PERECIBLE;10.0875;4;1;2.64575131106459;3.3625;0;-100;Demanda intermitente
9806;AGUA MINERAL IMPERIAL LIMONADA PET 330 ML;NO PERECIBLE;633.36;72;7;0.333985467037181;98;68.32;-30.2857142857143;Demanda decreciente
9807;AGUA MINERAL CON GAS IMPERIAL MANDARINA PET 330 ML;NO PERECIBLE;671.16;57;7;0.322056193322041;110.226666666667;83.6266666666667;-24.1320914479255;Demanda estable
9810;COLA FRUIT MORA LATA 330 ML;NO PERECIBLE;13.5936;1;1;2.64575131106459;4.5312;0;-100;Demanda intermitente
9822;YOGURT GRIEGO NATURAL KIOSKO 120 GR;PERECIBLE;1173.93;182;7;0.269408920798639;125.713333333333;205.283333333333;63.2947976878613;Demanda creciente
9823;YOGURT GRIEGO MORA Y ARANDANOS KIOSKO 120 GR;PERECIBLE;2994.23;272;7;0.156689532372204;373.87;445.446666666667;19.1448007774538;Demanda estable
9824;YOGURT GRIEGO FRUTOS ROJOS KIOSKO 120 GR;PERECIBLE;2649.79;239;7;0.091506783746934;351.343333333333;389.13;10.7549120992761;Demanda estable
9850;TARRINA DE PAPEL 16 ONZ ECOPAC X25;NO PERECIBLE;731.595;66;6;0.512303611292523;132.125;69.46;-47.4285714285714;Demanda decreciente
9865;TORTILLA DE MAIZ SABOR A LA MEXICANA 275 GR;PERECIBLE;15.862;4;1;2.64575131106459;5.28733333333333;0;-100;Demanda intermitente
9871;BIMBOLETE GOTA CHOCOLATE 76 GR X2;NO PERECIBLE;300.85;14;7;0.750037737443041;46.5666666666667;51.5166666666667;10.6299212598425;Demanda variable
9872;BIMBOLETE GOTA VAINILLA 76 GR X2;NO PERECIBLE;845.35;38;7;0.55814727919937;86.7166666666667;145.933333333333;68.2875264270613;Demanda creciente
9905;CAFE PASAR T&M ZARUMA SWEET & COFFEE 400 GR;NO PERECIBLE;8072.625;50;7;0.188542651577085;1096.95;1169.05;6.57276995305163;Demanda estable
9908;ESCOBILLON CERDA SUAVE 42.5 CM CON TUBO METALICO;NO PERECIBLE;270;10;7;0.51234753829798;40.5;40.5;0;Demanda variable
9922;MARGARINA DE MESA GIRASOL 490 GR;NO PERECIBLE;30.7872;4;1;2.64575131106459;10.2624;0;-100;Demanda intermitente
9930;COCA COLA LATA 350 ML;NO PERECIBLE;29.6275;5;3;1.7625738755203;3.10383333333333;6.772;118.181818181818;Demanda intermitente
9940;RES PULPA DE BRAZO SUPERMAXI REFRIGERADO;PERECIBLE;33.20090726;2;1;2.64575131106459;0;11.0669690866667;;Demanda intermitente
9941;JAMON VIRGINIA ARTESANAL DON DIEGO 200 GR;PERECIBLE;491.36;22;7;0.486138730848715;104.586666666667;42.4266666666667;-59.433962264151;Demanda decreciente
9956;PAPEL TOALLA DE MANOS HOJA SENCILLA NATURAL SCOTT ESSENTIAL (1 ROLLO X 250 MTS) (30240064);NO PERECIBLE;545.46714239;24;7;0.462886239032757;85.07285707;70.05999994;-17.6470588235294;Demanda variable
9960;PAPEL HIGIENICO DOBLE HOJA SCOTT 25 MTS (30243341);NO PERECIBLE;5162.22;409;4;1.24801057805734;1709.928;0;-100;Demanda decreciente
9961;SERVILLETA DISPENSADA SCOTT ECONOMICA HOJA SENCILLA X 120HOJAS (30209601);NO PERECIBLE;1755.3929;249;7;0.130530850696183;232.610033333333;271.480233333333;16.7104571728849;Demanda estable
9962;SERVILLETA DISPENSADA AIRFLEX SCOTT MEGA HOJA SENCILLA X 200HOJAS (30209703);NO PERECIBLE;1747.2747;126;7;0.168023962594931;223.5549;284.3517;27.1954674220963;Demanda creciente
9976;QUESO MOZZARELLA REBANADO SUPERMAXI 300 GR;PERECIBLE;21.2695;4;1;2.64575131106459;7.08983333333333;0;-100;Demanda intermitente
9987;AVENA HOJUELAS ENTERAS LA ORIGINAL 1 KG;NO PERECIBLE;13062.357;3478;6;0.452235890768321;2156.202;1471.458;-31.7569504155919;Demanda decreciente
9992;POLLO MOLLEJA PRONACA (0.75 - 1.1 KG);PERECIBLE;4219.3356;321;7;0.222001375681131;696.26;502.467633333333;-27.8333333333333;Demanda decreciente
9993;POLLO PATAS PRONACA (0.6 - 1.5 KG);PERECIBLE;2939.72994606;872;7;0.142504927950721;378.22999306;442.53999188;17.0028818443804;Demanda estable
9994;POLLO PECHUGA PRONACA (0.8 - 1.7 KG) X2 UND;PERECIBLE;7974.7197;230;7;0.122474455850982;1149.5605;1096.3577;-4.62809917355372;Demanda estable
10021;DISPENSADOR LIMPION METALICO WYPALL (30180284) COMOD;NO PERECIBLE;0.0026;14;6;0.875369744364696;0.000433333333333333;0.000166666666666667;-61.5384615384615;Demanda decreciente
10028;PAÑOS DE LIMPIEZA WYPALL AZUL PREDOBLADO REUTILIZABLES 29 X 34 CM CORES X 50 (30228872);NO PERECIBLE;144.76306884;27;1;2.64575131106459;0;48.25435628;;Demanda intermitente
10030;HARINA DE MAIZ BLANCO AREPASAN 1 KG;NO PERECIBLE;63;35;4;1.39369538683161;20.6666666666667;0;-100;Demanda decreciente
10031;HARINA DE MAIZ AMARILLO AREPASAN 1 KG;NO PERECIBLE;4405.2;873;5;0.702202934014995;923.6;544.8;-41.0134257254223;Demanda decreciente
10078;TORTILLA TRIGO INTEGRALES MAMA FANY 400 GR X12 UND;PERECIBLE;447.3926;40;7;0.670096148664193;88.3121333333333;40.8235333333333;-53.7735849056604;Demanda decreciente
10109;VINAGRE BALSAMICO MAZZA PET 5 LT;NO PERECIBLE;276.4230573;26;7;0.458859747901879;46.07050955;31.89496815;-30.7692307692308;Demanda decreciente
10110;VINAGRE BALSAMICO MAZZA VIDRIO 500 ML;NO PERECIBLE;1396.3482;502;7;0.102616848313315;199.573033333333;200.8991;0.664451827242529;Demanda estable
10113;SALSA DE TOMATE POMODORO CLASICA MAZZA LATA 2.5 KG;NO PERECIBLE;44.75102967;5;1;2.64575131106459;0;14.91700989;;Demanda intermitente
10115;PASTA DE TOMATE DOBLE CONCENTRADA 28/30 MAZZA LATA 400 GR;NO PERECIBLE;4864.01465476;2916;7;0.0441406757159437;690.98059148;701.84079724;1.57170923379175;Demanda estable
10116;TOMATES DESHIDRATADOS EN ACEITE MAZZA 1.6 KG;NO PERECIBLE;165.42655729;17;4;1.09939965150128;0;37.7288639433333;;Demanda variable
10117;TOMATES DESHIDRATADOS EN ACEITE MAZZA 280 GR;NO PERECIBLE;113.34503269;26;3;1.28591902747793;37.7816775633333;0;-100;Demanda intermitente
10121;ALCACHOFA CORAZONES EN AGUA 5/7 MAZZA LATA 400 GR;NO PERECIBLE;16.12140677;7;2;1.73205080756888;5.37380225666667;0;-100;Demanda intermitente
10125;ACEITE OLIVA CLASICO MEZCLA MAZZA VIDRIO 1 LT;NO PERECIBLE;3267.1296;491;7;0.629650275150875;661.3824;243.6672;-63.1578947368421;Demanda decreciente
10126;ACEITE OLIVA CLASICO MEZCLA MAZZA LATA 5 LT;NO PERECIBLE;515.51383608;15;7;1.00051427105482;47.7327626;114.55863024;140;Demanda creciente
10147;ESPADA FILETE ENTERO 5 KG;PERECIBLE;31966.6251;194;4;1.73575776155789;7344.7855;3310.7562;-54.9237183305081;Demanda decreciente
10148;GALLETA ORIGINAL CLUB SOCIAL 216 GR (9 X24 GR);NO PERECIBLE;2808;200;7;0.249800043410346;349.333333333333;437.333333333333;25.1908396946565;Demanda creciente
10233;AZUCAR MORENA SACHET GENERICO (200 X5 GR);NO PERECIBLE;408.48;57;7;0.408392965309984;44.4;72.52;63.3333333333334;Demanda creciente
10237;ACEITUNAS VERDES C/H MADAMA OLIVA 480 GR;NO PERECIBLE;2.9561;1;1;2.64575131106459;0;0.985366666666667;;Demanda intermitente
10285;ARANDANO CONGELADOS IQF 1 KG;PERECIBLE;450.64;47;7;0.52690373544082;61.1333333333333;48.9066666666667;-20;Demanda variable
10287;FRAMBUESA CONGELADOS IQF 1 KG;PERECIBLE;500.4;22;6;0.766997043684378;74.1333333333333;41.7;-43.75;Demanda decreciente
10288;FRUTILLA CONGELADOS IQF 1 KG;PERECIBLE;715.5;43;7;0.762145828041861;108;95.4;-11.6666666666667;Demanda variable
10293;POLLO HIGADO PRONACA (1.1 - 1.4 KG);PERECIBLE;196.392;107;7;0.357664358207941;27.048;27.048;0;Demanda estable
10294;POLLO PECHUGA FILETE PRONACA (2.4 - 2.7 KG);PERECIBLE;62.046;1;1;2.64575131106459;20.682;0;-100;Demanda intermitente
10297;GELATINERO SIN TAPA 100 ML X 50 UND;NO PERECIBLE;8341.72814199;1334;7;0.0651705171679099;1148.37917741;1213.14217562;5.63951345374125;Demanda estable
10298;JAMON DE POLLO PARA SANDUCHE T2 JURIS 200 GR;PERECIBLE;302.5;36;7;0.561598474510402;34.1666666666667;49.1666666666667;43.9024390243902;Demanda creciente
10302;CHOCLITO TROCITOS BABY CORN SNOB LATA 810 GR;NO PERECIBLE;14.6475;5;1;2.64575131106459;0;4.8825;;Demanda intermitente
10325;MAIZ DULCE CONGELADOS IQF 1 KG;PERECIBLE;11198.38;1522;7;0.10948834439942;1528.00666666667;1660.44;8.66706515242079;Demanda estable
10327;BROCOLI CONGELADOS IQF 1 KG;PERECIBLE;12.48;5;3;1.36145154003291;0.8;1.92;140;Demanda intermitente
10328;ENSALADA RUSA CONGELADOS IQF 1 KG;PERECIBLE;8.88;3;1;2.64575131106459;0;2.96;;Demanda intermitente
10329;MIX VEGETALES CONGELADOS IQF 1 KG;PERECIBLE;14.58;3;1;2.64575131106459;0;4.86;;Demanda intermitente
10332;SALAMI DE AJO C90 REBANADO CASA GUILLO 300 GR;PERECIBLE;354.2;43;7;0.477453068381477;39.1;62.1;58.8235294117647;Demanda creciente
10345;LAVAVAJILLA CREMA SANSON LIMON 450 GR;NO PERECIBLE;1544.9565;559;7;0.0591360813221629;221.4868;212.8798;-3.88601036269431;Demanda estable
10418;CHAMPIÑON ENTERO FRESCO 220 GR;FRUVER;1.56;1;1;2.64575131106459;0.52;0;-100;Demanda intermitente
10419;POWERADE MORA AZUL PET 600 ML;NO PERECIBLE;6807.6495;262;7;0.243173576919707;867.531;1136.652;31.0214851111949;Demanda creciente
10420;POWERADE FRUTAS TROPICALES PET 600 ML;NO PERECIBLE;4244.2965;250;7;0.312630431155646;502.4355;746.541;48.5844451675887;Demanda creciente
10421;POWERADE MANZANA PET 600 ML;NO PERECIBLE;9594.6705;221;7;0.346127161232916;1428.8265;1205.976;-15.5967502002517;Demanda estable
10424;JABON TOCADOR ALOE ANTIBACTERIAL LA ORIGINAL 110 GR;NO PERECIBLE;1264.3751;95;7;0.460372564564872;238.093766666667;111.822633333333;-53.0342037513792;Demanda decreciente
10453;POLLO NUGGETS PP 2.2 KG (100 X22 GR);PERECIBLE;17328.7;282;7;0.326955700351452;2225.06666666667;2801.2;25.8928571428571;Demanda creciente
10454;CERDO NUGGETS 2.2 KG (100 X22 GR);PERECIBLE;1121;26;1;2.64575131106459;0;373.666666666667;;Demanda intermitente
10455;MEZCLA POLVO TEGRAL PONQUE CHOCOLATE PURATOS 25 KG;NO PERECIBLE;256.16;4;4;0.935414346693485;42.6933333333333;21.3466666666667;-50;Demanda decreciente
10469;MANDARINA ESPECIAL (125 - 140 GR) UND;FRUVER;3828.4;378;7;0.172675988518143;511.933333333333;575.666666666667;12.4495377002214;Demanda estable
10471;YGT SEMIDESCREMADO DURAZNO MIRAFLORES 3.5 KG;PERECIBLE;1213.3381524;128;7;0.0989342269869782;171.23723925;176.1297318;2.85714285714285;Demanda estable
10472;YGT SEMIDESCREMADO FRESA MIRAFLORES 3.5 KG;PERECIBLE;259.3025;35;7;0.364562937011055;27.7241666666667;45.6633333333333;64.7058823529412;Demanda creciente
10473;YGT SEMIDESCREMADO MORA MIRAFLORES 3.5 KG;PERECIBLE;1345.4374835;134;7;0.25737817733988;169.606664586667;218.531663986667;28.8461538461538;Demanda creciente
10474;PULPA DE COCO DELIFROST 940 GR;PERECIBLE;2793.78;229;7;0.265956800282144;363.54;421.64;15.9817351598174;Demanda estable
10475;PULPA DE BABACO DELIFROST 940 GR;PERECIBLE;6891.85;589;7;0.166764062660494;981.166666666667;1070.48666666667;9.10344827586209;Demanda estable
10476;PULPA DE DURAZNO DELIFROST 940 GR;PERECIBLE;1245;68;7;0.120760499013847;180;180.833333333333;0.462962962962976;Demanda estable
10477;PULPA DE FRUTILLA DELIFROST 940 GR;PERECIBLE;112954.12;4376;7;0.115090695479038;14923.2933333333;17819.7733333333;19.409120596258;Demanda estable
10478;PULPA DE GUANABANA DELIFROST 940 GR;PERECIBLE;49278;2331;7;0.150376430104198;6223.82;7923.18;27.3041315462208;Demanda creciente
10479;PULPA DE GUAYABA DELIFROST 940 GR;PERECIBLE;67633.92;4275;7;0.0895509106323798;9395.62666666667;9972.05333333333;6.13505290404612;Demanda estable
10480;PULPA DE LIMON DELIFROST 940 GR;PERECIBLE;62580.7550956;3729;7;0.0971228913928045;8152.7568958;9641.3751392;18.2590780324492;Demanda estable
10481;PULPA DE MANGO DELIFROST 940 GR;PERECIBLE;42414.08;3029;7;0.073313364923528;6066.32;5772.96;-4.8358807316462;Demanda estable
10482;PULPA DE MANZANA DELIFROST 940 GR;PERECIBLE;11753.34;1218;7;0.156799268304533;1832.27333333333;1564.84;-14.5957117024025;Demanda estable
10483;PULPA DE MARACUYA DELIFROST 940 GR;PERECIBLE;111216.42;4442;7;0.0977472540603573;14698.56;17088.54;16.2599601593626;Demanda estable
10484;PULPA DE MORA DELIFROST 940 GR;PERECIBLE;91132.47;3843;7;0.0661796445917525;12354.52;13363.38;8.16591822264239;Demanda estable
10485;PULPA MIX HAWAIANO DELIFROST 940 GR;PERECIBLE;5844.42;461;7;0.170945440184354;851.62;838.98;-1.48423005565863;Demanda estable
10487;PULPA DE NARANJILLA DELIFROST 940 GR;PERECIBLE;121784.52;5263;7;0.080362707185808;16758.6466666667;18124.7733333333;8.15177200068262;Demanda estable
10488;PULPA DE PAPAYA DELIFROST 940 GR;PERECIBLE;9563.26;940;7;0.107458447643943;1394.4;1367.84;-1.9047619047619;Demanda estable
10489;PULPA DE PERA DELIFROST 940 GR;PERECIBLE;1192.32;75;7;0.228090969378249;175.5;165.78;-5.53846153846154;Demanda estable
10492;PULPA DE PIÑA DELIFROST 940 GR;PERECIBLE;84196.92;3986;7;0.124811650977571;11571.34;11908.5766666667;2.9144132543566;Demanda estable
10493;PULPA DE SANDIA DELIFROST 940 GR;PERECIBLE;5867.2;613;7;0.124694495433892;758.48;872.986666666667;15.0968603874416;Demanda estable
10494;PULPA DE TAMARINDO DELIFROST 940 GR;PERECIBLE;40419.54;2287;7;0.145923340533052;5348.37;6432.12;20.2631829884619;Demanda estable
10495;PULPA DE TAXO DELIFROST 940 GR;PERECIBLE;14074.8;1171;7;0.080798664308483;2000.46666666667;1968.89333333333;-1.5782983970407;Demanda estable
10496;PULPA DE TOMATE DELIFROST 940 GR;PERECIBLE;101560;4132;7;0.0865185618721967;14019.7333333333;14966.9333333333;6.75619127325295;Demanda estable
10513;PULPA DE PAPAYA CONGELADO DELIFROST 940 GR EK;PERECIBLE;68.06;11;2;1.70853615013661;0;22.6866666666667;;Demanda intermitente
10527;JABON TOCADOR BEST ANTIBACTERIAL NATURAL FRESH PACK (3 X90 GR);NO PERECIBLE;2.894;1;1;2.64575131106459;0.964666666666667;0;-100;Demanda intermitente
10529;POLVO HORNEAR LA REPOSTERITA 100 GR;NO PERECIBLE;4399.91995464;2189;7;0.0915146444169609;672.5333264;600.75332714;-10.6730769230769;Demanda estable
10536;RES LOMO FINO EXTRA LIMPIO REFRIGERADO;PERECIBLE;89.5488;4;2;1.71029333910447;14.2464;15.6032;9.52380952380951;Demanda intermitente
10555;MANTEQUILLA PRESIDENT 8 GR;PERECIBLE;15.66;4;3;1.44989134038722;4.545;0;-100;Demanda intermitente
10578;MARGARINA REGIA TOPPER 450 GR;NO PERECIBLE;552.1858;242;7;0.195524800145295;75.0621333333333;84.6445333333333;12.7659574468085;Demanda estable
10579;LECHE CONDENSADA LA LECHERA ABRE FACIL 393 GR;NO PERECIBLE;577.6722;87;7;0.432646450210184;98.5308333333333;86.1441;-12.5714285714286;Demanda estable
10594;CEREAL MC DOUGAL 20 GR X 6;NO PERECIBLE;456.41674584;52;7;0.297728875591999;62.4520855933333;65.2694729133333;4.51127819548873;Demanda estable
10604;JABON EN BARRA AVENA JOLLY 100 GR;NO PERECIBLE;1854.405;159;7;0.492961999446735;201.096;339.129;68.640350877193;Demanda creciente
10621;CHIFLES NATURALES PLATANITOS NATUCHIPS 45 GR;NO PERECIBLE;936.00740496;68;7;0.421034299981677;162.80257296;85.05253152;-47.7572559366755;Demanda decreciente
10644;CEREAL MUSLI MANZANA KELLOGGS 275 GR;NO PERECIBLE;279.053;31;7;0.25116533569366;35.2488;44.061;25;Demanda creciente
10649;DORITOS MEGA QUESO 43 GR;NO PERECIBLE;1166.6;60;7;0.531274304715693;141.55;182.716666666667;29.082774049217;Demanda creciente
10652;POLLO, ALAS CONGELADO 2 KG;PERECIBLE;9220.4;292;7;0.6593887978032;2042.4;399.6;-80.4347826086957;Demanda decreciente
10662;SERVILLETA TORK (23.8X13.4)X100;NO PERECIBLE;2356.2;283;7;0.249116839101276;297.6;328.2;10.2822580645161;Demanda estable
10666;GALLINA DE CAMPO LA ORIGINAL (3.5 - 6.5 KG);PERECIBLE;14870.7;290;7;0.322323673034547;2366.52;1785.55;-24.5495495495496;Demanda estable
10667;BAKANELA SABORIZADA LIMON 500 GR;NO PERECIBLE;1452.14149455;183;7;0.237418960641439;201.5988192;202.64881305;0.520833333333326;Demanda estable
10668;BAKANELA SABORIZADA NARANJA 500 GR;NO PERECIBLE;642.30102576;91;7;0.414817117608628;118.59479724;69.26775768;-41.5929203539823;Demanda decreciente
10669;BAKANELA SABORIZADA FRUTOS ROJOS 500 GR;NO PERECIBLE;1656.89830628;250;7;0.219672946457197;249.899744546667;224.699770306667;-10.0840336134454;Demanda estable
10686;JABON EN BARRA MANZANILLA JOLLY 100 GR;NO PERECIBLE;1082.655;131;7;0.188322073209974;151.41;165.816;9.51456310679612;Demanda estable
10688;CEREAL CORN FLAKES KELLOGGS 410 GR;NO PERECIBLE;2220.89232324;193;7;0.307531537399993;354.367185943333;302.718527263333;-14.5748987854251;Demanda estable
10690;LANGOSTA UND (350GR - 450GR);PERECIBLE;1838.19;27;7;0.446132920871534;325.063333333333;267.53;-17.6991150442478;Demanda estable
10697;PASTA DE TOMATE DOBLE CONCENTRADA 28/30 MAZZA LATA 800GR;NO PERECIBLE;12284.66150832;1950;7;0.0978402533361939;1625.80598786667;1899.15578582667;16.8131868131868;Demanda estable
10698;ALCAPARRAS EN VINAGRE MAZZA VIDRIO 290 GR;NO PERECIBLE;453.1149;153;7;0.307036510549154;48.9279;78.7101;60.8695652173913;Demanda creciente
10699;ALCAPARRAS EN VINAGRE MAZZA VIDRIO 700 GR;NO PERECIBLE;47.2416;10;7;0.284637521276655;7.8736;6.56133333333333;-16.6666666666667;Demanda estable
10700;SNACK DE TODITO NATURAL 55 GR;NO PERECIBLE;193.35991356;16;5;0.925451362928973;34.50530444;24.4141305;-29.2452830188679;Demanda decreciente
10702;PAPAS RUFFLES CREMA Y CEBOLLA 38 GR;NO PERECIBLE;977.2884;54;6;0.855047235400844;56.0106;221.2526;295.019157088123;Demanda creciente
10706;QUESO PARMESANO RALLADO EL CASERIO 100 GR;PERECIBLE;8049.6;2232;7;0.129576255211609;1069.46666666667;1221.56666666667;14.2220421393841;Demanda estable
10714;HELADO CHICLE COPA BUGGY 130ML;PERECIBLE;617.162;30;7;0.802876362616882;93.8176666666667;68.2721333333334;-27.2289156626506;Demanda decreciente
10715;COLIFLOR EMPACADA 1 KG;FRUVER;11;4;4;1.28484759148054;0.183333333333333;2.01666666666667;1000;Demanda creciente
10716;BROCOLI EMPACADO 1 KG;FRUVER;71.8905;17;5;1.49364098963376;2.2;11.3666666666667;416.666666666667;Demanda creciente
10719;LECHE CHOCOLATE SIX PACK NUTRI TETRAPACK 200 ML;NO PERECIBLE;1817.696;113;7;0.4417508023852;240.9504;238.8368;-0.877192982456132;Demanda estable
10723;MIX DE PAPAS NATIVAS P KIWA 28GR;NO PERECIBLE;0.88;1;1;2.64575131106459;0;0.293333333333333;;Demanda intermitente
10724;TORTILLA CHIPS SAL PEQUEÑA KIWA 40GR;NO PERECIBLE;3905.8;172;7;0.30869717497637;513.3;596.883333333333;16.2835249042145;Demanda estable
10725;TORTILLA SPICY BBQ PEQUEÑA KIWA 40GR;NO PERECIBLE;3203.7;132;7;0.462705120800223;519.2;392.35;-24.4318181818182;Demanda variable
10726;TORTILLA CHILLI LIME PEQUEÑA KIWA 40GR;NO PERECIBLE;8972.72;259;7;0.355760064509961;1416;1085.20666666667;-23.3611111111111;Demanda estable
10730;COLA FANTA HARMONY 500 ML;NO PERECIBLE;1833.2853;122;7;0.179133201020758;306.5918;217.482466666667;-29.0644868301544;Demanda decreciente
10735;VASO DURO TIPO DOMO SIN TAPA 350GR X 25 UND;NO PERECIBLE;3.0022824;1;1;2.64575131106459;0;1.0007608;;Demanda intermitente
10736;TAPA DOMO PARA VASO DURO 350GR X50 UND;NO PERECIBLE;4.6512;2;2;1.70782512765993;0;1.5504;;Demanda intermitente
10737;VASO DURO SIN TAPA 6 ONZ X50 UND;NO PERECIBLE;23.6775;6;5;0.889175803098255;4.305;2.1525;-50;Demanda decreciente
10738;TAPA DURA PLANA PARA VASO 6 ONZ X100 UND;NO PERECIBLE;14.4312;6;5;0.805076485899413;2.4052;1.60346666666667;-33.3333333333333;Demanda decreciente
10739;UVILLA 420 GR;FRUVER;4263.84;691;7;0.209280265851558;728.91;522.9;-28.2627484874676;Demanda decreciente
10740;CHOCOLATE CON LECHE EN BARRA KINDER 50 G;NO PERECIBLE;11.391;1;1;2.64575131106459;0;3.797;;Demanda intermitente
10745;COLA PEPSI 3 LT;NO PERECIBLE;2900.977;177;7;0.194615462810642;376.675;447.760333333333;18.8717948717949;Demanda estable
10750;Z3 MERMELADA DE DURAZNO CHIVERIA 1.35 KG;NO PERECIBLE;56.7;13;5;1.18759015252332;1.26;15.12;1100;Demanda creciente
10752;COLA FIORAVANTI FRESA 500 ML;NO PERECIBLE;1101.492;124;7;0.296197022418185;135.9288;148.9488;9.5785440613027;Demanda estable
10754;CEREAL ZUCARITAS KELLOGGS 420 GR;NO PERECIBLE;1600.25063275;228;7;0.206772389202812;223.065239716667;229.992731633333;3.1055900621118;Demanda estable
10755;CHOCOLATE CON MANI MANICHO 100 GR (4 X25 GR);NO PERECIBLE;1456.38566225;70;7;0.451486292446895;142.057771166667;233.045186583333;64.0495867768595;Demanda creciente
10764;CHOCOLATE CHIPS DOÑA JANA 500 GR;NO PERECIBLE;1033.62;159;7;0.251623931542787;134.166666666667;151.34;12.8;Demanda estable
10765;Z3 VASO CARTULINA P/GRANIZADO 12 OZ X14 UND;NO PERECIBLE;0.1164;102;7;0.748163416174326;0.0072;0.0200333333333333;178.240740740741;Demanda creciente
10780;PIMENTON MIX MC CORMICK 1 KG;NO PERECIBLE;397.46454543;26;7;0.548515059049952;44.16272727;58.88363636;33.3333333333333;Demanda creciente
10781;CURRY DOÑA JANA 1 KG;NO PERECIBLE;1200.5;197;7;0.284282124887606;171.5;179.666666666667;4.76190476190477;Demanda estable
10782;DV SUMA CIT D5.8 DESINFECTANTE ACIDO 5 LT;NO PERECIBLE;147;6;4;1.15470053837925;14;28;100;Demanda creciente
10783;CERDO PANCETA CONGELADO PROCESADO;PERECIBLE;6716.4378550582;153;7;0.435829293896286;938.052213982067;989.380259531167;5.47176849902742;Demanda estable
10784;RES TOP ROUND PULPA NEGRA CONGELADO PROCESADO;PERECIBLE;44155.89752624;325;7;0.445459085292075;4699.8592118355;7866.2790850825;67.3726537440336;Demanda creciente
10791;GALLETA DUCALES TACO 315 GR X 3;NO PERECIBLE;1685.6;81;7;0.515540796567226;173.72;326.226666666667;87.7887788778878;Demanda creciente
10799;ANIS COMUN ILE 1 KG;NO PERECIBLE;5291;374;7;0.149765129970784;773.666666666667;770;-0.473933649289093;Demanda estable
10800;PIMIENTA NEGRA SIN SAL MOLIDA ILE 1 KG;NO PERECIBLE;2993.9;286;7;0.147919529181661;424.666666666667;430.733333333333;1.42857142857145;Demanda estable
10857;ACEITE DE SOYA GUSTADINA 900 ML;NO PERECIBLE;11917.8;317;7;0.181770768525212;1771.2;1700.1;-4.01422764227641;Demanda estable
10859;VASO CON TAPA 2 ONZ X125 UND;NO PERECIBLE;121.875;29;7;0.546941769428245;11.4583333333333;22.9166666666667;100;Demanda creciente
10861;CERDO PATA CONGELADO;PERECIBLE;2058.9661805355;129;6;0.585585257716498;313.4230725142;231.8273860786;-26.0337204217482;Demanda decreciente
10865;FIORAVANTI MINI FRESA 250 ML;NO PERECIBLE;23.98;19;2;1.93915718251832;7.99333333333333;0;-100;Demanda intermitente
10873;CREMA DE AVELLANA CON CACAO BAKELS 3 KG;NO PERECIBLE;88.16;4;4;0.935414346693485;14.6933333333333;7.34666666666667;-50;Demanda decreciente
10879;FIDEO CODO RAYADO SANTORINO 400 GR;NO PERECIBLE;2188.92;418;5;1.7853671308642;3.74;238.85;6286.36363636364;Demanda creciente
10880;FIDEO LAZO N.3 CAYAMBE 400 GR;NO PERECIBLE;4049.4;811;6;0.65083928394338;741.2;275.06;-62.8899082568807;Demanda decreciente
10881;PIÑA PINTONA UND (2.0 - 2.53 KG);FRUVER;99693.8992;6250;7;0.0926523430809597;13142.7747333333;15315.8652;16.5344876615375;Demanda estable
10882;BABACO PINTON UND (1.10 - 1.49 KG);FRUVER;4604.194;431;7;0.125882436379017;607.322333333333;712.614;17.3370319001387;Demanda estable
10883;MELON MADURO UND (3.46 - 3.92 KG);FRUVER;89453.4696;4312;7;0.0788428661839532;13565.0922;12049.906;-11.169744942832;Demanda estable
10884;PAPAYA PINTONA UND (1.98 - 2.38 KG);FRUVER;61725.937;4502;7;0.0829508996086043;8141.60966666667;9463.67066666667;16.2383245344317;Demanda estable
10885;SAMBO UND (2.33 - 3.63 KG);FRUVER;6961.76;936;7;1.23682937599768;1622.4;539.413333333333;-66.7521367521368;Demanda decreciente
10886;SANDIA PERUANA UND (8.3 - 9.2 KG);FRUVER;111885.4625;5380;7;0.0701840256009838;15055.0166666667;16957.5875;12.6374541819394;Demanda estable
10887;ZAPALLO UND (7.59 - 9.71 KG);FRUVER;17019.74;1256;7;0.793878371026961;3391.95333333333;1749.60666666667;-48.4189051343081;Demanda decreciente
10888;FIDEO TALLARIN 87 CAYAMBE 400 GR;NO PERECIBLE;24944.92;3328;7;0.141457162430467;3137.30666666667;3955.44333333333;26.0776759683465;Demanda creciente
10893;CAMARON APANADO TIPO II 2 KG;PERECIBLE;4818.5;64;5;0.936228310610837;1219;57.5;-95.2830188679245;Demanda decreciente
10920;PIÑA MADURA;FRUVER;33.6366;4;2;1.96552360355264;8.30533333333333;2.90686666666667;-65;Demanda intermitente
10924;POLLO PIERNA/MUSLO CONGELADO PROCESADO X12 PRESAS;PERECIBLE;1104.643593925;18;5;2.12651428321199;304.52939441;35.8554008791667;-88.2259638848219;Demanda decreciente
10926;LECHE ENTERA VITA TPK PACK (6 X 200 ML);NO PERECIBLE;97.2;10;5;0.942869662642507;13.8;18.6;34.7826086956522;Demanda creciente
10927;LECHE SABORES SURTIDOS VITA TPK PACK (6 X 200 ML FRUTILLA, CHOCOLATE, VAINILLA);NO PERECIBLE;838.6626;21;7;0.943657072290114;92.8812;91.06;-1.96078431372549;Demanda variable
10928;CHURROS EN LAZO CONGELADOS IQF AVIKO 1 KG;PERECIBLE;4640;214;7;0.267423927270418;605.333333333333;726.666666666667;20.0440528634361;Demanda estable
10929;CHURROS EN LAZO CONGELADOS IQF AVIKO CAJA (4X1 KG);PERECIBLE;225.619875;15;6;0.734342739638147;35.096425;15.041325;-57.1428571428571;Demanda decreciente
10930;JUGO LIMONADA ALL NATURAL 625 ML;NO PERECIBLE;1846.08;139;7;0.463693367678599;333.96;257.28;-22.9608336327704;Demanda variable
10946;QUESO CREMA PRESIDENT BALDE 4 KILOS;PERECIBLE;158;5;2;2.09443707632067;52.6666666666667;0;-100;Demanda intermitente
10957;JUGO NARANJADA ALL NATURAL 625 ML;NO PERECIBLE;1809;103;7;0.348930827374642;248.76;219;-11.96333815726;Demanda estable
10964;GRAGEAS DE COLORES DOÑA JANNA 250 GR;NO PERECIBLE;1414;403;7;0.315319721570182;225;164.333333333333;-26.962962962963;Demanda decreciente
10969;MOSTAZA DIJON GREY POUPON 227 GR;NO PERECIBLE;21.733;3;1;2.64575131106459;7.24433333333333;0;-100;Demanda intermitente
10983;FUNDA LAMINADA 60 MICRAS 10X9.5 X100;NO PERECIBLE;5.337;3;1;2.64575131106459;0;1.779;;Demanda intermitente
11001;SALCHICHA VIENESA T2 JURIS 500 GR;PERECIBLE;2042.88;147;7;0.422116057673519;335.92;271.32;-19.2307692307692;Demanda estable
11002;MORTADELA TIPO I TRADICIONAL JURIS 500 GR;PERECIBLE;937.72;83;7;0.701624027611311;183.26;107.893333333333;-41.1255411255411;Demanda decreciente
11011;GUANTE MEGAFORTEX 4C-HPPE ANTICORTE POLIURETANO N5 TALLA L;NO PERECIBLE;15.9;2;2;1.83585684909537;1.76666666666667;3.53333333333333;100;Demanda intermitente
11013;SALCHICHA PERRO CALIENTE T2 JURIS 1 KG;PERECIBLE;3927.47;187;7;0.269385443345266;491.906666666667;589.976666666667;19.9367088607595;Demanda estable
11014;SALCHICHA POLLO T1 JURIS 500 GR X20;PERECIBLE;1324.68;145;7;0.137346070401311;196.84;188.86;-4.05405405405405;Demanda estable
11017;CERDO COSTILLAR SAN LUIS CONGELADO PROCESADO;PERECIBLE;1886.6476888776;25;6;0.753605131180972;320.0298876324;199.3269527832;-37.7161444958055;Demanda decreciente
11018;CERDO COSTILLAR BABY BACK CONGELADO PROCESADO;PERECIBLE;702.9799024764;13;3;1.36567261810761;0;234.3266341588;;Demanda intermitente
11019;SALCHICHA FRANKFUTER T1 CASA GUILLO 22X15 X20 UND 1 KG;PERECIBLE;3056.4;139;7;0.7076333828444;201.6;723.6;258.928571428571;Demanda creciente
11021;ENDULZANTE STEVIA SBELA X50;NO PERECIBLE;6906.5236;509;7;0.201454903068356;941.011133333333;1081.7838;14.9597238204833;Demanda estable
11023;SALSA DE SOYA SUPERIOR SUPERMAXI 100 ML;NO PERECIBLE;10500.92;2728;7;0.138885187594643;1510.88;1519.49333333333;0.57008718980549;Demanda estable
11024;RES LOMO FINO MADURADO CONGELADO FRIGOR;PERECIBLE;30.5435;1;1;2.64575131106459;10.1811666666667;0;-100;Demanda intermitente
11025;RES BIFE ANGOSTO MADURADO CONGELADO IMPORTADO PROCESADO FRIGOR (3.5 - 6.5 KG);PERECIBLE;4868.1;7;1;2.64575131106459;0;1622.7;;Demanda intermitente
11034;LECHE CONDENSADA SEMIDESCREMADA DULAC´S DOYPACK 420 GR;NO PERECIBLE;4329.72;504;7;0.131271450189148;637.22;587.986666666667;-7.72626931567327;Demanda estable
11038;DV JL21 TIG DETERGENTE LIQUIDO NEUTRO MULTIUSO BID 20 KG;NO PERECIBLE;11795.28;142;7;0.178570402590724;1827.84;1599.36;-12.5;Demanda estable
11041;CERDO CHULETA (101-120) X10;PERECIBLE;14086.0346588358;1196;7;0.0558747204701692;2072.52939450123;1986.7281561684;-4.13992865724744;Demanda estable
11047;YOGURT ENTERO NATURAL KIOSKO 900 ML;PERECIBLE;223.6;64;7;0.621603806769706;19.9333333333333;41.6;108.695652173913;Demanda creciente
11048;VASO TERMICO BLANCO PLASTRO 6 OZ X 25 UND;NO PERECIBLE;36.3763636;11;2;1.73451482169126;0;12.1254545333333;;Demanda intermitente
11063;TAPA PLANA VASO DURO 350 GR X100 UND;NO PERECIBLE;3.84;1;1;2.64575131106459;0;0;;Demanda intermitente
11064;DV DS70 PLUS DETERGENTE NO IONICO BID 20 KG;NO PERECIBLE;10912;104;7;0.213011132641479;1290.66666666667;1804;39.7727272727273;Demanda creciente
11070;ACEITE OLIVA CLASICO MEZCLA MAZZA VIDRIO 500 ML;NO PERECIBLE;4269.86619579;689;7;0.646177136142059;321.16966635;898.14815467;179.649122807018;Demanda creciente
11073;GUANTE NITRILO CELESTE SUPPLIES X100 3.5 MICRAS;NO PERECIBLE;343.75;65;7;0.234105389372678;45.8333333333333;53.1666666666667;16;Demanda estable
11074;CHOCOLATE RICACAO NESTLE DOYPACK 400 GR;NO PERECIBLE;29675.5875;2522;7;0.0662277670291902;4244.20083333333;4219.17526666667;-0.589641434262955;Demanda estable
11083;TORTILLAS DE HARINA DE TRIGO MAMA FANNY 250 GR;NO PERECIBLE;48.945;3;1;2.64575131106459;16.315;0;-100;Demanda intermitente
11096;CAFE GRANO FINO ECUATORIANO LOJANO VELEZ 340 GR;NO PERECIBLE;22.2972;2;2;1.70782512765993;7.4324;0;-100;Demanda intermitente
11099;AJO MACHO SUPERMAXI 150 GR;FRUVER;14.9895;5;1;2.64575131106459;4.9965;0;-100;Demanda intermitente
11143;CERDO CHULETA PROCESADO (91-110) X10;PERECIBLE;718.16332;58;5;0.8994952957544;167.455045333333;5.994394;-96.420296570899;Demanda decreciente
11144;CERDO CHULETA PROCESADO (91-110) X30;PERECIBLE;164398.88323094;1503;7;0.115972882206634;23964.2043794307;24179.7694643925;0.899529488017659;Demanda estable
11145;CERDO CHULETA PROCESADO (111-130) X10;PERECIBLE;8783.7782233894;724;7;0.221936639804612;980.1705555642;1504.480150866;53.4916696207019;Demanda creciente
11146;CERDO CHULETA PROCESADO (111-130) X30;PERECIBLE;88155.2402857434;926;7;0.153725753801926;10782.1270509286;14361.2030988221;33.1945267477187;Demanda creciente
11147;CERDO CHULETA PROCESADO (50-70) X10;PERECIBLE;2104.4494;339;7;0.223207842690764;350.722263333333;277.813573333333;-20.7881556497331;Demanda estable
11148;CERDO CHULETA PROCESADO (50-70) X30;PERECIBLE;47773.7803649952;467;7;0.194867493548648;6646.1753703276;6898.313222091;3.79372853880882;Demanda estable
11149;CERDO CHULETA PROCESADO (71-90) X10;PERECIBLE;17549.3604;2064;7;0.0968272347003377;2451.7636;2649.92346666667;8.0823398579972;Demanda estable
11150;CERDO CHULETA PROCESADO (71-90) X30;PERECIBLE;364165.413021832;2534;7;0.173408711782677;46784.5557893669;59167.8780466648;26.4688251247911;Demanda creciente
11151;RES FILETE PROCESADO (91-110) X10;PERECIBLE;6455.9714704842;451;7;0.482634540000883;726.4598614072;994.932178246667;36.9562492164975;Demanda creciente
11152;RES FILETE PROCESADO (91-110) X30;PERECIBLE;34532.8837358076;434;7;0.549995463381266;3856.884253288;5207.344528694;35.0142806140664;Demanda creciente
11153;RES FILETE PROCESADO (111-130) X10;PERECIBLE;3286.89504;207;7;0.405525725696404;390.83616;546.35152;39.790422667135;Demanda creciente
11154;RES FILETE PROCESADO (111-130) X30;PERECIBLE;17053.522241588;155;7;0.787267985315704;2090.76201045647;3568.3345258939;70.671482839639;Demanda creciente
11155;RES FILETE PROCESADO (50-70) X10;PERECIBLE;2194.731551061;279;7;0.108950637368847;328.8764662701;288.5627251395;-12.2580194283318;Demanda estable
11156;RES FILETE PROCESADO (50-70) X30;PERECIBLE;11798.4836928642;182;7;0.583120256093164;1116.86511112153;1714.38208463267;53.4994752330583;Demanda creciente
11157;RES FILETE PROCESADO (71-90) X10;PERECIBLE;16389.3375026251;1472;7;0.207652832863091;2647.01540967687;1915.2367979819;-27.6454231818884;Demanda decreciente
11158;RES FILETE PROCESADO (71-90) X30;PERECIBLE;188452.196967816;1483;7;0.201541660565647;25894.5843843147;27585.3196034026;6.52930046682698;Demanda estable
11159;RES HIGADO (91-110) X10;PERECIBLE;1127.015524017;62;7;0.40545594480435;221.3476513407;124.1169028893;-43.9267134132549;Demanda decreciente
11160;RES HIGADO (111-130) X10;PERECIBLE;720.2686703565;23;7;0.730319813113273;37.8302594194;146.3866560142;286.95652173913;Demanda creciente
11161;RES HIGADO (50-70) X10;PERECIBLE;1653.2218562007;61;7;0.734799579654652;222.373814342567;192.9744427214;-13.220698537768;Demanda variable
11162;RES HIGADO (71-90) X10;PERECIBLE;1526.4419569136;74;7;0.387777839745626;178.7909334924;254.839940967467;42.5351587966844;Demanda creciente
11163;RES LOMO FALDA PROCESADO (50-70) X10;PERECIBLE;154.2372286436;17;6;1.00865393800782;5.638241502;33.1820953580667;488.518518518519;Demanda creciente
11165;RES LOMO FALDA PROCESADO (71-90) X10;PERECIBLE;4273.8941542903;50;7;0.358454161520488;559.8278827832;534.580256832467;-4.50989075878361;Demanda estable
11167;RES T-BON PROCESADO (111-130) X10;PERECIBLE;981.4311898195;24;6;0.994938796891859;208.460758366;118.682971573833;-43.0669961559583;Demanda decreciente
11185;CALAMAR POTA CONGELADO SELECCIONADO 5 KG;PERECIBLE;2692.235;12;1;2.64575131106459;897.411666666667;0;-100;Demanda intermitente
11195;FARFALLE BARILLA 500 GR;NO PERECIBLE;9.8418694;4;1;2.64575131106459;0;3.28062313333333;;Demanda intermitente
11204;YOGURT SEMIDESCREMADO SURTIDO TONI X6 190 ML;PERECIBLE;572;44;7;0.363687014582507;77.7333333333333;73.3333333333334;-5.66037735849055;Demanda estable
11206;FRUTA CONFITADA DOÑA JANNA 300 GR;NO PERECIBLE;389.7;198;7;0.106594767106619;51.6;60.6;17.4418604651163;Demanda estable
11214;CEREAL CHOCAPIC NESTLE 640 G;NO PERECIBLE;762.6;104;7;0.161634042357966;104.96;108.24;3.125;Demanda estable
11222;DESODORANTE SPRAY AMBIENTAL LAVANDA LO 360 ML;NO PERECIBLE;624.0564;225;7;0.207554934396728;94.1523;87.0144;-7.5812274368231;Demanda estable
11225;CERDO CHULETA PROCESADO (131-150) X10;PERECIBLE;6316.2451035964;228;7;0.215340200178885;822.327375523734;980.145247794533;19.1916111476025;Demanda estable
11226;CERDO CHULETA PROCESADO (131-150) X30;PERECIBLE;40791.0638542302;319;7;0.145523411731539;4981.5642672796;6535.68701668027;31.1974846858568;Demanda creciente
11228;RES FILETE PROCESADO (131-150) X10;PERECIBLE;1012.058605935;37;7;0.840694394195353;106.4445151575;103.3306295775;-2.92536029253603;Demanda variable
11229;RES FILETE PROCESADO (131-150) X30;PERECIBLE;5451.8799283392;55;7;0.647988728898051;614.3648713372;720.3017223767;17.2433119115229;Demanda variable
11230;RES HIGADO (131-150) X10;PERECIBLE;330.9304732692;11;6;0.578626694008412;32.5779544132;55.2888692454;69.7125256673511;Demanda creciente
11242;CERDO CHULETA PROCESADO (151-170) X10;PERECIBLE;4878.549096128;168;7;0.358530131234536;499.352116978667;916.156055109333;83.4689438491904;Demanda creciente
11243;CERDO CHULETA PROCESADO (151-170) X30;PERECIBLE;30955.3909921656;113;7;0.496004655131106;2454.54818761363;6149.72581242917;150.544105976916;Demanda creciente
11250;FUNDA NEGRA 30 MICRAS 35X47X50;NO PERECIBLE;21699.88015963;2142;7;0.0864158866961322;2897.49141187333;3248.80789758667;12.124849939976;Demanda estable
11251;FUNDA VERDE 35 MICRAS 35X47X50;NO PERECIBLE;17631.53568115;1220;7;0.108600683646303;2310.78076983333;2703.33509338333;16.9879518072289;Demanda estable
11252;FUNDA AZUL 35 MICRAS 35X47X50;NO PERECIBLE;1772.25615502;160;7;0.127673551958092;257.437820683333;254.727948886667;-1.05263157894736;Demanda estable
11253;FUNDA NEGRA 30 MICRAS 29X36X10;NO PERECIBLE;728.30802488;250;7;0.1230195432857;105.8162962;101.680946693333;-3.9080459770115;Demanda estable
11254;FUNDA HALAR 6 BLANCA JUMBO 20 MICRAS X100 12+FL3.50X22X0.80;NO PERECIBLE;6826.14805383;1031;7;0.136430753645048;921.0553618;1039.47676546;12.8571428571429;Demanda estable
11255;FUNDA BLANCA 30 MICRAS 23X28X10;NO PERECIBLE;1.59;2;1;2.64575131106459;0;0.53;;Demanda intermitente
11264;CEBOLLA PUERRO SIN HOJA POR KG;FRUVER;40.8;11;2;1.70782512765993;6.8;6.8;0;Demanda intermitente
11270;NABO CHINO EMPACADO POR KG;FRUVER;0.8;1;1;2.64575131106459;0;0.266666666666667;;Demanda intermitente
11272;UVA ROSADA MEDIANA IMPORTADA EMPACADA AL GRANEL POR KG;FRUVER;49.5;8;1;2.64575131106459;16.5;0;-100;Demanda intermitente
11286;AVENA CON LECHE Y CANELA UHT VITA 200 ML;NO PERECIBLE;698.74;16;7;0.369325442770307;113.006666666667;90.16;-20.2170963364993;Demanda estable
11288;BROCOLI CONGELADOS IQF CAJA 11 KG;PERECIBLE;15.84;2;2;1.83585684909537;0;3.52;;Demanda intermitente
11293;VERDURA ATADO SIN MARCA 300 G;FRUVER;8.8533;4;1;2.64575131106459;0;2.9511;;Demanda intermitente
11294;POLLO PECHUGA ENTERA CONGELADO 2 KG X4;PERECIBLE;3017.40873;84;4;2.09883600632254;0;910.19509;;Demanda variable
11298;RES COSTILLA CONGELADO 1 KG;PERECIBLE;7.191782;1;1;2.64575131106459;0;2.39726066666667;;Demanda intermitente
11305;TILAPIA FILETE SANTA PRISCILA X 1 KG;PERECIBLE;7.644;1;1;2.64575131106459;0;2.548;;Demanda intermitente
11323;RES BIFE ANGOSTO MADURADO CONGELADO IMPORTADO FRIGOR (3.86 - 4.98 KG);PERECIBLE;18107.4582;34;5;0.986020812820805;4654.0611;207.2538;-95.5468182400957;Demanda decreciente
11338;COLA PEPSI 300 ML;NO PERECIBLE;642.6477;68;7;0.897856500949869;60.3008;121.6111;101.674107142857;Demanda creciente
11339;HUEVOS DE CODORNIZ LA ORIGINAL X 20;NO PERECIBLE;109.592;13;7;0.593176419019886;18.746;15.3813333333333;-17.948717948718;Demanda variable
11340;JARABE SABOR A MAPLE MCCORMICK 300 ML;NO PERECIBLE;1144.35104679;220;7;0.189968985990416;168.35868279;161.85206703;-3.86473429951691;Demanda estable
11362;YOGURT SEMIDESCREMADO FRUTILLA SORPRESA KIOSKO 180 GR;PERECIBLE;2463.46;178;7;0.590008022239869;531.32;187.713333333333;-64.6703806870938;Demanda decreciente
11363;YOGURT SEMIDESCREMADO MORA SORPRESA KIOSKO 180 GR;PERECIBLE;2241.46;166;7;0.484678645887896;467.68;203.993333333333;-56.3818565400844;Demanda decreciente
11365;YOGURT SEMIDESCREMADO DURAZNO SORPRESA KIOSKO 180 GR;PERECIBLE;1502.94;108;7;0.579539231555786;312.28;120.62;-61.3744075829384;Demanda decreciente
11369;HUEVOS GRANJA INTEGRAL 1/2 CUBETA (58-64) GR X15;NO PERECIBLE;15887.52;3589;7;0.234505919057481;2068.44;2704.68;30.7594128908743;Demanda creciente
11373;CAFE TRADICION NESCAFE VIDRIO 190 GR;NO PERECIBLE;83299.32;2811;7;0.114084430336988;11777.09;11463.27;-2.66466504034528;Demanda estable
11375;MATA MALEZA GURKA 500 GLIFOSATO GL;NO PERECIBLE;864;25;7;0.351501409301216;90;156;73.3333333333334;Demanda creciente
11377;COLA QUINTUPLE PIÑA 300 ML;NO PERECIBLE;167.96;54;7;1.12252482683249;9.62666666666667;41.1666666666667;327.631578947369;Demanda creciente
11378;COLA QUINTUPLE UVA 300 ML;NO PERECIBLE;271.3138;44;7;0.61233721610789;42.7846666666667;36.7358;-14.1379310344827;Demanda variable
11380;CHOCOLATE BARRA BIOS 600 GR (30 UND X20 GR);NO PERECIBLE;629;20;7;1.37716339315416;73.6666666666667;17;-76.9230769230769;Demanda decreciente
11382;YOGURT SURTIDO LIGHT DESCREMADO TONI 100 (190 GR X6 UND);PERECIBLE;223.21;25;7;1.05955546854661;17.17;21.4625;25;Demanda creciente
11384;ESPARRAGO VERDE ARENAS 500 GR;FRUVER;547.2915;71;7;0.53699699847336;90.938;73.194;-19.5121951219512;Demanda variable
11394;RES PICAÑA IMPORTADA FRIGOR (1.17 - 2.13 KG);PERECIBLE;978.199083;9;2;1.72116276976811;145.779129;0;-100;Demanda intermitente
11404;TAJAPAN INTEGRAL SUPAN 550 GR X20;NO PERECIBLE;1386;280;7;0.136324573529594;197.12;194.32;-1.42045454545455;Demanda estable
11407;VINAGRE BLANCO PROADA 3450 ML;NO PERECIBLE;3359.07;1672;7;0.096263439009352;440.7;513.24;16.4601769911505;Demanda estable
11409;RES CORAZON DE CUADRIL 120 DIAS IMPORTADO FRIGOR (2.76 - 3.82 KG);PERECIBLE;23.341802904;1;1;2.64575131106459;0;7.780600968;;Demanda intermitente
11415;RES TIRA DE ASADO SHORT RIB SUPERMAXI (1.03 - 1.53) KG;PERECIBLE;7.0705782664;1;1;2.64575131106459;2.35685942213333;0;-100;Demanda intermitente
11422;COCA COLA ORIGINAL 3.05 LT;NO PERECIBLE;251.2635;14;1;2.64575131106459;0;83.7545;;Demanda intermitente
11428;TOSTADAS CON AJO BAGUETTE 120 GR;NO PERECIBLE;3.89768012;2;1;2.64575131106459;1.29922670666667;0;-100;Demanda intermitente
11434;RES HIGADO IMPORTADO ARGENTINO 1 KG;PERECIBLE;3.1122;1;1;2.64575131106459;0;1.0374;;Demanda intermitente
11441;RES PICAÑA TIPO A MADURADO/IMPORTADO FRIGOR (1.1 - 1.9 KG);PERECIBLE;1556.250696;23;3;1.90109245786817;489.76928;28.980952;-94.0827338129496;Demanda intermitente
11444;MUFFINS ENGLISH MAXIPAN CAJA 360 GR;PERECIBLE;15.04;2;1;2.64575131106459;5.01333333333333;0;-100;Demanda intermitente
11447;PAPA CECILIA GRUESA SUPERMAXI 1.2 KG;FRUVER;125.4849;23;6;0.74222112832873;12.5934666666667;25.1869333333333;100;Demanda creciente
11451;RES BIFE DE CHORIZO LOMO DE FALDA SUPERMAXI (1 - 1.2) KG;PERECIBLE;123.393150972;7;2;2.46104161652425;41.131050324;0;-100;Demanda intermitente
11452;CHOCOLATE SEMIAMARGO CHOCOLATERIA NESTLE 180 GR;NO PERECIBLE;1290.576;156;7;0.499602735480629;190.936666666667;187.819333333333;-1.63265306122449;Demanda variable
11453;LAVAVAJILLA CREMA ESTRELLA LIMON 4 KG;NO PERECIBLE;4747.230498681;607;7;0.0890606810511176;714.825715857;642.26088146;-10.1514023330851;Demanda estable
11455;CERDO STEAK SUIZO CONGELADO GG;PERECIBLE;105.56217;5;1;2.64575131106459;35.18739;0;-100;Demanda intermitente
11458;HUEVOS AVITO CUBETA (58-64) GR X30;NO PERECIBLE;123621.7435186;4622;7;0.245737613507158;13816.54780502;20506.4256939367;48.4193156157721;Demanda creciente
11459;ROAST BEEF TIPO I CASA NOBLE 180 GR;PERECIBLE;32.748;3;2;1.70782512765993;10.916;0;-100;Demanda intermitente
11460;TOTOPOS TORTILLAS DE MAIZ SABOR SRIRACHA KIWA 35 GR;NO PERECIBLE;10.8;1;1;2.64575131106459;3.6;0;-100;Demanda intermitente
11461;TOTOPOS TORTILLAS DE MAIZ SABOR LIMON KIWA 35 GR;NO PERECIBLE;3520.8;131;5;0.940968424161738;968.76;28.8;-97.0271274619101;Demanda decreciente
11462;JAMON SANDUCHERO TIPO I LA EUROPEA 500 GR;PERECIBLE;3722.96;348;7;0.170738997025917;480.613333333333;563.106666666667;17.1641791044776;Demanda estable
11463;GATORADE UVA PET 1 LT;NO PERECIBLE;8558.4681;24;6;0.685674574692522;1116.0903;1192.15373333333;6.81516839034737;Demanda variable
11464;GATORADE FRUTOS TROPICALES PET 1 LT;NO PERECIBLE;28542.4334;42;7;0.31504283424604;3380.53126666667;4342.42293333333;28.4538609700578;Demanda creciente
11465;GATORADE MANZANA PET 1 LT;NO PERECIBLE;9914.2914;44;7;0.235255896097113;1279.75986666667;1311.13233333333;2.4514338575393;Demanda estable
11466;ACEITE OLIVA EXTRA VIRGEN MAZZA 500 ML;NO PERECIBLE;48.209;10;6;0.793725393319377;11.2487666666667;3.21393333333333;-71.4285714285714;Demanda decreciente
11467;ACEITE OLIVA EXTRA VIRGEN MAZZA 1 LT;NO PERECIBLE;31.4944;4;4;0.935414346693485;5.24906666666667;2.62453333333333;-50;Demanda decreciente
11470;HUEVOS AVIRICO CUBETA (58-64) GR X30;NO PERECIBLE;127792.73042392;1942;7;0.253130584542758;13646.3925702933;21765.58814984;59.4970102004925;Demanda creciente
11473;RES FILETE CONGELADO (50-60)X30;PERECIBLE;24.06003;1;1;2.64575131106459;0;8.02001;;Demanda intermitente
11475;JARABE DE AZUCAR ORIGINAL PEARL MILLING COMPANY 355 ML;NO PERECIBLE;6.5508;2;1;2.64575131106459;0;2.1836;;Demanda intermitente
11482;AJO CONGELADO IQF 1 KG;PERECIBLE;73279.5;6627;7;0.103368881677103;10742.6666666667;10374;-3.43179843614247;Demanda estable
11483;AJO CONGELADO IQF CAJA 10 KG;PERECIBLE;29960;571;7;0.378993521095706;3173.33333333333;5261.66666666667;65.8088235294118;Demanda creciente
11485;RES MOLIDA ESPECIAL 6 - 7% GRASA REFRIGERADO PROCESADO 5 KG;PERECIBLE;400.4572;9;5;0.997579465381373;85.6093333333333;47.8764;-44.075723830735;Demanda decreciente
11500;QUINUA LA ORIGINAL 500 GR;NO PERECIBLE;6959.504;1891;7;0.087242457587514;961.1754;1035.79203333333;7.76306107431934;Demanda estable
11501;PAPAS SUPERCRUNCH AVIKO 2.5 KG (CALIBRE 9.5MM);PERECIBLE;0;0;0;;0;0;;Demanda intermitente
11514;RES CARNE MOLIDA 14 - 15% GRASA TIPO 1 REFRIGERADO SUPERMAXI (460 - 500) GR;PERECIBLE;15.52;3;1;2.64575131106459;5.17333333333333;0;-100;Demanda intermitente
11527;CAFÉ VIZCOFFE GOURMET GRANEL 500GR;NO PERECIBLE;2826;29;7;0.301966141116315;354;432;22.0338983050848;Demanda estable
11528;CAFÉ VIZCOFFE GOURMET MOLIDO 400GR;NO PERECIBLE;268.25;3;2;1.84952563361358;0;89.4166666666667;;Demanda intermitente
11562;ACEITE SABROLEINA 20 LT;NO PERECIBLE;9791.65891765;206;7;0.275364294959671;1444.67098785;1112.93172397333;-22.962962962963;Demanda estable
11565;BASE ENSALADERA REDONDA 500 GR PS NEGRO 15X5CMS X 50 UNID;NO PERECIBLE;20.8;4;1;2.64575131106459;6.93333333333333;0;-100;Demanda intermitente
11566;TAPA ENSALADERA REDONDA  500 GR X 50 UNID;NO PERECIBLE;20.8;4;1;2.64575131106459;6.93333333333333;0;-100;Demanda intermitente
11567;CHOCOLISTO TARRO 280 GR;NO PERECIBLE;876.3549;202;7;0.102384267128073;125.3098;121.2413;-3.24675324675325;Demanda estable
11568;PANELA SOLIDA SUPERMAXI 625 GR;NO PERECIBLE;26.01109784;3;1;2.64575131106459;0;0;;Demanda intermitente
11570;ATUN LOMITOS EN AGUA SUPERMAXI 3 X 80 GR;NO PERECIBLE;11.55;2;2;2.09443707632067;0;3.08;;Demanda intermitente
11571;CHOCLO GRANO SELECCIONADO 1 KG;FRUVER;128;21;7;1.0164788077804;22.9333333333333;16;-30.2325581395349;Demanda decreciente
11572;RES RIBEYE/ BIFE ANCHO MADURADO IMPORTADO FRIGOR (2.5 KG);PERECIBLE;416.50752;3;1;2.64575131106459;0;0;;Demanda intermitente
11577;RES CARNE MOLIDA ESPECIAL 20% GRASA REFRIGERADO 2.5 KG;PERECIBLE;0;0;0;;0;0;;Demanda intermitente
11649;JUGO NARANJA DHOY SIX PACK 200 ML;PERECIBLE;3389.79;161;7;0.417631136255985;594.7;342.213333333333;-42.4561403508772;Demanda decreciente
11650;AGUA DE COCO FREEZE SIX PACK 200 ML;PERECIBLE;2994.78;104;7;0.677704523060843;590.72;264.12;-55.2884615384615;Demanda decreciente
11651;CERDO DESHUESADO PROCESADO 5 KG;PERECIBLE;16746.92;13;3;1.65366482829459;3579.85666666667;0;-100;Demanda intermitente
11652;HELADO DE CREMA DE LECHE SABOR A CHICLE CON MINI CHICLE TOPSY 1 LT;PERECIBLE;70.224;3;3;1.94826014499927;0;23.408;;Demanda intermitente
11653;HELADO DE CREMA DE LECHE SABOR MANJAR CON ALMENDRAS TOPSY 1 LT;PERECIBLE;106.512;12;7;1.02062072615966;10.144;24.092;137.5;Demanda creciente
11662;CEREAL MILO NESTLE 300 GR;NO PERECIBLE;334.7943703;63;7;0.352897278470483;54.08216751;38.63011965;-28.5714285714286;Demanda decreciente
11667;COLA AKI FRESA 3 LT;NO PERECIBLE;342.6192;5;2;1.70858730172887;0;114.2064;;Demanda intermitente
11669;CEREAL CORN FLAKES NESTLE 500 GR;NO PERECIBLE;281.8176;45;7;0.259462982068828;40.096;37.8048;-5.71428571428571;Demanda estable
11677;AGUA SIN GAS TESALIA 500 ML;NO PERECIBLE;2926.88;179;7;0.250202870948816;492.58;363.806666666667;-26.1426231948787;Demanda decreciente
11686;COLA ORANGINE FRESA 3 LT;NO PERECIBLE;843.3696;71;6;1.47138419597633;23.5262;257.597;994.936708860759;Demanda creciente
11687;POLLO, PIERNA MUSLO CONGELADO CORTE EN CUARTOS X12 PROCESADO;PERECIBLE;1103.64;4;2;2.40233544355115;0;337.733333333333;;Demanda intermitente
11698;CHORIZO PARRILLERO TIPO 1 CASA GUILLO 1KG;PERECIBLE;262.5;20;6;0.975492278383169;54.8333333333333;31.5;-42.5531914893617;Demanda decreciente
11699;CHORIZO CERVECERO LA CASTILLA T II 2.27 KG;PERECIBLE;6.27;1;1;2.64575131106459;2.09;0;-100;Demanda intermitente
11700;CHORIZO TIPO 1 CASA GUILLO 1 KG;PERECIBLE;235.2;7;3;1.72753437013566;4.2;50.4;1100;Demanda intermitente
11701;COLA ORANGINE MANZANA 3 LT;NO PERECIBLE;1249.8666;25;6;1.76474294853579;1.7868;414.5376;23100;Demanda creciente
11706;VASO DE PAPEL 12 OZ B/F SIN TAPA X50 UNID;NO PERECIBLE;704;11;6;0.80972055853863;149.333333333333;64;-57.1428571428571;Demanda decreciente
11716;CERDO HUESO CONGELADO 5 KG;PERECIBLE;186.837;19;2;1.88978456689891;0;62.279;;Demanda intermitente
11729;HARINA DE TRIGO FORTIFICADA SUPER PANADERA KG;NO PERECIBLE;132009.9924;7912;7;0.0689594003513632;18243.962;19460.5488;6.66843528834362;Demanda estable
11730;JABON TOCADOR ANTIBACTERIAL MANZANILLA BEST PACK (3X92 GR) 276 GR;NO PERECIBLE;65.52;5;4;1.53910243061117;18;3.84;-78.6666666666667;Demanda decreciente
11731;JABON DE TOCADOR ANTIBACTERIAL AVENA BEST PACK (3X92 GR) 276 GR;NO PERECIBLE;1777.6395;101;7;0.294712326873667;248.642833333333;251.536833333333;1.16391852570321;Demanda estable
11732;CHIFLE SUPERMAXI REDONDO 300 GR;NO PERECIBLE;6648.6294;49;7;0.382335483125759;688.589333333333;1260.7921;83.0978260869565;Demanda creciente
11736;ARROZ ENVEJECIDO ARROZOTE 45.36 KG;NO PERECIBLE;190.90719065;5;2;2.09443707632067;12.7271460433333;0;-100;Demanda intermitente
11738;DV DS30 PLUS DETERGENTE DESENGRASANTE ALTAMENTE ESPUMANTE 20 KG;NO PERECIBLE;528;5;1;2.64575131106459;176;0;-100;Demanda intermitente
11795;FIBRA VERDE ESTRELLA 71.5 CM;NO PERECIBLE;359.2544;193;7;0.139134222521067;53.0197333333333;52.7912;-0.43103448275863;Demanda estable
11796;AGUA MINERAL IMPERIAL BENEFIT LIMON + JENGIBRE 330 ML LATA;NO PERECIBLE;19.368;1;1;2.64575131106459;6.456;0;-100;Demanda intermitente
11800;TOCINETA AHUMADA LA FINNCA 1KG;PERECIBLE;0;0;0;;0;0;;Demanda intermitente
11810;PULPA MARIA MORENA NARANJA DE 1 KG;PERECIBLE;430.5;35;7;0.571223508178976;45.1;59.45;31.8181818181818;Demanda creciente
11813;CHOCOLATE AMBATO DOÑA OLGUITA 250 GR;NO PERECIBLE;23.674;3;3;1.82574185835055;0;6.764;;Demanda intermitente
11814;"ETIQUETA ADHESIVA PAPEL TERMICO ZEBRA 2.5CM LARGO X 3.2CM ANCHO NUCLEO 1"" X2000 UND";NO PERECIBLE;14.68;2;2;1.70782512765993;0;2.44666666666667;;Demanda intermitente
11823;PAN ESPECIAL 12 GRANOS Y SEMILLAS OROWEAT 600 GR;NO PERECIBLE;638.4;75;6;0.465971704752155;78.9133333333334;95.76;21.3483146067416;Demanda variable
11824;PAN ESPECIAL MULTIGRANO OROWEAT 600 GR;NO PERECIBLE;532;72;6;0.450878771585741;65.6133333333333;85.12;29.7297297297297;Demanda creciente
11832;ESTUCHE PARA MUFFIN X70 UND;NO PERECIBLE;84.28;3;3;1.4142135623731;12.04;16.0533333333333;33.3333333333333;Demanda intermitente
11833;ENSALADERA HERMETICA 5X5 BAJA X50 UND;NO PERECIBLE;27.5;2;2;2.09443707632067;0;9.16666666666667;;Demanda intermitente
11836;CHAMPIÑON CONGELADO IQF 1 KG;PERECIBLE;7509.5;1616;5;0.70526957068864;366.466666666667;1623.03333333333;342.887029288703;Demanda creciente
11837;CHAMPIÑON CONGELADO IQF CAJA 10 KG;PERECIBLE;920;31;5;0.896404856449733;15.3333333333333;237.666666666667;1450;Demanda creciente
11838;BIFE ANCHO CONGELADO NELORE FRIDOSA (2-3 KG);PERECIBLE;2086.77;28;3;1.28277048936441;0;695.59;;Demanda intermitente
11871;QUESO CREMA TONI CLASICO 225 GR;PERECIBLE;731.7856;76;6;0.566290141013883;55.3817333333333;144.988133333333;161.797752808989;Demanda creciente
11880;PREMEZCLA PAN DE YUCA SABOR A QUESO FLEISCHMANN 1 KG;NO PERECIBLE;1278.9;27;5;0.717716627907074;79.75;269.7;238.181818181818;Demanda creciente
11881;CREMA CHANTILLY BOTELLA 1 LT FABRICREMA;PERECIBLE;14268.432;1168;5;0.783250798131046;388.280166666667;3340.13116666667;760.237388724036;Demanda creciente
11882;PAN HAMBURGUESA REY PAN 400 GR X8 UND;NO PERECIBLE;1128.6;59;5;0.919142485403249;110.44;189.2;71.3147410358566;Demanda creciente
11884;PICAÑA NELORE (0.92-1.56 KG);PERECIBLE;4828.252;87;5;0.90384675665005;211.068;1165.35466666667;452.122854561879;Demanda creciente
11892;HARINA DE MAIZ AMARILLO PRECOCIDA SUPERMAXI 1 KG;NO PERECIBLE;1240.7586;302;3;1.51156159331245;73.8922;102.2584;38.3886255924171;Demanda intermitente
11893;HARINA DE MAIZ BLANCA PRECOCIDA SUPERMAXI 1 KG;NO PERECIBLE;170.1972;50;5;1.07430464390529;5.253;37.8216;620;Demanda creciente
11894;COCHINILLO PRONACA (6.5 / 7 KG);PERECIBLE;2926;30;5;0.913327250588017;48.7666666666667;658.35;1250;Demanda creciente
11896;LEVADURA FRESCA FLEISHMANN 500 GR;PERECIBLE;4552.96;1466;5;0.883510743875754;38.8266666666667;1108.48;2754.94505494506;Demanda creciente
11914;GARBANZO CONGELADO IQF 1KG;PERECIBLE;3055.19;563;4;1.14398811424668;0;965.643333333333;;Demanda variable
11915;CHOCLO EN TROZOS CONGELADO IQF 1KG;PERECIBLE;15.12;4;2;2.32095481983604;0;5.04;;Demanda intermitente
11923;MANTECA DE CERDO 1 KG;PERECIBLE;14.44;3;3;1.37689263682153;0;4.81333333333333;;Demanda intermitente
11924;CHICHARRON DE CERDO 1 KG;PERECIBLE;927.18;13;3;2.4660906774746;0;299.97;;Demanda intermitente
11925;GARBANZO CONGELADOS IQF CAJA 17 KG;PERECIBLE;98.43;3;2;1.83585684909537;0;32.81;;Demanda intermitente
11927;FONDO DE CERDO/RES CONGELADO FUNDA 1 KG;PERECIBLE;24;4;2;1.70782512765993;0;8;;Demanda intermitente
11928;DEDITOS DE DAMA SUPERMAXI 150 GR;NO PERECIBLE;219.905;33;5;1.25857061780418;0.418866666666667;43.5621333333333;10300;Demanda creciente
11929;TOSTITOS JALAPEÑOS 43 GR;NO PERECIBLE;180.771786;17;4;1.001964325856;0;44.7242789066667;;Demanda variable
11931;COLA FRUIT MANZANA 3.050 LT;NO PERECIBLE;7376.796;341;4;0.964923427319674;0;2003.12;;Demanda variable
11932;PAN HOT DOG GIGANTE MODERNA 600 GR X8;NO PERECIBLE;477.36;61;4;0.961937786692341;0;125.84;;Demanda variable
11935;CHIFLES DE DULCE EL ARTESANAL 30 GR;NO PERECIBLE;7.68;1;1;2.64575131106459;0;2.56;;Demanda intermitente
11937;PAPAS SG FRITAS ARTESANALES SX. 27 GR;NO PERECIBLE;45.36;4;2;2.32095481983604;0;1.68;;Demanda intermitente
11938;CARNE MOLIDA DE PAVO 2 KG TRIPA 11031;PERECIBLE;2842.4;32;4;1.05501888004794;0;729.3;;Demanda variable
11941;PULPA DE PAVO 0958;PERECIBLE;2499;31;4;1.56798189330641;0;819.933333333333;;Demanda variable
11942;PECHUGA ENTERA DE PAVO 0969;PERECIBLE;2811.06;32;3;1.39197847218555;0;937.02;;Demanda intermitente
11943;CARNE MOLIDA DE CERDO CONDIMENTADA 1 KG;PERECIBLE;5213.67;265;3;1.51538964790714;0;1737.89;;Demanda intermitente
11945;CHORIZO PARRILLERO X6 T1 CASA GUILLO 500 GR;PERECIBLE;8995.3;267;2;2.02030697225264;0;2998.43333333333;;Demanda intermitente
11946;ARROZ DE CEBADA SUPERMAXI 500 GR;NO PERECIBLE;1399.7082;499;3;1.27633712343743;0;466.5694;;Demanda intermitente
11955;PAPEL HIGIENICO SCOTT 22MT X 16 UND (30248055);NO PERECIBLE;2846.78706752;184;2;1.71337360335777;0;948.929022506667;;Demanda intermitente
11957;AROMATICA MENTA AKI 32 GR X25;NO PERECIBLE;474.72;170;3;1.30104881713742;0;158.24;;Demanda intermitente
11958;HARINA DE MAIZ AMARILLO LO 1 KG;NO PERECIBLE;843.8275;158;2;1.96818629023972;0;281.275833333333;;Demanda intermitente
11959;DR. MULLER KIDS GALLETAS MANGO Y MANZANA 25 GR;NO PERECIBLE;76.8;3;2;1.98431348329844;0;25.6;;Demanda intermitente
11960;DR. MULLER KIDS GALLETAS MANZANA 25 GR;NO PERECIBLE;76.8;3;2;1.98431348329844;0;25.6;;Demanda intermitente
11961;DR. MULLER KIDS GALLETAS UVA Y MANZANA 25 GR;NO PERECIBLE;57.6;3;2;1.83585684909537;0;19.2;;Demanda intermitente
11966;QUESO FRESCO LA HOLANDESA 450 GR;PERECIBLE;129;2;1;2.64575131106459;0;43;;Demanda intermitente
11967;SERVILLETA GOURMET UNILIMPIO 1 HOJA 33X33X200 UN;NO PERECIBLE;288.6;23;3;1.72529775053574;0;96.2;;Demanda intermitente
11969;INFUSION DE MANZANILLA NATURE´S HEART 20 X 1G;NO PERECIBLE;64.86;22;3;1.25133828800492;0;21.62;;Demanda intermitente
11970;INFUSION MENTA NATURE´S HEART 20 X 1.30 G;NO PERECIBLE;46.15;22;3;1.24773562162005;0;15.3833333333333;;Demanda intermitente
11973;NACHOS DE YUCA TRICOLOR 40 GR;NO PERECIBLE;159.3;7;2;2.04375994982539;0;53.1;;Demanda intermitente
11974;CARNE MOLIDA DE CERDO CONDIMENTADA 5 KG;PERECIBLE;223.85;11;2;2.37700183867132;0;74.6166666666667;;Demanda intermitente
11983;PATAS DE CERDO CONGELADAS LA FINNCA 1 KG;PERECIBLE;560.64;36;2;2.1915896016582;0;186.88;;Demanda intermitente
11984;QUESO MOZZARELLA REBANADO FLORALP BLOQUE( 2.6/3.0 KG);PERECIBLE;270.6;7;2;1.71767669342647;0;90.2;;Demanda intermitente
11985;QUESO AMERICANO REBANADO FLORALP BLOQUE 1 KG;PERECIBLE;8.2;1;1;2.64575131106459;0;2.73333333333333;;Demanda intermitente
11986;PALO HELADO FIESTA X 100;NO PERECIBLE;35.259;15;3;1.60046289600274;0;11.753;;Demanda intermitente
11994;PAN RUSTICO SOUR CORTADO MAXIPAN 380 GR;NO PERECIBLE;45.6165;9;2;1.7189846078017;0;15.2055;;Demanda intermitente
11996;PAÑO DE LIMPIEZA REUTILIZABLE BLANCHY ROJO X30;NO PERECIBLE;617.16;114;2;2.62361189425344;0;205.72;;Demanda intermitente
11998;PAPAS FRITAS CREMA Y CEBOLLA LO 50 GR;NO PERECIBLE;21.7536;2;1;2.64575131106459;0;7.2512;;Demanda intermitente
11999;AVENA HOJUELAS LO 500 GR;NO PERECIBLE;754.9488;91;1;2.64575131106459;0;251.6496;;Demanda intermitente
12009;REFRESCO CITRUS NARANJA LA ORIGINAL 500 ML;NO PERECIBLE;338.4657;11;1;2.64575131106459;0;112.8219;;Demanda intermitente
12013;DESINFECTANTE ZAKKA DE ACIDO PERACETICO GALON;NO PERECIBLE;74.1;1;1;2.64575131106459;0;24.7;;Demanda intermitente
12016;CHIFLES NATURALES PLATANITOS NATUCHIPS 42 GR;NO PERECIBLE;25.992;2;1;2.64575131106459;0;8.664;;Demanda intermitente
12025;CHAMPIÑON ENTERO LA ORIGINAL 435 GR;NO PERECIBLE;59.045;2;1;2.64575131106459;0;19.6816666666667;;Demanda intermitente
12030;AGUA DASANI S/G PACK (12 X300 ML);NO PERECIBLE;0;0;0;;0;0;;Demanda intermitente
