producto_id;producto;clasificacion;mes;ventas;egresos;cantidad;indice_mes
2;POLLO ENTERO VACIO CONGELADO FAVORITO (1.4 - 1.6 KG);PERECIBLE;2026-01-01;109159.1954;586;29807;1
2;POLLO ENTERO VACIO CONGELADO FAVORITO (1.4 - 1.6 KG);PERECIBLE;2026-02-01;91954.1798;560;25109;2
2;POLLO ENTERO VACIO CONGELADO FAVORITO (1.4 - 1.6 KG);PERECIBLE;2026-03-01;113953.0152;610;31116;3
2;POLLO ENTERO VACIO CONGELADO FAVORITO (1.4 - 1.6 KG);PERECIBLE;2026-04-01;93067.4886;554;25413;4
2;POLLO ENTERO VACIO CONGELADO FAVORITO (1.4 - 1.6 KG);PERECIBLE;2026-05-01;117351.5368;576;32044;5
2;POLLO ENTERO VACIO CONGELADO FAVORITO (1.4 - 1.6 KG);PERECIBLE;2026-06-01;93741.3334;509;25597;6
2;POLLO ENTERO VACIO CONGELADO FAVORITO (1.4 - 1.6 KG);PERECIBLE;2026-07-01;95660.3262;477;26121;7
3;POLLO ENTERO VACIO CONGELADO FAVORITO (1.6 - 1.8 KG);PERECIBLE;2026-01-01;69323.12;401;16826;1
3;POLLO ENTERO VACIO CONGELADO FAVORITO (1.6 - 1.8 KG);PERECIBLE;2026-02-01;72194.76;380;17523;2
3;POLLO ENTERO VACIO CONGELADO FAVORITO (1.6 - 1.8 KG);PERECIBLE;2026-03-01;85510.6;442;20755;3
3;POLLO ENTERO VACIO CONGELADO FAVORITO (1.6 - 1.8 KG);PERECIBLE;2026-04-01;91546.4;503;22220;4
3;POLLO ENTERO VACIO CONGELADO FAVORITO (1.6 - 1.8 KG);PERECIBLE;2026-05-01;94261.48;443;22879;5
3;POLLO ENTERO VACIO CONGELADO FAVORITO (1.6 - 1.8 KG);PERECIBLE;2026-06-01;93622.88;430;22724;6
3;POLLO ENTERO VACIO CONGELADO FAVORITO (1.6 - 1.8 KG);PERECIBLE;2026-07-01;105904.6;464;25705;7
4;POLLO ENTERO VACIO CONGELADO FAVORITO (1.8 - 2.0 KG);PERECIBLE;2026-01-01;19679.9622;106;4299;1
4;POLLO ENTERO VACIO CONGELADO FAVORITO (1.8 - 2.0 KG);PERECIBLE;2026-02-01;24788.787;121;5415;2
4;POLLO ENTERO VACIO CONGELADO FAVORITO (1.8 - 2.0 KG);PERECIBLE;2026-03-01;24138.7394;130;5273;3
4;POLLO ENTERO VACIO CONGELADO FAVORITO (1.8 - 2.0 KG);PERECIBLE;2026-04-01;24408.8296;129;5332;4
4;POLLO ENTERO VACIO CONGELADO FAVORITO (1.8 - 2.0 KG);PERECIBLE;2026-05-01;22115.3518;134;4831;5
4;POLLO ENTERO VACIO CONGELADO FAVORITO (1.8 - 2.0 KG);PERECIBLE;2026-06-01;26088.8822;137;5699;6
4;POLLO ENTERO VACIO CONGELADO FAVORITO (1.8 - 2.0 KG);PERECIBLE;2026-07-01;29838.1004;151;6518;7
7;POLLO PECHUGA ENTERA CONGELADO PROCESADO 2 KG X4;PERECIBLE;2026-01-01;7014.5951576616;490;1959.83;1
7;POLLO PECHUGA ENTERA CONGELADO PROCESADO 2 KG X4;PERECIBLE;2026-02-01;6944.4431214696;475;1940.23;2
7;POLLO PECHUGA ENTERA CONGELADO PROCESADO 2 KG X4;PERECIBLE;2026-03-01;7887.1647955824;566;2203.62;3
7;POLLO PECHUGA ENTERA CONGELADO PROCESADO 2 KG X4;PERECIBLE;2026-04-01;6822.2139359616;492;1906.08;4
7;POLLO PECHUGA ENTERA CONGELADO PROCESADO 2 KG X4;PERECIBLE;2026-05-01;7757.2761530616;487;2167.33;5
7;POLLO PECHUGA ENTERA CONGELADO PROCESADO 2 KG X4;PERECIBLE;2026-06-01;7295.1317187192;549;2038.21;6
7;POLLO PECHUGA ENTERA CONGELADO PROCESADO 2 KG X4;PERECIBLE;2026-07-01;5768.4659270184;429;1611.67;7
8;POLLO PECHUGA CONGELADO PROCESADO 5.6 KG X10;PERECIBLE;2026-01-01;43171.060359474;511;12193.8;1
8;POLLO PECHUGA CONGELADO PROCESADO 5.6 KG X10;PERECIBLE;2026-02-01;50907.0348250605;514;14378.85;2
8;POLLO PECHUGA CONGELADO PROCESADO 5.6 KG X10;PERECIBLE;2026-03-01;50599.8687901257;547;14292.09;3
8;POLLO PECHUGA CONGELADO PROCESADO 5.6 KG X10;PERECIBLE;2026-04-01;58835.6430384663;596;16618.31;4
8;POLLO PECHUGA CONGELADO PROCESADO 5.6 KG X10;PERECIBLE;2026-05-01;54495.2765040228;545;15392.36;5
8;POLLO PECHUGA CONGELADO PROCESADO 5.6 KG X10;PERECIBLE;2026-06-01;58462.4837475243;607;16512.91;6
8;POLLO PECHUGA CONGELADO PROCESADO 5.6 KG X10;PERECIBLE;2026-07-01;48601.9796110794;516;13727.78;7
14;COCA COLA ORIGINAL 3 LT;NO PERECIBLE;2026-01-01;4395.713;168;1939;1
14;COCA COLA ORIGINAL 3 LT;NO PERECIBLE;2026-02-01;3842.565;153;1695;2
14;COCA COLA ORIGINAL 3 LT;NO PERECIBLE;2026-03-01;4320.902;185;1906;3
14;COCA COLA ORIGINAL 3 LT;NO PERECIBLE;2026-04-01;4259.693;203;1879;4
14;COCA COLA ORIGINAL 3 LT;NO PERECIBLE;2026-05-01;4189.416;199;1848;5
14;COCA COLA ORIGINAL 3 LT;NO PERECIBLE;2026-06-01;6016.618;215;2654;6
14;COCA COLA ORIGINAL 3 LT;NO PERECIBLE;2026-07-01;6159.439;192;2717;7
17;LECHE ENTERA VITA TETRAPACK 1 LT;NO PERECIBLE;2026-01-01;798;80;700;1
17;LECHE ENTERA VITA TETRAPACK 1 LT;NO PERECIBLE;2026-02-01;701.1;82;615;2
17;LECHE ENTERA VITA TETRAPACK 1 LT;NO PERECIBLE;2026-03-01;1004.34;97;881;3
17;LECHE ENTERA VITA TETRAPACK 1 LT;NO PERECIBLE;2026-04-01;818.52;90;718;4
17;LECHE ENTERA VITA TETRAPACK 1 LT;NO PERECIBLE;2026-05-01;851.58;86;747;5
17;LECHE ENTERA VITA TETRAPACK 1 LT;NO PERECIBLE;2026-06-01;962.16;102;844;6
17;LECHE ENTERA VITA TETRAPACK 1 LT;NO PERECIBLE;2026-07-01;890.34;102;781;7
19;CERDO CARNE MOLIDA CONGELADO PROCESADO 1 KG;PERECIBLE;2026-01-01;2640.2614;222;430.01;1
19;CERDO CARNE MOLIDA CONGELADO PROCESADO 1 KG;PERECIBLE;2026-02-01;2421.4318;196;394.37;2
19;CERDO CARNE MOLIDA CONGELADO PROCESADO 1 KG;PERECIBLE;2026-03-01;2468.28;198;402;3
19;CERDO CARNE MOLIDA CONGELADO PROCESADO 1 KG;PERECIBLE;2026-04-01;2299.6756;189;374.54;4
19;CERDO CARNE MOLIDA CONGELADO PROCESADO 1 KG;PERECIBLE;2026-05-01;1553.5428;124;253.02;5
19;CERDO CARNE MOLIDA CONGELADO PROCESADO 1 KG;PERECIBLE;2026-06-01;961.1556;72;156.54;6
19;CERDO CARNE MOLIDA CONGELADO PROCESADO 1 KG;PERECIBLE;2026-07-01;1207.3696;96;196.64;7
20;CERDO CARNE MOLIDA CONGELADO PROCESADO 5 KG;PERECIBLE;2026-01-01;1483.6082;31;241.63;1
20;CERDO CARNE MOLIDA CONGELADO PROCESADO 5 KG;PERECIBLE;2026-02-01;1235.7364;29;201.26;2
20;CERDO CARNE MOLIDA CONGELADO PROCESADO 5 KG;PERECIBLE;2026-03-01;1733.5062;39;282.33;3
20;CERDO CARNE MOLIDA CONGELADO PROCESADO 5 KG;PERECIBLE;2026-04-01;1523.334;35;248.1;4
20;CERDO CARNE MOLIDA CONGELADO PROCESADO 5 KG;PERECIBLE;2026-05-01;1483.424;31;241.6;5
20;CERDO CARNE MOLIDA CONGELADO PROCESADO 5 KG;PERECIBLE;2026-06-01;464.7366;11;75.69;6
20;CERDO CARNE MOLIDA CONGELADO PROCESADO 5 KG;PERECIBLE;2026-07-01;588.6418;14;95.87;7
22;CERDO FRITADA PROCESADO 1 KG;PERECIBLE;2026-01-01;2359.78496;183;447.2;1
22;CERDO FRITADA PROCESADO 1 KG;PERECIBLE;2026-02-01;2249.077696;171;426.22;2
22;CERDO FRITADA PROCESADO 1 KG;PERECIBLE;2026-03-01;1677.178112;130;317.84;3
22;CERDO FRITADA PROCESADO 1 KG;PERECIBLE;2026-04-01;2891.844704;198;548.03;4
22;CERDO FRITADA PROCESADO 1 KG;PERECIBLE;2026-05-01;1957.745568;158;371.01;5
22;CERDO FRITADA PROCESADO 1 KG;PERECIBLE;2026-06-01;2646.631808;215;501.56;6
22;CERDO FRITADA PROCESADO 1 KG;PERECIBLE;2026-07-01;2353.18896;189;445.95;7
23;RES COSTILLA CONGELADO PROCESADO 1 KG;PERECIBLE;2026-01-01;4992.9935030832;692;1691.68;1
23;RES COSTILLA CONGELADO PROCESADO 1 KG;PERECIBLE;2026-02-01;8744.2024153737;676;2962.63;2
23;RES COSTILLA CONGELADO PROCESADO 1 KG;PERECIBLE;2026-03-01;13168.5599303835;601;4461.65;3
23;RES COSTILLA CONGELADO PROCESADO 1 KG;PERECIBLE;2026-04-01;5353.4601968619;689;1813.81;4
23;RES COSTILLA CONGELADO PROCESADO 1 KG;PERECIBLE;2026-05-01;4486.6341647988;642;1520.12;5
23;RES COSTILLA CONGELADO PROCESADO 1 KG;PERECIBLE;2026-06-01;4960.2613681941;673;1680.59;6
23;RES COSTILLA CONGELADO PROCESADO 1 KG;PERECIBLE;2026-07-01;5211.9357723414;670;1765.86;7
26;RES SALON PROCESADO 1 KG;PERECIBLE;2026-01-01;2708.060118;128;389.98;1
26;RES SALON PROCESADO 1 KG;PERECIBLE;2026-02-01;2239.194486;121;322.46;2
26;RES SALON PROCESADO 1 KG;PERECIBLE;2026-03-01;2598.204456;119;374.16;3
26;RES SALON PROCESADO 1 KG;PERECIBLE;2026-04-01;2342.314371;132;337.31;4
26;RES SALON PROCESADO 1 KG;PERECIBLE;2026-05-01;2281.414614;97;328.54;5
26;RES SALON PROCESADO 1 KG;PERECIBLE;2026-06-01;1624.502754;84;233.94;6
26;RES SALON PROCESADO 1 KG;PERECIBLE;2026-07-01;1441.803483;81;207.63;7
27;BORREGO CUBOS PROCESADO 5 KG;PERECIBLE;2026-01-01;2176.965;25;345.55;1
27;BORREGO CUBOS PROCESADO 5 KG;PERECIBLE;2026-02-01;2226.798;29;353.46;2
27;BORREGO CUBOS PROCESADO 5 KG;PERECIBLE;2026-03-01;1848.987;25;293.49;3
27;BORREGO CUBOS PROCESADO 5 KG;PERECIBLE;2026-04-01;2557.611;34;405.97;4
27;BORREGO CUBOS PROCESADO 5 KG;PERECIBLE;2026-05-01;2136.267;30;339.09;5
27;BORREGO CUBOS PROCESADO 5 KG;PERECIBLE;2026-06-01;4312.035;50;684.45;6
27;BORREGO CUBOS PROCESADO 5 KG;PERECIBLE;2026-07-01;6494.355;46;1030.85;7
40;POLLO VACIO PRONACA (1.4-1.6) KG;PERECIBLE;2026-01-01;10406.025;123;2625;1
40;POLLO VACIO PRONACA (1.4-1.6) KG;PERECIBLE;2026-02-01;12027.3828;106;3034;2
40;POLLO VACIO PRONACA (1.4-1.6) KG;PERECIBLE;2026-03-01;21022.1526;192;5303;3
40;POLLO VACIO PRONACA (1.4-1.6) KG;PERECIBLE;2026-04-01;22179.699;177;5595;4
40;POLLO VACIO PRONACA (1.4-1.6) KG;PERECIBLE;2026-05-01;21763.458;199;5490;5
40;POLLO VACIO PRONACA (1.4-1.6) KG;PERECIBLE;2026-06-01;41790.5964;279;10542;6
40;POLLO VACIO PRONACA (1.4-1.6) KG;PERECIBLE;2026-07-01;38674.7352;252;9756;7
41;POLLO VACIO PRONACA (1.6-1.8) KG;PERECIBLE;2026-01-01;17361.6742;148;3887;1
41;POLLO VACIO PRONACA (1.6-1.8) KG;PERECIBLE;2026-02-01;14503.0502;134;3247;2
41;POLLO VACIO PRONACA (1.6-1.8) KG;PERECIBLE;2026-03-01;24342.97;225;5450;3
41;POLLO VACIO PRONACA (1.6-1.8) KG;PERECIBLE;2026-04-01;18643.5884;181;4174;4
41;POLLO VACIO PRONACA (1.6-1.8) KG;PERECIBLE;2026-05-01;15691.1658;146;3513;5
41;POLLO VACIO PRONACA (1.6-1.8) KG;PERECIBLE;2026-06-01;14373.5188;145;3218;6
41;POLLO VACIO PRONACA (1.6-1.8) KG;PERECIBLE;2026-07-01;13252.4022;103;2967;7
46;AGUA MINERAL CON GAS GÜITIG 3 LT;NO PERECIBLE;2026-01-01;229.62639848;30;152;1
46;AGUA MINERAL CON GAS GÜITIG 3 LT;NO PERECIBLE;2026-02-01;178.26259882;24;118;2
46;AGUA MINERAL CON GAS GÜITIG 3 LT;NO PERECIBLE;2026-03-01;249.26549835;33;165;3
46;AGUA MINERAL CON GAS GÜITIG 3 LT;NO PERECIBLE;2026-04-01;326.31119784;40;216;4
46;AGUA MINERAL CON GAS GÜITIG 3 LT;NO PERECIBLE;2026-05-01;291.56509807;41;193;5
46;AGUA MINERAL CON GAS GÜITIG 3 LT;NO PERECIBLE;2026-06-01;259.84039828;36;172;6
46;AGUA MINERAL CON GAS GÜITIG 3 LT;NO PERECIBLE;2026-07-01;256.8189983;34;170;7
47;CERDO COSTILLA CONGELADO PROCESADO 5KG;PERECIBLE;2026-01-01;7379.241;109;1446.91;1
47;CERDO COSTILLA CONGELADO PROCESADO 5KG;PERECIBLE;2026-02-01;8318.202;108;1631.02;2
47;CERDO COSTILLA CONGELADO PROCESADO 5KG;PERECIBLE;2026-03-01;10222.542;137;2004.42;3
47;CERDO COSTILLA CONGELADO PROCESADO 5KG;PERECIBLE;2026-04-01;9469.323;121;1856.73;4
47;CERDO COSTILLA CONGELADO PROCESADO 5KG;PERECIBLE;2026-05-01;12161.46;139;2384.6;5
47;CERDO COSTILLA CONGELADO PROCESADO 5KG;PERECIBLE;2026-06-01;16108.962;160;3158.62;6
47;CERDO COSTILLA CONGELADO PROCESADO 5KG;PERECIBLE;2026-07-01;12552.477;139;2461.27;7
48;CERDO CUERO 1 KG;PERECIBLE;2026-01-01;1018.4104;207;438.97;1
48;CERDO CUERO 1 KG;PERECIBLE;2026-02-01;699.0856;148;301.33;2
48;CERDO CUERO 1 KG;PERECIBLE;2026-03-01;1121.1168;213;483.24;3
48;CERDO CUERO 1 KG;PERECIBLE;2026-04-01;947.488;182;408.4;4
48;CERDO CUERO 1 KG;PERECIBLE;2026-05-01;933.9392;192;402.56;5
48;CERDO CUERO 1 KG;PERECIBLE;2026-06-01;892.5504;180;384.72;6
48;CERDO CUERO 1 KG;PERECIBLE;2026-07-01;1028.7576;203;443.43;7
49;CERDO DESHUESADO PROCESADO 1 KG;PERECIBLE;2026-01-01;5298.59;542;913.55;1
49;CERDO DESHUESADO PROCESADO 1 KG;PERECIBLE;2026-02-01;5066.068;471;873.46;2
49;CERDO DESHUESADO PROCESADO 1 KG;PERECIBLE;2026-03-01;6087.622;553;1049.59;3
49;CERDO DESHUESADO PROCESADO 1 KG;PERECIBLE;2026-04-01;5632.554;552;971.13;4
49;CERDO DESHUESADO PROCESADO 1 KG;PERECIBLE;2026-05-01;5495.964;578;947.58;5
49;CERDO DESHUESADO PROCESADO 1 KG;PERECIBLE;2026-06-01;5621.244;586;969.18;6
49;CERDO DESHUESADO PROCESADO 1 KG;PERECIBLE;2026-07-01;5453.218;563;940.21;7
50;CERDO GRASA CONGELADO 1 KG;PERECIBLE;2026-01-01;1158.2424;364;787.92;1
50;CERDO GRASA CONGELADO 1 KG;PERECIBLE;2026-02-01;1104.0729;322;751.07;2
50;CERDO GRASA CONGELADO 1 KG;PERECIBLE;2026-03-01;1382.1675;369;940.25;3
50;CERDO GRASA CONGELADO 1 KG;PERECIBLE;2026-04-01;1253.1162;387;852.46;4
50;CERDO GRASA CONGELADO 1 KG;PERECIBLE;2026-05-01;1427.7375;369;971.25;5
50;CERDO GRASA CONGELADO 1 KG;PERECIBLE;2026-06-01;1320.6039;374;898.37;6
50;CERDO GRASA CONGELADO 1 KG;PERECIBLE;2026-07-01;1251.0876;369;851.08;7
51;CERDO HUESO CONGELADO 1 KG;PERECIBLE;2026-01-01;385.5896;275;876.34;1
51;CERDO HUESO CONGELADO 1 KG;PERECIBLE;2026-02-01;209.9196;141;477.09;2
51;CERDO HUESO CONGELADO 1 KG;PERECIBLE;2026-03-01;147.158;120;334.45;3
51;CERDO HUESO CONGELADO 1 KG;PERECIBLE;2026-04-01;340.5248;243;773.92;4
51;CERDO HUESO CONGELADO 1 KG;PERECIBLE;2026-05-01;581.3588;517;1321.27;5
51;CERDO HUESO CONGELADO 1 KG;PERECIBLE;2026-06-01;657.448;552;1494.2;6
51;CERDO HUESO CONGELADO 1 KG;PERECIBLE;2026-07-01;614.2884;537;1396.11;7
52;CERDO LOMO FINO CONGELADO PROCESADO 1 KG;PERECIBLE;2026-01-01;279.778;11;47.42;1
52;CERDO LOMO FINO CONGELADO PROCESADO 1 KG;PERECIBLE;2026-02-01;515.542;10;87.38;2
52;CERDO LOMO FINO CONGELADO PROCESADO 1 KG;PERECIBLE;2026-03-01;327.332;11;55.48;3
52;CERDO LOMO FINO CONGELADO PROCESADO 1 KG;PERECIBLE;2026-04-01;1825.047;15;309.33;4
52;CERDO LOMO FINO CONGELADO PROCESADO 1 KG;PERECIBLE;2026-05-01;1134.216;20;192.24;5
52;CERDO LOMO FINO CONGELADO PROCESADO 1 KG;PERECIBLE;2026-06-01;1764.572;31;299.08;6
52;CERDO LOMO FINO CONGELADO PROCESADO 1 KG;PERECIBLE;2026-07-01;488.166;16;82.74;7
55;COCHINILLO MACAFRI (6 - 8 KG);PERECIBLE;2026-01-01;219.9100109;2;2;1
55;COCHINILLO MACAFRI (6 - 8 KG);PERECIBLE;2026-02-01;0;0;0;2
55;COCHINILLO MACAFRI (6 - 8 KG);PERECIBLE;2026-03-01;0;0;0;3
55;COCHINILLO MACAFRI (6 - 8 KG);PERECIBLE;2026-04-01;0;0;0;4
55;COCHINILLO MACAFRI (6 - 8 KG);PERECIBLE;2026-05-01;0;0;0;5
55;COCHINILLO MACAFRI (6 - 8 KG);PERECIBLE;2026-06-01;0;0;0;6
55;COCHINILLO MACAFRI (6 - 8 KG);PERECIBLE;2026-07-01;0;0;0;7
60;RES GOULASH PROCESADO 1 KG;PERECIBLE;2026-01-01;7221.18384;423;1361.46;1
60;RES GOULASH PROCESADO 1 KG;PERECIBLE;2026-02-01;6536.27832;299;1232.33;2
60;RES GOULASH PROCESADO 1 KG;PERECIBLE;2026-03-01;5976.91848;350;1126.87;3
60;RES GOULASH PROCESADO 1 KG;PERECIBLE;2026-04-01;7230.78408;399;1363.27;4
60;RES GOULASH PROCESADO 1 KG;PERECIBLE;2026-05-01;4963.00584;334;935.71;5
60;RES GOULASH PROCESADO 1 KG;PERECIBLE;2026-06-01;3890.64312;289;733.53;6
60;RES GOULASH PROCESADO 1 KG;PERECIBLE;2026-07-01;3276.75816;262;617.79;7
61;RES HUESO 1 KG;PERECIBLE;2026-01-01;415.999692;361;826.38;1
61;RES HUESO 1 KG;PERECIBLE;2026-02-01;730.946868;449;1452.02;2
61;RES HUESO 1 KG;PERECIBLE;2026-03-01;774.032874;532;1537.61;3
61;RES HUESO 1 KG;PERECIBLE;2026-04-01;407.119716;334;808.74;4
61;RES HUESO 1 KG;PERECIBLE;2026-05-01;175.419798;36;348.47;5
61;RES HUESO 1 KG;PERECIBLE;2026-06-01;52.514688;15;104.32;6
61;RES HUESO 1 KG;PERECIBLE;2026-07-01;5.391414;1;10.71;7
62;RES JULIANA PROCESADO 1 KG;PERECIBLE;2026-01-01;8141.74608;447;1535.02;1
62;RES JULIANA PROCESADO 1 KG;PERECIBLE;2026-02-01;7764.47256;411;1463.89;2
62;RES JULIANA PROCESADO 1 KG;PERECIBLE;2026-03-01;4361.69136;232;822.34;3
62;RES JULIANA PROCESADO 1 KG;PERECIBLE;2026-04-01;6838.28808;419;1289.27;4
62;RES JULIANA PROCESADO 1 KG;PERECIBLE;2026-05-01;6536.70264;411;1232.41;5
62;RES JULIANA PROCESADO 1 KG;PERECIBLE;2026-06-01;6537.12696;479;1232.49;6
62;RES JULIANA PROCESADO 1 KG;PERECIBLE;2026-07-01;6191.41224;472;1167.31;7
64;RES CARNE MOLIDA 14 - 17% GRASA CONGELADO PROCESADO 1 KG;PERECIBLE;2026-01-01;4754.40264;508;1172.19;1
64;RES CARNE MOLIDA 14 - 17% GRASA CONGELADO PROCESADO 1 KG;PERECIBLE;2026-02-01;4874.7036;499;1201.85;2
64;RES CARNE MOLIDA 14 - 17% GRASA CONGELADO PROCESADO 1 KG;PERECIBLE;2026-03-01;5250.8976;552;1294.6;3
64;RES CARNE MOLIDA 14 - 17% GRASA CONGELADO PROCESADO 1 KG;PERECIBLE;2026-04-01;4720.45392;489;1163.82;4
64;RES CARNE MOLIDA 14 - 17% GRASA CONGELADO PROCESADO 1 KG;PERECIBLE;2026-05-01;4635.48072;469;1142.87;5
64;RES CARNE MOLIDA 14 - 17% GRASA CONGELADO PROCESADO 1 KG;PERECIBLE;2026-06-01;4798.61304;483;1183.09;6
64;RES CARNE MOLIDA 14 - 17% GRASA CONGELADO PROCESADO 1 KG;PERECIBLE;2026-07-01;4727.14632;473;1165.47;7
65;RES PECHO PROCESADO 1 KG;PERECIBLE;2026-01-01;0;0;0;1
65;RES PECHO PROCESADO 1 KG;PERECIBLE;2026-02-01;0;0;0;2
65;RES PECHO PROCESADO 1 KG;PERECIBLE;2026-03-01;0;0;0;3
65;RES PECHO PROCESADO 1 KG;PERECIBLE;2026-04-01;0;0;0;4
65;RES PECHO PROCESADO 1 KG;PERECIBLE;2026-05-01;170.960265;5;33.81;5
65;RES PECHO PROCESADO 1 KG;PERECIBLE;2026-06-01;0;0;0;6
65;RES PECHO PROCESADO 1 KG;PERECIBLE;2026-07-01;0;0;0;7
68;MURICO FILETE ENTERO CONGELADO KG;PERECIBLE;2026-01-01;218.8496266419;15;43.77;1
68;MURICO FILETE ENTERO CONGELADO KG;PERECIBLE;2026-02-01;3672.6937343738;256;734.54;2
68;MURICO FILETE ENTERO CONGELADO KG;PERECIBLE;2026-03-01;3592.7938706832;278;718.56;3
68;MURICO FILETE ENTERO CONGELADO KG;PERECIBLE;2026-04-01;6110.7395750605;442;1222.15;4
68;MURICO FILETE ENTERO CONGELADO KG;PERECIBLE;2026-05-01;4978.3915068496;352;995.68;5
68;MURICO FILETE ENTERO CONGELADO KG;PERECIBLE;2026-06-01;4019.0431435007;311;803.81;6
68;MURICO FILETE ENTERO CONGELADO KG;PERECIBLE;2026-07-01;2202.2962428762;169;440.46;7
69;RES CORAZON CONGELADO;PERECIBLE;2026-01-01;36.2186787336;3;11.91;1
69;RES CORAZON CONGELADO;PERECIBLE;2026-02-01;21.1655754816;3;6.96;2
69;RES CORAZON CONGELADO;PERECIBLE;2026-03-01;46.9231077128;3;15.43;3
69;RES CORAZON CONGELADO;PERECIBLE;2026-04-01;49.0518293848;3;16.13;4
69;RES CORAZON CONGELADO;PERECIBLE;2026-05-01;123.009702332;13;40.45;5
69;RES CORAZON CONGELADO;PERECIBLE;2026-06-01;84.0540957344;4;27.64;6
69;RES CORAZON CONGELADO;PERECIBLE;2026-07-01;6.6294474928;1;2.18;7
70;RES CHINCHULINES CONGELADO 1 KG;PERECIBLE;2026-01-01;191.7268817649;22;57.81;1
70;RES CHINCHULINES CONGELADO 1 KG;PERECIBLE;2026-02-01;145.0968876875;20;43.75;2
70;RES CHINCHULINES CONGELADO 1 KG;PERECIBLE;2026-03-01;124.4350908808;13;37.52;3
70;RES CHINCHULINES CONGELADO 1 KG;PERECIBLE;2026-04-01;123.2743157793;17;37.17;4
70;RES CHINCHULINES CONGELADO 1 KG;PERECIBLE;2026-05-01;54.390604756;11;16.4;5
70;RES CHINCHULINES CONGELADO 1 KG;PERECIBLE;2026-06-01;110.5389546657;14;33.33;6
70;RES CHINCHULINES CONGELADO 1 KG;PERECIBLE;2026-07-01;93.6911331925;6;28.25;7
71;YUCA 1 KG;FRUVER;2026-01-01;16132.1895;946;35849.31;1
71;YUCA 1 KG;FRUVER;2026-02-01;16961.607;884;37692.46;2
71;YUCA 1 KG;FRUVER;2026-03-01;18794.3895;1031;41765.31;3
71;YUCA 1 KG;FRUVER;2026-04-01;18174.807;996;40388.46;4
71;YUCA 1 KG;FRUVER;2026-05-01;19215.963;1000;42702.14;5
71;YUCA 1 KG;FRUVER;2026-06-01;18782.9055;1037;41739.79;6
71;YUCA 1 KG;FRUVER;2026-07-01;22398.5115;1009;49774.47;7
72;BORREGO PROCESADO 2 KG;PERECIBLE;2026-01-01;103.8231782937;4;14.37;1
72;BORREGO PROCESADO 2 KG;PERECIBLE;2026-02-01;163.1403873258;10;22.58;2
72;BORREGO PROCESADO 2 KG;PERECIBLE;2026-03-01;75.3566979543;3;10.43;3
72;BORREGO PROCESADO 2 KG;PERECIBLE;2026-04-01;270.2870633241;16;37.41;4
72;BORREGO PROCESADO 2 KG;PERECIBLE;2026-05-01;224.4083450106;12;31.06;5
72;BORREGO PROCESADO 2 KG;PERECIBLE;2026-06-01;194.9303653698;11;26.98;6
72;BORREGO PROCESADO 2 KG;PERECIBLE;2026-07-01;226.7925933639;12;31.39;7
74;CUY X2;PERECIBLE;2026-01-01;126;1;18;1
74;CUY X2;PERECIBLE;2026-02-01;420;4;60;2
74;CUY X2;PERECIBLE;2026-03-01;98;3;14;3
74;CUY X2;PERECIBLE;2026-04-01;28;1;4;4
74;CUY X2;PERECIBLE;2026-05-01;84;1;12;5
74;CUY X2;PERECIBLE;2026-06-01;294;5;42;6
74;CUY X2;PERECIBLE;2026-07-01;112;2;16;7
80;RES HIGADO JULIANA 5 KG;PERECIBLE;2026-01-01;238.6077408;7;50.38;1
80;RES HIGADO JULIANA 5 KG;PERECIBLE;2026-02-01;404.1838944;9;85.34;2
80;RES HIGADO JULIANA 5 KG;PERECIBLE;2026-03-01;260.6782464;8;55.04;3
80;RES HIGADO JULIANA 5 KG;PERECIBLE;2026-04-01;213.364008;7;45.05;4
80;RES HIGADO JULIANA 5 KG;PERECIBLE;2026-05-01;190.0147392;7;40.12;5
80;RES HIGADO JULIANA 5 KG;PERECIBLE;2026-06-01;482.0463648;11;101.78;6
80;RES HIGADO JULIANA 5 KG;PERECIBLE;2026-07-01;120.8194416;4;25.51;7
84;RES LENGUA CONGELADO;PERECIBLE;2026-01-01;1176.9869360105;41;171.13;1
84;RES LENGUA CONGELADO;PERECIBLE;2026-02-01;1245.145298284;35;181.04;2
84;RES LENGUA CONGELADO;PERECIBLE;2026-03-01;2240.4224531375;54;325.75;3
84;RES LENGUA CONGELADO;PERECIBLE;2026-04-01;2001.4899097085;49;291.01;4
84;RES LENGUA CONGELADO;PERECIBLE;2026-05-01;2246.6124154025;47;326.65;5
84;RES LENGUA CONGELADO;PERECIBLE;2026-06-01;1843.2332078;48;268;6
84;RES LENGUA CONGELADO;PERECIBLE;2026-07-01;1415.2317058545;42;205.77;7
85;RES LIBRILLO 1 KG;PERECIBLE;2026-01-01;209.575996;10;51.46;1
85;RES LIBRILLO 1 KG;PERECIBLE;2026-02-01;125.23245;6;30.75;2
85;RES LIBRILLO 1 KG;PERECIBLE;2026-03-01;258.569374;11;63.49;3
85;RES LIBRILLO 1 KG;PERECIBLE;2026-04-01;243.989466;11;59.91;4
85;RES LIBRILLO 1 KG;PERECIBLE;2026-05-01;143.396246;4;35.21;5
85;RES LIBRILLO 1 KG;PERECIBLE;2026-06-01;194.914636;7;47.86;6
85;RES LIBRILLO 1 KG;PERECIBLE;2026-07-01;270.746448;7;66.48;7
86;RES UBRE 1 KG;PERECIBLE;2026-01-01;90.410892;8;33.63;1
86;RES UBRE 1 KG;PERECIBLE;2026-02-01;126.75806;11;47.15;2
86;RES UBRE 1 KG;PERECIBLE;2026-03-01;88.663432;6;32.98;3
86;RES UBRE 1 KG;PERECIBLE;2026-04-01;134.446884;12;50.01;4
86;RES UBRE 1 KG;PERECIBLE;2026-05-01;46.401784;3;17.26;5
86;RES UBRE 1 KG;PERECIBLE;2026-06-01;186.064164;14;69.21;6
86;RES UBRE 1 KG;PERECIBLE;2026-07-01;118.235832;7;43.98;7
89;CALAMAR POTA CONGELADO 1 KG;PERECIBLE;2026-01-01;1325.307;196;465.02;1
89;CALAMAR POTA CONGELADO 1 KG;PERECIBLE;2026-02-01;1353.7215;197;474.99;2
89;CALAMAR POTA CONGELADO 1 KG;PERECIBLE;2026-03-01;1406.931;208;493.66;3
89;CALAMAR POTA CONGELADO 1 KG;PERECIBLE;2026-04-01;1379.001;188;483.86;4
89;CALAMAR POTA CONGELADO 1 KG;PERECIBLE;2026-05-01;1337.8185;191;469.41;5
89;CALAMAR POTA CONGELADO 1 KG;PERECIBLE;2026-06-01;1528.455;212;536.3;6
89;CALAMAR POTA CONGELADO 1 KG;PERECIBLE;2026-07-01;1416.3645;204;496.97;7
91;CAMARON SIN CASCARA MEDIANO (51-60) CONGELADO 1 KG;PERECIBLE;2026-01-01;31053.23;537;4507;1
91;CAMARON SIN CASCARA MEDIANO (51-60) CONGELADO 1 KG;PERECIBLE;2026-02-01;28166.32;500;4088;2
91;CAMARON SIN CASCARA MEDIANO (51-60) CONGELADO 1 KG;PERECIBLE;2026-03-01;34863.4;577;5060;3
91;CAMARON SIN CASCARA MEDIANO (51-60) CONGELADO 1 KG;PERECIBLE;2026-04-01;34615.36;568;5024;4
91;CAMARON SIN CASCARA MEDIANO (51-60) CONGELADO 1 KG;PERECIBLE;2026-05-01;31259.93;547;4537;5
91;CAMARON SIN CASCARA MEDIANO (51-60) CONGELADO 1 KG;PERECIBLE;2026-06-01;36923.51;589;5359;6
91;CAMARON SIN CASCARA MEDIANO (51-60) CONGELADO 1 KG;PERECIBLE;2026-07-01;35573.07;570;5163;7
92;CAMARON CON CASCARA CONGELADO (51-60) 1 KG;PERECIBLE;2026-01-01;1297.17;54;213;1
92;CAMARON CON CASCARA CONGELADO (51-60) 1 KG;PERECIBLE;2026-02-01;2155.86;67;354;2
92;CAMARON CON CASCARA CONGELADO (51-60) 1 KG;PERECIBLE;2026-03-01;1772.19;60;291;3
92;CAMARON CON CASCARA CONGELADO (51-60) 1 KG;PERECIBLE;2026-04-01;1096.2;50;180;4
92;CAMARON CON CASCARA CONGELADO (51-60) 1 KG;PERECIBLE;2026-05-01;1833.09;50;301;5
92;CAMARON CON CASCARA CONGELADO (51-60) 1 KG;PERECIBLE;2026-06-01;1473.78;45;242;6
92;CAMARON CON CASCARA CONGELADO (51-60) 1 KG;PERECIBLE;2026-07-01;1437.24;55;236;7
93;CAMARON GRANDE CONGELADO (36-40) 1 KG;PERECIBLE;2026-01-01;143.52;6;16;1
93;CAMARON GRANDE CONGELADO (36-40) 1 KG;PERECIBLE;2026-02-01;80.73;4;9;2
93;CAMARON GRANDE CONGELADO (36-40) 1 KG;PERECIBLE;2026-03-01;242.19;8;27;3
93;CAMARON GRANDE CONGELADO (36-40) 1 KG;PERECIBLE;2026-04-01;242.19;7;27;4
93;CAMARON GRANDE CONGELADO (36-40) 1 KG;PERECIBLE;2026-05-01;287.04;10;32;5
93;CAMARON GRANDE CONGELADO (36-40) 1 KG;PERECIBLE;2026-06-01;421.59;12;47;6
93;CAMARON GRANDE CONGELADO (36-40) 1 KG;PERECIBLE;2026-07-01;367.77;10;41;7
96;ALMEJA CASCARA X100;PERECIBLE;2026-01-01;20.85;1;5;1
96;ALMEJA CASCARA X100;PERECIBLE;2026-02-01;12.51;2;3;2
96;ALMEJA CASCARA X100;PERECIBLE;2026-03-01;0;0;0;3
96;ALMEJA CASCARA X100;PERECIBLE;2026-04-01;25.02;1;6;4
96;ALMEJA CASCARA X100;PERECIBLE;2026-05-01;4.17;1;1;5
96;ALMEJA CASCARA X100;PERECIBLE;2026-06-01;4.17;1;1;6
96;ALMEJA CASCARA X100;PERECIBLE;2026-07-01;8.34;1;2;7
97;PLATANO MAQUEÑO PINTON AL GRANEL 1 KG;FRUVER;2026-01-01;450.674;59;643.82;1
97;PLATANO MAQUEÑO PINTON AL GRANEL 1 KG;FRUVER;2026-02-01;381.136;64;544.48;2
97;PLATANO MAQUEÑO PINTON AL GRANEL 1 KG;FRUVER;2026-03-01;466.914;58;667.02;3
97;PLATANO MAQUEÑO PINTON AL GRANEL 1 KG;FRUVER;2026-04-01;385.336;68;550.48;4
97;PLATANO MAQUEÑO PINTON AL GRANEL 1 KG;FRUVER;2026-05-01;436.352;66;623.36;5
97;PLATANO MAQUEÑO PINTON AL GRANEL 1 KG;FRUVER;2026-06-01;428.274;64;611.82;6
97;PLATANO MAQUEÑO PINTON AL GRANEL 1 KG;FRUVER;2026-07-01;508.431;67;726.33;7
98;LANGOSTINO (10-12) KG;PERECIBLE;2026-01-01;646.5;13;50;1
98;LANGOSTINO (10-12) KG;PERECIBLE;2026-02-01;659.43;13;51;2
98;LANGOSTINO (10-12) KG;PERECIBLE;2026-03-01;930.96;16;72;3
98;LANGOSTINO (10-12) KG;PERECIBLE;2026-04-01;387.9;7;30;4
98;LANGOSTINO (10-12) KG;PERECIBLE;2026-05-01;711.15;18;55;5
98;LANGOSTINO (10-12) KG;PERECIBLE;2026-06-01;594.78;17;46;6
98;LANGOSTINO (10-12) KG;PERECIBLE;2026-07-01;1189.56;13;92;7
99;ALBACORA 1 KG;PERECIBLE;2026-01-01;3231.361406592;244;633.6;1
99;ALBACORA 1 KG;PERECIBLE;2026-02-01;3749.776632255;253;735.25;2
99;ALBACORA 1 KG;PERECIBLE;2026-03-01;3912.1607029398;293;767.09;3
99;ALBACORA 1 KG;PERECIBLE;2026-04-01;4369.6309020738;270;856.79;4
99;ALBACORA 1 KG;PERECIBLE;2026-05-01;3396.856478631;255;666.05;5
99;ALBACORA 1 KG;PERECIBLE;2026-06-01;4363.306899321;280;855.55;6
99;ALBACORA 1 KG;PERECIBLE;2026-07-01;4346.6808920838;296;852.29;7
100;BAGRE 1 KG;PERECIBLE;2026-01-01;112.96;13;32;1
100;BAGRE 1 KG;PERECIBLE;2026-02-01;63.54;12;18;2
100;BAGRE 1 KG;PERECIBLE;2026-03-01;130.61;17;37;3
100;BAGRE 1 KG;PERECIBLE;2026-04-01;52.95;11;15;4
100;BAGRE 1 KG;PERECIBLE;2026-05-01;162.38;20;46;5
100;BAGRE 1 KG;PERECIBLE;2026-06-01;60.01;12;17;6
100;BAGRE 1 KG;PERECIBLE;2026-07-01;95.31;13;27;7
101;PESCADO CABEZA 1 KG;PERECIBLE;2026-01-01;458.88;155;305.92;1
101;PESCADO CABEZA 1 KG;PERECIBLE;2026-02-01;516.375;166;344.25;2
101;PESCADO CABEZA 1 KG;PERECIBLE;2026-03-01;542.595;173;361.73;3
101;PESCADO CABEZA 1 KG;PERECIBLE;2026-04-01;432.51;140;288.34;4
101;PESCADO CABEZA 1 KG;PERECIBLE;2026-05-01;556.35;171;370.9;5
101;PESCADO CABEZA 1 KG;PERECIBLE;2026-06-01;533.535;161;355.69;6
101;PESCADO CABEZA 1 KG;PERECIBLE;2026-07-01;728.37;208;485.58;7
105;PESCADO PAMPANITO X10;PERECIBLE;2026-01-01;885.12;14;192;1
105;PESCADO PAMPANITO X10;PERECIBLE;2026-02-01;1193.99;14;259;2
105;PESCADO PAMPANITO X10;PERECIBLE;2026-03-01;1461.37;30;317;3
105;PESCADO PAMPANITO X10;PERECIBLE;2026-04-01;1263.14;21;274;4
105;PESCADO PAMPANITO X10;PERECIBLE;2026-05-01;1599.67;28;347;5
105;PESCADO PAMPANITO X10;PERECIBLE;2026-06-01;1193.99;21;259;6
105;PESCADO PAMPANITO X10;PERECIBLE;2026-07-01;1530.52;15;332;7
106;PARGO UND X10;PERECIBLE;2026-01-01;376.86;12;33;1
106;PARGO UND X10;PERECIBLE;2026-02-01;319.76;9;28;2
106;PARGO UND X10;PERECIBLE;2026-03-01;571;13;50;3
106;PARGO UND X10;PERECIBLE;2026-04-01;308.34;9;27;4
106;PARGO UND X10;PERECIBLE;2026-05-01;730.88;22;64;5
106;PARGO UND X10;PERECIBLE;2026-06-01;285.5;3;25;6
106;PARGO UND X10;PERECIBLE;2026-07-01;262.66;15;23;7
107;PICUDO LOMO CONGELADO 1 KG;PERECIBLE;2026-01-01;1020.4896;17;125.06;1
107;PICUDO LOMO CONGELADO 1 KG;PERECIBLE;2026-02-01;856.0656;19;104.91;2
107;PICUDO LOMO CONGELADO 1 KG;PERECIBLE;2026-03-01;2657.712;22;325.7;3
107;PICUDO LOMO CONGELADO 1 KG;PERECIBLE;2026-04-01;3102.2688;21;380.18;4
107;PICUDO LOMO CONGELADO 1 KG;PERECIBLE;2026-05-01;4505.136;22;552.1;5
107;PICUDO LOMO CONGELADO 1 KG;PERECIBLE;2026-06-01;3014.1408;19;369.38;6
107;PICUDO LOMO CONGELADO 1 KG;PERECIBLE;2026-07-01;2068.2336;14;253.46;7
108;PESCADO RETAZO 1 KG;PERECIBLE;2026-01-01;5259.4560450244;478;1158.49;1
108;PESCADO RETAZO 1 KG;PERECIBLE;2026-02-01;4927.1336404324;422;1085.29;2
108;PESCADO RETAZO 1 KG;PERECIBLE;2026-03-01;6064.883883804;523;1335.9;3
108;PESCADO RETAZO 1 KG;PERECIBLE;2026-04-01;6278.3056903596;469;1382.91;4
108;PESCADO RETAZO 1 KG;PERECIBLE;2026-05-01;6004.1397065712;526;1322.52;5
108;PESCADO RETAZO 1 KG;PERECIBLE;2026-06-01;6556.8300007656;553;1444.26;6
108;PESCADO RETAZO 1 KG;PERECIBLE;2026-07-01;6726.8955373232;582;1481.72;7
109;PESCADO SECO 1 KG;PERECIBLE;2026-01-01;0;0;0;1
109;PESCADO SECO 1 KG;PERECIBLE;2026-02-01;0;0;0;2
109;PESCADO SECO 1 KG;PERECIBLE;2026-03-01;1788.4;110;263;3
109;PESCADO SECO 1 KG;PERECIBLE;2026-04-01;122.4;9;18;4
109;PESCADO SECO 1 KG;PERECIBLE;2026-05-01;20.4;2;3;5
109;PESCADO SECO 1 KG;PERECIBLE;2026-06-01;0;0;0;6
109;PESCADO SECO 1 KG;PERECIBLE;2026-07-01;0;0;0;7
110;TILAPIA FILETE SANTA PRISCILA X 1KG;PERECIBLE;2026-01-01;5872.623;303;827.13;1
110;TILAPIA FILETE SANTA PRISCILA X 1KG;PERECIBLE;2026-02-01;5103.835;292;718.85;2
110;TILAPIA FILETE SANTA PRISCILA X 1KG;PERECIBLE;2026-03-01;7421.062;319;1045.22;3
110;TILAPIA FILETE SANTA PRISCILA X 1KG;PERECIBLE;2026-04-01;5615.248;316;790.88;4
110;TILAPIA FILETE SANTA PRISCILA X 1KG;PERECIBLE;2026-05-01;7255.916;379;1021.96;5
110;TILAPIA FILETE SANTA PRISCILA X 1KG;PERECIBLE;2026-06-01;5975.502;345;841.62;6
110;TILAPIA FILETE SANTA PRISCILA X 1KG;PERECIBLE;2026-07-01;6837.229;369;962.99;7
112;TRUCHA FILETE 1 KG;PERECIBLE;2026-01-01;1467.18;44;198;1
112;TRUCHA FILETE 1 KG;PERECIBLE;2026-02-01;1630.2;30;220;2
112;TRUCHA FILETE 1 KG;PERECIBLE;2026-03-01;1281.93;40;173;3
112;TRUCHA FILETE 1 KG;PERECIBLE;2026-04-01;1541.28;31;208;4
112;TRUCHA FILETE 1 KG;PERECIBLE;2026-05-01;1200.42;35;162;5
112;TRUCHA FILETE 1 KG;PERECIBLE;2026-06-01;1741.35;35;235;6
112;TRUCHA FILETE 1 KG;PERECIBLE;2026-07-01;889.2;20;120;7
113;PULPO 1 KG;PERECIBLE;2026-01-01;0;0;0;1
113;PULPO 1 KG;PERECIBLE;2026-02-01;0;0;0;2
113;PULPO 1 KG;PERECIBLE;2026-03-01;80.52;1;4;3
113;PULPO 1 KG;PERECIBLE;2026-04-01;100.65;3;5;4
113;PULPO 1 KG;PERECIBLE;2026-05-01;60.39;1;3;5
113;PULPO 1 KG;PERECIBLE;2026-06-01;342.21;6;17;6
113;PULPO 1 KG;PERECIBLE;2026-07-01;60.39;2;3;7
134;MORA CONGELADA 1 KG;PERECIBLE;2026-01-01;605;68;220;1
134;MORA CONGELADA 1 KG;PERECIBLE;2026-02-01;896.5;92;326;2
134;MORA CONGELADA 1 KG;PERECIBLE;2026-03-01;866.25;76;315;3
134;MORA CONGELADA 1 KG;PERECIBLE;2026-04-01;759;80;276;4
134;MORA CONGELADA 1 KG;PERECIBLE;2026-05-01;869;80;316;5
134;MORA CONGELADA 1 KG;PERECIBLE;2026-06-01;1025.75;86;373;6
134;MORA CONGELADA 1 KG;PERECIBLE;2026-07-01;902;97;328;7
135;PAPAS PREFRITAS LISAS ULTRACONGELADAS AVIKO 2.5 KG;PERECIBLE;2026-01-01;245.125;16;37;1
135;PAPAS PREFRITAS LISAS ULTRACONGELADAS AVIKO 2.5 KG;PERECIBLE;2026-02-01;172.25;8;26;2
135;PAPAS PREFRITAS LISAS ULTRACONGELADAS AVIKO 2.5 KG;PERECIBLE;2026-03-01;556.5;16;84;3
135;PAPAS PREFRITAS LISAS ULTRACONGELADAS AVIKO 2.5 KG;PERECIBLE;2026-04-01;298.125;16;45;4
135;PAPAS PREFRITAS LISAS ULTRACONGELADAS AVIKO 2.5 KG;PERECIBLE;2026-05-01;4253.25;56;642;5
135;PAPAS PREFRITAS LISAS ULTRACONGELADAS AVIKO 2.5 KG;PERECIBLE;2026-06-01;6923.125;86;1045;6
135;PAPAS PREFRITAS LISAS ULTRACONGELADAS AVIKO 2.5 KG;PERECIBLE;2026-07-01;4604.375;52;695;7
141;FRUTILLA 1 KG;FRUVER;2026-01-01;3755.1695;517;2422.69;1
141;FRUTILLA 1 KG;FRUVER;2026-02-01;3617.2815;446;2333.73;2
141;FRUTILLA 1 KG;FRUVER;2026-03-01;3897.723;520;2514.66;3
141;FRUTILLA 1 KG;FRUVER;2026-04-01;3873.016;509;2498.72;4
141;FRUTILLA 1 KG;FRUVER;2026-05-01;3998.1475;520;2579.45;5
141;FRUTILLA 1 KG;FRUVER;2026-06-01;3901.071;482;2516.82;6
141;FRUTILLA 1 KG;FRUVER;2026-07-01;3680.1185;479;2374.27;7
142;FRUTILLA GRUESA 1 KG;FRUVER;2026-01-01;81;7;45;1
142;FRUTILLA GRUESA 1 KG;FRUVER;2026-02-01;82.188;6;45.66;2
142;FRUTILLA GRUESA 1 KG;FRUVER;2026-03-01;83.412;8;46.34;3
142;FRUTILLA GRUESA 1 KG;FRUVER;2026-04-01;57.6;4;32;4
142;FRUTILLA GRUESA 1 KG;FRUVER;2026-05-01;52.812;10;29.34;5
142;FRUTILLA GRUESA 1 KG;FRUVER;2026-06-01;68.4;8;38;6
142;FRUTILLA GRUESA 1 KG;FRUVER;2026-07-01;4.5;1;2.5;7
144;GUAYABA ROSADA 1 KG;FRUVER;2026-01-01;143.726;18;130.66;1
144;GUAYABA ROSADA 1 KG;FRUVER;2026-02-01;353.276;21;321.16;2
144;GUAYABA ROSADA 1 KG;FRUVER;2026-03-01;274.45;25;249.5;3
144;GUAYABA ROSADA 1 KG;FRUVER;2026-04-01;399.85;26;363.5;4
144;GUAYABA ROSADA 1 KG;FRUVER;2026-05-01;163.35;20;148.5;5
144;GUAYABA ROSADA 1 KG;FRUVER;2026-06-01;118.8;16;108;6
144;GUAYABA ROSADA 1 KG;FRUVER;2026-07-01;199.1;20;181;7
145;GUINEO SEDA VERDE 1 KG;FRUVER;2026-01-01;203.9772;30;485.66;1
145;GUINEO SEDA VERDE 1 KG;FRUVER;2026-02-01;202.0872;29;481.16;2
145;GUINEO SEDA VERDE 1 KG;FRUVER;2026-03-01;168;33;400;3
145;GUINEO SEDA VERDE 1 KG;FRUVER;2026-04-01;157.5672;26;375.16;4
145;GUINEO SEDA VERDE 1 KG;FRUVER;2026-05-01;174.5142;27;415.51;5
145;GUINEO SEDA VERDE 1 KG;FRUVER;2026-06-01;149.1;24;355;6
145;GUINEO SEDA VERDE 1 KG;FRUVER;2026-07-01;129.6372;26;308.66;7
148;HIGO 1 KG;FRUVER;2026-01-01;121.98;15;40.66;1
148;HIGO 1 KG;FRUVER;2026-02-01;81;12;27;2
148;HIGO 1 KG;FRUVER;2026-03-01;1241.58;49;413.86;3
148;HIGO 1 KG;FRUVER;2026-04-01;205.5;20;68.5;4
148;HIGO 1 KG;FRUVER;2026-05-01;123;16;41;5
148;HIGO 1 KG;FRUVER;2026-06-01;170.46;18;56.82;6
148;HIGO 1 KG;FRUVER;2026-07-01;207.96;19;69.32;7
150;LIMON GRANDE 1 KG;FRUVER;2026-01-01;10461.7125;1112;23248.25;1
150;LIMON GRANDE 1 KG;FRUVER;2026-02-01;10992.879;1056;24428.62;2
150;LIMON GRANDE 1 KG;FRUVER;2026-03-01;13281.651;1209;29514.78;3
150;LIMON GRANDE 1 KG;FRUVER;2026-04-01;12850.956;1184;28557.68;4
150;LIMON GRANDE 1 KG;FRUVER;2026-05-01;13738.2885;1188;30529.53;5
150;LIMON GRANDE 1 KG;FRUVER;2026-06-01;13722.6285;1221;30494.73;6
150;LIMON GRANDE 1 KG;FRUVER;2026-07-01;14534.3295;1164;32298.51;7
151;LIMON SUTIL 1 KG;FRUVER;2026-01-01;113.542;25;87.34;1
151;LIMON SUTIL 1 KG;FRUVER;2026-02-01;187.2;32;144;2
151;LIMON SUTIL 1 KG;FRUVER;2026-03-01;145.6;29;112;3
151;LIMON SUTIL 1 KG;FRUVER;2026-04-01;209.56;29;161.2;4
151;LIMON SUTIL 1 KG;FRUVER;2026-05-01;158.6;29;122;5
151;LIMON SUTIL 1 KG;FRUVER;2026-06-01;147.55;26;113.5;6
151;LIMON SUTIL 1 KG;FRUVER;2026-07-01;165.1;15;127;7
152;MADURO PINTON AL GRANEL 1 KG;FRUVER;2026-01-01;18909.165;880;25212.22;1
152;MADURO PINTON AL GRANEL 1 KG;FRUVER;2026-02-01;18787.515;862;25050.02;2
152;MADURO PINTON AL GRANEL 1 KG;FRUVER;2026-03-01;22692.0825;998;30256.11;3
152;MADURO PINTON AL GRANEL 1 KG;FRUVER;2026-04-01;21880.5;946;29174;4
152;MADURO PINTON AL GRANEL 1 KG;FRUVER;2026-05-01;22537.59;942;30050.12;5
152;MADURO PINTON AL GRANEL 1 KG;FRUVER;2026-06-01;23593.4475;977;31457.93;6
152;MADURO PINTON AL GRANEL 1 KG;FRUVER;2026-07-01;24779.58;959;33039.44;7
156;MANGO TOMMY 2 KG;FRUVER;2026-01-01;49.5;8;15;1
156;MANGO TOMMY 2 KG;FRUVER;2026-02-01;33;6;10;2
156;MANGO TOMMY 2 KG;FRUVER;2026-03-01;39.6;7;12;3
156;MANGO TOMMY 2 KG;FRUVER;2026-04-01;49.5;10;15;4
156;MANGO TOMMY 2 KG;FRUVER;2026-05-01;29.7;7;9;5
156;MANGO TOMMY 2 KG;FRUVER;2026-06-01;23.1;5;7;6
156;MANGO TOMMY 2 KG;FRUVER;2026-07-01;23.1;4;7;7
162;MARACUYA 1 KG;FRUVER;2026-01-01;2196.24;244;2196.24;1
162;MARACUYA 1 KG;FRUVER;2026-02-01;1379.44;183;1379.44;2
162;MARACUYA 1 KG;FRUVER;2026-03-01;2498.06;267;2498.06;3
162;MARACUYA 1 KG;FRUVER;2026-04-01;1653.11;220;1653.11;4
162;MARACUYA 1 KG;FRUVER;2026-05-01;2629.43;258;2629.43;5
162;MARACUYA 1 KG;FRUVER;2026-06-01;2799.96;251;2799.96;6
162;MARACUYA 1 KG;FRUVER;2026-07-01;3123.12;244;3123.12;7
166;NARANJILLA PINTONA AL GRANEL 1 KG;FRUVER;2026-01-01;1994.94;391;1994.94;1
166;NARANJILLA PINTONA AL GRANEL 1 KG;FRUVER;2026-02-01;2455.99;384;2455.99;2
166;NARANJILLA PINTONA AL GRANEL 1 KG;FRUVER;2026-03-01;2611.63;418;2611.63;3
166;NARANJILLA PINTONA AL GRANEL 1 KG;FRUVER;2026-04-01;2699.27;419;2699.27;4
166;NARANJILLA PINTONA AL GRANEL 1 KG;FRUVER;2026-05-01;3279.22;431;3279.22;5
166;NARANJILLA PINTONA AL GRANEL 1 KG;FRUVER;2026-06-01;3734.66;451;3734.66;6
166;NARANJILLA PINTONA AL GRANEL 1 KG;FRUVER;2026-07-01;4352.11;455;4352.11;7
174;TAMARINDO 1 KG;FRUVER;2026-01-01;28.5;3;10;1
174;TAMARINDO 1 KG;FRUVER;2026-02-01;5.7;2;2;2
174;TAMARINDO 1 KG;FRUVER;2026-03-01;54.15;4;19;3
174;TAMARINDO 1 KG;FRUVER;2026-04-01;51.3;4;18;4
174;TAMARINDO 1 KG;FRUVER;2026-05-01;48.45;5;17;5
174;TAMARINDO 1 KG;FRUVER;2026-06-01;28.5;3;10;6
174;TAMARINDO 1 KG;FRUVER;2026-07-01;5.7;2;2;7
175;TAXO AL GRANEL 1 KG;FRUVER;2026-01-01;43.7;13;46;1
175;TAXO AL GRANEL 1 KG;FRUVER;2026-02-01;37.05;12;39;2
175;TAXO AL GRANEL 1 KG;FRUVER;2026-03-01;59.85;14;63;3
175;TAXO AL GRANEL 1 KG;FRUVER;2026-04-01;45.6;12;48;4
175;TAXO AL GRANEL 1 KG;FRUVER;2026-05-01;26.6;10;28;5
175;TAXO AL GRANEL 1 KG;FRUVER;2026-06-01;21.85;10;23;6
175;TAXO AL GRANEL 1 KG;FRUVER;2026-07-01;44.65;14;47;7
176;TOMATE DULCE 1 KG;FRUVER;2026-01-01;173.625;67;231.5;1
176;TOMATE DULCE 1 KG;FRUVER;2026-02-01;178.365;61;237.82;2
176;TOMATE DULCE 1 KG;FRUVER;2026-03-01;302.865;73;403.82;3
176;TOMATE DULCE 1 KG;FRUVER;2026-04-01;205.275;68;273.7;4
176;TOMATE DULCE 1 KG;FRUVER;2026-05-01;242.625;72;323.5;5
176;TOMATE DULCE 1 KG;FRUVER;2026-06-01;408.12;74;544.16;6
176;TOMATE DULCE 1 KG;FRUVER;2026-07-01;268.125;71;357.5;7
178;TORONJA 1 KG;FRUVER;2026-01-01;159.965;65;246.1;1
178;TORONJA 1 KG;FRUVER;2026-02-01;266.682;60;410.28;2
178;TORONJA 1 KG;FRUVER;2026-03-01;214.058;59;329.32;3
178;TORONJA 1 KG;FRUVER;2026-04-01;150.7935;56;231.99;4
178;TORONJA 1 KG;FRUVER;2026-05-01;336.1215;69;517.11;5
178;TORONJA 1 KG;FRUVER;2026-06-01;91.351;49;140.54;6
178;TORONJA 1 KG;FRUVER;2026-07-01;362.7845;80;558.13;7
180;UVA ROSADA IMPORTADA AL GRANEL GRANDE 1 KG;FRUVER;2026-01-01;1877.696;184;586.78;1
180;UVA ROSADA IMPORTADA AL GRANEL GRANDE 1 KG;FRUVER;2026-02-01;1616.8;173;505.25;2
180;UVA ROSADA IMPORTADA AL GRANEL GRANDE 1 KG;FRUVER;2026-03-01;1907.392;199;596.06;3
180;UVA ROSADA IMPORTADA AL GRANEL GRANDE 1 KG;FRUVER;2026-04-01;2052.448;205;641.39;4
180;UVA ROSADA IMPORTADA AL GRANEL GRANDE 1 KG;FRUVER;2026-05-01;1835.456;185;573.58;5
180;UVA ROSADA IMPORTADA AL GRANEL GRANDE 1 KG;FRUVER;2026-06-01;2234.912;197;698.41;6
180;UVA ROSADA IMPORTADA AL GRANEL GRANDE 1 KG;FRUVER;2026-07-01;2279.264;200;712.27;7
182;UVA VERDE 1 KG;FRUVER;2026-01-01;255;21;42.5;1
182;UVA VERDE 1 KG;FRUVER;2026-02-01;343.98;20;57.33;2
182;UVA VERDE 1 KG;FRUVER;2026-03-01;354;21;59;3
182;UVA VERDE 1 KG;FRUVER;2026-04-01;312.96;22;52.16;4
182;UVA VERDE 1 KG;FRUVER;2026-05-01;771.06;32;128.51;5
182;UVA VERDE 1 KG;FRUVER;2026-06-01;558;30;93;6
182;UVA VERDE 1 KG;FRUVER;2026-07-01;417.96;23;69.66;7
185;ACELGA 300 GR;FRUVER;2026-01-01;542.4;423;3390;1
185;ACELGA 300 GR;FRUVER;2026-02-01;605.28;448;3783;2
185;ACELGA 300 GR;FRUVER;2026-03-01;636.64;460;3979;3
185;ACELGA 300 GR;FRUVER;2026-04-01;570.72;462;3567;4
185;ACELGA 300 GR;FRUVER;2026-05-01;760.32;505;4752;5
185;ACELGA 300 GR;FRUVER;2026-06-01;627.52;490;3922;6
185;ACELGA 300 GR;FRUVER;2026-07-01;639.04;504;3994;7
187;AJI ROJO AL GRANEL 1 KG;FRUVER;2026-01-01;2557.6875;607;2046.15;1
187;AJI ROJO AL GRANEL 1 KG;FRUVER;2026-02-01;2648.6875;578;2118.95;2
187;AJI ROJO AL GRANEL 1 KG;FRUVER;2026-03-01;2938.1625;659;2350.53;3
187;AJI ROJO AL GRANEL 1 KG;FRUVER;2026-04-01;2695.5375;662;2156.43;4
187;AJI ROJO AL GRANEL 1 KG;FRUVER;2026-05-01;2833.5125;658;2266.81;5
187;AJI ROJO AL GRANEL 1 KG;FRUVER;2026-06-01;2841.9875;655;2273.59;6
187;AJI ROJO AL GRANEL 1 KG;FRUVER;2026-07-01;2803.0125;631;2242.41;7
188;AJO PELADO 1 KG;FRUVER;2026-01-01;0;0;0;1
188;AJO PELADO 1 KG;FRUVER;2026-02-01;0;0;0;2
188;AJO PELADO 1 KG;FRUVER;2026-03-01;0;0;0;3
188;AJO PELADO 1 KG;FRUVER;2026-04-01;0;0;0;4
188;AJO PELADO 1 KG;FRUVER;2026-05-01;0;0;0;5
188;AJO PELADO 1 KG;FRUVER;2026-06-01;10.8;3;3;6
188;AJO PELADO 1 KG;FRUVER;2026-07-01;0;0;0;7
191;APIO 1 KG;FRUVER;2026-01-01;2356.032;1066;4908.4;1
191;APIO 1 KG;FRUVER;2026-02-01;2450.6256;997;5105.47;2
191;APIO 1 KG;FRUVER;2026-03-01;2545.8096;1136;5303.77;3
191;APIO 1 KG;FRUVER;2026-04-01;2624.3088;1121;5467.31;4
191;APIO 1 KG;FRUVER;2026-05-01;2586.8928;1135;5389.36;5
191;APIO 1 KG;FRUVER;2026-06-01;2658.552;1156;5538.65;6
191;APIO 1 KG;FRUVER;2026-07-01;2620.4064;1095;5459.18;7
192;ARRAYAN 10 GR;FRUVER;2026-01-01;1.47;1;7;1
192;ARRAYAN 10 GR;FRUVER;2026-02-01;0.84;1;4;2
192;ARRAYAN 10 GR;FRUVER;2026-03-01;1.47;1;7;3
192;ARRAYAN 10 GR;FRUVER;2026-04-01;1.05;2;5;4
192;ARRAYAN 10 GR;FRUVER;2026-05-01;0.21;1;1;5
192;ARRAYAN 10 GR;FRUVER;2026-06-01;0.63;3;3;6
192;ARRAYAN 10 GR;FRUVER;2026-07-01;0;0;0;7
193;ARVEJA CONGELADOS IQF 1 KG;PERECIBLE;2026-01-01;6588.75;775;2625;1
193;ARVEJA CONGELADOS IQF 1 KG;PERECIBLE;2026-02-01;6930.11;743;2761;2
193;ARVEJA CONGELADOS IQF 1 KG;PERECIBLE;2026-03-01;8252.88;868;3288;3
193;ARVEJA CONGELADOS IQF 1 KG;PERECIBLE;2026-04-01;7246.37;839;2887;4
193;ARVEJA CONGELADOS IQF 1 KG;PERECIBLE;2026-05-01;7391.95;840;2945;5
193;ARVEJA CONGELADOS IQF 1 KG;PERECIBLE;2026-06-01;7540.04;855;3004;6
193;ARVEJA CONGELADOS IQF 1 KG;PERECIBLE;2026-07-01;7452.19;822;2969;7
197;MANZANILLA 10 GR;FRUVER;2026-01-01;376.42;228;3422;1
197;MANZANILLA 10 GR;FRUVER;2026-02-01;320.76;196;2916;2
197;MANZANILLA 10 GR;FRUVER;2026-03-01;372.24;230;3384;3
197;MANZANILLA 10 GR;FRUVER;2026-04-01;351.01;228;3191;4
197;MANZANILLA 10 GR;FRUVER;2026-05-01;469.04;246;4264;5
197;MANZANILLA 10 GR;FRUVER;2026-06-01;383.9;233;3490;6
197;MANZANILLA 10 GR;FRUVER;2026-07-01;463.65;246;4215;7
199;HORCHATA 10 GR;FRUVER;2026-01-01;26.25;5;105;1
199;HORCHATA 10 GR;FRUVER;2026-02-01;17.5;5;70;2
199;HORCHATA 10 GR;FRUVER;2026-03-01;0;0;0;3
199;HORCHATA 10 GR;FRUVER;2026-04-01;0;0;0;4
199;HORCHATA 10 GR;FRUVER;2026-05-01;5;1;20;5
199;HORCHATA 10 GR;FRUVER;2026-06-01;19.5;4;78;6
199;HORCHATA 10 GR;FRUVER;2026-07-01;7;2;28;7
204;BROCOLI 1 KG;FRUVER;2026-01-01;4848.48;856;10101;1
204;BROCOLI 1 KG;FRUVER;2026-02-01;4620.336;772;9625.7;2
204;BROCOLI 1 KG;FRUVER;2026-03-01;4942.704;892;10297.3;3
204;BROCOLI 1 KG;FRUVER;2026-04-01;4755.84;840;9908;4
204;BROCOLI 1 KG;FRUVER;2026-05-01;5643.36;925;11757;5
204;BROCOLI 1 KG;FRUVER;2026-06-01;5559.6;895;11582.5;6
204;BROCOLI 1 KG;FRUVER;2026-07-01;5609.52;867;11686.5;7
206;CAMOTE MORADO 1 KG;FRUVER;2026-01-01;1989.8225;303;2094.55;1
206;CAMOTE MORADO 1 KG;FRUVER;2026-02-01;1754.574;267;1846.92;2
206;CAMOTE MORADO 1 KG;FRUVER;2026-03-01;2184.24;342;2299.2;3
206;CAMOTE MORADO 1 KG;FRUVER;2026-04-01;2103.6705;300;2214.39;4
206;CAMOTE MORADO 1 KG;FRUVER;2026-05-01;2017.477;326;2123.66;5
206;CAMOTE MORADO 1 KG;FRUVER;2026-06-01;2666.7355;321;2807.09;6
206;CAMOTE MORADO 1 KG;FRUVER;2026-07-01;2125.2165;357;2237.07;7
207;CEBOLLA BLANCA 1 KG;FRUVER;2026-01-01;6763.192;1132;8453.99;1
207;CEBOLLA BLANCA 1 KG;FRUVER;2026-02-01;6730.624;1057;8413.28;2
207;CEBOLLA BLANCA 1 KG;FRUVER;2026-03-01;7812.072;1215;9765.09;3
207;CEBOLLA BLANCA 1 KG;FRUVER;2026-04-01;7292.304;1185;9115.38;4
207;CEBOLLA BLANCA 1 KG;FRUVER;2026-05-01;7377.464;1219;9221.83;5
207;CEBOLLA BLANCA 1 KG;FRUVER;2026-06-01;7850.64;1235;9813.3;6
207;CEBOLLA BLANCA 1 KG;FRUVER;2026-07-01;8243.528;1182;10304.41;7
208;CEBOLLA PERLA 1 KG;FRUVER;2026-01-01;11886.155;1165;23772.31;1
208;CEBOLLA PERLA 1 KG;FRUVER;2026-02-01;14299.39;1115;28598.78;2
208;CEBOLLA PERLA 1 KG;FRUVER;2026-03-01;16315.695;1264;32631.39;3
208;CEBOLLA PERLA 1 KG;FRUVER;2026-04-01;15446.72;1246;30893.44;4
208;CEBOLLA PERLA 1 KG;FRUVER;2026-05-01;15486.16;1240;30972.32;5
208;CEBOLLA PERLA 1 KG;FRUVER;2026-06-01;0;0;0;6
208;CEBOLLA PERLA 1 KG;FRUVER;2026-07-01;0;0;0;7
209;CEBOLLA PUERRO 1 KG;FRUVER;2026-01-01;22.5;7;15;1
209;CEBOLLA PUERRO 1 KG;FRUVER;2026-02-01;6.99;4;4.66;2
209;CEBOLLA PUERRO 1 KG;FRUVER;2026-03-01;33.24;9;22.16;3
209;CEBOLLA PUERRO 1 KG;FRUVER;2026-04-01;15.48;7;10.32;4
209;CEBOLLA PUERRO 1 KG;FRUVER;2026-05-01;67.26;19;44.84;5
209;CEBOLLA PUERRO 1 KG;FRUVER;2026-06-01;238.98;13;159.32;6
209;CEBOLLA PUERRO 1 KG;FRUVER;2026-07-01;107.55;15;71.7;7
210;CHOCHOS 1 KG;FRUVER;2026-01-01;1826.528;386;1141.58;1
210;CHOCHOS 1 KG;FRUVER;2026-02-01;1457.472;336;910.92;2
210;CHOCHOS 1 KG;FRUVER;2026-03-01;2908.24;473;1817.65;3
210;CHOCHOS 1 KG;FRUVER;2026-04-01;1568.704;340;980.44;4
210;CHOCHOS 1 KG;FRUVER;2026-05-01;1472.64;339;920.4;5
210;CHOCHOS 1 KG;FRUVER;2026-06-01;1493.04;322;933.15;6
210;CHOCHOS 1 KG;FRUVER;2026-07-01;1342.176;306;838.86;7
212;CHOCLO GRANO 1 KG;FRUVER;2026-01-01;4309.788;588;3078.42;1
212;CHOCLO GRANO 1 KG;FRUVER;2026-02-01;3692.612;537;2637.58;2
212;CHOCLO GRANO 1 KG;FRUVER;2026-03-01;5797.764;672;4141.26;3
212;CHOCLO GRANO 1 KG;FRUVER;2026-04-01;3951.668;634;2822.62;4
212;CHOCLO GRANO 1 KG;FRUVER;2026-05-01;4350.136;613;3107.24;5
212;CHOCLO GRANO 1 KG;FRUVER;2026-06-01;3618.72;597;2584.8;6
212;CHOCLO GRANO 1 KG;FRUVER;2026-07-01;3742.536;613;2673.24;7
216;COL MORADA 1 KG;FRUVER;2026-01-01;409.75;265;1639;1
216;COL MORADA 1 KG;FRUVER;2026-02-01;386.875;235;1547.5;2
216;COL MORADA 1 KG;FRUVER;2026-03-01;473.0625;291;1892.25;3
216;COL MORADA 1 KG;FRUVER;2026-04-01;381.25;273;1525;4
216;COL MORADA 1 KG;FRUVER;2026-05-01;450.75;285;1803;5
216;COL MORADA 1 KG;FRUVER;2026-06-01;467.3125;302;1869.25;6
216;COL MORADA 1 KG;FRUVER;2026-07-01;506.625;315;2026.5;7
219;ESPARRAGOS 1 KG;FRUVER;2026-01-01;600.576;67;176.64;1
219;ESPARRAGOS 1 KG;FRUVER;2026-02-01;542.81;35;159.65;2
219;ESPARRAGOS 1 KG;FRUVER;2026-03-01;477.088;42;140.32;3
219;ESPARRAGOS 1 KG;FRUVER;2026-04-01;572.798;53;168.47;4
219;ESPARRAGOS 1 KG;FRUVER;2026-05-01;740.52;56;217.8;5
219;ESPARRAGOS 1 KG;FRUVER;2026-06-01;575.62;50;169.3;6
219;ESPARRAGOS 1 KG;FRUVER;2026-07-01;699.244;62;205.66;7
220;ESPINACA 1 KG;FRUVER;2026-01-01;1749.915;602;2333.22;1
220;ESPINACA 1 KG;FRUVER;2026-02-01;1938.645;568;2584.86;2
220;ESPINACA 1 KG;FRUVER;2026-03-01;1851.8625;632;2469.15;3
220;ESPINACA 1 KG;FRUVER;2026-04-01;1672.1925;620;2229.59;4
220;ESPINACA 1 KG;FRUVER;2026-05-01;1884.3375;645;2512.45;5
220;ESPINACA 1 KG;FRUVER;2026-06-01;1885.8;659;2514.4;6
220;ESPINACA 1 KG;FRUVER;2026-07-01;1900.1475;660;2533.53;7
221;FREJOL TIERNO 1 KG;FRUVER;2026-01-01;3359.664;391;1527.12;1
221;FREJOL TIERNO 1 KG;FRUVER;2026-02-01;2734.886;367;1243.13;2
221;FREJOL TIERNO 1 KG;FRUVER;2026-03-01;5087.038;509;2312.29;3
221;FREJOL TIERNO 1 KG;FRUVER;2026-04-01;3528.822;424;1604.01;4
221;FREJOL TIERNO 1 KG;FRUVER;2026-05-01;3808.552;425;1731.16;5
221;FREJOL TIERNO 1 KG;FRUVER;2026-06-01;4055.436;418;1843.38;6
221;FREJOL TIERNO 1 KG;FRUVER;2026-07-01;3714.172;434;1688.26;7
223;HABA TIERNA 1 KG;FRUVER;2026-01-01;312.232;84;201.44;1
223;HABA TIERNA 1 KG;FRUVER;2026-02-01;207.2505;64;133.71;2
223;HABA TIERNA 1 KG;FRUVER;2026-03-01;489.8;100;316;3
223;HABA TIERNA 1 KG;FRUVER;2026-04-01;343.573;81;221.66;4
223;HABA TIERNA 1 KG;FRUVER;2026-05-01;256.494;74;165.48;5
223;HABA TIERNA 1 KG;FRUVER;2026-06-01;381.5015;79;246.13;6
223;HABA TIERNA 1 KG;FRUVER;2026-07-01;257.765;64;166.3;7
224;HABA TIERNA PELADA 1 KG;FRUVER;2026-01-01;221.13;38;105.3;1
224;HABA TIERNA PELADA 1 KG;FRUVER;2026-02-01;238.644;44;113.64;2
224;HABA TIERNA PELADA 1 KG;FRUVER;2026-03-01;1790.397;161;852.57;3
224;HABA TIERNA PELADA 1 KG;FRUVER;2026-04-01;289.065;54;137.65;4
224;HABA TIERNA PELADA 1 KG;FRUVER;2026-05-01;252.63;37;120.3;5
224;HABA TIERNA PELADA 1 KG;FRUVER;2026-06-01;255.276;39;121.56;6
224;HABA TIERNA PELADA 1 KG;FRUVER;2026-07-01;229.992;35;109.52;7
229;ISHPINGO EUREKA 200 GR;NO PERECIBLE;2026-01-01;0;0;0;1
229;ISHPINGO EUREKA 200 GR;NO PERECIBLE;2026-02-01;0;0;0;2
229;ISHPINGO EUREKA 200 GR;NO PERECIBLE;2026-03-01;0;0;0;3
229;ISHPINGO EUREKA 200 GR;NO PERECIBLE;2026-04-01;0;0;0;4
229;ISHPINGO EUREKA 200 GR;NO PERECIBLE;2026-05-01;0;0;0;5
229;ISHPINGO EUREKA 200 GR;NO PERECIBLE;2026-06-01;0;0;0;6
229;ISHPINGO EUREKA 200 GR;NO PERECIBLE;2026-07-01;0;0;0;7
230;LECHUGA CRIOLLA 1 KG;FRUVER;2026-01-01;6737.576;1053;16843.94;1
230;LECHUGA CRIOLLA 1 KG;FRUVER;2026-02-01;6399.656;997;15999.14;2
230;LECHUGA CRIOLLA 1 KG;FRUVER;2026-03-01;7711.048;1135;19277.62;3
230;LECHUGA CRIOLLA 1 KG;FRUVER;2026-04-01;6875.168;1099;17187.92;4
230;LECHUGA CRIOLLA 1 KG;FRUVER;2026-05-01;6832.248;1064;17080.62;5
230;LECHUGA CRIOLLA 1 KG;FRUVER;2026-06-01;6906.832;1124;17267.08;6
230;LECHUGA CRIOLLA 1 KG;FRUVER;2026-07-01;6551.56;1044;16378.9;7
231;LECHUGA ESCAROLA BOHEMIA 1 KG;FRUVER;2026-01-01;1980.188;306;1414.42;1
231;LECHUGA ESCAROLA BOHEMIA 1 KG;FRUVER;2026-02-01;1844.164;261;1317.26;2
231;LECHUGA ESCAROLA BOHEMIA 1 KG;FRUVER;2026-03-01;2045.708;294;1461.22;3
231;LECHUGA ESCAROLA BOHEMIA 1 KG;FRUVER;2026-04-01;2296.084;302;1640.06;4
231;LECHUGA ESCAROLA BOHEMIA 1 KG;FRUVER;2026-05-01;1872.612;278;1337.58;5
231;LECHUGA ESCAROLA BOHEMIA 1 KG;FRUVER;2026-06-01;1905.512;291;1361.08;6
231;LECHUGA ESCAROLA BOHEMIA 1 KG;FRUVER;2026-07-01;1583.456;253;1131.04;7
232;LECHUGA ROJA 1 KG;FRUVER;2026-01-01;12.8;6;8;1
232;LECHUGA ROJA 1 KG;FRUVER;2026-02-01;17.6;8;11;2
232;LECHUGA ROJA 1 KG;FRUVER;2026-03-01;64;12;40;3
232;LECHUGA ROJA 1 KG;FRUVER;2026-04-01;22.4;10;14;4
232;LECHUGA ROJA 1 KG;FRUVER;2026-05-01;30.4;9;19;5
232;LECHUGA ROJA 1 KG;FRUVER;2026-06-01;11.2;6;7;6
232;LECHUGA ROJA 1 KG;FRUVER;2026-07-01;16;7;10;7
233;LECHUGA ROMANA 1 KG;FRUVER;2026-01-01;66.15;16;49;1
233;LECHUGA ROMANA 1 KG;FRUVER;2026-02-01;124.2;21;92;2
233;LECHUGA ROMANA 1 KG;FRUVER;2026-03-01;191.7;25;142;3
233;LECHUGA ROMANA 1 KG;FRUVER;2026-04-01;155.25;26;115;4
233;LECHUGA ROMANA 1 KG;FRUVER;2026-05-01;109.35;23;81;5
233;LECHUGA ROMANA 1 KG;FRUVER;2026-06-01;194.4;28;144;6
233;LECHUGA ROMANA 1 KG;FRUVER;2026-07-01;133.65;23;99;7
234;MELLOCO 1 KG;FRUVER;2026-01-01;1091.556;259;909.63;1
234;MELLOCO 1 KG;FRUVER;2026-02-01;1169.364;264;974.47;2
234;MELLOCO 1 KG;FRUVER;2026-03-01;2229.876;386;1858.23;3
234;MELLOCO 1 KG;FRUVER;2026-04-01;1208.34;280;1006.95;4
234;MELLOCO 1 KG;FRUVER;2026-05-01;1368.276;285;1140.23;5
234;MELLOCO 1 KG;FRUVER;2026-06-01;1533.804;278;1278.17;6
234;MELLOCO 1 KG;FRUVER;2026-07-01;1540.512;285;1283.76;7
236;NABO CHINO 1 KG;FRUVER;2026-01-01;448.749;321;1282.14;1
236;NABO CHINO 1 KG;FRUVER;2026-02-01;348.558;288;995.88;2
236;NABO CHINO 1 KG;FRUVER;2026-03-01;414.7675;319;1185.05;3
236;NABO CHINO 1 KG;FRUVER;2026-04-01;383.866;341;1096.76;4
236;NABO CHINO 1 KG;FRUVER;2026-05-01;434.3325;331;1240.95;5
236;NABO CHINO 1 KG;FRUVER;2026-06-01;557.27;374;1592.2;6
236;NABO CHINO 1 KG;FRUVER;2026-07-01;398.6535;337;1139.01;7
240;PAPA CHAUCHA 1 KG;FRUVER;2026-01-01;0;0;0;1
240;PAPA CHAUCHA 1 KG;FRUVER;2026-02-01;0;0;0;2
240;PAPA CHAUCHA 1 KG;FRUVER;2026-03-01;20.4;2;17;3
240;PAPA CHAUCHA 1 KG;FRUVER;2026-04-01;60;5;50;4
240;PAPA CHAUCHA 1 KG;FRUVER;2026-05-01;128.4;6;107;5
240;PAPA CHAUCHA 1 KG;FRUVER;2026-06-01;79.2;5;66;6
240;PAPA CHAUCHA 1 KG;FRUVER;2026-07-01;22.8;7;19;7
241;PAPANABO 1 KG;FRUVER;2026-01-01;485.8175;496;1388.05;1
241;PAPANABO 1 KG;FRUVER;2026-02-01;430.647;500;1230.42;2
241;PAPANABO 1 KG;FRUVER;2026-03-01;516.817;527;1476.62;3
241;PAPANABO 1 KG;FRUVER;2026-04-01;420.742;513;1202.12;4
241;PAPANABO 1 KG;FRUVER;2026-05-01;502.831;512;1436.66;5
241;PAPANABO 1 KG;FRUVER;2026-06-01;497.7385;541;1422.11;6
241;PAPANABO 1 KG;FRUVER;2026-07-01;503.3035;539;1438.01;7
245;PIMIENTO AMARILLO 1 KG;FRUVER;2026-01-01;413.2077814878;121;249.86;1
245;PIMIENTO AMARILLO 1 KG;FRUVER;2026-02-01;259.5075845316;86;156.92;2
245;PIMIENTO AMARILLO 1 KG;FRUVER;2026-03-01;419.1116947989;126;253.43;3
245;PIMIENTO AMARILLO 1 KG;FRUVER;2026-04-01;233.0970815685;92;140.95;4
245;PIMIENTO AMARILLO 1 KG;FRUVER;2026-05-01;546.6990650934;143;330.58;5
245;PIMIENTO AMARILLO 1 KG;FRUVER;2026-06-01;330.5033824155;101;199.85;6
245;PIMIENTO AMARILLO 1 KG;FRUVER;2026-07-01;328.8165500409;96;198.83;7
246;PIMIENTO ROJO 1 KG;FRUVER;2026-01-01;3098.5845;732;1877.93;1
246;PIMIENTO ROJO 1 KG;FRUVER;2026-02-01;3480.774;701;2109.56;2
246;PIMIENTO ROJO 1 KG;FRUVER;2026-03-01;3652.6545;813;2213.73;3
246;PIMIENTO ROJO 1 KG;FRUVER;2026-04-01;3206.709;761;1943.46;4
246;PIMIENTO ROJO 1 KG;FRUVER;2026-05-01;3638.976;798;2205.44;5
246;PIMIENTO ROJO 1 KG;FRUVER;2026-06-01;3494.403;782;2117.82;6
246;PIMIENTO ROJO 1 KG;FRUVER;2026-07-01;3578.0415;785;2168.51;7
247;PIMIENTO VERDE 1 KG;FRUVER;2026-01-01;7160.655740139;1109;8951.58;1
247;PIMIENTO VERDE 1 KG;FRUVER;2026-02-01;7178.3262391235;1037;8973.67;2
247;PIMIENTO VERDE 1 KG;FRUVER;2026-03-01;7834.7664779945;1197;9794.29;3
247;PIMIENTO VERDE 1 KG;FRUVER;2026-04-01;8112.606876921;1165;10141.62;4
247;PIMIENTO VERDE 1 KG;FRUVER;2026-05-01;8224.5093713955;1171;10281.51;5
247;PIMIENTO VERDE 1 KG;FRUVER;2026-06-01;8600.9413954845;1211;10752.09;6
247;PIMIENTO VERDE 1 KG;FRUVER;2026-07-01;8226.3012191875;1123;10283.75;7
248;RABANO 1 KG;FRUVER;2026-01-01;2513.42;705;4488.25;1
248;RABANO 1 KG;FRUVER;2026-02-01;2594.6928;703;4633.38;2
248;RABANO 1 KG;FRUVER;2026-03-01;2617.7536;762;4674.56;3
248;RABANO 1 KG;FRUVER;2026-04-01;2954.812;776;5276.45;4
248;RABANO 1 KG;FRUVER;2026-05-01;2590.2016;746;4625.36;5
248;RABANO 1 KG;FRUVER;2026-06-01;2881.8776;794;5146.21;6
248;RABANO 1 KG;FRUVER;2026-07-01;2435.44;698;4349;7
249;REMOLACHA 1 KG;FRUVER;2026-01-01;2305.32;456;3073.76;1
249;REMOLACHA 1 KG;FRUVER;2026-02-01;2620.53;463;3494.04;2
249;REMOLACHA 1 KG;FRUVER;2026-03-01;2552.055;515;3402.74;3
249;REMOLACHA 1 KG;FRUVER;2026-04-01;2826.825;508;3769.1;4
249;REMOLACHA 1 KG;FRUVER;2026-05-01;2993.1975;532;3990.93;5
249;REMOLACHA 1 KG;FRUVER;2026-06-01;3054.9375;529;4073.25;6
249;REMOLACHA 1 KG;FRUVER;2026-07-01;3642.9225;574;4857.23;7
253;TOMATE CHERRY 1 KG;FRUVER;2026-01-01;2008.006;404;912.73;1
253;TOMATE CHERRY 1 KG;FRUVER;2026-02-01;2115.058;432;961.39;2
253;TOMATE CHERRY 1 KG;FRUVER;2026-03-01;2168.188;429;985.54;3
253;TOMATE CHERRY 1 KG;FRUVER;2026-04-01;2144.648;427;974.84;4
253;TOMATE CHERRY 1 KG;FRUVER;2026-05-01;2049.322;423;931.51;5
253;TOMATE CHERRY 1 KG;FRUVER;2026-06-01;2281.686;444;1037.13;6
253;TOMATE CHERRY 1 KG;FRUVER;2026-07-01;2012.494;389;914.77;7
254;TOMILLO 10 GR;FRUVER;2026-01-01;181.09;569;2587;1
254;TOMILLO 10 GR;FRUVER;2026-02-01;196.28;508;2804;2
254;TOMILLO 10 GR;FRUVER;2026-03-01;176.61;569;2523;3
254;TOMILLO 10 GR;FRUVER;2026-04-01;198.8;551;2840;4
254;TOMILLO 10 GR;FRUVER;2026-05-01;183.47;573;2621;5
254;TOMILLO 10 GR;FRUVER;2026-06-01;206.78;556;2954;6
254;TOMILLO 10 GR;FRUVER;2026-07-01;202.44;554;2892;7
256;VAINITA 1 KG;FRUVER;2026-01-01;3867.804;686;3223.17;1
256;VAINITA 1 KG;FRUVER;2026-02-01;4160.436;675;3467.03;2
256;VAINITA 1 KG;FRUVER;2026-03-01;3931.608;734;3276.34;3
256;VAINITA 1 KG;FRUVER;2026-04-01;4174.368;730;3478.64;4
256;VAINITA 1 KG;FRUVER;2026-05-01;4225.044;741;3520.87;5
256;VAINITA 1 KG;FRUVER;2026-06-01;4262.1;765;3551.75;6
256;VAINITA 1 KG;FRUVER;2026-07-01;4264.8;771;3554;7
259;ZANAHORIA 1 KG;FRUVER;2026-01-01;9488.556;1175;23721.39;1
259;ZANAHORIA 1 KG;FRUVER;2026-02-01;9531.712;1114;23829.28;2
259;ZANAHORIA 1 KG;FRUVER;2026-03-01;10544.336;1279;26360.84;3
259;ZANAHORIA 1 KG;FRUVER;2026-04-01;10243.064;1260;25607.66;4
259;ZANAHORIA 1 KG;FRUVER;2026-05-01;10585.54;1267;26463.85;5
259;ZANAHORIA 1 KG;FRUVER;2026-06-01;11179.4;1275;27948.5;6
259;ZANAHORIA 1 KG;FRUVER;2026-07-01;10891.148;1220;27227.87;7
260;ZANAHORIA BLANCA 1KG;FRUVER;2026-01-01;353.5665;76;336.73;1
260;ZANAHORIA BLANCA 1KG;FRUVER;2026-02-01;317.583;74;302.46;2
260;ZANAHORIA BLANCA 1KG;FRUVER;2026-03-01;429.786;87;409.32;3
260;ZANAHORIA BLANCA 1KG;FRUVER;2026-04-01;397.2045;79;378.29;4
260;ZANAHORIA BLANCA 1KG;FRUVER;2026-05-01;418.026;80;398.12;5
260;ZANAHORIA BLANCA 1KG;FRUVER;2026-06-01;475.4295;90;452.79;6
260;ZANAHORIA BLANCA 1KG;FRUVER;2026-07-01;395.4825;73;376.65;7
265;ZUQUINI 1 KG;FRUVER;2026-01-01;1704.1158;664;3963.06;1
265;ZUQUINI 1 KG;FRUVER;2026-02-01;2011.0799;664;4676.93;2
265;ZUQUINI 1 KG;FRUVER;2026-03-01;1959.6046;699;4557.22;3
265;ZUQUINI 1 KG;FRUVER;2026-04-01;2030.5933;719;4722.31;4
265;ZUQUINI 1 KG;FRUVER;2026-05-01;2011.0928;684;4676.96;5
265;ZUQUINI 1 KG;FRUVER;2026-06-01;2353.8974;754;5474.18;6
265;ZUQUINI 1 KG;FRUVER;2026-07-01;2210.3763;695;5140.41;7
266;ZUQUINI AMARILLO 1 KG;FRUVER;2026-01-01;304.2624;98;316.94;1
266;ZUQUINI AMARILLO 1 KG;FRUVER;2026-02-01;282.4128;91;294.18;2
266;ZUQUINI AMARILLO 1 KG;FRUVER;2026-03-01;333.7056;98;347.61;3
266;ZUQUINI AMARILLO 1 KG;FRUVER;2026-04-01;225.456;83;234.85;4
266;ZUQUINI AMARILLO 1 KG;FRUVER;2026-05-01;382.416;121;398.35;5
266;ZUQUINI AMARILLO 1 KG;FRUVER;2026-06-01;333.0528;100;346.93;6
266;ZUQUINI AMARILLO 1 KG;FRUVER;2026-07-01;317.2992;113;330.52;7
279;HARINA INTEGRAL TRIGUEÑITA 1 KG;NO PERECIBLE;2026-01-01;191.97;95;243;1
279;HARINA INTEGRAL TRIGUEÑITA 1 KG;NO PERECIBLE;2026-02-01;266.23;92;337;2
279;HARINA INTEGRAL TRIGUEÑITA 1 KG;NO PERECIBLE;2026-03-01;253.59;102;321;3
279;HARINA INTEGRAL TRIGUEÑITA 1 KG;NO PERECIBLE;2026-04-01;202.24;89;256;4
279;HARINA INTEGRAL TRIGUEÑITA 1 KG;NO PERECIBLE;2026-05-01;229.1;90;290;5
279;HARINA INTEGRAL TRIGUEÑITA 1 KG;NO PERECIBLE;2026-06-01;203.82;91;258;6
279;HARINA INTEGRAL TRIGUEÑITA 1 KG;NO PERECIBLE;2026-07-01;191.97;101;243;7
287;ACEITE EL COCINERO 1 LT;NO PERECIBLE;2026-01-01;13999.7;1037;7865;1
287;ACEITE EL COCINERO 1 LT;NO PERECIBLE;2026-02-01;13814.58;983;7761;2
287;ACEITE EL COCINERO 1 LT;NO PERECIBLE;2026-03-01;15713.84;1118;8828;3
287;ACEITE EL COCINERO 1 LT;NO PERECIBLE;2026-04-01;15110.42;1100;8489;4
287;ACEITE EL COCINERO 1 LT;NO PERECIBLE;2026-05-01;15274.18;1102;8581;5
287;ACEITE EL COCINERO 1 LT;NO PERECIBLE;2026-06-01;16659.02;1167;9359;6
287;ACEITE EL COCINERO 1 LT;NO PERECIBLE;2026-07-01;15366.74;1071;8633;7
289;ACEITE EL COCINERO 20 LT;NO PERECIBLE;2026-01-01;0;0;0;1
289;ACEITE EL COCINERO 20 LT;NO PERECIBLE;2026-02-01;0;0;0;2
289;ACEITE EL COCINERO 20 LT;NO PERECIBLE;2026-03-01;3835.7;61;121;3
289;ACEITE EL COCINERO 20 LT;NO PERECIBLE;2026-04-01;9890.4;227;312;4
289;ACEITE EL COCINERO 20 LT;NO PERECIBLE;2026-05-01;11602.2;249;366;5
289;ACEITE EL COCINERO 20 LT;NO PERECIBLE;2026-06-01;13884.6;293;438;6
289;ACEITE EL COCINERO 20 LT;NO PERECIBLE;2026-07-01;14740.5;315;465;7
292;MANTECA VEGETAL 3 CHANCHITOS FUNDA 1 KG;NO PERECIBLE;2026-01-01;3079.44;398;1833;1
292;MANTECA VEGETAL 3 CHANCHITOS FUNDA 1 KG;NO PERECIBLE;2026-02-01;3477.6;401;2070;2
292;MANTECA VEGETAL 3 CHANCHITOS FUNDA 1 KG;NO PERECIBLE;2026-03-01;3496.08;464;2081;3
292;MANTECA VEGETAL 3 CHANCHITOS FUNDA 1 KG;NO PERECIBLE;2026-04-01;3480.96;442;2072;4
292;MANTECA VEGETAL 3 CHANCHITOS FUNDA 1 KG;NO PERECIBLE;2026-05-01;3331.44;429;1983;5
292;MANTECA VEGETAL 3 CHANCHITOS FUNDA 1 KG;NO PERECIBLE;2026-06-01;3899.28;454;2321;6
292;MANTECA VEGETAL 3 CHANCHITOS FUNDA 1 KG;NO PERECIBLE;2026-07-01;3596.88;467;2141;7
295;MARGARINA DE MESA REGIA 3 KG;NO PERECIBLE;2026-01-01;44.09999972;7;7;1
295;MARGARINA DE MESA REGIA 3 KG;NO PERECIBLE;2026-02-01;50.39999968;7;8;2
295;MARGARINA DE MESA REGIA 3 KG;NO PERECIBLE;2026-03-01;56.69999964;9;9;3
295;MARGARINA DE MESA REGIA 3 KG;NO PERECIBLE;2026-04-01;50.39999968;8;8;4
295;MARGARINA DE MESA REGIA 3 KG;NO PERECIBLE;2026-05-01;69.29999956;10;11;5
295;MARGARINA DE MESA REGIA 3 KG;NO PERECIBLE;2026-06-01;56.69999964;8;9;6
295;MARGARINA DE MESA REGIA 3 KG;NO PERECIBLE;2026-07-01;50.39999968;8;8;7
297;ACEITUNAS VERDES ENTERAS CON HUESO SNOB 240 GR;NO PERECIBLE;2026-01-01;147.462;22;84;1
297;ACEITUNAS VERDES ENTERAS CON HUESO SNOB 240 GR;NO PERECIBLE;2026-02-01;165.017;27;94;2
297;ACEITUNAS VERDES ENTERAS CON HUESO SNOB 240 GR;NO PERECIBLE;2026-03-01;226.4595;33;129;3
297;ACEITUNAS VERDES ENTERAS CON HUESO SNOB 240 GR;NO PERECIBLE;2026-04-01;126.396;28;72;4
297;ACEITUNAS VERDES ENTERAS CON HUESO SNOB 240 GR;NO PERECIBLE;2026-05-01;147.462;32;84;5
297;ACEITUNAS VERDES ENTERAS CON HUESO SNOB 240 GR;NO PERECIBLE;2026-06-01;100.0635;28;57;6
297;ACEITUNAS VERDES ENTERAS CON HUESO SNOB 240 GR;NO PERECIBLE;2026-07-01;121.1295;31;69;7
299;SALSA DE AJI INDIO BRAVO GUSTADINA 100 GR;NO PERECIBLE;2026-01-01;343.6416;81;608;1
299;SALSA DE AJI INDIO BRAVO GUSTADINA 100 GR;NO PERECIBLE;2026-02-01;278.0784;81;492;2
299;SALSA DE AJI INDIO BRAVO GUSTADINA 100 GR;NO PERECIBLE;2026-03-01;366.2496;100;648;3
299;SALSA DE AJI INDIO BRAVO GUSTADINA 100 GR;NO PERECIBLE;2026-04-01;291.078;87;515;4
299;SALSA DE AJI INDIO BRAVO GUSTADINA 100 GR;NO PERECIBLE;2026-05-01;240.7752;81;426;5
299;SALSA DE AJI INDIO BRAVO GUSTADINA 100 GR;NO PERECIBLE;2026-06-01;310.2948;86;549;6
299;SALSA DE AJI INDIO BRAVO GUSTADINA 100 GR;NO PERECIBLE;2026-07-01;323.2944;87;572;7
300;AJI PERUANO 250 GR;NO PERECIBLE;2026-01-01;122.74;112;323;1
300;AJI PERUANO 250 GR;NO PERECIBLE;2026-02-01;102.6;99;270;2
300;AJI PERUANO 250 GR;NO PERECIBLE;2026-03-01;133;104;350;3
300;AJI PERUANO 250 GR;NO PERECIBLE;2026-04-01;120.08;119;316;4
300;AJI PERUANO 250 GR;NO PERECIBLE;2026-05-01;138.7;134;365;5
300;AJI PERUANO 250 GR;NO PERECIBLE;2026-06-01;160.36;140;422;6
300;AJI PERUANO 250 GR;NO PERECIBLE;2026-07-01;181.64;155;478;7
305;ATUN EN ACEITE GIRASOL VAN CAMPS 184 GR;NO PERECIBLE;2026-01-01;6970.948;80;5092;1
305;ATUN EN ACEITE GIRASOL VAN CAMPS 184 GR;NO PERECIBLE;2026-02-01;6669.768;72;4872;2
305;ATUN EN ACEITE GIRASOL VAN CAMPS 184 GR;NO PERECIBLE;2026-03-01;9874.597;90;7213;3
305;ATUN EN ACEITE GIRASOL VAN CAMPS 184 GR;NO PERECIBLE;2026-04-01;9144.92;90;6680;4
305;ATUN EN ACEITE GIRASOL VAN CAMPS 184 GR;NO PERECIBLE;2026-05-01;8242.749;104;6021;5
305;ATUN EN ACEITE GIRASOL VAN CAMPS 184 GR;NO PERECIBLE;2026-06-01;9952.63;97;7270;6
305;ATUN EN ACEITE GIRASOL VAN CAMPS 184 GR;NO PERECIBLE;2026-07-01;8233.166;96;6014;7
308;CEBOLLA PERLA PROCESADA 1 KG;FRUVER;2026-01-01;40.8;6;68;1
308;CEBOLLA PERLA PROCESADA 1 KG;FRUVER;2026-02-01;3.3;3;5.5;2
308;CEBOLLA PERLA PROCESADA 1 KG;FRUVER;2026-03-01;19.8;6;33;3
308;CEBOLLA PERLA PROCESADA 1 KG;FRUVER;2026-04-01;10.2;7;17;4
308;CEBOLLA PERLA PROCESADA 1 KG;FRUVER;2026-05-01;3.6;3;6;5
308;CEBOLLA PERLA PROCESADA 1 KG;FRUVER;2026-06-01;7.8;6;13;6
308;CEBOLLA PERLA PROCESADA 1 KG;FRUVER;2026-07-01;6.3;6;10.5;7
309;CHOCLITO ENTERO BABY CORN SNOB 210 GR;NO PERECIBLE;2026-01-01;0;0;0;1
309;CHOCLITO ENTERO BABY CORN SNOB 210 GR;NO PERECIBLE;2026-02-01;0;0;0;2
309;CHOCLITO ENTERO BABY CORN SNOB 210 GR;NO PERECIBLE;2026-03-01;0;0;0;3
309;CHOCLITO ENTERO BABY CORN SNOB 210 GR;NO PERECIBLE;2026-04-01;0;0;0;4
309;CHOCLITO ENTERO BABY CORN SNOB 210 GR;NO PERECIBLE;2026-05-01;6.75;3;3;5
309;CHOCLITO ENTERO BABY CORN SNOB 210 GR;NO PERECIBLE;2026-06-01;4.5;1;2;6
309;CHOCLITO ENTERO BABY CORN SNOB 210 GR;NO PERECIBLE;2026-07-01;0;0;0;7
310;MAIZ DULCE GUSTADINA 425 GR;NO PERECIBLE;2026-01-01;99.98039864;21;68;1
310;MAIZ DULCE GUSTADINA 425 GR;NO PERECIBLE;2026-02-01;116.15369842;21;79;2
310;MAIZ DULCE GUSTADINA 425 GR;NO PERECIBLE;2026-03-01;101.45069862;16;69;3
310;MAIZ DULCE GUSTADINA 425 GR;NO PERECIBLE;2026-04-01;132.3269982;26;90;4
310;MAIZ DULCE GUSTADINA 425 GR;NO PERECIBLE;2026-05-01;226.42619692;23;154;5
310;MAIZ DULCE GUSTADINA 425 GR;NO PERECIBLE;2026-06-01;182.31719752;18;124;6
310;MAIZ DULCE GUSTADINA 425 GR;NO PERECIBLE;2026-07-01;144.08939804;19;98;7
311;ESENCIA ANIS 500 ML;NO PERECIBLE;2026-01-01;25.8;3;5;1
311;ESENCIA ANIS 500 ML;NO PERECIBLE;2026-02-01;10.32;1;2;2
311;ESENCIA ANIS 500 ML;NO PERECIBLE;2026-03-01;10.32;1;2;3
311;ESENCIA ANIS 500 ML;NO PERECIBLE;2026-04-01;20.64;3;4;4
311;ESENCIA ANIS 500 ML;NO PERECIBLE;2026-05-01;15.48;2;3;5
311;ESENCIA ANIS 500 ML;NO PERECIBLE;2026-06-01;20.64;2;4;6
311;ESENCIA ANIS 500 ML;NO PERECIBLE;2026-07-01;20.64;3;4;7
312;ESENCIA BANANO LEVAPAN 500 ML;NO PERECIBLE;2026-01-01;47.44;8;10;1
312;ESENCIA BANANO LEVAPAN 500 ML;NO PERECIBLE;2026-02-01;42.696;7;9;2
312;ESENCIA BANANO LEVAPAN 500 ML;NO PERECIBLE;2026-03-01;37.952;6;8;3
312;ESENCIA BANANO LEVAPAN 500 ML;NO PERECIBLE;2026-04-01;47.44;7;10;4
312;ESENCIA BANANO LEVAPAN 500 ML;NO PERECIBLE;2026-05-01;42.696;6;9;5
312;ESENCIA BANANO LEVAPAN 500 ML;NO PERECIBLE;2026-06-01;47.44;8;10;6
312;ESENCIA BANANO LEVAPAN 500 ML;NO PERECIBLE;2026-07-01;52.184;8;11;7
313;ESENCIA CANELA LEVAPAN 500 ML;NO PERECIBLE;2026-01-01;40.08;6;8;1
313;ESENCIA CANELA LEVAPAN 500 ML;NO PERECIBLE;2026-02-01;25.05;4;5;2
313;ESENCIA CANELA LEVAPAN 500 ML;NO PERECIBLE;2026-03-01;20.04;3;4;3
313;ESENCIA CANELA LEVAPAN 500 ML;NO PERECIBLE;2026-04-01;20.04;3;4;4
313;ESENCIA CANELA LEVAPAN 500 ML;NO PERECIBLE;2026-05-01;30.06;4;6;5
313;ESENCIA CANELA LEVAPAN 500 ML;NO PERECIBLE;2026-06-01;30.06;5;6;6
313;ESENCIA CANELA LEVAPAN 500 ML;NO PERECIBLE;2026-07-01;45.09;7;9;7
314;ESENCIA COCO LEVAPAN 500 ML;NO PERECIBLE;2026-01-01;65.208;10;13;1
314;ESENCIA COCO LEVAPAN 500 ML;NO PERECIBLE;2026-02-01;85.272;14;17;2
314;ESENCIA COCO LEVAPAN 500 ML;NO PERECIBLE;2026-03-01;70.224;12;14;3
314;ESENCIA COCO LEVAPAN 500 ML;NO PERECIBLE;2026-04-01;85.272;14;17;4
314;ESENCIA COCO LEVAPAN 500 ML;NO PERECIBLE;2026-05-01;70.224;13;14;5
314;ESENCIA COCO LEVAPAN 500 ML;NO PERECIBLE;2026-06-01;100.32;16;20;6
314;ESENCIA COCO LEVAPAN 500 ML;NO PERECIBLE;2026-07-01;75.24;13;15;7
315;ESENCIA FRESA LEVAPAN 500 ML;NO PERECIBLE;2026-01-01;55.6;8;10;1
315;ESENCIA FRESA LEVAPAN 500 ML;NO PERECIBLE;2026-02-01;22.24;3;4;2
315;ESENCIA FRESA LEVAPAN 500 ML;NO PERECIBLE;2026-03-01;27.8;4;5;3
315;ESENCIA FRESA LEVAPAN 500 ML;NO PERECIBLE;2026-04-01;38.92;6;7;4
315;ESENCIA FRESA LEVAPAN 500 ML;NO PERECIBLE;2026-05-01;44.48;7;8;5
315;ESENCIA FRESA LEVAPAN 500 ML;NO PERECIBLE;2026-06-01;44.48;7;8;6
315;ESENCIA FRESA LEVAPAN 500 ML;NO PERECIBLE;2026-07-01;55.6;8;10;7
316;ESENCIA MANTEQUILLA LEVAPAN 500 ML;NO PERECIBLE;2026-01-01;73.536;19;24;1
316;ESENCIA MANTEQUILLA LEVAPAN 500 ML;NO PERECIBLE;2026-02-01;98.048;27;32;2
316;ESENCIA MANTEQUILLA LEVAPAN 500 ML;NO PERECIBLE;2026-03-01;98.048;29;32;3
316;ESENCIA MANTEQUILLA LEVAPAN 500 ML;NO PERECIBLE;2026-04-01;113.368;33;37;4
316;ESENCIA MANTEQUILLA LEVAPAN 500 ML;NO PERECIBLE;2026-05-01;67.408;20;22;5
316;ESENCIA MANTEQUILLA LEVAPAN 500 ML;NO PERECIBLE;2026-06-01;110.304;28;36;6
316;ESENCIA MANTEQUILLA LEVAPAN 500 ML;NO PERECIBLE;2026-07-01;104.176;24;34;7
317;ESENCIA NARANJA LEVAPAN 500 ML;NO PERECIBLE;2026-01-01;27.264;8;8;1
317;ESENCIA NARANJA LEVAPAN 500 ML;NO PERECIBLE;2026-02-01;37.488;11;11;2
317;ESENCIA NARANJA LEVAPAN 500 ML;NO PERECIBLE;2026-03-01;37.488;11;11;3
317;ESENCIA NARANJA LEVAPAN 500 ML;NO PERECIBLE;2026-04-01;40.896;12;12;4
317;ESENCIA NARANJA LEVAPAN 500 ML;NO PERECIBLE;2026-05-01;44.304;12;13;5
317;ESENCIA NARANJA LEVAPAN 500 ML;NO PERECIBLE;2026-06-01;54.528;16;16;6
317;ESENCIA NARANJA LEVAPAN 500 ML;NO PERECIBLE;2026-07-01;40.896;12;12;7
318;ESENCIA RON LEVAPAN 500 ML;NO PERECIBLE;2026-01-01;55.44;8;9;1
318;ESENCIA RON LEVAPAN 500 ML;NO PERECIBLE;2026-02-01;67.76;11;11;2
318;ESENCIA RON LEVAPAN 500 ML;NO PERECIBLE;2026-03-01;55.44;9;9;3
318;ESENCIA RON LEVAPAN 500 ML;NO PERECIBLE;2026-04-01;36.96;6;6;4
318;ESENCIA RON LEVAPAN 500 ML;NO PERECIBLE;2026-05-01;86.24;13;14;5
318;ESENCIA RON LEVAPAN 500 ML;NO PERECIBLE;2026-06-01;73.92;12;12;6
318;ESENCIA RON LEVAPAN 500 ML;NO PERECIBLE;2026-07-01;36.96;6;6;7
323;DULCE DE LECHE KIOSKO 500 GR;NO PERECIBLE;2026-01-01;2147.04;168;1008;1
323;DULCE DE LECHE KIOSKO 500 GR;NO PERECIBLE;2026-02-01;2036.28;166;956;2
323;DULCE DE LECHE KIOSKO 500 GR;NO PERECIBLE;2026-03-01;2771.13;186;1301;3
323;DULCE DE LECHE KIOSKO 500 GR;NO PERECIBLE;2026-04-01;2272.71;199;1067;4
323;DULCE DE LECHE KIOSKO 500 GR;NO PERECIBLE;2026-05-01;2445.24;195;1148;5
323;DULCE DE LECHE KIOSKO 500 GR;NO PERECIBLE;2026-06-01;2296.14;185;1078;6
323;DULCE DE LECHE KIOSKO 500 GR;NO PERECIBLE;2026-07-01;2166.21;178;1017;7
332;MIEL DE ABEJA LA DELICIA 310 GR;NO PERECIBLE;2026-01-01;599.90238152;117;298;1
332;MIEL DE ABEJA LA DELICIA 310 GR;NO PERECIBLE;2026-02-01;867.64404844;119;431;2
332;MIEL DE ABEJA LA DELICIA 310 GR;NO PERECIBLE;2026-03-01;986.4166676;158;490;3
332;MIEL DE ABEJA LA DELICIA 310 GR;NO PERECIBLE;2026-04-01;690.49166732;134;343;4
332;MIEL DE ABEJA LA DELICIA 310 GR;NO PERECIBLE;2026-05-01;813.29047696;144;404;5
332;MIEL DE ABEJA LA DELICIA 310 GR;NO PERECIBLE;2026-06-01;682.43928636;151;339;6
332;MIEL DE ABEJA LA DELICIA 310 GR;NO PERECIBLE;2026-07-01;857.57857224;142;426;7
334;PALMITOS MEDALLONES GUSTADINA 800 GR;NO PERECIBLE;2026-01-01;290.0464;28;116;1
334;PALMITOS MEDALLONES GUSTADINA 800 GR;NO PERECIBLE;2026-02-01;385.0616;34;154;2
334;PALMITOS MEDALLONES GUSTADINA 800 GR;NO PERECIBLE;2026-03-01;532.5852;34;213;3
334;PALMITOS MEDALLONES GUSTADINA 800 GR;NO PERECIBLE;2026-04-01;375.06;38;150;4
334;PALMITOS MEDALLONES GUSTADINA 800 GR;NO PERECIBLE;2026-05-01;502.5804;38;201;5
334;PALMITOS MEDALLONES GUSTADINA 800 GR;NO PERECIBLE;2026-06-01;422.5676;32;169;6
334;PALMITOS MEDALLONES GUSTADINA 800 GR;NO PERECIBLE;2026-07-01;512.582;39;205;7
336;PEPINILLOS ENTEROS VINAGRE SNOB 470 GR;NO PERECIBLE;2026-01-01;196.704;41;90;1
336;PEPINILLOS ENTEROS VINAGRE SNOB 470 GR;NO PERECIBLE;2026-02-01;166.1056;36;76;2
336;PEPINILLOS ENTEROS VINAGRE SNOB 470 GR;NO PERECIBLE;2026-03-01;161.7344;40;74;3
336;PEPINILLOS ENTEROS VINAGRE SNOB 470 GR;NO PERECIBLE;2026-04-01;246.9728;51;113;4
336;PEPINILLOS ENTEROS VINAGRE SNOB 470 GR;NO PERECIBLE;2026-05-01;299.4272;56;137;5
336;PEPINILLOS ENTEROS VINAGRE SNOB 470 GR;NO PERECIBLE;2026-06-01;216.3744;56;99;6
336;PEPINILLOS ENTEROS VINAGRE SNOB 470 GR;NO PERECIBLE;2026-07-01;277.5712;46;127;7
337;SALSA BBQ CHEF DANIEL 400 GR;NO PERECIBLE;2026-01-01;310.905;74;210;1
337;SALSA BBQ CHEF DANIEL 400 GR;NO PERECIBLE;2026-02-01;245.763;56;166;2
337;SALSA BBQ CHEF DANIEL 400 GR;NO PERECIBLE;2026-03-01;304.983;67;206;3
337;SALSA BBQ CHEF DANIEL 400 GR;NO PERECIBLE;2026-04-01;182.1015;57;123;4
337;SALSA BBQ CHEF DANIEL 400 GR;NO PERECIBLE;2026-05-01;281.295;78;190;5
337;SALSA BBQ CHEF DANIEL 400 GR;NO PERECIBLE;2026-06-01;276.8535;78;187;6
337;SALSA BBQ CHEF DANIEL 400 GR;NO PERECIBLE;2026-07-01;390.852;91;264;7
340;SALSA INGLESA MCCORMICK 175 ML;NO PERECIBLE;2026-01-01;732.7476;187;468;1
340;SALSA INGLESA MCCORMICK 175 ML;NO PERECIBLE;2026-02-01;773.4558;189;494;2
340;SALSA INGLESA MCCORMICK 175 ML;NO PERECIBLE;2026-03-01;956.6427;210;611;3
340;SALSA INGLESA MCCORMICK 175 ML;NO PERECIBLE;2026-04-01;848.6094;206;542;4
340;SALSA INGLESA MCCORMICK 175 ML;NO PERECIBLE;2026-05-01;998.9166;211;638;5
340;SALSA INGLESA MCCORMICK 175 ML;NO PERECIBLE;2026-06-01;884.6205;204;565;6
340;SALSA INGLESA MCCORMICK 175 ML;NO PERECIBLE;2026-07-01;1031.7963;207;659;7
342;SALSA CHIPOTLE HOT SAUCE OLE 165 GR;NO PERECIBLE;2026-01-01;99.14324508;23;36;1
342;SALSA CHIPOTLE HOT SAUCE OLE 165 GR;NO PERECIBLE;2026-02-01;212.05638531;33;77;2
342;SALSA CHIPOTLE HOT SAUCE OLE 165 GR;NO PERECIBLE;2026-03-01;82.6193709;22;30;3
342;SALSA CHIPOTLE HOT SAUCE OLE 165 GR;NO PERECIBLE;2026-04-01;134.94497247;28;49;4
342;SALSA CHIPOTLE HOT SAUCE OLE 165 GR;NO PERECIBLE;2026-05-01;121.17507732;28;44;5
342;SALSA CHIPOTLE HOT SAUCE OLE 165 GR;NO PERECIBLE;2026-06-01;112.91314023;31;41;6
342;SALSA CHIPOTLE HOT SAUCE OLE 165 GR;NO PERECIBLE;2026-07-01;110.1591612;25;40;7
344;SALSA DE TOMATE EN VIDRIO MARCELLOS 400 GR;NO PERECIBLE;2026-01-01;62.172;14;55;1
344;SALSA DE TOMATE EN VIDRIO MARCELLOS 400 GR;NO PERECIBLE;2026-02-01;24.8688;8;22;2
344;SALSA DE TOMATE EN VIDRIO MARCELLOS 400 GR;NO PERECIBLE;2026-03-01;7.9128;1;7;3
344;SALSA DE TOMATE EN VIDRIO MARCELLOS 400 GR;NO PERECIBLE;2026-04-01;0;0;0;4
344;SALSA DE TOMATE EN VIDRIO MARCELLOS 400 GR;NO PERECIBLE;2026-05-01;0;0;0;5
344;SALSA DE TOMATE EN VIDRIO MARCELLOS 400 GR;NO PERECIBLE;2026-06-01;0;0;0;6
344;SALSA DE TOMATE EN VIDRIO MARCELLOS 400 GR;NO PERECIBLE;2026-07-01;0;0;0;7
349;CEBOLLA PAITEÑA PROCESADA 1 KG;FRUVER;2026-01-01;115.5;25;165;1
349;CEBOLLA PAITEÑA PROCESADA 1 KG;FRUVER;2026-02-01;112.35;24;160.5;2
349;CEBOLLA PAITEÑA PROCESADA 1 KG;FRUVER;2026-03-01;128.1;27;183;3
349;CEBOLLA PAITEÑA PROCESADA 1 KG;FRUVER;2026-04-01;152.6;32;218;4
349;CEBOLLA PAITEÑA PROCESADA 1 KG;FRUVER;2026-05-01;118.65;27;169.5;5
349;CEBOLLA PAITEÑA PROCESADA 1 KG;FRUVER;2026-06-01;116.2;28;166;6
349;CEBOLLA PAITEÑA PROCESADA 1 KG;FRUVER;2026-07-01;119.7;30;171;7
357;VINAGRE BLANCO UP LA PRIMERA 3.7 LT;NO PERECIBLE;2026-01-01;228.0158;56;94;1
357;VINAGRE BLANCO UP LA PRIMERA 3.7 LT;NO PERECIBLE;2026-02-01;198.9074;59;82;2
357;VINAGRE BLANCO UP LA PRIMERA 3.7 LT;NO PERECIBLE;2026-03-01;215.8873;63;89;3
357;VINAGRE BLANCO UP LA PRIMERA 3.7 LT;NO PERECIBLE;2026-04-01;198.9074;59;82;4
357;VINAGRE BLANCO UP LA PRIMERA 3.7 LT;NO PERECIBLE;2026-05-01;281.3812;66;116;5
357;VINAGRE BLANCO UP LA PRIMERA 3.7 LT;NO PERECIBLE;2026-06-01;228.0158;70;94;6
357;VINAGRE BLANCO UP LA PRIMERA 3.7 LT;NO PERECIBLE;2026-07-01;220.7387;63;91;7
358;MAYONESA ADEREZO LA PRIMERA 3.7 KG;NO PERECIBLE;2026-01-01;3168.2529;229;387;1
358;MAYONESA ADEREZO LA PRIMERA 3.7 KG;NO PERECIBLE;2026-02-01;3307.4268;226;404;2
358;MAYONESA ADEREZO LA PRIMERA 3.7 KG;NO PERECIBLE;2026-03-01;3708.5751;263;453;3
358;MAYONESA ADEREZO LA PRIMERA 3.7 KG;NO PERECIBLE;2026-04-01;3855.9357;275;471;4
358;MAYONESA ADEREZO LA PRIMERA 3.7 KG;NO PERECIBLE;2026-05-01;4445.3781;279;543;5
358;MAYONESA ADEREZO LA PRIMERA 3.7 KG;NO PERECIBLE;2026-06-01;4019.6697;292;491;6
358;MAYONESA ADEREZO LA PRIMERA 3.7 KG;NO PERECIBLE;2026-07-01;4478.1249;307;547;7
360;MOSTAZA MARCELLOS BALDE 3.8 KG;NO PERECIBLE;2026-01-01;1949.97;230;311;1
360;MOSTAZA MARCELLOS BALDE 3.8 KG;NO PERECIBLE;2026-02-01;2075.37;222;331;2
360;MOSTAZA MARCELLOS BALDE 3.8 KG;NO PERECIBLE;2026-03-01;2194.5;250;350;3
360;MOSTAZA MARCELLOS BALDE 3.8 KG;NO PERECIBLE;2026-04-01;2263.47;263;361;4
360;MOSTAZA MARCELLOS BALDE 3.8 KG;NO PERECIBLE;2026-05-01;2470.38;272;394;5
360;MOSTAZA MARCELLOS BALDE 3.8 KG;NO PERECIBLE;2026-06-01;2627.13;286;419;6
360;MOSTAZA MARCELLOS BALDE 3.8 KG;NO PERECIBLE;2026-07-01;2533.08;268;404;7
361;MOSTAZA PRONACA 4 KG;NO PERECIBLE;2026-01-01;652.4903;54;77;1
361;MOSTAZA PRONACA 4 KG;NO PERECIBLE;2026-02-01;644.0164;51;76;2
361;MOSTAZA PRONACA 4 KG;NO PERECIBLE;2026-03-01;660.9642;57;78;3
361;MOSTAZA PRONACA 4 KG;NO PERECIBLE;2026-04-01;610.1208;53;72;4
361;MOSTAZA PRONACA 4 KG;NO PERECIBLE;2026-05-01;491.4862;41;58;5
361;MOSTAZA PRONACA 4 KG;NO PERECIBLE;2026-06-01;483.0123;41;57;6
361;MOSTAZA PRONACA 4 KG;NO PERECIBLE;2026-07-01;576.2252;43;68;7
362;PURE DE TOMATE GUSTADINA BALDE 4 KG;NO PERECIBLE;2026-01-01;563.2;47;64;1
362;PURE DE TOMATE GUSTADINA BALDE 4 KG;NO PERECIBLE;2026-02-01;528;50;60;2
362;PURE DE TOMATE GUSTADINA BALDE 4 KG;NO PERECIBLE;2026-03-01;616;52;70;3
362;PURE DE TOMATE GUSTADINA BALDE 4 KG;NO PERECIBLE;2026-04-01;589.6;46;67;4
362;PURE DE TOMATE GUSTADINA BALDE 4 KG;NO PERECIBLE;2026-05-01;730.4;57;83;5
362;PURE DE TOMATE GUSTADINA BALDE 4 KG;NO PERECIBLE;2026-06-01;633.6;53;72;6
362;PURE DE TOMATE GUSTADINA BALDE 4 KG;NO PERECIBLE;2026-07-01;519.2;37;59;7
367;ALMENDRAS 150 GR;NO PERECIBLE;2026-01-01;402.5;44;161;1
367;ALMENDRAS 150 GR;NO PERECIBLE;2026-02-01;427.5;53;171;2
367;ALMENDRAS 150 GR;NO PERECIBLE;2026-03-01;445;47;178;3
367;ALMENDRAS 150 GR;NO PERECIBLE;2026-04-01;350;43;140;4
367;ALMENDRAS 150 GR;NO PERECIBLE;2026-05-01;337.5;37;135;5
367;ALMENDRAS 150 GR;NO PERECIBLE;2026-06-01;410;43;164;6
367;ALMENDRAS 150 GR;NO PERECIBLE;2026-07-01;450;50;180;7
368;AROMATICA ANIS FLORAROMA X25;NO PERECIBLE;2026-01-01;65.66;44;134;1
368;AROMATICA ANIS FLORAROMA X25;NO PERECIBLE;2026-02-01;67.62;45;138;2
368;AROMATICA ANIS FLORAROMA X25;NO PERECIBLE;2026-03-01;74.97;49;153;3
368;AROMATICA ANIS FLORAROMA X25;NO PERECIBLE;2026-04-01;62.23;43;127;4
368;AROMATICA ANIS FLORAROMA X25;NO PERECIBLE;2026-05-01;61.25;42;125;5
368;AROMATICA ANIS FLORAROMA X25;NO PERECIBLE;2026-06-01;66.15;43;135;6
368;AROMATICA ANIS FLORAROMA X25;NO PERECIBLE;2026-07-01;65.66;45;134;7
369;AROMATICA HIERBA LUISA HORNIMANS 32 GR X25;NO PERECIBLE;2026-01-01;47.37962694;22;46;1
369;AROMATICA HIERBA LUISA HORNIMANS 32 GR X25;NO PERECIBLE;2026-02-01;60.76952151;25;59;2
369;AROMATICA HIERBA LUISA HORNIMANS 32 GR X25;NO PERECIBLE;2026-03-01;65.91948096;25;64;3
369;AROMATICA HIERBA LUISA HORNIMANS 32 GR X25;NO PERECIBLE;2026-04-01;67.97946474;26;66;4
369;AROMATICA HIERBA LUISA HORNIMANS 32 GR X25;NO PERECIBLE;2026-05-01;94.75925388;43;92;5
369;AROMATICA HIERBA LUISA HORNIMANS 32 GR X25;NO PERECIBLE;2026-06-01;70.03944852;31;68;6
369;AROMATICA HIERBA LUISA HORNIMANS 32 GR X25;NO PERECIBLE;2026-07-01;62.82950529;32;61;7
370;AROMATICA HIERBA LUISA FLORAROMA X25;NO PERECIBLE;2026-01-01;240.1824;124;508;1
370;AROMATICA HIERBA LUISA FLORAROMA X25;NO PERECIBLE;2026-02-01;298.8096;137;632;2
370;AROMATICA HIERBA LUISA FLORAROMA X25;NO PERECIBLE;2026-03-01;233.0904;131;493;3
370;AROMATICA HIERBA LUISA FLORAROMA X25;NO PERECIBLE;2026-04-01;351.7632;151;744;4
370;AROMATICA HIERBA LUISA FLORAROMA X25;NO PERECIBLE;2026-05-01;269.9688;133;571;5
370;AROMATICA HIERBA LUISA FLORAROMA X25;NO PERECIBLE;2026-06-01;307.32;131;650;6
370;AROMATICA HIERBA LUISA FLORAROMA X25;NO PERECIBLE;2026-07-01;275.6424;132;583;7
371;AROMATICA MANZANILLA FLORAROMA X25;NO PERECIBLE;2026-01-01;371.6208;196;786;1
371;AROMATICA MANZANILLA FLORAROMA X25;NO PERECIBLE;2026-02-01;329.5416;186;697;2
371;AROMATICA MANZANILLA FLORAROMA X25;NO PERECIBLE;2026-03-01;443.0136;210;937;3
371;AROMATICA MANZANILLA FLORAROMA X25;NO PERECIBLE;2026-04-01;401.88;204;850;4
371;AROMATICA MANZANILLA FLORAROMA X25;NO PERECIBLE;2026-05-01;414.6456;197;877;5
371;AROMATICA MANZANILLA FLORAROMA X25;NO PERECIBLE;2026-06-01;421.2648;200;891;6
371;AROMATICA MANZANILLA FLORAROMA X25;NO PERECIBLE;2026-07-01;411.336;205;870;7
375;BICARBONATO 250 GR;NO PERECIBLE;2026-01-01;57;26;57;1
375;BICARBONATO 250 GR;NO PERECIBLE;2026-02-01;49;27;49;2
375;BICARBONATO 250 GR;NO PERECIBLE;2026-03-01;73;35;73;3
375;BICARBONATO 250 GR;NO PERECIBLE;2026-04-01;60;29;60;4
375;BICARBONATO 250 GR;NO PERECIBLE;2026-05-01;42;25;42;5
375;BICARBONATO 250 GR;NO PERECIBLE;2026-06-01;58;28;58;6
375;BICARBONATO 250 GR;NO PERECIBLE;2026-07-01;40;28;40;7
377;COCO RALLADO DAYS 500 GR;NO PERECIBLE;2026-01-01;750.75;60;165;1
377;COCO RALLADO DAYS 500 GR;NO PERECIBLE;2026-02-01;709.8;54;156;2
377;COCO RALLADO DAYS 500 GR;NO PERECIBLE;2026-03-01;723.45;60;159;3
377;COCO RALLADO DAYS 500 GR;NO PERECIBLE;2026-04-01;800.8;68;176;4
377;COCO RALLADO DAYS 500 GR;NO PERECIBLE;2026-05-01;687.05;53;151;5
377;COCO RALLADO DAYS 500 GR;NO PERECIBLE;2026-06-01;914.55;87;201;6
377;COCO RALLADO DAYS 500 GR;NO PERECIBLE;2026-07-01;705.25;74;155;7
378;COLORINA AMARILLO LEVAPAN 250 ML;NO PERECIBLE;2026-01-01;51.975;8;18;1
378;COLORINA AMARILLO LEVAPAN 250 ML;NO PERECIBLE;2026-02-01;49.0875;11;17;2
378;COLORINA AMARILLO LEVAPAN 250 ML;NO PERECIBLE;2026-03-01;66.4125;13;23;3
378;COLORINA AMARILLO LEVAPAN 250 ML;NO PERECIBLE;2026-04-01;66.4125;12;23;4
378;COLORINA AMARILLO LEVAPAN 250 ML;NO PERECIBLE;2026-05-01;54.8625;9;19;5
378;COLORINA AMARILLO LEVAPAN 250 ML;NO PERECIBLE;2026-06-01;28.875;9;10;6
378;COLORINA AMARILLO LEVAPAN 250 ML;NO PERECIBLE;2026-07-01;25.9875;8;9;7
380;COLORINA ROJO LEVAPAN 250 ML;NO PERECIBLE;2026-01-01;11.0004;3;4;1
380;COLORINA ROJO LEVAPAN 250 ML;NO PERECIBLE;2026-02-01;11.0004;3;4;2
380;COLORINA ROJO LEVAPAN 250 ML;NO PERECIBLE;2026-03-01;11.0004;3;4;3
380;COLORINA ROJO LEVAPAN 250 ML;NO PERECIBLE;2026-04-01;16.5006;5;6;4
380;COLORINA ROJO LEVAPAN 250 ML;NO PERECIBLE;2026-05-01;13.7505;3;5;5
380;COLORINA ROJO LEVAPAN 250 ML;NO PERECIBLE;2026-06-01;8.2503;2;3;6
380;COLORINA ROJO LEVAPAN 250 ML;NO PERECIBLE;2026-07-01;13.7505;4;5;7
381;COLORINA VERDE LEVAPAN 250 ML;NO PERECIBLE;2026-01-01;8.2503;2;3;1
381;COLORINA VERDE LEVAPAN 250 ML;NO PERECIBLE;2026-02-01;8.2503;2;3;2
381;COLORINA VERDE LEVAPAN 250 ML;NO PERECIBLE;2026-03-01;8.2503;2;3;3
381;COLORINA VERDE LEVAPAN 250 ML;NO PERECIBLE;2026-04-01;11.0004;3;4;4
381;COLORINA VERDE LEVAPAN 250 ML;NO PERECIBLE;2026-05-01;11.0004;2;4;5
381;COLORINA VERDE LEVAPAN 250 ML;NO PERECIBLE;2026-06-01;16.5006;5;6;6
381;COLORINA VERDE LEVAPAN 250 ML;NO PERECIBLE;2026-07-01;16.5006;5;6;7
386;GEL NEUTRO MIROIR PURATOS 5 KG;NO PERECIBLE;2026-01-01;135.88;4;4;1
386;GEL NEUTRO MIROIR PURATOS 5 KG;NO PERECIBLE;2026-02-01;271.76;7;8;2
386;GEL NEUTRO MIROIR PURATOS 5 KG;NO PERECIBLE;2026-03-01;237.79;7;7;3
386;GEL NEUTRO MIROIR PURATOS 5 KG;NO PERECIBLE;2026-04-01;339.7;9;10;4
386;GEL NEUTRO MIROIR PURATOS 5 KG;NO PERECIBLE;2026-05-01;237.79;7;7;5
386;GEL NEUTRO MIROIR PURATOS 5 KG;NO PERECIBLE;2026-06-01;237.79;7;7;6
386;GEL NEUTRO MIROIR PURATOS 5 KG;NO PERECIBLE;2026-07-01;271.76;7;8;7
387;GEL LADY FRUIT FRESA PURATOS 2.5 KG;NO PERECIBLE;2026-01-01;110.64;11;12;1
387;GEL LADY FRUIT FRESA PURATOS 2.5 KG;NO PERECIBLE;2026-02-01;55.32;6;6;2
387;GEL LADY FRUIT FRESA PURATOS 2.5 KG;NO PERECIBLE;2026-03-01;92.2;10;10;3
387;GEL LADY FRUIT FRESA PURATOS 2.5 KG;NO PERECIBLE;2026-04-01;119.86;13;13;4
387;GEL LADY FRUIT FRESA PURATOS 2.5 KG;NO PERECIBLE;2026-05-01;129.08;13;14;5
387;GEL LADY FRUIT FRESA PURATOS 2.5 KG;NO PERECIBLE;2026-06-01;110.64;12;12;6
387;GEL LADY FRUIT FRESA PURATOS 2.5 KG;NO PERECIBLE;2026-07-01;73.76;8;8;7
391;MEJORADOR S-500 PURATOS 1 KG;NO PERECIBLE;2026-01-01;23.1;3;3;1
391;MEJORADOR S-500 PURATOS 1 KG;NO PERECIBLE;2026-02-01;15.4;2;2;2
391;MEJORADOR S-500 PURATOS 1 KG;NO PERECIBLE;2026-03-01;15.4;2;2;3
391;MEJORADOR S-500 PURATOS 1 KG;NO PERECIBLE;2026-04-01;0;0;0;4
391;MEJORADOR S-500 PURATOS 1 KG;NO PERECIBLE;2026-05-01;7.7;1;1;5
391;MEJORADOR S-500 PURATOS 1 KG;NO PERECIBLE;2026-06-01;7.7;1;1;6
391;MEJORADOR S-500 PURATOS 1 KG;NO PERECIBLE;2026-07-01;0;0;0;7
393;YEMO LIQUIDO 500ML;NO PERECIBLE;2026-01-01;693.7812;97;189;1
393;YEMO LIQUIDO 500ML;NO PERECIBLE;2026-02-01;653.4024;89;178;2
393;YEMO LIQUIDO 500ML;NO PERECIBLE;2026-03-01;936.054;121;255;3
393;YEMO LIQUIDO 500ML;NO PERECIBLE;2026-04-01;697.452;107;190;4
393;YEMO LIQUIDO 500ML;NO PERECIBLE;2026-05-01;961.7496;116;262;5
393;YEMO LIQUIDO 500ML;NO PERECIBLE;2026-06-01;910.3584;115;248;6
393;YEMO LIQUIDO 500ML;NO PERECIBLE;2026-07-01;943.3956;136;257;7
394;ACHIOTE 1 KG;NO PERECIBLE;2026-01-01;688;131;172;1
394;ACHIOTE 1 KG;NO PERECIBLE;2026-02-01;740;119;185;2
394;ACHIOTE 1 KG;NO PERECIBLE;2026-03-01;880;151;220;3
394;ACHIOTE 1 KG;NO PERECIBLE;2026-04-01;876;145;219;4
394;ACHIOTE 1 KG;NO PERECIBLE;2026-05-01;912;149;228;5
394;ACHIOTE 1 KG;NO PERECIBLE;2026-06-01;944;152;236;6
394;ACHIOTE 1 KG;NO PERECIBLE;2026-07-01;968;150;242;7
395;CHIFLES PICANTES TORTOLINES 45 GR;NO PERECIBLE;2026-01-01;309.162;11;714;1
395;CHIFLES PICANTES TORTOLINES 45 GR;NO PERECIBLE;2026-02-01;262.398;6;606;2
395;CHIFLES PICANTES TORTOLINES 45 GR;NO PERECIBLE;2026-03-01;167.571;5;387;3
395;CHIFLES PICANTES TORTOLINES 45 GR;NO PERECIBLE;2026-04-01;178.396;6;412;4
395;CHIFLES PICANTES TORTOLINES 45 GR;NO PERECIBLE;2026-05-01;187.489;12;433;5
395;CHIFLES PICANTES TORTOLINES 45 GR;NO PERECIBLE;2026-06-01;326.482;11;754;6
395;CHIFLES PICANTES TORTOLINES 45 GR;NO PERECIBLE;2026-07-01;350.73;11;810;7
396;AJO MOLIDO 1 KG;NO PERECIBLE;2026-01-01;64.4;20;23;1
396;AJO MOLIDO 1 KG;NO PERECIBLE;2026-02-01;70;21;25;2
396;AJO MOLIDO 1 KG;NO PERECIBLE;2026-03-01;92.4;30;33;3
396;AJO MOLIDO 1 KG;NO PERECIBLE;2026-04-01;67.2;22;24;4
396;AJO MOLIDO 1 KG;NO PERECIBLE;2026-05-01;70;22;25;5
396;AJO MOLIDO 1 KG;NO PERECIBLE;2026-06-01;67.2;22;24;6
396;AJO MOLIDO 1 KG;NO PERECIBLE;2026-07-01;95.2;32;34;7
397;AJONJOLI 1 KG;NO PERECIBLE;2026-01-01;187.2;33;39;1
397;AJONJOLI 1 KG;NO PERECIBLE;2026-02-01;172.8;31;36;2
397;AJONJOLI 1 KG;NO PERECIBLE;2026-03-01;249.6;46;52;3
397;AJONJOLI 1 KG;NO PERECIBLE;2026-04-01;211.2;42;44;4
397;AJONJOLI 1 KG;NO PERECIBLE;2026-05-01;163.2;33;34;5
397;AJONJOLI 1 KG;NO PERECIBLE;2026-06-01;211.2;40;44;6
397;AJONJOLI 1 KG;NO PERECIBLE;2026-07-01;196.8;35;41;7
399;ALMIDON DE YUCA 1 KG;NO PERECIBLE;2026-01-01;170.4;20;71;1
399;ALMIDON DE YUCA 1 KG;NO PERECIBLE;2026-02-01;218.4;26;91;2
399;ALMIDON DE YUCA 1 KG;NO PERECIBLE;2026-03-01;211.2;27;88;3
399;ALMIDON DE YUCA 1 KG;NO PERECIBLE;2026-04-01;163.2;26;68;4
399;ALMIDON DE YUCA 1 KG;NO PERECIBLE;2026-05-01;304.8;31;127;5
399;ALMIDON DE YUCA 1 KG;NO PERECIBLE;2026-06-01;252;35;105;6
399;ALMIDON DE YUCA 1 KG;NO PERECIBLE;2026-07-01;194.4;34;81;7
401;APANADURA EUREKA 1 KG;NO PERECIBLE;2026-01-01;0;0;0;1
401;APANADURA EUREKA 1 KG;NO PERECIBLE;2026-02-01;9.75;1;5;2
401;APANADURA EUREKA 1 KG;NO PERECIBLE;2026-03-01;0;0;0;3
401;APANADURA EUREKA 1 KG;NO PERECIBLE;2026-04-01;0;0;0;4
401;APANADURA EUREKA 1 KG;NO PERECIBLE;2026-05-01;0;0;0;5
401;APANADURA EUREKA 1 KG;NO PERECIBLE;2026-06-01;0;0;0;6
401;APANADURA EUREKA 1 KG;NO PERECIBLE;2026-07-01;0;0;0;7
403;ARROZ INTEGRAL GOURMET CASA DEL ARROZ 1 KG;NO PERECIBLE;2026-01-01;134.41385552;93;112;1
403;ARROZ INTEGRAL GOURMET CASA DEL ARROZ 1 KG;NO PERECIBLE;2026-02-01;122.41261842;84;102;2
403;ARROZ INTEGRAL GOURMET CASA DEL ARROZ 1 KG;NO PERECIBLE;2026-03-01;133.21373181;95;111;3
403;ARROZ INTEGRAL GOURMET CASA DEL ARROZ 1 KG;NO PERECIBLE;2026-04-01;108.0111339;81;90;4
403;ARROZ INTEGRAL GOURMET CASA DEL ARROZ 1 KG;NO PERECIBLE;2026-05-01;109.21125761;84;91;5
403;ARROZ INTEGRAL GOURMET CASA DEL ARROZ 1 KG;NO PERECIBLE;2026-06-01;92.40952567;71;77;6
403;ARROZ INTEGRAL GOURMET CASA DEL ARROZ 1 KG;NO PERECIBLE;2026-07-01;116.41199987;82;97;7
404;ARVEJA SECA 1 KG;NO PERECIBLE;2026-01-01;277.2;88;231;1
404;ARVEJA SECA 1 KG;NO PERECIBLE;2026-02-01;250.8;81;209;2
404;ARVEJA SECA 1 KG;NO PERECIBLE;2026-03-01;391.2;103;326;3
404;ARVEJA SECA 1 KG;NO PERECIBLE;2026-04-01;322.8;93;269;4
404;ARVEJA SECA 1 KG;NO PERECIBLE;2026-05-01;298.8;89;249;5
404;ARVEJA SECA 1 KG;NO PERECIBLE;2026-06-01;286.8;80;239;6
404;ARVEJA SECA 1 KG;NO PERECIBLE;2026-07-01;260.4;82;217;7
406;AZAFRAN 250 GR;NO PERECIBLE;2026-01-01;27.3;13;21;1
406;AZAFRAN 250 GR;NO PERECIBLE;2026-02-01;28.6;12;22;2
406;AZAFRAN 250 GR;NO PERECIBLE;2026-03-01;28.6;13;22;3
406;AZAFRAN 250 GR;NO PERECIBLE;2026-04-01;24.7;12;19;4
406;AZAFRAN 250 GR;NO PERECIBLE;2026-05-01;23.4;12;18;5
406;AZAFRAN 250 GR;NO PERECIBLE;2026-06-01;16.9;9;13;6
406;AZAFRAN 250 GR;NO PERECIBLE;2026-07-01;23.4;11;18;7
407;CANELA MOLIDA 1 KG;NO PERECIBLE;2026-01-01;146.16;7;7;1
407;CANELA MOLIDA 1 KG;NO PERECIBLE;2026-02-01;208.8;10;10;2
407;CANELA MOLIDA 1 KG;NO PERECIBLE;2026-03-01;334.08;13;16;3
407;CANELA MOLIDA 1 KG;NO PERECIBLE;2026-04-01;208.8;9;10;4
407;CANELA MOLIDA 1 KG;NO PERECIBLE;2026-05-01;229.68;11;11;5
407;CANELA MOLIDA 1 KG;NO PERECIBLE;2026-06-01;480.24;13;23;6
407;CANELA MOLIDA 1 KG;NO PERECIBLE;2026-07-01;208.8;10;10;7
408;CANELA RAMA 200 GR;NO PERECIBLE;2026-01-01;1084.5;158;241;1
408;CANELA RAMA 200 GR;NO PERECIBLE;2026-02-01;1287;158;286;2
408;CANELA RAMA 200 GR;NO PERECIBLE;2026-03-01;1485;210;330;3
408;CANELA RAMA 200 GR;NO PERECIBLE;2026-04-01;1399.5;197;311;4
408;CANELA RAMA 200 GR;NO PERECIBLE;2026-05-01;1084.5;157;241;5
408;CANELA RAMA 200 GR;NO PERECIBLE;2026-06-01;1683;215;374;6
408;CANELA RAMA 200 GR;NO PERECIBLE;2026-07-01;1431;199;318;7
413;CLAVO OLOR 1 KG;NO PERECIBLE;2026-01-01;17.28;1;1;1
413;CLAVO OLOR 1 KG;NO PERECIBLE;2026-02-01;69.12;4;4;2
413;CLAVO OLOR 1 KG;NO PERECIBLE;2026-03-01;86.4;5;5;3
413;CLAVO OLOR 1 KG;NO PERECIBLE;2026-04-01;34.56;2;2;4
413;CLAVO OLOR 1 KG;NO PERECIBLE;2026-05-01;69.12;4;4;5
413;CLAVO OLOR 1 KG;NO PERECIBLE;2026-06-01;34.56;2;2;6
413;CLAVO OLOR 1 KG;NO PERECIBLE;2026-07-01;51.84;3;3;7
415;COMINO GRANO 1 KG;NO PERECIBLE;2026-01-01;0;0;0;1
415;COMINO GRANO 1 KG;NO PERECIBLE;2026-02-01;0;0;0;2
415;COMINO GRANO 1 KG;NO PERECIBLE;2026-03-01;6.99725275;1;1;3
415;COMINO GRANO 1 KG;NO PERECIBLE;2026-04-01;6.99725275;1;1;4
415;COMINO GRANO 1 KG;NO PERECIBLE;2026-05-01;0;0;0;5
415;COMINO GRANO 1 KG;NO PERECIBLE;2026-06-01;0;0;0;6
415;COMINO GRANO 1 KG;NO PERECIBLE;2026-07-01;6.99725275;1;1;7
416;COMINO MOLIDO 1 KG;NO PERECIBLE;2026-01-01;1887;326;510;1
416;COMINO MOLIDO 1 KG;NO PERECIBLE;2026-02-01;2064.6;342;558;2
416;COMINO MOLIDO 1 KG;NO PERECIBLE;2026-03-01;2416.1;379;653;3
416;COMINO MOLIDO 1 KG;NO PERECIBLE;2026-04-01;2464.2;394;666;4
416;COMINO MOLIDO 1 KG;NO PERECIBLE;2026-05-01;2390.2;373;646;5
416;COMINO MOLIDO 1 KG;NO PERECIBLE;2026-06-01;2512.3;393;679;6
416;COMINO MOLIDO 1 KG;NO PERECIBLE;2026-07-01;2460.5;387;665;7
418;FIDEO ARROZ FINO ORIENTAL 200 GR;NO PERECIBLE;2026-01-01;32.06664405;5;15;1
418;FIDEO ARROZ FINO ORIENTAL 200 GR;NO PERECIBLE;2026-02-01;91.92437961;9;43;2
418;FIDEO ARROZ FINO ORIENTAL 200 GR;NO PERECIBLE;2026-03-01;70.54661691;5;33;3
418;FIDEO ARROZ FINO ORIENTAL 200 GR;NO PERECIBLE;2026-04-01;34.20442032;6;16;4
418;FIDEO ARROZ FINO ORIENTAL 200 GR;NO PERECIBLE;2026-05-01;34.20442032;6;16;5
418;FIDEO ARROZ FINO ORIENTAL 200 GR;NO PERECIBLE;2026-06-01;12.82665762;4;6;6
418;FIDEO ARROZ FINO ORIENTAL 200 GR;NO PERECIBLE;2026-07-01;74.82216945;5;35;7
420;FIDEO CABELLO DE ANGEL CAYAMBE 400 GR;NO PERECIBLE;2026-01-01;1413.21;328;2771;1
420;FIDEO CABELLO DE ANGEL CAYAMBE 400 GR;NO PERECIBLE;2026-02-01;1053.15;310;2065;2
420;FIDEO CABELLO DE ANGEL CAYAMBE 400 GR;NO PERECIBLE;2026-03-01;1610.07;367;3157;3
420;FIDEO CABELLO DE ANGEL CAYAMBE 400 GR;NO PERECIBLE;2026-04-01;1527.45;358;2995;4
420;FIDEO CABELLO DE ANGEL CAYAMBE 400 GR;NO PERECIBLE;2026-05-01;1930.35;410;3785;5
420;FIDEO CABELLO DE ANGEL CAYAMBE 400 GR;NO PERECIBLE;2026-06-01;2060.4;401;4040;6
420;FIDEO CABELLO DE ANGEL CAYAMBE 400 GR;NO PERECIBLE;2026-07-01;2056.32;412;4032;7
423;FIDEO BASTON GRANDE CAYAMBE 400 GR;NO PERECIBLE;2026-01-01;1136.79;253;2229;1
423;FIDEO BASTON GRANDE CAYAMBE 400 GR;NO PERECIBLE;2026-02-01;1126.08;209;2208;2
423;FIDEO BASTON GRANDE CAYAMBE 400 GR;NO PERECIBLE;2026-03-01;1108.74;254;2174;3
423;FIDEO BASTON GRANDE CAYAMBE 400 GR;NO PERECIBLE;2026-04-01;0;0;0;4
423;FIDEO BASTON GRANDE CAYAMBE 400 GR;NO PERECIBLE;2026-05-01;706.86;130;1386;5
423;FIDEO BASTON GRANDE CAYAMBE 400 GR;NO PERECIBLE;2026-06-01;1701.36;327;3336;6
423;FIDEO BASTON GRANDE CAYAMBE 400 GR;NO PERECIBLE;2026-07-01;2007.36;326;3936;7
426;FIDEO LAZO CHICO CAYAMBE 400 GR;NO PERECIBLE;2026-01-01;0;0;0;1
426;FIDEO LAZO CHICO CAYAMBE 400 GR;NO PERECIBLE;2026-02-01;0;0;0;2
426;FIDEO LAZO CHICO CAYAMBE 400 GR;NO PERECIBLE;2026-03-01;0;0;0;3
426;FIDEO LAZO CHICO CAYAMBE 400 GR;NO PERECIBLE;2026-04-01;0;0;0;4
426;FIDEO LAZO CHICO CAYAMBE 400 GR;NO PERECIBLE;2026-05-01;0;0;0;5
426;FIDEO LAZO CHICO CAYAMBE 400 GR;NO PERECIBLE;2026-06-01;1029.18;161;2018;6
426;FIDEO LAZO CHICO CAYAMBE 400 GR;NO PERECIBLE;2026-07-01;898.62;163;1762;7
427;FIDEO MACARRON CHICO CAYAMBE 400 GR;NO PERECIBLE;2026-01-01;1396.89;321;2739;1
427;FIDEO MACARRON CHICO CAYAMBE 400 GR;NO PERECIBLE;2026-02-01;1350.48;321;2648;2
427;FIDEO MACARRON CHICO CAYAMBE 400 GR;NO PERECIBLE;2026-03-01;1459.11;345;2861;3
427;FIDEO MACARRON CHICO CAYAMBE 400 GR;NO PERECIBLE;2026-04-01;1634.55;359;3205;4
427;FIDEO MACARRON CHICO CAYAMBE 400 GR;NO PERECIBLE;2026-05-01;1511.64;343;2964;5
427;FIDEO MACARRON CHICO CAYAMBE 400 GR;NO PERECIBLE;2026-06-01;1977.78;355;3878;6
427;FIDEO MACARRON CHICO CAYAMBE 400 GR;NO PERECIBLE;2026-07-01;1721.25;355;3375;7
429;FIDEO BROCA CAYAMBE 400 GR;NO PERECIBLE;2026-01-01;1545.81;222;3031;1
429;FIDEO BROCA CAYAMBE 400 GR;NO PERECIBLE;2026-02-01;1489.2;204;2920;2
429;FIDEO BROCA CAYAMBE 400 GR;NO PERECIBLE;2026-03-01;1501.95;226;2945;3
429;FIDEO BROCA CAYAMBE 400 GR;NO PERECIBLE;2026-04-01;1520.31;222;2981;4
429;FIDEO BROCA CAYAMBE 400 GR;NO PERECIBLE;2026-05-01;2095.59;237;4109;5
429;FIDEO BROCA CAYAMBE 400 GR;NO PERECIBLE;2026-06-01;1481.55;228;2905;6
429;FIDEO BROCA CAYAMBE 400 GR;NO PERECIBLE;2026-07-01;2112.93;239;4143;7
431;FREJOL BOLON 1 KG;NO PERECIBLE;2026-01-01;38.4;7;16;1
431;FREJOL BOLON 1 KG;NO PERECIBLE;2026-02-01;28.8;6;12;2
431;FREJOL BOLON 1 KG;NO PERECIBLE;2026-03-01;96;9;40;3
431;FREJOL BOLON 1 KG;NO PERECIBLE;2026-04-01;74.4;12;31;4
431;FREJOL BOLON 1 KG;NO PERECIBLE;2026-05-01;64.8;14;27;5
431;FREJOL BOLON 1 KG;NO PERECIBLE;2026-06-01;187.2;16;78;6
431;FREJOL BOLON 1 KG;NO PERECIBLE;2026-07-01;64.8;12;27;7
432;FREJOL CANARIO 1 KG;NO PERECIBLE;2026-01-01;1290.3;90;391;1
432;FREJOL CANARIO 1 KG;NO PERECIBLE;2026-02-01;1029.6;64;312;2
432;FREJOL CANARIO 1 KG;NO PERECIBLE;2026-03-01;1392.6;104;422;3
432;FREJOL CANARIO 1 KG;NO PERECIBLE;2026-04-01;1201.2;79;364;4
432;FREJOL CANARIO 1 KG;NO PERECIBLE;2026-05-01;1699.5;111;515;5
432;FREJOL CANARIO 1 KG;NO PERECIBLE;2026-06-01;1765.5;94;535;6
432;FREJOL CANARIO 1 KG;NO PERECIBLE;2026-07-01;1458.6;93;442;7
433;FREJOL NEGRO 1 KG;NO PERECIBLE;2026-01-01;1642;195;821;1
433;FREJOL NEGRO 1 KG;NO PERECIBLE;2026-02-01;1618;188;809;2
433;FREJOL NEGRO 1 KG;NO PERECIBLE;2026-03-01;1338;211;669;3
433;FREJOL NEGRO 1 KG;NO PERECIBLE;2026-04-01;1412;198;706;4
433;FREJOL NEGRO 1 KG;NO PERECIBLE;2026-05-01;1212;182;606;5
433;FREJOL NEGRO 1 KG;NO PERECIBLE;2026-06-01;1434;180;717;6
433;FREJOL NEGRO 1 KG;NO PERECIBLE;2026-07-01;1410;183;705;7
434;FREJOL PANAMITO 1 KG;NO PERECIBLE;2026-01-01;1815;178;726;1
434;FREJOL PANAMITO 1 KG;NO PERECIBLE;2026-02-01;2132.5;191;853;2
434;FREJOL PANAMITO 1 KG;NO PERECIBLE;2026-03-01;2235;227;894;3
434;FREJOL PANAMITO 1 KG;NO PERECIBLE;2026-04-01;2537.5;246;1015;4
434;FREJOL PANAMITO 1 KG;NO PERECIBLE;2026-05-01;2200;227;880;5
434;FREJOL PANAMITO 1 KG;NO PERECIBLE;2026-06-01;3235;249;1294;6
434;FREJOL PANAMITO 1 KG;NO PERECIBLE;2026-07-01;2715;235;1086;7
436;GARBANZO 1 KG;NO PERECIBLE;2026-01-01;1413.6;183;589;1
436;GARBANZO 1 KG;NO PERECIBLE;2026-02-01;1315.2;200;548;2
436;GARBANZO 1 KG;NO PERECIBLE;2026-03-01;1730.4;228;721;3
436;GARBANZO 1 KG;NO PERECIBLE;2026-04-01;1382.4;187;576;4
436;GARBANZO 1 KG;NO PERECIBLE;2026-05-01;60;10;25;5
436;GARBANZO 1 KG;NO PERECIBLE;2026-06-01;69.6;12;29;6
436;GARBANZO 1 KG;NO PERECIBLE;2026-07-01;67.2;13;28;7
437;GRANOLA TRADICIONAL SCHULLO 400 GR;NO PERECIBLE;2026-01-01;36.4836528;9;9;1
437;GRANOLA TRADICIONAL SCHULLO 400 GR;NO PERECIBLE;2026-02-01;24.3224352;6;6;2
437;GRANOLA TRADICIONAL SCHULLO 400 GR;NO PERECIBLE;2026-03-01;77.0210448;13;19;3
437;GRANOLA TRADICIONAL SCHULLO 400 GR;NO PERECIBLE;2026-04-01;12.1612176;2;3;4
437;GRANOLA TRADICIONAL SCHULLO 400 GR;NO PERECIBLE;2026-05-01;56.7523488;11;14;5
437;GRANOLA TRADICIONAL SCHULLO 400 GR;NO PERECIBLE;2026-06-01;40.537392;9;10;6
437;GRANOLA TRADICIONAL SCHULLO 400 GR;NO PERECIBLE;2026-07-01;56.7523488;13;14;7
440;HARINA CEBADA 1 KG;NO PERECIBLE;2026-01-01;35.2;19;32;1
440;HARINA CEBADA 1 KG;NO PERECIBLE;2026-02-01;44;26;40;2
440;HARINA CEBADA 1 KG;NO PERECIBLE;2026-03-01;55;25;50;3
440;HARINA CEBADA 1 KG;NO PERECIBLE;2026-04-01;33;18;30;4
440;HARINA CEBADA 1 KG;NO PERECIBLE;2026-05-01;44;21;40;5
440;HARINA CEBADA 1 KG;NO PERECIBLE;2026-06-01;42.9;24;39;6
440;HARINA CEBADA 1 KG;NO PERECIBLE;2026-07-01;35.2;22;32;7
441;HARINA HABA 1 KG;NO PERECIBLE;2026-01-01;146.4;56;122;1
441;HARINA HABA 1 KG;NO PERECIBLE;2026-02-01;117.6;38;98;2
441;HARINA HABA 1 KG;NO PERECIBLE;2026-03-01;139.2;54;116;3
441;HARINA HABA 1 KG;NO PERECIBLE;2026-04-01;134.4;45;112;4
441;HARINA HABA 1 KG;NO PERECIBLE;2026-05-01;109.2;46;91;5
441;HARINA HABA 1 KG;NO PERECIBLE;2026-06-01;158.4;50;132;6
441;HARINA HABA 1 KG;NO PERECIBLE;2026-07-01;128.4;51;107;7
442;HARINA DE MAIZ 1 KG;NO PERECIBLE;2026-01-01;321.6;101;268;1
442;HARINA DE MAIZ 1 KG;NO PERECIBLE;2026-02-01;266.4;98;222;2
442;HARINA DE MAIZ 1 KG;NO PERECIBLE;2026-03-01;256.8;98;214;3
442;HARINA DE MAIZ 1 KG;NO PERECIBLE;2026-04-01;252;94;210;4
442;HARINA DE MAIZ 1 KG;NO PERECIBLE;2026-05-01;243.6;81;203;5
442;HARINA DE MAIZ 1 KG;NO PERECIBLE;2026-06-01;300;91;250;6
442;HARINA DE MAIZ 1 KG;NO PERECIBLE;2026-07-01;262.8;89;219;7
443;HARINA MOROCHO 1 KG;NO PERECIBLE;2026-01-01;40.92;12;31;1
443;HARINA MOROCHO 1 KG;NO PERECIBLE;2026-02-01;55.44;13;42;2
443;HARINA MOROCHO 1 KG;NO PERECIBLE;2026-03-01;23.76;10;18;3
443;HARINA MOROCHO 1 KG;NO PERECIBLE;2026-04-01;17.16;4;13;4
443;HARINA MOROCHO 1 KG;NO PERECIBLE;2026-05-01;22.44;11;17;5
443;HARINA MOROCHO 1 KG;NO PERECIBLE;2026-06-01;54.12;12;41;6
443;HARINA MOROCHO 1 KG;NO PERECIBLE;2026-07-01;31.68;12;24;7
444;HARINA DE MAIZ NEGRA 1 KG;NO PERECIBLE;2026-01-01;15.95;6;11;1
444;HARINA DE MAIZ NEGRA 1 KG;NO PERECIBLE;2026-02-01;8.7;3;6;2
444;HARINA DE MAIZ NEGRA 1 KG;NO PERECIBLE;2026-03-01;2.9;2;2;3
444;HARINA DE MAIZ NEGRA 1 KG;NO PERECIBLE;2026-04-01;1.45;1;1;4
444;HARINA DE MAIZ NEGRA 1 KG;NO PERECIBLE;2026-05-01;50.75;13;35;5
444;HARINA DE MAIZ NEGRA 1 KG;NO PERECIBLE;2026-06-01;20.3;4;14;6
444;HARINA DE MAIZ NEGRA 1 KG;NO PERECIBLE;2026-07-01;0;0;0;7
446;HARINA QUINUA 1 KG;NO PERECIBLE;2026-01-01;22;4;10;1
446;HARINA QUINUA 1 KG;NO PERECIBLE;2026-02-01;15.4;5;7;2
446;HARINA QUINUA 1 KG;NO PERECIBLE;2026-03-01;37.4;6;17;3
446;HARINA QUINUA 1 KG;NO PERECIBLE;2026-04-01;26.4;5;12;4
446;HARINA QUINUA 1 KG;NO PERECIBLE;2026-05-01;26.4;5;12;5
446;HARINA QUINUA 1 KG;NO PERECIBLE;2026-06-01;26.4;4;12;6
446;HARINA QUINUA 1 KG;NO PERECIBLE;2026-07-01;11;2;5;7
447;HARINA SOYA 500 GR;NO PERECIBLE;2026-01-01;11.58239504;7;8;1
447;HARINA SOYA 500 GR;NO PERECIBLE;2026-02-01;8.68679628;6;6;2
447;HARINA SOYA 500 GR;NO PERECIBLE;2026-03-01;13.03019442;7;9;3
447;HARINA SOYA 500 GR;NO PERECIBLE;2026-04-01;10.13459566;7;7;4
447;HARINA SOYA 500 GR;NO PERECIBLE;2026-05-01;11.58239504;6;8;5
447;HARINA SOYA 500 GR;NO PERECIBLE;2026-06-01;5.79119752;4;4;6
447;HARINA SOYA 500 GR;NO PERECIBLE;2026-07-01;11.58239504;7;8;7
449;LAUREL HOJA 200 GR;NO PERECIBLE;2026-01-01;69.6;27;29;1
449;LAUREL HOJA 200 GR;NO PERECIBLE;2026-02-01;98.4;38;41;2
449;LAUREL HOJA 200 GR;NO PERECIBLE;2026-03-01;115.2;36;48;3
449;LAUREL HOJA 200 GR;NO PERECIBLE;2026-04-01;122.4;42;51;4
449;LAUREL HOJA 200 GR;NO PERECIBLE;2026-05-01;74.4;29;31;5
449;LAUREL HOJA 200 GR;NO PERECIBLE;2026-06-01;96;34;40;6
449;LAUREL HOJA 200 GR;NO PERECIBLE;2026-07-01;88.8;36;37;7
453;MAIZ 1 KG;NO PERECIBLE;2026-01-01;1185.6;173;494;1
453;MAIZ 1 KG;NO PERECIBLE;2026-02-01;1012.8;141;422;2
453;MAIZ 1 KG;NO PERECIBLE;2026-03-01;1195.2;176;498;3
453;MAIZ 1 KG;NO PERECIBLE;2026-04-01;1027.2;157;428;4
453;MAIZ 1 KG;NO PERECIBLE;2026-05-01;1135.2;182;473;5
453;MAIZ 1 KG;NO PERECIBLE;2026-06-01;1202.4;162;501;6
453;MAIZ 1 KG;NO PERECIBLE;2026-07-01;1080;166;450;7
454;HARINA DE MAIZ AMARILLO MAIZABOSA 1 KG;NO PERECIBLE;2026-01-01;311.5853;33;169;1
454;HARINA DE MAIZ AMARILLO MAIZABOSA 1 KG;NO PERECIBLE;2026-02-01;289.4609;37;157;2
454;HARINA DE MAIZ AMARILLO MAIZABOSA 1 KG;NO PERECIBLE;2026-03-01;331.866;44;180;3
454;HARINA DE MAIZ AMARILLO MAIZABOSA 1 KG;NO PERECIBLE;2026-04-01;510.7049;58;277;4
454;HARINA DE MAIZ AMARILLO MAIZABOSA 1 KG;NO PERECIBLE;2026-05-01;449.8628;49;244;5
454;HARINA DE MAIZ AMARILLO MAIZABOSA 1 KG;NO PERECIBLE;2026-06-01;357.6778;51;194;6
454;HARINA DE MAIZ AMARILLO MAIZABOSA 1 KG;NO PERECIBLE;2026-07-01;173.3078;26;94;7
455;MANI 1 KG;NO PERECIBLE;2026-01-01;4755.2;541;1486;1
455;MANI 1 KG;NO PERECIBLE;2026-02-01;4048;520;1265;2
455;MANI 1 KG;NO PERECIBLE;2026-03-01;6048;657;1890;3
455;MANI 1 KG;NO PERECIBLE;2026-04-01;4812.8;596;1504;4
455;MANI 1 KG;NO PERECIBLE;2026-05-01;5564.8;592;1739;5
455;MANI 1 KG;NO PERECIBLE;2026-06-01;5417.6;618;1693;6
455;MANI 1 KG;NO PERECIBLE;2026-07-01;6448;625;2015;7
456;MOROCHO PARTIDO 1 KG;NO PERECIBLE;2026-01-01;322;139;322;1
456;MOROCHO PARTIDO 1 KG;NO PERECIBLE;2026-02-01;478;145;478;2
456;MOROCHO PARTIDO 1 KG;NO PERECIBLE;2026-03-01;425;152;425;3
456;MOROCHO PARTIDO 1 KG;NO PERECIBLE;2026-04-01;355;146;355;4
456;MOROCHO PARTIDO 1 KG;NO PERECIBLE;2026-05-01;352;153;352;5
456;MOROCHO PARTIDO 1 KG;NO PERECIBLE;2026-06-01;433;160;433;6
456;MOROCHO PARTIDO 1 KG;NO PERECIBLE;2026-07-01;418;174;418;7
457;MOTE 1 KG;NO PERECIBLE;2026-01-01;8877.5;557;3551;1
457;MOTE 1 KG;NO PERECIBLE;2026-02-01;6942.5;522;2777;2
457;MOTE 1 KG;NO PERECIBLE;2026-03-01;9925;626;3970;3
457;MOTE 1 KG;NO PERECIBLE;2026-04-01;9312.5;600;3725;4
457;MOTE 1 KG;NO PERECIBLE;2026-05-01;10137.5;611;4055;5
457;MOTE 1 KG;NO PERECIBLE;2026-06-01;8822.5;610;3529;6
457;MOTE 1 KG;NO PERECIBLE;2026-07-01;9987.5;599;3995;7
458;NUEZ PEPA 1 KG;NO PERECIBLE;2026-01-01;505.6;42;64;1
458;NUEZ PEPA 1 KG;NO PERECIBLE;2026-02-01;529.3;39;67;2
458;NUEZ PEPA 1 KG;NO PERECIBLE;2026-03-01;481.9;46;61;3
458;NUEZ PEPA 1 KG;NO PERECIBLE;2026-04-01;568.8;41;72;4
458;NUEZ PEPA 1 KG;NO PERECIBLE;2026-05-01;418.7;40;53;5
458;NUEZ PEPA 1 KG;NO PERECIBLE;2026-06-01;537.2;34;68;6
458;NUEZ PEPA 1 KG;NO PERECIBLE;2026-07-01;553;45;70;7
459;NUEZ MOSCADA 200 GR;NO PERECIBLE;2026-01-01;28;4;4;1
459;NUEZ MOSCADA 200 GR;NO PERECIBLE;2026-02-01;14;2;2;2
459;NUEZ MOSCADA 200 GR;NO PERECIBLE;2026-03-01;49;6;7;3
459;NUEZ MOSCADA 200 GR;NO PERECIBLE;2026-04-01;14;2;2;4
459;NUEZ MOSCADA 200 GR;NO PERECIBLE;2026-05-01;21;3;3;5
459;NUEZ MOSCADA 200 GR;NO PERECIBLE;2026-06-01;28;4;4;6
459;NUEZ MOSCADA 200 GR;NO PERECIBLE;2026-07-01;14;2;2;7
461;OREGANO MOLIDO 1 KG;NO PERECIBLE;2026-01-01;120;22;25;1
461;OREGANO MOLIDO 1 KG;NO PERECIBLE;2026-02-01;100.8;19;21;2
461;OREGANO MOLIDO 1 KG;NO PERECIBLE;2026-03-01;158.4;28;33;3
461;OREGANO MOLIDO 1 KG;NO PERECIBLE;2026-04-01;182.4;31;38;4
461;OREGANO MOLIDO 1 KG;NO PERECIBLE;2026-05-01;134.4;28;28;5
461;OREGANO MOLIDO 1 KG;NO PERECIBLE;2026-06-01;148.8;24;31;6
461;OREGANO MOLIDO 1 KG;NO PERECIBLE;2026-07-01;163.2;26;34;7
464;PAPRIKA 200 GR;NO PERECIBLE;2026-01-01;246;109;200;1
464;PAPRIKA 200 GR;NO PERECIBLE;2026-02-01;201.72;98;164;2
464;PAPRIKA 200 GR;NO PERECIBLE;2026-03-01;301.35;107;245;3
464;PAPRIKA 200 GR;NO PERECIBLE;2026-04-01;227.55;108;185;4
464;PAPRIKA 200 GR;NO PERECIBLE;2026-05-01;258.3;109;210;5
464;PAPRIKA 200 GR;NO PERECIBLE;2026-06-01;276.75;108;225;6
464;PAPRIKA 200 GR;NO PERECIBLE;2026-07-01;241.08;110;196;7
465;PASAS 1 KG;NO PERECIBLE;2026-01-01;624;119;208;1
465;PASAS 1 KG;NO PERECIBLE;2026-02-01;651;119;217;2
465;PASAS 1 KG;NO PERECIBLE;2026-03-01;672;128;224;3
465;PASAS 1 KG;NO PERECIBLE;2026-04-01;528;117;176;4
465;PASAS 1 KG;NO PERECIBLE;2026-05-01;597;126;199;5
465;PASAS 1 KG;NO PERECIBLE;2026-06-01;615;136;205;6
465;PASAS 1 KG;NO PERECIBLE;2026-07-01;672;143;224;7
466;PASAS CIRUELA 1 KG;NO PERECIBLE;2026-01-01;132;15;22;1
466;PASAS CIRUELA 1 KG;NO PERECIBLE;2026-02-01;24;3;4;2
466;PASAS CIRUELA 1 KG;NO PERECIBLE;2026-03-01;198;19;33;3
466;PASAS CIRUELA 1 KG;NO PERECIBLE;2026-04-01;30;4;5;4
466;PASAS CIRUELA 1 KG;NO PERECIBLE;2026-05-01;198;13;33;5
466;PASAS CIRUELA 1 KG;NO PERECIBLE;2026-06-01;72;10;12;6
466;PASAS CIRUELA 1 KG;NO PERECIBLE;2026-07-01;246;14;41;7
467;PIMIENTA BLANCA MOLIDA 1 KG;NO PERECIBLE;2026-01-01;954;138;159;1
467;PIMIENTA BLANCA MOLIDA 1 KG;NO PERECIBLE;2026-02-01;978;140;163;2
467;PIMIENTA BLANCA MOLIDA 1 KG;NO PERECIBLE;2026-03-01;1188;159;198;3
467;PIMIENTA BLANCA MOLIDA 1 KG;NO PERECIBLE;2026-04-01;1062;152;177;4
467;PIMIENTA BLANCA MOLIDA 1 KG;NO PERECIBLE;2026-05-01;936;138;156;5
467;PIMIENTA BLANCA MOLIDA 1 KG;NO PERECIBLE;2026-06-01;1146;165;191;6
467;PIMIENTA BLANCA MOLIDA 1 KG;NO PERECIBLE;2026-07-01;1086;160;181;7
469;PIMIENTA NEGRA GRANO 1 KG;NO PERECIBLE;2026-01-01;92.98722075;4;5;1
469;PIMIENTA NEGRA GRANO 1 KG;NO PERECIBLE;2026-02-01;37.1948883;2;2;2
469;PIMIENTA NEGRA GRANO 1 KG;NO PERECIBLE;2026-03-01;92.98722075;5;5;3
469;PIMIENTA NEGRA GRANO 1 KG;NO PERECIBLE;2026-04-01;130.18210905;7;7;4
469;PIMIENTA NEGRA GRANO 1 KG;NO PERECIBLE;2026-05-01;37.1948883;2;2;5
469;PIMIENTA NEGRA GRANO 1 KG;NO PERECIBLE;2026-06-01;92.98722075;5;5;6
469;PIMIENTA NEGRA GRANO 1 KG;NO PERECIBLE;2026-07-01;55.79233245;3;3;7
477;SEMOLA 1 KG;NO PERECIBLE;2026-01-01;25.68;10;24;1
477;SEMOLA 1 KG;NO PERECIBLE;2026-02-01;22.47;9;21;2
477;SEMOLA 1 KG;NO PERECIBLE;2026-03-01;43.87;16;41;3
477;SEMOLA 1 KG;NO PERECIBLE;2026-04-01;23.54;11;22;4
477;SEMOLA 1 KG;NO PERECIBLE;2026-05-01;48.15;14;45;5
477;SEMOLA 1 KG;NO PERECIBLE;2026-06-01;25.68;9;24;6
477;SEMOLA 1 KG;NO PERECIBLE;2026-07-01;29.96;11;28;7
479;COLADA TAPIOCA FRESA SAN JORGE 400 GR;NO PERECIBLE;2026-01-01;415;102;332;1
479;COLADA TAPIOCA FRESA SAN JORGE 400 GR;NO PERECIBLE;2026-02-01;530;102;424;2
479;COLADA TAPIOCA FRESA SAN JORGE 400 GR;NO PERECIBLE;2026-03-01;630;127;504;3
479;COLADA TAPIOCA FRESA SAN JORGE 400 GR;NO PERECIBLE;2026-04-01;540;113;432;4
479;COLADA TAPIOCA FRESA SAN JORGE 400 GR;NO PERECIBLE;2026-05-01;585;120;468;5
479;COLADA TAPIOCA FRESA SAN JORGE 400 GR;NO PERECIBLE;2026-06-01;642.5;123;514;6
479;COLADA TAPIOCA FRESA SAN JORGE 400 GR;NO PERECIBLE;2026-07-01;595;119;476;7
481;COLADA TAPIOCA VAINILLA SAN JORGE 400 GR;NO PERECIBLE;2026-01-01;760;127;608;1
481;COLADA TAPIOCA VAINILLA SAN JORGE 400 GR;NO PERECIBLE;2026-02-01;547.5;114;438;2
481;COLADA TAPIOCA VAINILLA SAN JORGE 400 GR;NO PERECIBLE;2026-03-01;587.5;120;470;3
481;COLADA TAPIOCA VAINILLA SAN JORGE 400 GR;NO PERECIBLE;2026-04-01;670;124;536;4
481;COLADA TAPIOCA VAINILLA SAN JORGE 400 GR;NO PERECIBLE;2026-05-01;563.75;114;451;5
481;COLADA TAPIOCA VAINILLA SAN JORGE 400 GR;NO PERECIBLE;2026-06-01;597.5;121;478;6
481;COLADA TAPIOCA VAINILLA SAN JORGE 400 GR;NO PERECIBLE;2026-07-01;521.25;114;417;7
482;TOMATE RIÑON REGULAR PINTON AL GRANEL 1 KG;FRUVER;2026-01-01;27386.6241129225;1245;39127.15;1
482;TOMATE RIÑON REGULAR PINTON AL GRANEL 1 KG;FRUVER;2026-02-01;26911.568412426;1165;38448.44;2
482;TOMATE RIÑON REGULAR PINTON AL GRANEL 1 KG;FRUVER;2026-03-01;30605.749254645;1333;43726.3;3
482;TOMATE RIÑON REGULAR PINTON AL GRANEL 1 KG;FRUVER;2026-04-01;28814.1220117815;1320;41166.61;4
482;TOMATE RIÑON REGULAR PINTON AL GRANEL 1 KG;FRUVER;2026-05-01;30627.2023895925;1318;43756.95;5
482;TOMATE RIÑON REGULAR PINTON AL GRANEL 1 KG;FRUVER;2026-06-01;31488.3655234035;1357;44987.29;6
482;TOMATE RIÑON REGULAR PINTON AL GRANEL 1 KG;FRUVER;2026-07-01;30834.7623451335;1238;44053.49;7
484;TRIGO 1 KG;NO PERECIBLE;2026-01-01;86.1;20;70;1
484;TRIGO 1 KG;NO PERECIBLE;2026-02-01;82.41;31;67;2
484;TRIGO 1 KG;NO PERECIBLE;2026-03-01;94.71;22;77;3
484;TRIGO 1 KG;NO PERECIBLE;2026-04-01;136.53;31;111;4
484;TRIGO 1 KG;NO PERECIBLE;2026-05-01;54.12;18;44;5
484;TRIGO 1 KG;NO PERECIBLE;2026-06-01;113.16;27;92;6
484;TRIGO 1 KG;NO PERECIBLE;2026-07-01;70.11;18;57;7
485;AROMATICA TORONJIL HORNIMANS 32 GR X25;NO PERECIBLE;2026-01-01;16.4;4;16;1
485;AROMATICA TORONJIL HORNIMANS 32 GR X25;NO PERECIBLE;2026-02-01;23.575;7;23;2
485;AROMATICA TORONJIL HORNIMANS 32 GR X25;NO PERECIBLE;2026-03-01;22.55;6;22;3
485;AROMATICA TORONJIL HORNIMANS 32 GR X25;NO PERECIBLE;2026-04-01;23.575;5;23;4
485;AROMATICA TORONJIL HORNIMANS 32 GR X25;NO PERECIBLE;2026-05-01;5.125;2;5;5
485;AROMATICA TORONJIL HORNIMANS 32 GR X25;NO PERECIBLE;2026-06-01;0;0;0;6
485;AROMATICA TORONJIL HORNIMANS 32 GR X25;NO PERECIBLE;2026-07-01;0;0;0;7
486;TE VERDE LIMON EN POLVO CALIENTE LEGZ 500 GR;NO PERECIBLE;2026-01-01;112.97879956;24;44;1
486;TE VERDE LIMON EN POLVO CALIENTE LEGZ 500 GR;NO PERECIBLE;2026-02-01;110.41109957;24;43;2
486;TE VERDE LIMON EN POLVO CALIENTE LEGZ 500 GR;NO PERECIBLE;2026-03-01;202.84829921;31;79;3
486;TE VERDE LIMON EN POLVO CALIENTE LEGZ 500 GR;NO PERECIBLE;2026-04-01;166.90049935;26;65;4
486;TE VERDE LIMON EN POLVO CALIENTE LEGZ 500 GR;NO PERECIBLE;2026-05-01;123.24959952;27;48;5
486;TE VERDE LIMON EN POLVO CALIENTE LEGZ 500 GR;NO PERECIBLE;2026-06-01;148.92659942;30;58;6
486;TE VERDE LIMON EN POLVO CALIENTE LEGZ 500 GR;NO PERECIBLE;2026-07-01;161.76509937;34;63;7
494;CHORIZO PARRILLERO DON DIEGO 1 KG (401520);PERECIBLE;2026-01-01;527.3177;31;91;1
494;CHORIZO PARRILLERO DON DIEGO 1 KG (401520);PERECIBLE;2026-02-01;498.3442;30;86;2
494;CHORIZO PARRILLERO DON DIEGO 1 KG (401520);PERECIBLE;2026-03-01;579.47;25;100;3
494;CHORIZO PARRILLERO DON DIEGO 1 KG (401520);PERECIBLE;2026-04-01;486.7548;20;84;4
494;CHORIZO PARRILLERO DON DIEGO 1 KG (401520);PERECIBLE;2026-05-01;649.0064;28;112;5
494;CHORIZO PARRILLERO DON DIEGO 1 KG (401520);PERECIBLE;2026-06-01;863.4103;25;149;6
494;CHORIZO PARRILLERO DON DIEGO 1 KG (401520);PERECIBLE;2026-07-01;370.8608;27;64;7
503;JAMON DE POLLO T1 MR POLLO 200 GR;PERECIBLE;2026-01-01;94.9012;5;38;1
503;JAMON DE POLLO T1 MR POLLO 200 GR;PERECIBLE;2026-02-01;99.896;6;40;2
503;JAMON DE POLLO T1 MR POLLO 200 GR;PERECIBLE;2026-03-01;107.3882;7;43;3
503;JAMON DE POLLO T1 MR POLLO 200 GR;PERECIBLE;2026-04-01;109.8856;8;44;4
503;JAMON DE POLLO T1 MR POLLO 200 GR;PERECIBLE;2026-05-01;137.357;9;55;5
503;JAMON DE POLLO T1 MR POLLO 200 GR;PERECIBLE;2026-06-01;99.896;6;40;6
503;JAMON DE POLLO T1 MR POLLO 200 GR;PERECIBLE;2026-07-01;122.3726;8;49;7
507;JAMON SANDUCHE T2 LA ITALIANA 1 KG;PERECIBLE;2026-01-01;5881.32;222;850;1
507;JAMON SANDUCHE T2 LA ITALIANA 1 KG;PERECIBLE;2026-02-01;6573.24;223;950;2
507;JAMON SANDUCHE T2 LA ITALIANA 1 KG;PERECIBLE;2026-03-01;7112.9376;248;1028;3
507;JAMON SANDUCHE T2 LA ITALIANA 1 KG;PERECIBLE;2026-04-01;7002.2304;243;1012;4
507;JAMON SANDUCHE T2 LA ITALIANA 1 KG;PERECIBLE;2026-05-01;6144.2496;253;888;5
507;JAMON SANDUCHE T2 LA ITALIANA 1 KG;PERECIBLE;2026-06-01;6289.5528;268;909;6
507;JAMON SANDUCHE T2 LA ITALIANA 1 KG;PERECIBLE;2026-07-01;6504.048;265;940;7
508;JAMON SERRANO DON DIEGO 100 GR (401521);PERECIBLE;2026-01-01;3.9312;1;1;1
508;JAMON SERRANO DON DIEGO 100 GR (401521);PERECIBLE;2026-02-01;0;0;0;2
508;JAMON SERRANO DON DIEGO 100 GR (401521);PERECIBLE;2026-03-01;7.8624;1;2;3
508;JAMON SERRANO DON DIEGO 100 GR (401521);PERECIBLE;2026-04-01;0;0;0;4
508;JAMON SERRANO DON DIEGO 100 GR (401521);PERECIBLE;2026-05-01;43.2432;5;11;5
508;JAMON SERRANO DON DIEGO 100 GR (401521);PERECIBLE;2026-06-01;192.6288;7;49;6
508;JAMON SERRANO DON DIEGO 100 GR (401521);PERECIBLE;2026-07-01;86.4864;3;22;7
512;LONGANIZA T3 LA ITALIANA 1 KG;PERECIBLE;2026-01-01;3459.9646;79;626;1
512;LONGANIZA T3 LA ITALIANA 1 KG;PERECIBLE;2026-02-01;4460.3697;110;807;2
512;LONGANIZA T3 LA ITALIANA 1 KG;PERECIBLE;2026-03-01;5339.1786;111;966;3
512;LONGANIZA T3 LA ITALIANA 1 KG;PERECIBLE;2026-04-01;5654.2233;117;1023;4
512;LONGANIZA T3 LA ITALIANA 1 KG;PERECIBLE;2026-05-01;7024.9441;134;1271;5
512;LONGANIZA T3 LA ITALIANA 1 KG;PERECIBLE;2026-06-01;5493.9374;112;994;6
512;LONGANIZA T3 LA ITALIANA 1 KG;PERECIBLE;2026-07-01;5234.1637;107;947;7
514;MORCILLA PREMIUM JURIS 1 KG;PERECIBLE;2026-01-01;349.16;24;58;1
514;MORCILLA PREMIUM JURIS 1 KG;PERECIBLE;2026-02-01;264.88;19;44;2
514;MORCILLA PREMIUM JURIS 1 KG;PERECIBLE;2026-03-01;415.38;24;69;3
514;MORCILLA PREMIUM JURIS 1 KG;PERECIBLE;2026-04-01;385.28;27;64;4
514;MORCILLA PREMIUM JURIS 1 KG;PERECIBLE;2026-05-01;427.42;24;71;5
514;MORCILLA PREMIUM JURIS 1 KG;PERECIBLE;2026-06-01;325.08;20;54;6
514;MORCILLA PREMIUM JURIS 1 KG;PERECIBLE;2026-07-01;361.2;28;60;7
524;QUESO CHANCHO JURIS 1 KG;PERECIBLE;2026-01-01;71.598;4;12;1
524;QUESO CHANCHO JURIS 1 KG;PERECIBLE;2026-02-01;77.5645;7;13;2
524;QUESO CHANCHO JURIS 1 KG;PERECIBLE;2026-03-01;83.531;6;14;3
524;QUESO CHANCHO JURIS 1 KG;PERECIBLE;2026-04-01;113.3635;8;19;4
524;QUESO CHANCHO JURIS 1 KG;PERECIBLE;2026-05-01;83.531;6;14;5
524;QUESO CHANCHO JURIS 1 KG;PERECIBLE;2026-06-01;71.598;5;12;6
524;QUESO CHANCHO JURIS 1 KG;PERECIBLE;2026-07-01;65.6315;4;11;7
526;SALAMI ITALIANO JURIS 1 KG;PERECIBLE;2026-01-01;67.98;5;6;1
526;SALAMI ITALIANO JURIS 1 KG;PERECIBLE;2026-02-01;90.64;7;8;2
526;SALAMI ITALIANO JURIS 1 KG;PERECIBLE;2026-03-01;79.31;6;7;3
526;SALAMI ITALIANO JURIS 1 KG;PERECIBLE;2026-04-01;181.28;12;16;4
526;SALAMI ITALIANO JURIS 1 KG;PERECIBLE;2026-05-01;90.64;8;8;5
526;SALAMI ITALIANO JURIS 1 KG;PERECIBLE;2026-06-01;124.63;10;11;6
526;SALAMI ITALIANO JURIS 1 KG;PERECIBLE;2026-07-01;90.64;6;8;7
528;SALCHICHA RES FRANKFUTER T2 LA CASTILLA 1 KG (401405);PERECIBLE;2026-01-01;1723.9088;84;488;1
528;SALCHICHA RES FRANKFUTER T2 LA CASTILLA 1 KG (401405);PERECIBLE;2026-02-01;1720.3762;84;487;2
528;SALCHICHA RES FRANKFUTER T2 LA CASTILLA 1 KG (401405);PERECIBLE;2026-03-01;1942.93;88;550;3
528;SALCHICHA RES FRANKFUTER T2 LA CASTILLA 1 KG (401405);PERECIBLE;2026-04-01;2391.5702;103;677;4
528;SALCHICHA RES FRANKFUTER T2 LA CASTILLA 1 KG (401405);PERECIBLE;2026-05-01;2380.9724;80;674;5
528;SALCHICHA RES FRANKFUTER T2 LA CASTILLA 1 KG (401405);PERECIBLE;2026-06-01;1681.5176;77;476;6
528;SALCHICHA RES FRANKFUTER T2 LA CASTILLA 1 KG (401405);PERECIBLE;2026-07-01;914.9434;61;259;7
533;SALCHICHA POLLO T1 MR POLLO C18 1 KG X29 UND;PERECIBLE;2026-01-01;195.951;6;31;1
533;SALCHICHA POLLO T1 MR POLLO C18 1 KG X29 UND;PERECIBLE;2026-02-01;126.42;6;20;2
533;SALCHICHA POLLO T1 MR POLLO C18 1 KG X29 UND;PERECIBLE;2026-03-01;82.173;3;13;3
533;SALCHICHA POLLO T1 MR POLLO C18 1 KG X29 UND;PERECIBLE;2026-04-01;284.445;6;45;4
533;SALCHICHA POLLO T1 MR POLLO C18 1 KG X29 UND;PERECIBLE;2026-05-01;1359.015;15;215;5
533;SALCHICHA POLLO T1 MR POLLO C18 1 KG X29 UND;PERECIBLE;2026-06-01;385.581;16;61;6
533;SALCHICHA POLLO T1 MR POLLO C18 1 KG X29 UND;PERECIBLE;2026-07-01;657.384;13;104;7
540;TOCINO AHUMADO JURIS 1 KG;PERECIBLE;2026-01-01;2816.5606;138;287;1
540;TOCINO AHUMADO JURIS 1 KG;PERECIBLE;2026-02-01;2541.7742;141;259;2
540;TOCINO AHUMADO JURIS 1 KG;PERECIBLE;2026-03-01;3140.416;174;320;3
540;TOCINO AHUMADO JURIS 1 KG;PERECIBLE;2026-04-01;3336.692;154;340;4
540;TOCINO AHUMADO JURIS 1 KG;PERECIBLE;2026-05-01;3523.1542;176;359;5
540;TOCINO AHUMADO JURIS 1 KG;PERECIBLE;2026-06-01;2522.1466;155;257;6
540;TOCINO AHUMADO JURIS 1 KG;PERECIBLE;2026-07-01;2335.6844;128;238;7
550;VINO BLANCO SECO COCINA CASTELL REAL 750 ML;NO PERECIBLE;2026-01-01;1923.4672;265;592;1
550;VINO BLANCO SECO COCINA CASTELL REAL 750 ML;NO PERECIBLE;2026-02-01;1819.496;243;560;2
550;VINO BLANCO SECO COCINA CASTELL REAL 750 ML;NO PERECIBLE;2026-03-01;1907.2217;271;587;3
550;VINO BLANCO SECO COCINA CASTELL REAL 750 ML;NO PERECIBLE;2026-04-01;1748.0158;250;538;4
550;VINO BLANCO SECO COCINA CASTELL REAL 750 ML;NO PERECIBLE;2026-05-01;2453.0705;303;755;5
550;VINO BLANCO SECO COCINA CASTELL REAL 750 ML;NO PERECIBLE;2026-06-01;2092.4204;287;644;6
550;VINO BLANCO SECO COCINA CASTELL REAL 750 ML;NO PERECIBLE;2026-07-01;2235.3808;304;688;7
551;VINO TINTO SECO COCINA CASTELL REAL 750 ML;NO PERECIBLE;2026-01-01;1517.3297;217;467;1
551;VINO TINTO SECO COCINA CASTELL REAL 750 ML;NO PERECIBLE;2026-02-01;1848.7379;230;569;2
551;VINO TINTO SECO COCINA CASTELL REAL 750 ML;NO PERECIBLE;2026-03-01;1735.0194;241;534;3
551;VINO TINTO SECO COCINA CASTELL REAL 750 ML;NO PERECIBLE;2026-04-01;1686.2829;216;519;4
551;VINO TINTO SECO COCINA CASTELL REAL 750 ML;NO PERECIBLE;2026-05-01;1663.5392;213;512;5
551;VINO TINTO SECO COCINA CASTELL REAL 750 ML;NO PERECIBLE;2026-06-01;1582.3117;239;487;6
551;VINO TINTO SECO COCINA CASTELL REAL 750 ML;NO PERECIBLE;2026-07-01;1790.2541;240;551;7
555;HELADO VAINILLA CREMOSSITO PINGUINO 900 ML;PERECIBLE;2026-01-01;9.78;1;3;1
555;HELADO VAINILLA CREMOSSITO PINGUINO 900 ML;PERECIBLE;2026-02-01;9.78;1;3;2
555;HELADO VAINILLA CREMOSSITO PINGUINO 900 ML;PERECIBLE;2026-03-01;19.56;2;6;3
555;HELADO VAINILLA CREMOSSITO PINGUINO 900 ML;PERECIBLE;2026-04-01;9.78;1;3;4
555;HELADO VAINILLA CREMOSSITO PINGUINO 900 ML;PERECIBLE;2026-05-01;19.56;2;6;5
555;HELADO VAINILLA CREMOSSITO PINGUINO 900 ML;PERECIBLE;2026-06-01;19.56;3;6;6
555;HELADO VAINILLA CREMOSSITO PINGUINO 900 ML;PERECIBLE;2026-07-01;19.56;2;6;7
564;LEVADURA FRESCA LEVAPAN 500 GR;PERECIBLE;2026-01-01;956.725;328;781;1
564;LEVADURA FRESCA LEVAPAN 500 GR;PERECIBLE;2026-02-01;1027.775;341;839;2
564;LEVADURA FRESCA LEVAPAN 500 GR;PERECIBLE;2026-03-01;1030.225;354;841;3
564;LEVADURA FRESCA LEVAPAN 500 GR;PERECIBLE;2026-04-01;53.9;16;44;4
564;LEVADURA FRESCA LEVAPAN 500 GR;PERECIBLE;2026-05-01;4.9;1;4;5
564;LEVADURA FRESCA LEVAPAN 500 GR;PERECIBLE;2026-06-01;0;0;0;6
564;LEVADURA FRESCA LEVAPAN 500 GR;PERECIBLE;2026-07-01;0;0;0;7
566;MANTEQUILLA CON SAL VITA 250 GR;PERECIBLE;2026-01-01;229.2048;22;99;1
566;MANTEQUILLA CON SAL VITA 250 GR;PERECIBLE;2026-02-01;210.6832;23;91;2
566;MANTEQUILLA CON SAL VITA 250 GR;PERECIBLE;2026-03-01;243.096;30;105;3
566;MANTEQUILLA CON SAL VITA 250 GR;PERECIBLE;2026-04-01;212.9984;24;92;4
566;MANTEQUILLA CON SAL VITA 250 GR;PERECIBLE;2026-05-01;240.7808;27;104;5
566;MANTEQUILLA CON SAL VITA 250 GR;PERECIBLE;2026-06-01;201.4224;21;87;6
566;MANTEQUILLA CON SAL VITA 250 GR;PERECIBLE;2026-07-01;256.9872;26;111;7
567;MANTEQUILLA SIN SAL KIOSKO 1 KG;PERECIBLE;2026-01-01;12722.43;819;2578;1
567;MANTEQUILLA SIN SAL KIOSKO 1 KG;PERECIBLE;2026-02-01;11913.09;775;2414;2
567;MANTEQUILLA SIN SAL KIOSKO 1 KG;PERECIBLE;2026-03-01;14025.27;891;2842;3
567;MANTEQUILLA SIN SAL KIOSKO 1 KG;PERECIBLE;2026-04-01;12520.095;853;2537;4
567;MANTEQUILLA SIN SAL KIOSKO 1 KG;PERECIBLE;2026-05-01;13699.56;877;2776;5
567;MANTEQUILLA SIN SAL KIOSKO 1 KG;PERECIBLE;2026-06-01;13447.875;877;2725;6
567;MANTEQUILLA SIN SAL KIOSKO 1 KG;PERECIBLE;2026-07-01;14094.36;858;2856;7
568;MANTEQUILLA SIN SAL VITA 250 GR;PERECIBLE;2026-01-01;41.6736;11;18;1
568;MANTEQUILLA SIN SAL VITA 250 GR;PERECIBLE;2026-02-01;50.9344;12;22;2
568;MANTEQUILLA SIN SAL VITA 250 GR;PERECIBLE;2026-03-01;48.6192;11;21;3
568;MANTEQUILLA SIN SAL VITA 250 GR;PERECIBLE;2026-04-01;46.304;11;20;4
568;MANTEQUILLA SIN SAL VITA 250 GR;PERECIBLE;2026-05-01;55.5648;10;24;5
568;MANTEQUILLA SIN SAL VITA 250 GR;PERECIBLE;2026-06-01;34.728;9;15;6
568;MANTEQUILLA SIN SAL VITA 250 GR;PERECIBLE;2026-07-01;43.9888;14;19;7
569;MASA MOROCHO 1 KG;PERECIBLE;2026-01-01;473.2;27;169;1
569;MASA MOROCHO 1 KG;PERECIBLE;2026-02-01;425.6;20;152;2
569;MASA MOROCHO 1 KG;PERECIBLE;2026-03-01;322;22;115;3
569;MASA MOROCHO 1 KG;PERECIBLE;2026-04-01;246.4;21;88;4
569;MASA MOROCHO 1 KG;PERECIBLE;2026-05-01;294;23;105;5
569;MASA MOROCHO 1 KG;PERECIBLE;2026-06-01;207.2;24;74;6
569;MASA MOROCHO 1 KG;PERECIBLE;2026-07-01;246.4;22;88;7
570;CHIFLES MADURITOS TORTOLINES 45 GR;NO PERECIBLE;2026-01-01;321.286;18;742;1
570;CHIFLES MADURITOS TORTOLINES 45 GR;NO PERECIBLE;2026-02-01;369.782;20;854;2
570;CHIFLES MADURITOS TORTOLINES 45 GR;NO PERECIBLE;2026-03-01;279.718;23;646;3
570;CHIFLES MADURITOS TORTOLINES 45 GR;NO PERECIBLE;2026-04-01;256.336;12;592;4
570;CHIFLES MADURITOS TORTOLINES 45 GR;NO PERECIBLE;2026-05-01;205.675;14;475;5
570;CHIFLES MADURITOS TORTOLINES 45 GR;NO PERECIBLE;2026-06-01;447.722;19;1034;6
570;CHIFLES MADURITOS TORTOLINES 45 GR;NO PERECIBLE;2026-07-01;335.142;15;774;7
571;PAN BAGEL 600 GR X 5;PERECIBLE;2026-01-01;212;13;53;1
571;PAN BAGEL 600 GR X 5;PERECIBLE;2026-02-01;108;8;27;2
571;PAN BAGEL 600 GR X 5;PERECIBLE;2026-03-01;100;7;25;3
571;PAN BAGEL 600 GR X 5;PERECIBLE;2026-04-01;208;17;52;4
571;PAN BAGEL 600 GR X 5;PERECIBLE;2026-05-01;272;13;68;5
571;PAN BAGEL 600 GR X 5;PERECIBLE;2026-06-01;0;0;0;6
571;PAN BAGEL 600 GR X 5;PERECIBLE;2026-07-01;0;0;0;7
572;PAN PITA ARABE PASTELO 500 GR X10;PERECIBLE;2026-01-01;400.2;35;138;1
572;PAN PITA ARABE PASTELO 500 GR X10;PERECIBLE;2026-02-01;316.1;27;109;2
572;PAN PITA ARABE PASTELO 500 GR X10;PERECIBLE;2026-03-01;426.3;29;147;3
572;PAN PITA ARABE PASTELO 500 GR X10;PERECIBLE;2026-04-01;446.6;32;154;4
572;PAN PITA ARABE PASTELO 500 GR X10;PERECIBLE;2026-05-01;359.6;35;124;5
572;PAN PITA ARABE PASTELO 500 GR X10;PERECIBLE;2026-06-01;466.9;31;161;6
572;PAN PITA ARABE PASTELO 500 GR X10;PERECIBLE;2026-07-01;333.5;32;115;7
576;QUESO CHEDDAR CORTADO KIOSKO 1 KG;PERECIBLE;2026-01-01;1299.8;62;134;1
576;QUESO CHEDDAR CORTADO KIOSKO 1 KG;PERECIBLE;2026-02-01;1261;55;130;2
576;QUESO CHEDDAR CORTADO KIOSKO 1 KG;PERECIBLE;2026-03-01;1377.4;59;142;3
576;QUESO CHEDDAR CORTADO KIOSKO 1 KG;PERECIBLE;2026-04-01;1202.8;55;124;4
576;QUESO CHEDDAR CORTADO KIOSKO 1 KG;PERECIBLE;2026-05-01;1387.1;67;143;5
576;QUESO CHEDDAR CORTADO KIOSKO 1 KG;PERECIBLE;2026-06-01;717.8;40;74;6
576;QUESO CHEDDAR CORTADO KIOSKO 1 KG;PERECIBLE;2026-07-01;242.5;23;25;7
577;QUESO HOLANDES CORTADO KIOSKO 1 KG;PERECIBLE;2026-01-01;4466.7091;124;469;1
577;QUESO HOLANDES CORTADO KIOSKO 1 KG;PERECIBLE;2026-02-01;3895.2751;114;409;2
577;QUESO HOLANDES CORTADO KIOSKO 1 KG;PERECIBLE;2026-03-01;4723.8544;133;496;3
577;QUESO HOLANDES CORTADO KIOSKO 1 KG;PERECIBLE;2026-04-01;5381.0035;129;565;4
577;QUESO HOLANDES CORTADO KIOSKO 1 KG;PERECIBLE;2026-05-01;5057.1909;141;531;5
577;QUESO HOLANDES CORTADO KIOSKO 1 KG;PERECIBLE;2026-06-01;2390.4989;83;251;6
577;QUESO HOLANDES CORTADO KIOSKO 1 KG;PERECIBLE;2026-07-01;552.3862;32;58;7
578;QUESO CREMA TONI 250 GR;PERECIBLE;2026-01-01;276.06;24;107;1
578;QUESO CREMA TONI 250 GR;PERECIBLE;2026-02-01;77.4;8;30;2
578;QUESO CREMA TONI 250 GR;PERECIBLE;2026-03-01;0;0;0;3
578;QUESO CREMA TONI 250 GR;PERECIBLE;2026-04-01;0;0;0;4
578;QUESO CREMA TONI 250 GR;PERECIBLE;2026-05-01;0;0;0;5
578;QUESO CREMA TONI 250 GR;PERECIBLE;2026-06-01;0;0;0;6
578;QUESO CREMA TONI 250 GR;PERECIBLE;2026-07-01;0;0;0;7
579;QUESO FRESCO KIOSKO 450 GR;PERECIBLE;2026-01-01;46131.5;1143;17950;1
579;QUESO FRESCO KIOSKO 450 GR;PERECIBLE;2026-02-01;48567.86;1081;18898;2
579;QUESO FRESCO KIOSKO 450 GR;PERECIBLE;2026-03-01;54920.9;1255;21370;3
579;QUESO FRESCO KIOSKO 450 GR;PERECIBLE;2026-04-01;55442.61;1211;21573;4
579;QUESO FRESCO KIOSKO 450 GR;PERECIBLE;2026-05-01;52147.87;1213;20291;5
579;QUESO FRESCO KIOSKO 450 GR;PERECIBLE;2026-06-01;57588.56;1246;22408;6
579;QUESO FRESCO KIOSKO 450 GR;PERECIBLE;2026-07-01;59598.3;1193;23190;7
583;QUESO MOZZARELLA KIOSKO 500 GR;PERECIBLE;2026-01-01;4918.2;257;1171;1
583;QUESO MOZZARELLA KIOSKO 500 GR;PERECIBLE;2026-02-01;4804.8;263;1144;2
583;QUESO MOZZARELLA KIOSKO 500 GR;PERECIBLE;2026-03-01;5296.2;285;1261;3
583;QUESO MOZZARELLA KIOSKO 500 GR;PERECIBLE;2026-04-01;4863.6;253;1158;4
583;QUESO MOZZARELLA KIOSKO 500 GR;PERECIBLE;2026-05-01;5796;309;1380;5
583;QUESO MOZZARELLA KIOSKO 500 GR;PERECIBLE;2026-06-01;5384.4;296;1282;6
583;QUESO MOZZARELLA KIOSKO 500 GR;PERECIBLE;2026-07-01;4809;286;1145;7
585;QUESO MOZZARELLA KIOSKO LIGTH 500 GR;PERECIBLE;2026-01-01;225.6;6;48;1
585;QUESO MOZZARELLA KIOSKO LIGTH 500 GR;PERECIBLE;2026-02-01;150.4;7;32;2
585;QUESO MOZZARELLA KIOSKO LIGTH 500 GR;PERECIBLE;2026-03-01;357.2;13;76;3
585;QUESO MOZZARELLA KIOSKO LIGTH 500 GR;PERECIBLE;2026-04-01;169.2;6;36;4
585;QUESO MOZZARELLA KIOSKO LIGTH 500 GR;PERECIBLE;2026-05-01;37.6;4;8;5
585;QUESO MOZZARELLA KIOSKO LIGTH 500 GR;PERECIBLE;2026-06-01;47;6;10;6
585;QUESO MOZZARELLA KIOSKO LIGTH 500 GR;PERECIBLE;2026-07-01;42.3;4;9;7
586;QUESO PARMESANO ALPINA 40 GR;PERECIBLE;2026-01-01;195.5;45;230;1
586;QUESO PARMESANO ALPINA 40 GR;PERECIBLE;2026-02-01;136.85;36;161;2
586;QUESO PARMESANO ALPINA 40 GR;PERECIBLE;2026-03-01;140.25;40;165;3
586;QUESO PARMESANO ALPINA 40 GR;PERECIBLE;2026-04-01;136;37;160;4
586;QUESO PARMESANO ALPINA 40 GR;PERECIBLE;2026-05-01;181.05;41;213;5
586;QUESO PARMESANO ALPINA 40 GR;PERECIBLE;2026-06-01;113.05;35;133;6
586;QUESO PARMESANO ALPINA 40 GR;PERECIBLE;2026-07-01;113.9;28;134;7
588;QUESO REQUESON KIOSKO 500 GR;PERECIBLE;2026-01-01;956.26;34;274;1
588;QUESO REQUESON KIOSKO 500 GR;PERECIBLE;2026-02-01;691.02;27;198;2
588;QUESO REQUESON KIOSKO 500 GR;PERECIBLE;2026-03-01;1144.72;41;328;3
588;QUESO REQUESON KIOSKO 500 GR;PERECIBLE;2026-04-01;729.41;37;209;4
588;QUESO REQUESON KIOSKO 500 GR;PERECIBLE;2026-05-01;1158.68;42;332;5
588;QUESO REQUESON KIOSKO 500 GR;PERECIBLE;2026-06-01;907.4;38;260;6
588;QUESO REQUESON KIOSKO 500 GR;PERECIBLE;2026-07-01;799.21;38;229;7
590;QUESO RICOTTA KIOSKO 450 GR;PERECIBLE;2026-01-01;514.08007378;74;238;1
590;QUESO RICOTTA KIOSKO 450 GR;PERECIBLE;2026-02-01;762.48010943;86;353;2
590;QUESO RICOTTA KIOSKO 450 GR;PERECIBLE;2026-03-01;438.48006293;73;203;3
590;QUESO RICOTTA KIOSKO 450 GR;PERECIBLE;2026-04-01;488.16007006;69;226;4
590;QUESO RICOTTA KIOSKO 450 GR;PERECIBLE;2026-05-01;907.2001302;108;420;5
590;QUESO RICOTTA KIOSKO 450 GR;PERECIBLE;2026-06-01;730.08010478;85;338;6
590;QUESO RICOTTA KIOSKO 450 GR;PERECIBLE;2026-07-01;641.52009207;86;297;7
592;TORTILLA TRIGO SUAVES MAMA FANY 400 GR X12;PERECIBLE;2026-01-01;4838.8384;225;1936;1
592;TORTILLA TRIGO SUAVES MAMA FANY 400 GR X12;PERECIBLE;2026-02-01;6638.4064;212;2656;2
592;TORTILLA TRIGO SUAVES MAMA FANY 400 GR X12;PERECIBLE;2026-03-01;5456.1902;251;2183;3
592;TORTILLA TRIGO SUAVES MAMA FANY 400 GR X12;PERECIBLE;2026-04-01;5616.1518;237;2247;4
592;TORTILLA TRIGO SUAVES MAMA FANY 400 GR X12;PERECIBLE;2026-05-01;4896.3246;246;1959;5
592;TORTILLA TRIGO SUAVES MAMA FANY 400 GR X12;PERECIBLE;2026-06-01;4411.441;206;1765;6
592;TORTILLA TRIGO SUAVES MAMA FANY 400 GR X12;PERECIBLE;2026-07-01;3736.603;200;1495;7
594;YGT DESCREMADO FRUTILLA LIGHT REGENERIS 1.75 LT;PERECIBLE;2026-01-01;1260;47;280;1
594;YGT DESCREMADO FRUTILLA LIGHT REGENERIS 1.75 LT;PERECIBLE;2026-02-01;1291.5;55;287;2
594;YGT DESCREMADO FRUTILLA LIGHT REGENERIS 1.75 LT;PERECIBLE;2026-03-01;1525.5;58;339;3
594;YGT DESCREMADO FRUTILLA LIGHT REGENERIS 1.75 LT;PERECIBLE;2026-04-01;1404;57;312;4
594;YGT DESCREMADO FRUTILLA LIGHT REGENERIS 1.75 LT;PERECIBLE;2026-05-01;1462.5;56;325;5
594;YGT DESCREMADO FRUTILLA LIGHT REGENERIS 1.75 LT;PERECIBLE;2026-06-01;1863;70;414;6
594;YGT DESCREMADO FRUTILLA LIGHT REGENERIS 1.75 LT;PERECIBLE;2026-07-01;1674;69;372;7
601;YGT SEMIDESCREMADO DURAZNO ALIBABA 1.9 KG;PERECIBLE;2026-01-01;889.38;89;486;1
601;YGT SEMIDESCREMADO DURAZNO ALIBABA 1.9 KG;PERECIBLE;2026-02-01;889.38;92;486;2
601;YGT SEMIDESCREMADO DURAZNO ALIBABA 1.9 KG;PERECIBLE;2026-03-01;966.24;110;528;3
601;YGT SEMIDESCREMADO DURAZNO ALIBABA 1.9 KG;PERECIBLE;2026-04-01;827.16;96;452;4
601;YGT SEMIDESCREMADO DURAZNO ALIBABA 1.9 KG;PERECIBLE;2026-05-01;872.91;87;477;5
601;YGT SEMIDESCREMADO DURAZNO ALIBABA 1.9 KG;PERECIBLE;2026-06-01;984.54;98;538;6
601;YGT SEMIDESCREMADO DURAZNO ALIBABA 1.9 KG;PERECIBLE;2026-07-01;1063.23;97;581;7
603;YGT SEMIDESCREMADO FRESA ALIBABA 1.9 KG;PERECIBLE;2026-01-01;292.8;49;160;1
603;YGT SEMIDESCREMADO FRESA ALIBABA 1.9 KG;PERECIBLE;2026-02-01;419.07;51;229;2
603;YGT SEMIDESCREMADO FRESA ALIBABA 1.9 KG;PERECIBLE;2026-03-01;473.97;62;259;3
603;YGT SEMIDESCREMADO FRESA ALIBABA 1.9 KG;PERECIBLE;2026-04-01;248.88;53;136;4
603;YGT SEMIDESCREMADO FRESA ALIBABA 1.9 KG;PERECIBLE;2026-05-01;309.27;54;169;5
603;YGT SEMIDESCREMADO FRESA ALIBABA 1.9 KG;PERECIBLE;2026-06-01;307.44;58;168;6
603;YGT SEMIDESCREMADO FRESA ALIBABA 1.9 KG;PERECIBLE;2026-07-01;371.49;59;203;7
606;YGT SEMIDESCREMADO NATURAL ALI BABA 1.86 LT;PERECIBLE;2026-01-01;630.5625;66;295;1
606;YGT SEMIDESCREMADO NATURAL ALI BABA 1.86 LT;PERECIBLE;2026-02-01;487.35;61;228;2
606;YGT SEMIDESCREMADO NATURAL ALI BABA 1.86 LT;PERECIBLE;2026-03-01;611.325;73;286;3
606;YGT SEMIDESCREMADO NATURAL ALI BABA 1.86 LT;PERECIBLE;2026-04-01;619.875;67;290;4
606;YGT SEMIDESCREMADO NATURAL ALI BABA 1.86 LT;PERECIBLE;2026-05-01;577.125;62;270;5
606;YGT SEMIDESCREMADO NATURAL ALI BABA 1.86 LT;PERECIBLE;2026-06-01;696.825;73;326;6
606;YGT SEMIDESCREMADO NATURAL ALI BABA 1.86 LT;PERECIBLE;2026-07-01;632.7;80;296;7
608;CHAMPIÑON FRESCO 220 GR;FRUVER;2026-01-01;3935.88;503;2523;1
608;CHAMPIÑON FRESCO 220 GR;FRUVER;2026-02-01;4174.56;448;2676;2
608;CHAMPIÑON FRESCO 220 GR;FRUVER;2026-03-01;1453.92;165;932;3
608;CHAMPIÑON FRESCO 220 GR;FRUVER;2026-04-01;497.64;50;319;4
608;CHAMPIÑON FRESCO 220 GR;FRUVER;2026-05-01;636.48;43;408;5
608;CHAMPIÑON FRESCO 220 GR;FRUVER;2026-06-01;503.88;47;323;6
608;CHAMPIÑON FRESCO 220 GR;FRUVER;2026-07-01;346.32;37;222;7
610;CEBOLLA PAITEÑA 1 KG;FRUVER;2026-01-01;2195.87;322;4391.74;1
610;CEBOLLA PAITEÑA 1 KG;FRUVER;2026-02-01;0;0;0;2
610;CEBOLLA PAITEÑA 1 KG;FRUVER;2026-03-01;0;0;0;3
610;CEBOLLA PAITEÑA 1 KG;FRUVER;2026-04-01;0;0;0;4
610;CEBOLLA PAITEÑA 1 KG;FRUVER;2026-05-01;337.405;18;674.81;5
610;CEBOLLA PAITEÑA 1 KG;FRUVER;2026-06-01;16533.845;1292;33067.69;6
610;CEBOLLA PAITEÑA 1 KG;FRUVER;2026-07-01;16407.36;1202;32814.72;7
628;PAPEL ALUMINIO 300 M X30 CM;NO PERECIBLE;2026-01-01;1376.98130196;73;81;1
628;PAPEL ALUMINIO 300 M X30 CM;NO PERECIBLE;2026-02-01;1376.98130196;77;81;2
628;PAPEL ALUMINIO 300 M X30 CM;NO PERECIBLE;2026-03-01;1444.9803786;80;85;3
628;PAPEL ALUMINIO 300 M X30 CM;NO PERECIBLE;2026-04-01;1529.9792244;85;90;4
628;PAPEL ALUMINIO 300 M X30 CM;NO PERECIBLE;2026-05-01;1529.9792244;84;90;5
628;PAPEL ALUMINIO 300 M X30 CM;NO PERECIBLE;2026-06-01;1393.98107112;79;82;6
628;PAPEL ALUMINIO 300 M X30 CM;NO PERECIBLE;2026-07-01;1257.98291784;69;74;7
631;"STRETCH FILM ALIMENTOS 30 CM 12"" X1400 M";NO PERECIBLE;2026-01-01;7765.5;252;501;1
631;"STRETCH FILM ALIMENTOS 30 CM 12"" X1400 M";NO PERECIBLE;2026-02-01;8075.5;249;521;2
631;"STRETCH FILM ALIMENTOS 30 CM 12"" X1400 M";NO PERECIBLE;2026-03-01;10044;280;648;3
631;"STRETCH FILM ALIMENTOS 30 CM 12"" X1400 M";NO PERECIBLE;2026-04-01;9284.5;292;599;4
631;"STRETCH FILM ALIMENTOS 30 CM 12"" X1400 M";NO PERECIBLE;2026-05-01;9191.5;267;593;5
631;"STRETCH FILM ALIMENTOS 30 CM 12"" X1400 M";NO PERECIBLE;2026-06-01;9207;269;594;6
631;"STRETCH FILM ALIMENTOS 30 CM 12"" X1400 M";NO PERECIBLE;2026-07-01;9114;285;588;7
632;DV DESINFECTANTE CONCENTRADO CL10 CLORO 4 KG;NO PERECIBLE;2026-01-01;1536.36;363;651;1
632;DV DESINFECTANTE CONCENTRADO CL10 CLORO 4 KG;NO PERECIBLE;2026-02-01;1515.12;341;642;2
632;DV DESINFECTANTE CONCENTRADO CL10 CLORO 4 KG;NO PERECIBLE;2026-03-01;1741.68;406;738;3
632;DV DESINFECTANTE CONCENTRADO CL10 CLORO 4 KG;NO PERECIBLE;2026-04-01;1793.6;409;760;4
632;DV DESINFECTANTE CONCENTRADO CL10 CLORO 4 KG;NO PERECIBLE;2026-05-01;1760.56;398;746;5
632;DV DESINFECTANTE CONCENTRADO CL10 CLORO 4 KG;NO PERECIBLE;2026-06-01;1869.12;425;792;6
632;DV DESINFECTANTE CONCENTRADO CL10 CLORO 4 KG;NO PERECIBLE;2026-07-01;1909.24;442;809;7
636;DV GEL ANTIBACTERIAL GM6 GEL 3.2 KG;NO PERECIBLE;2026-01-01;979.55;116;143;1
636;DV GEL ANTIBACTERIAL GM6 GEL 3.2 KG;NO PERECIBLE;2026-02-01;849.4;110;124;2
636;DV GEL ANTIBACTERIAL GM6 GEL 3.2 KG;NO PERECIBLE;2026-03-01;794.6;102;116;3
636;DV GEL ANTIBACTERIAL GM6 GEL 3.2 KG;NO PERECIBLE;2026-04-01;1048.05;127;153;4
636;DV GEL ANTIBACTERIAL GM6 GEL 3.2 KG;NO PERECIBLE;2026-05-01;993.25;127;145;5
636;DV GEL ANTIBACTERIAL GM6 GEL 3.2 KG;NO PERECIBLE;2026-06-01;993.25;120;145;6
636;DV GEL ANTIBACTERIAL GM6 GEL 3.2 KG;NO PERECIBLE;2026-07-01;822;111;120;7
638;DV DESINFECTANTE MULTIUSO AC1 QUAT 4 KG;NO PERECIBLE;2026-01-01;1241.55;198;267;1
638;DV DESINFECTANTE MULTIUSO AC1 QUAT 4 KG;NO PERECIBLE;2026-02-01;1218.3;186;262;2
638;DV DESINFECTANTE MULTIUSO AC1 QUAT 4 KG;NO PERECIBLE;2026-03-01;1288.05;209;277;3
638;DV DESINFECTANTE MULTIUSO AC1 QUAT 4 KG;NO PERECIBLE;2026-04-01;1274.1;215;274;4
638;DV DESINFECTANTE MULTIUSO AC1 QUAT 4 KG;NO PERECIBLE;2026-05-01;1274.1;204;274;5
638;DV DESINFECTANTE MULTIUSO AC1 QUAT 4 KG;NO PERECIBLE;2026-06-01;1278.75;216;275;6
638;DV DESINFECTANTE MULTIUSO AC1 QUAT 4 KG;NO PERECIBLE;2026-07-01;1218.3;206;262;7
639;LAVAVAJILLA BARRA ROSADO LAVA 300 GR;NO PERECIBLE;2026-01-01;525.9196;280;1124;1
639;LAVAVAJILLA BARRA ROSADO LAVA 300 GR;NO PERECIBLE;2026-02-01;519.8369;278;1111;2
639;LAVAVAJILLA BARRA ROSADO LAVA 300 GR;NO PERECIBLE;2026-03-01;607.8021;299;1299;3
639;LAVAVAJILLA BARRA ROSADO LAVA 300 GR;NO PERECIBLE;2026-04-01;605.4626;309;1294;4
639;LAVAVAJILLA BARRA ROSADO LAVA 300 GR;NO PERECIBLE;2026-05-01;594.7009;302;1271;5
639;LAVAVAJILLA BARRA ROSADO LAVA 300 GR;NO PERECIBLE;2026-06-01;604.5268;302;1292;6
639;LAVAVAJILLA BARRA ROSADO LAVA 300 GR;NO PERECIBLE;2026-07-01;628.3897;298;1343;7
641;FUNDA TRANSPARENTE 30MICRAS 12X18 X100;NO PERECIBLE;2026-01-01;102.45999718;39;47;1
641;FUNDA TRANSPARENTE 30MICRAS 12X18 X100;NO PERECIBLE;2026-02-01;100.27999724;36;46;2
641;FUNDA TRANSPARENTE 30MICRAS 12X18 X100;NO PERECIBLE;2026-03-01;135.15999628;41;62;3
641;FUNDA TRANSPARENTE 30MICRAS 12X18 X100;NO PERECIBLE;2026-04-01;165.67999544;50;76;4
641;FUNDA TRANSPARENTE 30MICRAS 12X18 X100;NO PERECIBLE;2026-05-01;161.31999556;54;74;5
641;FUNDA TRANSPARENTE 30MICRAS 12X18 X100;NO PERECIBLE;2026-06-01;126.43999652;42;58;6
641;FUNDA TRANSPARENTE 30MICRAS 12X18 X100;NO PERECIBLE;2026-07-01;124.25999658;42;57;7
643;PALILLO REDONDO CARICIA 30GR X100;NO PERECIBLE;2026-01-01;49.5;63;198;1
643;PALILLO REDONDO CARICIA 30GR X100;NO PERECIBLE;2026-02-01;43.75;63;175;2
643;PALILLO REDONDO CARICIA 30GR X100;NO PERECIBLE;2026-03-01;51.25;65;205;3
643;PALILLO REDONDO CARICIA 30GR X100;NO PERECIBLE;2026-04-01;48.75;71;195;4
643;PALILLO REDONDO CARICIA 30GR X100;NO PERECIBLE;2026-05-01;56.25;67;225;5
643;PALILLO REDONDO CARICIA 30GR X100;NO PERECIBLE;2026-06-01;58.75;69;235;6
643;PALILLO REDONDO CARICIA 30GR X100;NO PERECIBLE;2026-07-01;41.5;68;166;7
644;PIEDRA POMEX;NO PERECIBLE;2026-01-01;13.94;24;41;1
644;PIEDRA POMEX;NO PERECIBLE;2026-02-01;10.88;20;32;2
644;PIEDRA POMEX;NO PERECIBLE;2026-03-01;25.84;19;76;3
644;PIEDRA POMEX;NO PERECIBLE;2026-04-01;23.46;17;69;4
644;PIEDRA POMEX;NO PERECIBLE;2026-05-01;7.14;18;21;5
644;PIEDRA POMEX;NO PERECIBLE;2026-06-01;25.84;21;76;6
644;PIEDRA POMEX;NO PERECIBLE;2026-07-01;15.3;21;45;7
645;ESCOBA PLASTICA DURA TUBO PLASTIFICADO X1;NO PERECIBLE;2026-01-01;111.32409632;42;74;1
645;ESCOBA PLASTICA DURA TUBO PLASTIFICADO X1;NO PERECIBLE;2026-02-01;66.19270592;24;44;2
645;ESCOBA PLASTICA DURA TUBO PLASTIFICADO X1;NO PERECIBLE;2026-03-01;72.21022464;27;48;3
645;ESCOBA PLASTICA DURA TUBO PLASTIFICADO X1;NO PERECIBLE;2026-04-01;81.23650272;32;54;4
645;ESCOBA PLASTICA DURA TUBO PLASTIFICADO X1;NO PERECIBLE;2026-05-01;109.81971664;36;73;5
645;ESCOBA PLASTICA DURA TUBO PLASTIFICADO X1;NO PERECIBLE;2026-06-01;82.7408824;28;55;6
645;ESCOBA PLASTICA DURA TUBO PLASTIFICADO X1;NO PERECIBLE;2026-07-01;126.36789312;39;84;7
648;GUANTE ALIMENTOS VINIL LG X100;NO PERECIBLE;2026-01-01;5140.1;652;2098;1
648;GUANTE ALIMENTOS VINIL LG X100;NO PERECIBLE;2026-02-01;4863.25;611;1985;2
648;GUANTE ALIMENTOS VINIL LG X100;NO PERECIBLE;2026-03-01;5505.15;698;2247;3
648;GUANTE ALIMENTOS VINIL LG X100;NO PERECIBLE;2026-04-01;5671.75;718;2315;4
648;GUANTE ALIMENTOS VINIL LG X100;NO PERECIBLE;2026-05-01;5762.4;701;2352;5
648;GUANTE ALIMENTOS VINIL LG X100;NO PERECIBLE;2026-06-01;5578.65;692;2277;6
648;GUANTE ALIMENTOS VINIL LG X100;NO PERECIBLE;2026-07-01;5463.5;685;2230;7
651;LIMPION INDUSTRIAL 650 MT X 22CM TORK;NO PERECIBLE;2026-01-01;0;0;0;1
651;LIMPION INDUSTRIAL 650 MT X 22CM TORK;NO PERECIBLE;2026-02-01;0;0;0;2
651;LIMPION INDUSTRIAL 650 MT X 22CM TORK;NO PERECIBLE;2026-03-01;0;0;0;3
651;LIMPION INDUSTRIAL 650 MT X 22CM TORK;NO PERECIBLE;2026-04-01;5058.24;241;479;4
651;LIMPION INDUSTRIAL 650 MT X 22CM TORK;NO PERECIBLE;2026-05-01;0;0;0;5
651;LIMPION INDUSTRIAL 650 MT X 22CM TORK;NO PERECIBLE;2026-06-01;0;0;0;6
651;LIMPION INDUSTRIAL 650 MT X 22CM TORK;NO PERECIBLE;2026-07-01;0;0;0;7
652;COFIA X100;NO PERECIBLE;2026-01-01;240;85;96;1
652;COFIA X100;NO PERECIBLE;2026-02-01;185;69;74;2
652;COFIA X100;NO PERECIBLE;2026-03-01;242.5;86;97;3
652;COFIA X100;NO PERECIBLE;2026-04-01;285;97;114;4
652;COFIA X100;NO PERECIBLE;2026-05-01;302.5;105;121;5
652;COFIA X100;NO PERECIBLE;2026-06-01;257.5;91;103;6
652;COFIA X100;NO PERECIBLE;2026-07-01;287.5;96;115;7
653;MASCARILLA REUTILIZABLE X50;NO PERECIBLE;2026-01-01;84;6;7;1
653;MASCARILLA REUTILIZABLE X50;NO PERECIBLE;2026-02-01;156;7;13;2
653;MASCARILLA REUTILIZABLE X50;NO PERECIBLE;2026-03-01;132;9;11;3
653;MASCARILLA REUTILIZABLE X50;NO PERECIBLE;2026-04-01;108;8;9;4
653;MASCARILLA REUTILIZABLE X50;NO PERECIBLE;2026-05-01;120;10;10;5
653;MASCARILLA REUTILIZABLE X50;NO PERECIBLE;2026-06-01;60;4;5;6
653;MASCARILLA REUTILIZABLE X50;NO PERECIBLE;2026-07-01;48;4;4;7
654;MOPA (59) TRAPERO MICROFIBRA GRANDE;NO PERECIBLE;2026-01-01;693.12;62;114;1
654;MOPA (59) TRAPERO MICROFIBRA GRANDE;NO PERECIBLE;2026-02-01;608;48;100;2
654;MOPA (59) TRAPERO MICROFIBRA GRANDE;NO PERECIBLE;2026-03-01;687.04;65;113;3
654;MOPA (59) TRAPERO MICROFIBRA GRANDE;NO PERECIBLE;2026-04-01;705.28;60;116;4
654;MOPA (59) TRAPERO MICROFIBRA GRANDE;NO PERECIBLE;2026-05-01;687.04;61;113;5
654;MOPA (59) TRAPERO MICROFIBRA GRANDE;NO PERECIBLE;2026-06-01;857.28;63;141;6
654;MOPA (59) TRAPERO MICROFIBRA GRANDE;NO PERECIBLE;2026-07-01;875.52;69;144;7
655;CHORIZO T1 UP 2 KG;PERECIBLE;2026-01-01;321.974;17;37;1
655;CHORIZO T1 UP 2 KG;PERECIBLE;2026-02-01;556.928;24;64;2
655;CHORIZO T1 UP 2 KG;PERECIBLE;2026-03-01;348.08;18;40;3
655;CHORIZO T1 UP 2 KG;PERECIBLE;2026-04-01;487.312;19;56;4
655;CHORIZO T1 UP 2 KG;PERECIBLE;2026-05-01;374.186;18;43;5
655;CHORIZO T1 UP 2 KG;PERECIBLE;2026-06-01;713.564;25;82;6
655;CHORIZO T1 UP 2 KG;PERECIBLE;2026-07-01;348.08;16;40;7
656;JAMON DE CERDO REBANADO T2 PLUMROSE 1 KG;PERECIBLE;2026-01-01;89.2416;8;14;1
656;JAMON DE CERDO REBANADO T2 PLUMROSE 1 KG;PERECIBLE;2026-02-01;165.7344;11;26;2
656;JAMON DE CERDO REBANADO T2 PLUMROSE 1 KG;PERECIBLE;2026-03-01;127.488;11;20;3
656;JAMON DE CERDO REBANADO T2 PLUMROSE 1 KG;PERECIBLE;2026-04-01;140.2368;10;22;4
656;JAMON DE CERDO REBANADO T2 PLUMROSE 1 KG;PERECIBLE;2026-05-01;114.7392;10;18;5
656;JAMON DE CERDO REBANADO T2 PLUMROSE 1 KG;PERECIBLE;2026-06-01;152.9856;11;24;6
656;JAMON DE CERDO REBANADO T2 PLUMROSE 1 KG;PERECIBLE;2026-07-01;95.616;8;15;7
657;MORTADELA UP T2 1 KG;PERECIBLE;2026-01-01;3.984;1;1;1
657;MORTADELA UP T2 1 KG;PERECIBLE;2026-02-01;7.968;1;2;2
657;MORTADELA UP T2 1 KG;PERECIBLE;2026-03-01;3.984;1;1;3
657;MORTADELA UP T2 1 KG;PERECIBLE;2026-04-01;7.968;1;2;4
657;MORTADELA UP T2 1 KG;PERECIBLE;2026-05-01;3.984;1;1;5
657;MORTADELA UP T2 1 KG;PERECIBLE;2026-06-01;3.984;1;1;6
657;MORTADELA UP T2 1 KG;PERECIBLE;2026-07-01;3.984;1;1;7
660;SALSA CHINA GUSTADINA 150 ML;NO PERECIBLE;2026-01-01;138.2927;42;169;1
660;SALSA CHINA GUSTADINA 150 ML;NO PERECIBLE;2026-02-01;148.1123;36;181;2
660;SALSA CHINA GUSTADINA 150 ML;NO PERECIBLE;2026-03-01;177.5711;45;217;3
660;SALSA CHINA GUSTADINA 150 ML;NO PERECIBLE;2026-04-01;146.4757;38;179;4
660;SALSA CHINA GUSTADINA 150 ML;NO PERECIBLE;2026-05-01;112.1071;32;137;5
660;SALSA CHINA GUSTADINA 150 ML;NO PERECIBLE;2026-06-01;137.4744;41;168;6
660;SALSA CHINA GUSTADINA 150 ML;NO PERECIBLE;2026-07-01;151.3855;37;185;7
663;GALLETAS MARIA NESTLE 414 GR (18 X23 GR);NO PERECIBLE;2026-01-01;427.44;22;137;1
663;GALLETAS MARIA NESTLE 414 GR (18 X23 GR);NO PERECIBLE;2026-02-01;524.16;30;168;2
663;GALLETAS MARIA NESTLE 414 GR (18 X23 GR);NO PERECIBLE;2026-03-01;914.16;34;293;3
663;GALLETAS MARIA NESTLE 414 GR (18 X23 GR);NO PERECIBLE;2026-04-01;308.88;26;99;4
663;GALLETAS MARIA NESTLE 414 GR (18 X23 GR);NO PERECIBLE;2026-05-01;268.32;21;86;5
663;GALLETAS MARIA NESTLE 414 GR (18 X23 GR);NO PERECIBLE;2026-06-01;698.88;27;224;6
663;GALLETAS MARIA NESTLE 414 GR (18 X23 GR);NO PERECIBLE;2026-07-01;546;33;175;7
664;GELATINA SIN SABOR GELHADA 1 KG;NO PERECIBLE;2026-01-01;1860.2;96;142;1
664;GELATINA SIN SABOR GELHADA 1 KG;NO PERECIBLE;2026-02-01;1781.6;87;136;2
664;GELATINA SIN SABOR GELHADA 1 KG;NO PERECIBLE;2026-03-01;2292.5;108;175;3
664;GELATINA SIN SABOR GELHADA 1 KG;NO PERECIBLE;2026-04-01;1886.4;94;144;4
664;GELATINA SIN SABOR GELHADA 1 KG;NO PERECIBLE;2026-05-01;1650.6;85;126;5
664;GELATINA SIN SABOR GELHADA 1 KG;NO PERECIBLE;2026-06-01;2017.4;94;154;6
664;GELATINA SIN SABOR GELHADA 1 KG;NO PERECIBLE;2026-07-01;1820.9;91;139;7
666;HELADO VAINILLA TOPSY 1LT;PERECIBLE;2026-01-01;865.0909;41;323;1
666;HELADO VAINILLA TOPSY 1LT;PERECIBLE;2026-02-01;1245.4095;47;465;2
666;HELADO VAINILLA TOPSY 1LT;PERECIBLE;2026-03-01;782.0636;47;292;3
666;HELADO VAINILLA TOPSY 1LT;PERECIBLE;2026-04-01;816.8815;35;305;4
666;HELADO VAINILLA TOPSY 1LT;PERECIBLE;2026-05-01;559.7647;38;209;5
666;HELADO VAINILLA TOPSY 1LT;PERECIBLE;2026-06-01;374.962;36;140;6
666;HELADO VAINILLA TOPSY 1LT;PERECIBLE;2026-07-01;329.4309;40;123;7
667;MERMELADA DE FRUTILLA GUSTADINA 300 GR;NO PERECIBLE;2026-01-01;19.5;13;13;1
667;MERMELADA DE FRUTILLA GUSTADINA 300 GR;NO PERECIBLE;2026-02-01;15;8;10;2
667;MERMELADA DE FRUTILLA GUSTADINA 300 GR;NO PERECIBLE;2026-03-01;21;13;14;3
667;MERMELADA DE FRUTILLA GUSTADINA 300 GR;NO PERECIBLE;2026-04-01;22.5;15;15;4
667;MERMELADA DE FRUTILLA GUSTADINA 300 GR;NO PERECIBLE;2026-05-01;33;19;22;5
667;MERMELADA DE FRUTILLA GUSTADINA 300 GR;NO PERECIBLE;2026-06-01;31.5;18;21;6
667;MERMELADA DE FRUTILLA GUSTADINA 300 GR;NO PERECIBLE;2026-07-01;64.5;28;43;7
668;MERMELADA DE GUAYABA GUSTADINA 300 GR;NO PERECIBLE;2026-01-01;90.27999939;29;61;1
668;MERMELADA DE GUAYABA GUSTADINA 300 GR;NO PERECIBLE;2026-02-01;57.71999961;19;39;2
668;MERMELADA DE GUAYABA GUSTADINA 300 GR;NO PERECIBLE;2026-03-01;68.07999954;30;46;3
668;MERMELADA DE GUAYABA GUSTADINA 300 GR;NO PERECIBLE;2026-04-01;56.23999962;24;38;4
668;MERMELADA DE GUAYABA GUSTADINA 300 GR;NO PERECIBLE;2026-05-01;90.27999939;29;61;5
668;MERMELADA DE GUAYABA GUSTADINA 300 GR;NO PERECIBLE;2026-06-01;59.1999996;27;40;6
668;MERMELADA DE GUAYABA GUSTADINA 300 GR;NO PERECIBLE;2026-07-01;65.11999956;31;44;7
669;MERMELADA DE MORA GUSTADINA 300 GR;NO PERECIBLE;2026-01-01;109.51999926;34;74;1
669;MERMELADA DE MORA GUSTADINA 300 GR;NO PERECIBLE;2026-02-01;66.59999955;23;45;2
669;MERMELADA DE MORA GUSTADINA 300 GR;NO PERECIBLE;2026-03-01;102.11999931;38;69;3
669;MERMELADA DE MORA GUSTADINA 300 GR;NO PERECIBLE;2026-04-01;69.55999953;28;47;4
669;MERMELADA DE MORA GUSTADINA 300 GR;NO PERECIBLE;2026-05-01;113.95999923;32;77;5
669;MERMELADA DE MORA GUSTADINA 300 GR;NO PERECIBLE;2026-06-01;82.87999944;29;56;6
669;MERMELADA DE MORA GUSTADINA 300 GR;NO PERECIBLE;2026-07-01;93.23999937;37;63;7
670;MERMELADA DE FRUTIMORA GUSTADINA 300 GR;NO PERECIBLE;2026-01-01;77.1783;20;51;1
670;MERMELADA DE FRUTIMORA GUSTADINA 300 GR;NO PERECIBLE;2026-02-01;57.5054;14;38;2
670;MERMELADA DE FRUTIMORA GUSTADINA 300 GR;NO PERECIBLE;2026-03-01;83.2315;23;55;3
670;MERMELADA DE FRUTIMORA GUSTADINA 300 GR;NO PERECIBLE;2026-04-01;74.1517;18;49;4
670;MERMELADA DE FRUTIMORA GUSTADINA 300 GR;NO PERECIBLE;2026-05-01;45.399;15;30;5
670;MERMELADA DE FRUTIMORA GUSTADINA 300 GR;NO PERECIBLE;2026-06-01;80.2049;21;53;6
670;MERMELADA DE FRUTIMORA GUSTADINA 300 GR;NO PERECIBLE;2026-07-01;68.0985;22;45;7
671;MERMELADA DE PIÑA GUSTADINA 300 GR;NO PERECIBLE;2026-01-01;51;7;34;1
671;MERMELADA DE PIÑA GUSTADINA 300 GR;NO PERECIBLE;2026-02-01;43.5;6;29;2
671;MERMELADA DE PIÑA GUSTADINA 300 GR;NO PERECIBLE;2026-03-01;55.5;8;37;3
671;MERMELADA DE PIÑA GUSTADINA 300 GR;NO PERECIBLE;2026-04-01;45;6;30;4
671;MERMELADA DE PIÑA GUSTADINA 300 GR;NO PERECIBLE;2026-05-01;27;5;18;5
671;MERMELADA DE PIÑA GUSTADINA 300 GR;NO PERECIBLE;2026-06-01;48;6;32;6
671;MERMELADA DE PIÑA GUSTADINA 300 GR;NO PERECIBLE;2026-07-01;43.5;7;29;7
672;SALSA DE TOMATE GUSTADINA VIDRIO 395 GR;NO PERECIBLE;2026-01-01;68.1209;21;53;1
672;SALSA DE TOMATE GUSTADINA VIDRIO 395 GR;NO PERECIBLE;2026-02-01;61.6944;20;48;2
672;SALSA DE TOMATE GUSTADINA VIDRIO 395 GR;NO PERECIBLE;2026-03-01;93.8269;31;73;3
672;SALSA DE TOMATE GUSTADINA VIDRIO 395 GR;NO PERECIBLE;2026-04-01;131.1006;34;102;4
672;SALSA DE TOMATE GUSTADINA VIDRIO 395 GR;NO PERECIBLE;2026-05-01;96.3975;28;75;5
672;SALSA DE TOMATE GUSTADINA VIDRIO 395 GR;NO PERECIBLE;2026-06-01;110.5358;34;86;6
672;SALSA DE TOMATE GUSTADINA VIDRIO 395 GR;NO PERECIBLE;2026-07-01;107.9652;31;84;7
673;PURE DE TOMATE GUSTADINA VIDRIO 250 GR;NO PERECIBLE;2026-01-01;131.0649;21;93;1
673;PURE DE TOMATE GUSTADINA VIDRIO 250 GR;NO PERECIBLE;2026-02-01;133.8835;19;95;2
673;PURE DE TOMATE GUSTADINA VIDRIO 250 GR;NO PERECIBLE;2026-03-01;142.3393;26;101;3
673;PURE DE TOMATE GUSTADINA VIDRIO 250 GR;NO PERECIBLE;2026-04-01;155.023;21;110;4
673;PURE DE TOMATE GUSTADINA VIDRIO 250 GR;NO PERECIBLE;2026-05-01;119.7905;15;85;5
673;PURE DE TOMATE GUSTADINA VIDRIO 250 GR;NO PERECIBLE;2026-06-01;166.2974;22;118;6
673;PURE DE TOMATE GUSTADINA VIDRIO 250 GR;NO PERECIBLE;2026-07-01;83.1487;16;59;7
674;SALCHICHA UP 1 KG;PERECIBLE;2026-01-01;28.224;5;7;1
674;SALCHICHA UP 1 KG;PERECIBLE;2026-02-01;24.192;5;6;2
674;SALCHICHA UP 1 KG;PERECIBLE;2026-03-01;44.352;9;11;3
674;SALCHICHA UP 1 KG;PERECIBLE;2026-04-01;28.224;6;7;4
674;SALCHICHA UP 1 KG;PERECIBLE;2026-05-01;32.256;7;8;5
674;SALCHICHA UP 1 KG;PERECIBLE;2026-06-01;24.192;5;6;6
674;SALCHICHA UP 1 KG;PERECIBLE;2026-07-01;24.192;4;6;7
675;AGUA SIN GAS CIELO 625 ML;NO PERECIBLE;2026-01-01;942.732;63;5481;1
675;AGUA SIN GAS CIELO 625 ML;NO PERECIBLE;2026-02-01;1107.68;64;6440;2
675;AGUA SIN GAS CIELO 625 ML;NO PERECIBLE;2026-03-01;1315.456;75;7648;3
675;AGUA SIN GAS CIELO 625 ML;NO PERECIBLE;2026-04-01;910.912;75;5296;4
675;AGUA SIN GAS CIELO 625 ML;NO PERECIBLE;2026-05-01;813.044;64;4727;5
675;AGUA SIN GAS CIELO 625 ML;NO PERECIBLE;2026-06-01;867.052;63;5041;6
675;AGUA SIN GAS CIELO 625 ML;NO PERECIBLE;2026-07-01;491.748;47;2859;7
677;AGUA MINERAL CON GAS GÜITIG 500 ML;NO PERECIBLE;2026-01-01;2611.485;120;5895;1
677;AGUA MINERAL CON GAS GÜITIG 500 ML;NO PERECIBLE;2026-02-01;2514.911;115;5677;2
677;AGUA MINERAL CON GAS GÜITIG 500 ML;NO PERECIBLE;2026-03-01;2420.995;123;5465;3
677;AGUA MINERAL CON GAS GÜITIG 500 ML;NO PERECIBLE;2026-04-01;2848.49;122;6430;4
677;AGUA MINERAL CON GAS GÜITIG 500 ML;NO PERECIBLE;2026-05-01;2610.599;118;5893;5
677;AGUA MINERAL CON GAS GÜITIG 500 ML;NO PERECIBLE;2026-06-01;2596.423;123;5861;6
677;AGUA MINERAL CON GAS GÜITIG 500 ML;NO PERECIBLE;2026-07-01;2064.38;89;4660;7
700;COLA PEPSI 400 ML;NO PERECIBLE;2026-01-01;29.079;6;81;1
700;COLA PEPSI 400 ML;NO PERECIBLE;2026-02-01;11.488;4;32;2
700;COLA PEPSI 400 ML;NO PERECIBLE;2026-03-01;149.344;9;416;3
700;COLA PEPSI 400 ML;NO PERECIBLE;2026-04-01;24.771;7;69;4
700;COLA PEPSI 400 ML;NO PERECIBLE;2026-05-01;20.822;6;58;5
700;COLA PEPSI 400 ML;NO PERECIBLE;2026-06-01;18.668;5;52;6
700;COLA PEPSI 400 ML;NO PERECIBLE;2026-07-01;21.54;6;60;7
703;COLA SPRITE 1.75 LT;NO PERECIBLE;2026-01-01;275.3232;39;246;1
703;COLA SPRITE 1.75 LT;NO PERECIBLE;2026-02-01;83.94;26;75;2
703;COLA SPRITE 1.75 LT;NO PERECIBLE;2026-03-01;214.8864;39;192;3
703;COLA SPRITE 1.75 LT;NO PERECIBLE;2026-04-01;216.0056;48;193;4
703;COLA SPRITE 1.75 LT;NO PERECIBLE;2026-05-01;184.668;49;165;5
703;COLA SPRITE 1.75 LT;NO PERECIBLE;2026-06-01;210.4096;52;188;6
703;COLA SPRITE 1.75 LT;NO PERECIBLE;2026-07-01;201.456;52;180;7
706;COLA FANTA 3 LT;NO PERECIBLE;2026-01-01;115.6951477;20;55;1
706;COLA FANTA 3 LT;NO PERECIBLE;2026-02-01;31.5532221;11;15;2
706;COLA FANTA 3 LT;NO PERECIBLE;2026-03-01;92.55611816;24;44;3
706;COLA FANTA 3 LT;NO PERECIBLE;2026-04-01;136.7306291;25;65;4
706;COLA FANTA 3 LT;NO PERECIBLE;2026-05-01;138.83417724;26;66;5
706;COLA FANTA 3 LT;NO PERECIBLE;2026-06-01;69.41708862;19;33;6
706;COLA FANTA 3 LT;NO PERECIBLE;2026-07-01;71.52063676;15;34;7
707;COLA SPRITE 3 LT;NO PERECIBLE;2026-01-01;232.60560798;36;114;1
707;COLA SPRITE 3 LT;NO PERECIBLE;2026-02-01;422.36281449;33;207;2
707;COLA SPRITE 3 LT;NO PERECIBLE;2026-03-01;389.71641337;36;191;3
707;COLA SPRITE 3 LT;NO PERECIBLE;2026-04-01;397.87801365;43;195;4
707;COLA SPRITE 3 LT;NO PERECIBLE;2026-05-01;485.61521666;38;238;5
707;COLA SPRITE 3 LT;NO PERECIBLE;2026-06-01;557.02921911;49;273;6
707;COLA SPRITE 3 LT;NO PERECIBLE;2026-07-01;395.83761358;38;194;7
708;COLA FIORAVANTI FRESA 3 LT;NO PERECIBLE;2026-01-01;4.5334;1;2;1
708;COLA FIORAVANTI FRESA 3 LT;NO PERECIBLE;2026-02-01;0;0;0;2
708;COLA FIORAVANTI FRESA 3 LT;NO PERECIBLE;2026-03-01;13.6002;4;6;3
708;COLA FIORAVANTI FRESA 3 LT;NO PERECIBLE;2026-04-01;27.2004;6;12;4
708;COLA FIORAVANTI FRESA 3 LT;NO PERECIBLE;2026-05-01;9.0668;4;4;5
708;COLA FIORAVANTI FRESA 3 LT;NO PERECIBLE;2026-06-01;11.3335;5;5;6
708;COLA FIORAVANTI FRESA 3 LT;NO PERECIBLE;2026-07-01;18.1336;8;8;7
709;COLA FIORAVANTI MANZANA 3 LT;NO PERECIBLE;2026-01-01;90.18442;13;41;1
709;COLA FIORAVANTI MANZANA 3 LT;NO PERECIBLE;2026-02-01;8.79848;3;4;2
709;COLA FIORAVANTI MANZANA 3 LT;NO PERECIBLE;2026-03-01;32.9943;10;15;3
709;COLA FIORAVANTI MANZANA 3 LT;NO PERECIBLE;2026-04-01;103.38214;17;47;4
709;COLA FIORAVANTI MANZANA 3 LT;NO PERECIBLE;2026-05-01;52.79088;9;24;5
709;COLA FIORAVANTI MANZANA 3 LT;NO PERECIBLE;2026-06-01;52.79088;9;24;6
709;COLA FIORAVANTI MANZANA 3 LT;NO PERECIBLE;2026-07-01;48.39164;9;22;7
713;COCA COLA SABOR LIGERO 500 ML;NO PERECIBLE;2026-01-01;732.11164758;45;1389;1
713;COCA COLA SABOR LIGERO 500 ML;NO PERECIBLE;2026-02-01;808.53798948;36;1534;2
713;COCA COLA SABOR LIGERO 500 ML;NO PERECIBLE;2026-03-01;750.55938528;40;1424;3
713;COCA COLA SABOR LIGERO 500 ML;NO PERECIBLE;2026-04-01;906.5745384;42;1720;4
713;COCA COLA SABOR LIGERO 500 ML;NO PERECIBLE;2026-05-01;742.12613376;40;1408;5
713;COCA COLA SABOR LIGERO 500 ML;NO PERECIBLE;2026-06-01;951.90326532;42;1806;6
713;COCA COLA SABOR LIGERO 500 ML;NO PERECIBLE;2026-07-01;845.9605431;40;1605;7
723;COLA TANQUE GAS 9 KG;NO PERECIBLE;2026-01-01;0.04;4;4;1
723;COLA TANQUE GAS 9 KG;NO PERECIBLE;2026-02-01;0.03;3;3;2
723;COLA TANQUE GAS 9 KG;NO PERECIBLE;2026-03-01;0.04;2;4;3
723;COLA TANQUE GAS 9 KG;NO PERECIBLE;2026-04-01;0.08;7;8;4
723;COLA TANQUE GAS 9 KG;NO PERECIBLE;2026-05-01;0.08;5;8;5
723;COLA TANQUE GAS 9 KG;NO PERECIBLE;2026-06-01;0.08;7;8;6
723;COLA TANQUE GAS 9 KG;NO PERECIBLE;2026-07-01;0.11;8;11;7
731;GATORADE FRUTAS TROPICALES VIDRIO 473 ML;NO PERECIBLE;2026-01-01;0;0;0;1
731;GATORADE FRUTAS TROPICALES VIDRIO 473 ML;NO PERECIBLE;2026-02-01;0;0;0;2
731;GATORADE FRUTAS TROPICALES VIDRIO 473 ML;NO PERECIBLE;2026-03-01;0;0;0;3
731;GATORADE FRUTAS TROPICALES VIDRIO 473 ML;NO PERECIBLE;2026-04-01;0;0;0;4
731;GATORADE FRUTAS TROPICALES VIDRIO 473 ML;NO PERECIBLE;2026-05-01;0;0;0;5
731;GATORADE FRUTAS TROPICALES VIDRIO 473 ML;NO PERECIBLE;2026-06-01;0.6207;1;1;6
731;GATORADE FRUTAS TROPICALES VIDRIO 473 ML;NO PERECIBLE;2026-07-01;0;0;0;7
734;GATORADE MANZANA PET 500 ML;NO PERECIBLE;2026-01-01;1111.033;64;3070;1
734;GATORADE MANZANA PET 500 ML;NO PERECIBLE;2026-02-01;1070.8621;57;2959;2
734;GATORADE MANZANA PET 500 ML;NO PERECIBLE;2026-03-01;1098.3665;62;3035;3
734;GATORADE MANZANA PET 500 ML;NO PERECIBLE;2026-04-01;1208.746;69;3340;4
734;GATORADE MANZANA PET 500 ML;NO PERECIBLE;2026-05-01;1204.7651;69;3329;5
734;GATORADE MANZANA PET 500 ML;NO PERECIBLE;2026-06-01;993.7774;67;2746;6
734;GATORADE MANZANA PET 500 ML;NO PERECIBLE;2026-07-01;882.3122;58;2438;7
735;GATORADE TROPICAL PET 500 ML;NO PERECIBLE;2026-01-01;947.8161;50;2619;1
735;GATORADE TROPICAL PET 500 ML;NO PERECIBLE;2026-02-01;900.0453;44;2487;2
735;GATORADE TROPICAL PET 500 ML;NO PERECIBLE;2026-03-01;962.654;48;2660;3
735;GATORADE TROPICAL PET 500 ML;NO PERECIBLE;2026-04-01;1012.5962;58;2798;4
735;GATORADE TROPICAL PET 500 ML;NO PERECIBLE;2026-05-01;1129.8518;58;3122;5
735;GATORADE TROPICAL PET 500 ML;NO PERECIBLE;2026-06-01;866.7505;45;2395;6
735;GATORADE TROPICAL PET 500 ML;NO PERECIBLE;2026-07-01;817.1702;41;2258;7
739;AVENA NUTRI MARACUYA TETRAPACK 200 ML;NO PERECIBLE;2026-01-01;158.6304;6;486;1
739;AVENA NUTRI MARACUYA TETRAPACK 200 ML;NO PERECIBLE;2026-02-01;331.6224;12;1016;2
739;AVENA NUTRI MARACUYA TETRAPACK 200 ML;NO PERECIBLE;2026-03-01;339.1296;12;1039;3
739;AVENA NUTRI MARACUYA TETRAPACK 200 ML;NO PERECIBLE;2026-04-01;270.912;10;830;4
739;AVENA NUTRI MARACUYA TETRAPACK 200 ML;NO PERECIBLE;2026-05-01;344.6784;11;1056;5
739;AVENA NUTRI MARACUYA TETRAPACK 200 ML;NO PERECIBLE;2026-06-01;249.696;9;765;6
739;AVENA NUTRI MARACUYA TETRAPACK 200 ML;NO PERECIBLE;2026-07-01;324.1152;9;993;7
752;JUGO NARANJILLA TESALIA ICE 500 ML;NO PERECIBLE;2026-01-01;447.4884;14;1451;1
752;JUGO NARANJILLA TESALIA ICE 500 ML;NO PERECIBLE;2026-02-01;200.46;9;650;2
752;JUGO NARANJILLA TESALIA ICE 500 ML;NO PERECIBLE;2026-03-01;446.5632;10;1448;3
752;JUGO NARANJILLA TESALIA ICE 500 ML;NO PERECIBLE;2026-04-01;301.6152;13;978;4
752;JUGO NARANJILLA TESALIA ICE 500 ML;NO PERECIBLE;2026-05-01;149.8824;13;486;5
752;JUGO NARANJILLA TESALIA ICE 500 ML;NO PERECIBLE;2026-06-01;150.4992;9;488;6
752;JUGO NARANJILLA TESALIA ICE 500 ML;NO PERECIBLE;2026-07-01;266.1492;12;863;7
763;LECHE CHOCOLATADA SEMI VITA TETRAPACK 200 ML;NO PERECIBLE;2026-01-01;89.38;4;218;1
763;LECHE CHOCOLATADA SEMI VITA TETRAPACK 200 ML;NO PERECIBLE;2026-02-01;148.83;8;363;2
763;LECHE CHOCOLATADA SEMI VITA TETRAPACK 200 ML;NO PERECIBLE;2026-03-01;424.35;12;1035;3
763;LECHE CHOCOLATADA SEMI VITA TETRAPACK 200 ML;NO PERECIBLE;2026-04-01;261.58;10;638;4
763;LECHE CHOCOLATADA SEMI VITA TETRAPACK 200 ML;NO PERECIBLE;2026-05-01;363.67;14;887;5
763;LECHE CHOCOLATADA SEMI VITA TETRAPACK 200 ML;NO PERECIBLE;2026-06-01;211.56;10;516;6
763;LECHE CHOCOLATADA SEMI VITA TETRAPACK 200 ML;NO PERECIBLE;2026-07-01;209.1;12;510;7
766;LECHE SEMIDESCREMADA LA LECHERA TETRAPACK 1 LT;NO PERECIBLE;2026-01-01;157.74;12;132;1
766;LECHE SEMIDESCREMADA LA LECHERA TETRAPACK 1 LT;NO PERECIBLE;2026-02-01;68.115;8;57;2
766;LECHE SEMIDESCREMADA LA LECHERA TETRAPACK 1 LT;NO PERECIBLE;2026-03-01;111.135;9;93;3
766;LECHE SEMIDESCREMADA LA LECHERA TETRAPACK 1 LT;NO PERECIBLE;2026-04-01;148.18;10;124;4
766;LECHE SEMIDESCREMADA LA LECHERA TETRAPACK 1 LT;NO PERECIBLE;2026-05-01;124.28;8;104;5
766;LECHE SEMIDESCREMADA LA LECHERA TETRAPACK 1 LT;NO PERECIBLE;2026-06-01;96.795;7;81;6
766;LECHE SEMIDESCREMADA LA LECHERA TETRAPACK 1 LT;NO PERECIBLE;2026-07-01;119.5;10;100;7
767;LECHE ENTERA VITA TETRAPACK 200 ML;NO PERECIBLE;2026-01-01;36;2;120;1
767;LECHE ENTERA VITA TETRAPACK 200 ML;NO PERECIBLE;2026-02-01;162.9;6;543;2
767;LECHE ENTERA VITA TETRAPACK 200 ML;NO PERECIBLE;2026-03-01;122.4;6;408;3
767;LECHE ENTERA VITA TETRAPACK 200 ML;NO PERECIBLE;2026-04-01;220.2;6;734;4
767;LECHE ENTERA VITA TETRAPACK 200 ML;NO PERECIBLE;2026-05-01;16.8;3;56;5
767;LECHE ENTERA VITA TETRAPACK 200 ML;NO PERECIBLE;2026-06-01;244.2;8;814;6
767;LECHE ENTERA VITA TETRAPACK 200 ML;NO PERECIBLE;2026-07-01;58.8;7;196;7
768;LECHE FRESA SEMI VITA TETRAPACK 200 ML;NO PERECIBLE;2026-01-01;18.45;1;45;1
768;LECHE FRESA SEMI VITA TETRAPACK 200 ML;NO PERECIBLE;2026-02-01;19.68;1;48;2
768;LECHE FRESA SEMI VITA TETRAPACK 200 ML;NO PERECIBLE;2026-03-01;37.31;2;91;3
768;LECHE FRESA SEMI VITA TETRAPACK 200 ML;NO PERECIBLE;2026-04-01;16.4;1;40;4
768;LECHE FRESA SEMI VITA TETRAPACK 200 ML;NO PERECIBLE;2026-05-01;39.36;4;96;5
768;LECHE FRESA SEMI VITA TETRAPACK 200 ML;NO PERECIBLE;2026-06-01;19.68;1;48;6
768;LECHE FRESA SEMI VITA TETRAPACK 200 ML;NO PERECIBLE;2026-07-01;59.04;3;144;7
769;LECHE DESCREMADA SVELTY TPK 1 LT;NO PERECIBLE;2026-01-01;23.673;2;15;1
769;LECHE DESCREMADA SVELTY TPK 1 LT;NO PERECIBLE;2026-02-01;0;0;0;2
769;LECHE DESCREMADA SVELTY TPK 1 LT;NO PERECIBLE;2026-03-01;0;0;0;3
769;LECHE DESCREMADA SVELTY TPK 1 LT;NO PERECIBLE;2026-04-01;0;0;0;4
769;LECHE DESCREMADA SVELTY TPK 1 LT;NO PERECIBLE;2026-05-01;0;0;0;5
769;LECHE DESCREMADA SVELTY TPK 1 LT;NO PERECIBLE;2026-06-01;0;0;0;6
769;LECHE DESCREMADA SVELTY TPK 1 LT;NO PERECIBLE;2026-07-01;0;0;0;7
770;LECHE POLVO SOYA ORIENTAL 400 GR;NO PERECIBLE;2026-01-01;129.4463736;9;18;1
770;LECHE POLVO SOYA ORIENTAL 400 GR;NO PERECIBLE;2026-02-01;0;0;0;2
770;LECHE POLVO SOYA ORIENTAL 400 GR;NO PERECIBLE;2026-03-01;0;0;0;3
770;LECHE POLVO SOYA ORIENTAL 400 GR;NO PERECIBLE;2026-04-01;0;0;0;4
770;LECHE POLVO SOYA ORIENTAL 400 GR;NO PERECIBLE;2026-05-01;0;0;0;5
770;LECHE POLVO SOYA ORIENTAL 400 GR;NO PERECIBLE;2026-06-01;0;0;0;6
770;LECHE POLVO SOYA ORIENTAL 400 GR;NO PERECIBLE;2026-07-01;0;0;0;7
776;LECHE VAINILLA SEMI VITA TETRAPACK 200 ML;NO PERECIBLE;2026-01-01;78.31;2;191;1
776;LECHE VAINILLA SEMI VITA TETRAPACK 200 ML;NO PERECIBLE;2026-02-01;114.39;7;279;2
776;LECHE VAINILLA SEMI VITA TETRAPACK 200 ML;NO PERECIBLE;2026-03-01;165.23;5;403;3
776;LECHE VAINILLA SEMI VITA TETRAPACK 200 ML;NO PERECIBLE;2026-04-01;125.46;6;306;4
776;LECHE VAINILLA SEMI VITA TETRAPACK 200 ML;NO PERECIBLE;2026-05-01;120.54;4;294;5
776;LECHE VAINILLA SEMI VITA TETRAPACK 200 ML;NO PERECIBLE;2026-06-01;77.49;2;189;6
776;LECHE VAINILLA SEMI VITA TETRAPACK 200 ML;NO PERECIBLE;2026-07-01;168.1;5;410;7
791;BAG BOX COCA COLA 18 LT;NO PERECIBLE;2026-01-01;162.5008;2;2;1
791;BAG BOX COCA COLA 18 LT;NO PERECIBLE;2026-02-01;81.2504;1;1;2
791;BAG BOX COCA COLA 18 LT;NO PERECIBLE;2026-03-01;243.7512;3;3;3
791;BAG BOX COCA COLA 18 LT;NO PERECIBLE;2026-04-01;81.2504;1;1;4
791;BAG BOX COCA COLA 18 LT;NO PERECIBLE;2026-05-01;81.2504;1;1;5
791;BAG BOX COCA COLA 18 LT;NO PERECIBLE;2026-06-01;243.7512;3;3;6
791;BAG BOX COCA COLA 18 LT;NO PERECIBLE;2026-07-01;81.2504;1;1;7
793;BAG BOX FANTA 10 LT;NO PERECIBLE;2026-01-01;139.0146;3;3;1
793;BAG BOX FANTA 10 LT;NO PERECIBLE;2026-02-01;139.0146;3;3;2
793;BAG BOX FANTA 10 LT;NO PERECIBLE;2026-03-01;185.3528;4;4;3
793;BAG BOX FANTA 10 LT;NO PERECIBLE;2026-04-01;185.3528;4;4;4
793;BAG BOX FANTA 10 LT;NO PERECIBLE;2026-05-01;139.0146;3;3;5
793;BAG BOX FANTA 10 LT;NO PERECIBLE;2026-06-01;139.0146;3;3;6
793;BAG BOX FANTA 10 LT;NO PERECIBLE;2026-07-01;46.3382;1;1;7
795;BAG BOX FRESA 10 LT;NO PERECIBLE;2026-01-01;94.727;2;2;1
795;BAG BOX FRESA 10 LT;NO PERECIBLE;2026-02-01;189.454;4;4;2
795;BAG BOX FRESA 10 LT;NO PERECIBLE;2026-03-01;94.727;2;2;3
795;BAG BOX FRESA 10 LT;NO PERECIBLE;2026-04-01;142.0905;3;3;4
795;BAG BOX FRESA 10 LT;NO PERECIBLE;2026-05-01;142.0905;3;3;5
795;BAG BOX FRESA 10 LT;NO PERECIBLE;2026-06-01;189.454;4;4;6
795;BAG BOX FRESA 10 LT;NO PERECIBLE;2026-07-01;47.3635;1;1;7
801;JUGO DE DURAZNO PULP 145 ML;NO PERECIBLE;2026-01-01;22.7565;2;117;1
801;JUGO DE DURAZNO PULP 145 ML;NO PERECIBLE;2026-02-01;14.004;2;72;2
801;JUGO DE DURAZNO PULP 145 ML;NO PERECIBLE;2026-03-01;8.3635;2;43;3
801;JUGO DE DURAZNO PULP 145 ML;NO PERECIBLE;2026-04-01;19.6445;4;101;4
801;JUGO DE DURAZNO PULP 145 ML;NO PERECIBLE;2026-05-01;15.171;2;78;5
801;JUGO DE DURAZNO PULP 145 ML;NO PERECIBLE;2026-06-01;76.0495;7;391;6
801;JUGO DE DURAZNO PULP 145 ML;NO PERECIBLE;2026-07-01;124.869;12;642;7
802;JUGO DE DURAZNO PULP 250 ML;NO PERECIBLE;2026-01-01;1390.5504;45;5088;1
802;JUGO DE DURAZNO PULP 250 ML;NO PERECIBLE;2026-02-01;941.7918;44;3446;2
802;JUGO DE DURAZNO PULP 250 ML;NO PERECIBLE;2026-03-01;1396.0164;41;5108;3
802;JUGO DE DURAZNO PULP 250 ML;NO PERECIBLE;2026-04-01;1329.8778;52;4866;4
802;JUGO DE DURAZNO PULP 250 ML;NO PERECIBLE;2026-05-01;1352.0151;51;4947;5
802;JUGO DE DURAZNO PULP 250 ML;NO PERECIBLE;2026-06-01;1583.2269;59;5793;6
802;JUGO DE DURAZNO PULP 250 ML;NO PERECIBLE;2026-07-01;1519.8213;53;5561;7
812;TE NEGRO LIMON FUZETEA 550 ML;NO PERECIBLE;2026-01-01;1049.334;22;2446;1
812;TE NEGRO LIMON FUZETEA 550 ML;NO PERECIBLE;2026-02-01;925.353;24;2157;2
812;TE NEGRO LIMON FUZETEA 550 ML;NO PERECIBLE;2026-03-01;1244.1;27;2900;3
812;TE NEGRO LIMON FUZETEA 550 ML;NO PERECIBLE;2026-04-01;920.634;25;2146;4
812;TE NEGRO LIMON FUZETEA 550 ML;NO PERECIBLE;2026-05-01;1254.396;29;2924;5
812;TE NEGRO LIMON FUZETEA 550 ML;NO PERECIBLE;2026-06-01;894.036;25;2084;6
812;TE NEGRO LIMON FUZETEA 550 ML;NO PERECIBLE;2026-07-01;1181.895;30;2755;7
817;BEBIDA LACTEA FRESA YOGUYOGU TETRAPACK 200 ML;NO PERECIBLE;2026-01-01;0;0;0;1
817;BEBIDA LACTEA FRESA YOGUYOGU TETRAPACK 200 ML;NO PERECIBLE;2026-02-01;49.12085262;1;98;2
817;BEBIDA LACTEA FRESA YOGUYOGU TETRAPACK 200 ML;NO PERECIBLE;2026-03-01;3.00739914;1;6;3
817;BEBIDA LACTEA FRESA YOGUYOGU TETRAPACK 200 ML;NO PERECIBLE;2026-04-01;49.12085262;1;98;4
817;BEBIDA LACTEA FRESA YOGUYOGU TETRAPACK 200 ML;NO PERECIBLE;2026-05-01;49.12085262;1;98;5
817;BEBIDA LACTEA FRESA YOGUYOGU TETRAPACK 200 ML;NO PERECIBLE;2026-06-01;0;0;0;6
817;BEBIDA LACTEA FRESA YOGUYOGU TETRAPACK 200 ML;NO PERECIBLE;2026-07-01;49.12085262;1;98;7
819;BEBIDA LACTEA MORA YOGUYOGU TETRAPACK 200 ML;NO PERECIBLE;2026-01-01;0;0;0;1
819;BEBIDA LACTEA MORA YOGUYOGU TETRAPACK 200 ML;NO PERECIBLE;2026-02-01;0;0;0;2
819;BEBIDA LACTEA MORA YOGUYOGU TETRAPACK 200 ML;NO PERECIBLE;2026-03-01;13.026;5;26;3
819;BEBIDA LACTEA MORA YOGUYOGU TETRAPACK 200 ML;NO PERECIBLE;2026-04-01;2.505;1;5;4
819;BEBIDA LACTEA MORA YOGUYOGU TETRAPACK 200 ML;NO PERECIBLE;2026-05-01;0;0;0;5
819;BEBIDA LACTEA MORA YOGUYOGU TETRAPACK 200 ML;NO PERECIBLE;2026-06-01;0;0;0;6
819;BEBIDA LACTEA MORA YOGUYOGU TETRAPACK 200 ML;NO PERECIBLE;2026-07-01;53.106;3;106;7
820;POLLO PECHUGA FILETE PROCESADO 1 KG;PERECIBLE;2026-01-01;1071.47;79;196.6;1
820;POLLO PECHUGA FILETE PROCESADO 1 KG;PERECIBLE;2026-02-01;680.814;54;124.92;2
820;POLLO PECHUGA FILETE PROCESADO 1 KG;PERECIBLE;2026-03-01;1187.119;86;217.82;3
820;POLLO PECHUGA FILETE PROCESADO 1 KG;PERECIBLE;2026-04-01;711.552;62;130.56;4
820;POLLO PECHUGA FILETE PROCESADO 1 KG;PERECIBLE;2026-05-01;978.602;70;179.56;5
820;POLLO PECHUGA FILETE PROCESADO 1 KG;PERECIBLE;2026-06-01;1255.898;94;230.44;6
820;POLLO PECHUGA FILETE PROCESADO 1 KG;PERECIBLE;2026-07-01;972.607;70;178.46;7
821;POLLO PECHUGA FILETE PROCESADO 5 KG;PERECIBLE;2026-01-01;1819.973;28;333.94;1
821;POLLO PECHUGA FILETE PROCESADO 5 KG;PERECIBLE;2026-02-01;1460.6;21;268;2
821;POLLO PECHUGA FILETE PROCESADO 5 KG;PERECIBLE;2026-03-01;4615.278;48;846.84;3
821;POLLO PECHUGA FILETE PROCESADO 5 KG;PERECIBLE;2026-04-01;2319.0295;27;425.51;4
821;POLLO PECHUGA FILETE PROCESADO 5 KG;PERECIBLE;2026-05-01;3278.6655;40;601.59;5
821;POLLO PECHUGA FILETE PROCESADO 5 KG;PERECIBLE;2026-06-01;2804.134;29;514.52;6
821;POLLO PECHUGA FILETE PROCESADO 5 KG;PERECIBLE;2026-07-01;2694.6435;38;494.43;7
1107;CERDO CHULETA (116-130) X10;PERECIBLE;2026-01-01;51.6336;2;7.44;1
1107;CERDO CHULETA (116-130) X10;PERECIBLE;2026-02-01;0;0;0;2
1107;CERDO CHULETA (116-130) X10;PERECIBLE;2026-03-01;0;0;0;3
1107;CERDO CHULETA (116-130) X10;PERECIBLE;2026-04-01;0;0;0;4
1107;CERDO CHULETA (116-130) X10;PERECIBLE;2026-05-01;0;0;0;5
1107;CERDO CHULETA (116-130) X10;PERECIBLE;2026-06-01;0;0;0;6
1107;CERDO CHULETA (116-130) X10;PERECIBLE;2026-07-01;0;0;0;7
1116;CERDO COSTILLA CONGELADO PROCESADO 1 KG;PERECIBLE;2026-01-01;1981.452;159;388.52;1
1116;CERDO COSTILLA CONGELADO PROCESADO 1 KG;PERECIBLE;2026-02-01;2217.276;169;434.76;2
1116;CERDO COSTILLA CONGELADO PROCESADO 1 KG;PERECIBLE;2026-03-01;2253.894;168;441.94;3
1116;CERDO COSTILLA CONGELADO PROCESADO 1 KG;PERECIBLE;2026-04-01;2102.016;167;412.16;4
1116;CERDO COSTILLA CONGELADO PROCESADO 1 KG;PERECIBLE;2026-05-01;2209.014;174;433.14;5
1116;CERDO COSTILLA CONGELADO PROCESADO 1 KG;PERECIBLE;2026-06-01;2620.635;207;513.85;6
1116;CERDO COSTILLA CONGELADO PROCESADO 1 KG;PERECIBLE;2026-07-01;2648.379;206;519.29;7
1117;CERDO CUERO CONGELADO 5 KG;PERECIBLE;2026-01-01;2992.568;107;1289.9;1
1117;CERDO CUERO CONGELADO 5 KG;PERECIBLE;2026-02-01;2297.0784;83;990.12;2
1117;CERDO CUERO CONGELADO 5 KG;PERECIBLE;2026-03-01;3140.5144;112;1353.67;3
1117;CERDO CUERO CONGELADO 5 KG;PERECIBLE;2026-04-01;2799.9616;94;1206.88;4
1117;CERDO CUERO CONGELADO 5 KG;PERECIBLE;2026-05-01;2391.1776;95;1030.68;5
1117;CERDO CUERO CONGELADO 5 KG;PERECIBLE;2026-06-01;2505.4376;93;1079.93;6
1117;CERDO CUERO CONGELADO 5 KG;PERECIBLE;2026-07-01;2826.0848;101;1218.14;7
1119;CERDO FRITADA PROCESADO 5 KG;PERECIBLE;2026-01-01;13539.2676596;114;2565.82;1
1119;CERDO FRITADA PROCESADO 5 KG;PERECIBLE;2026-02-01;8211.5139648;95;1556.16;2
1119;CERDO FRITADA PROCESADO 5 KG;PERECIBLE;2026-03-01;10557.6231206;96;2000.77;3
1119;CERDO FRITADA PROCESADO 5 KG;PERECIBLE;2026-04-01;11044.564379;122;2093.05;4
1119;CERDO FRITADA PROCESADO 5 KG;PERECIBLE;2026-05-01;9763.5732662;122;1850.29;5
1119;CERDO FRITADA PROCESADO 5 KG;PERECIBLE;2026-06-01;13623.2212294;149;2581.73;6
1119;CERDO FRITADA PROCESADO 5 KG;PERECIBLE;2026-07-01;17077.3486496;146;3236.32;7
1120;CERDO GRASA CONGELADO 5 KG;PERECIBLE;2026-01-01;2641.0461;137;1796.63;1
1120;CERDO GRASA CONGELADO 5 KG;PERECIBLE;2026-02-01;2002.2576;128;1362.08;2
1120;CERDO GRASA CONGELADO 5 KG;PERECIBLE;2026-03-01;2397.1731;130;1630.73;3
1120;CERDO GRASA CONGELADO 5 KG;PERECIBLE;2026-04-01;2801.8053;162;1905.99;4
1120;CERDO GRASA CONGELADO 5 KG;PERECIBLE;2026-05-01;2441.0526;134;1660.58;5
1120;CERDO GRASA CONGELADO 5 KG;PERECIBLE;2026-06-01;2462.544;155;1675.2;6
1120;CERDO GRASA CONGELADO 5 KG;PERECIBLE;2026-07-01;2958.9924;164;2012.92;7
1121;CERDO HUESO CONGELADO 5 KG;PERECIBLE;2026-01-01;567.6762;94;1278.55;1
1121;CERDO HUESO CONGELADO 5 KG;PERECIBLE;2026-02-01;798.07224;107;1797.46;2
1121;CERDO HUESO CONGELADO 5 KG;PERECIBLE;2026-03-01;492.5514;73;1109.35;3
1121;CERDO HUESO CONGELADO 5 KG;PERECIBLE;2026-04-01;234.7428;47;528.7;4
1121;CERDO HUESO CONGELADO 5 KG;PERECIBLE;2026-05-01;900.86268;182;2028.97;5
1121;CERDO HUESO CONGELADO 5 KG;PERECIBLE;2026-06-01;1430.79888;251;3222.52;6
1121;CERDO HUESO CONGELADO 5 KG;PERECIBLE;2026-07-01;994.46232;196;2239.78;7
1123;BORREGO CUBOS PROCESADO 1 KG;PERECIBLE;2026-01-01;707.23586195;52;112.25;1
1123;BORREGO CUBOS PROCESADO 1 KG;PERECIBLE;2026-02-01;1009.66188755;56;160.25;2
1123;BORREGO CUBOS PROCESADO 1 KG;PERECIBLE;2026-03-01;907.467093066;58;144.03;3
1123;BORREGO CUBOS PROCESADO 1 KG;PERECIBLE;2026-04-01;919.690144934;55;145.97;4
1123;BORREGO CUBOS PROCESADO 1 KG;PERECIBLE;2026-05-01;1085.89844817;60;172.35;5
1123;BORREGO CUBOS PROCESADO 1 KG;PERECIBLE;2026-06-01;977.781144018;56;155.19;6
1123;BORREGO CUBOS PROCESADO 1 KG;PERECIBLE;2026-07-01;1185.76204204;72;188.2;7
1124;BORREGO PROCESADO 5 KG;PERECIBLE;2026-01-01;475.61532;6;65.82;1
1124;BORREGO PROCESADO 5 KG;PERECIBLE;2026-02-01;622.95346;6;86.21;2
1124;BORREGO PROCESADO 5 KG;PERECIBLE;2026-03-01;588.26866;6;81.41;3
1124;BORREGO PROCESADO 5 KG;PERECIBLE;2026-04-01;366.28594;7;50.69;4
1124;BORREGO PROCESADO 5 KG;PERECIBLE;2026-05-01;441.58086;7;61.11;5
1124;BORREGO PROCESADO 5 KG;PERECIBLE;2026-06-01;435.51102;6;60.27;6
1124;BORREGO PROCESADO 5 KG;PERECIBLE;2026-07-01;437.10074;7;60.49;7
1128;BORREGO MENUDO 1 KG;PERECIBLE;2026-01-01;763.455;7;38.5;1
1128;BORREGO MENUDO 1 KG;PERECIBLE;2026-02-01;316.4868;7;15.96;2
1128;BORREGO MENUDO 1 KG;PERECIBLE;2026-03-01;860.8203;12;43.41;3
1128;BORREGO MENUDO 1 KG;PERECIBLE;2026-04-01;934.7862;7;47.14;4
1128;BORREGO MENUDO 1 KG;PERECIBLE;2026-05-01;270.6795;5;13.65;5
1128;BORREGO MENUDO 1 KG;PERECIBLE;2026-06-01;1060.5084;9;53.48;6
1128;BORREGO MENUDO 1 KG;PERECIBLE;2026-07-01;903.2565;14;45.55;7
1139;CERDO MENUDO;PERECIBLE;2026-01-01;42.76311058;2;31;1
1139;CERDO MENUDO;PERECIBLE;2026-02-01;35.3554362634;2;25.63;2
1139;CERDO MENUDO;PERECIBLE;2026-03-01;92.7959499586;4;67.27;3
1139;CERDO MENUDO;PERECIBLE;2026-04-01;92.8787172694;6;67.33;4
1139;CERDO MENUDO;PERECIBLE;2026-05-01;36.0451638534;3;26.13;5
1139;CERDO MENUDO;PERECIBLE;2026-06-01;0;0;0;6
1139;CERDO MENUDO;PERECIBLE;2026-07-01;250.2469642038;3;181.41;7
1142;RES GUATA 1 KG;PERECIBLE;2026-01-01;2974.633696032;206;617.6;1
1142;RES GUATA 1 KG;PERECIBLE;2026-02-01;2708.1400392939;191;562.27;2
1142;RES GUATA 1 KG;PERECIBLE;2026-03-01;2591.8711639341;197;538.13;3
1142;RES GUATA 1 KG;PERECIBLE;2026-04-01;2773.0656581775;216;575.75;4
1142;RES GUATA 1 KG;PERECIBLE;2026-05-01;3109.3013743692;195;645.56;5
1142;RES GUATA 1 KG;PERECIBLE;2026-06-01;2499.8771490471;204;519.03;6
1142;RES GUATA 1 KG;PERECIBLE;2026-07-01;3273.9273130518;216;679.74;7
1143;RES HIGADO ENTERO CONGELADO KG;PERECIBLE;2026-01-01;39.7435476922;4;7.87;1
1143;RES HIGADO ENTERO CONGELADO KG;PERECIBLE;2026-02-01;110.595132714;12;21.9;2
1143;RES HIGADO ENTERO CONGELADO KG;PERECIBLE;2026-03-01;118.3216419858;13;23.43;3
1143;RES HIGADO ENTERO CONGELADO KG;PERECIBLE;2026-04-01;194.3747332494;18;38.49;4
1143;RES HIGADO ENTERO CONGELADO KG;PERECIBLE;2026-05-01;75.4470905364;9;14.94;5
1143;RES HIGADO ENTERO CONGELADO KG;PERECIBLE;2026-06-01;85.6481027776;12;16.96;6
1143;RES HIGADO ENTERO CONGELADO KG;PERECIBLE;2026-07-01;76.1540913848;9;15.08;7
1144;RES HIGADO JULIANA 1 KG;PERECIBLE;2026-01-01;168.60872;18;35.6;1
1144;RES HIGADO JULIANA 1 KG;PERECIBLE;2026-02-01;357.156842;35;75.41;2
1144;RES HIGADO JULIANA 1 KG;PERECIBLE;2026-03-01;134.74489;15;28.45;3
1144;RES HIGADO JULIANA 1 KG;PERECIBLE;2026-04-01;260.869896;29;55.08;4
1144;RES HIGADO JULIANA 1 KG;PERECIBLE;2026-05-01;167.993014;16;35.47;5
1144;RES HIGADO JULIANA 1 KG;PERECIBLE;2026-06-01;214.265688;26;45.24;6
1144;RES HIGADO JULIANA 1 KG;PERECIBLE;2026-07-01;299.80146;30;63.3;7
1146;RES COSTILLA CONGELADO PROCESADO 5 KG;PERECIBLE;2026-01-01;19885.3052112;390;6737.31;1
1146;RES COSTILLA CONGELADO PROCESADO 5 KG;PERECIBLE;2026-02-01;11418.693;229;3868.75;2
1146;RES COSTILLA CONGELADO PROCESADO 5 KG;PERECIBLE;2026-03-01;4265.2120368;96;1445.09;3
1146;RES COSTILLA CONGELADO PROCESADO 5 KG;PERECIBLE;2026-04-01;18875.5311888;364;6395.19;4
1146;RES COSTILLA CONGELADO PROCESADO 5 KG;PERECIBLE;2026-05-01;15035.5446384;372;5094.17;5
1146;RES COSTILLA CONGELADO PROCESADO 5 KG;PERECIBLE;2026-06-01;16294.2203424;378;5520.62;6
1146;RES COSTILLA CONGELADO PROCESADO 5 KG;PERECIBLE;2026-07-01;15598.9602912;381;5285.06;7
1191;RES GOULASH PROCESADO 5 KG;PERECIBLE;2026-01-01;28591.31808;243;5390.52;1
1191;RES GOULASH PROCESADO 5 KG;PERECIBLE;2026-02-01;20552.84088;166;3874.97;2
1191;RES GOULASH PROCESADO 5 KG;PERECIBLE;2026-03-01;17026.84776;157;3210.19;3
1191;RES GOULASH PROCESADO 5 KG;PERECIBLE;2026-04-01;14027.2236;160;2644.65;4
1191;RES GOULASH PROCESADO 5 KG;PERECIBLE;2026-05-01;28075.07976;242;5293.19;5
1191;RES GOULASH PROCESADO 5 KG;PERECIBLE;2026-06-01;24207.9864;242;4564.1;6
1191;RES GOULASH PROCESADO 5 KG;PERECIBLE;2026-07-01;22281.8388;231;4200.95;7
1192;RES HUESO 5 KG;PERECIBLE;2026-01-01;998.867584;178;1984.4;1
1192;RES HUESO 5 KG;PERECIBLE;2026-02-01;675.6500608;119;1342.28;2
1192;RES HUESO 5 KG;PERECIBLE;2026-03-01;1103.7124384;211;2192.69;3
1192;RES HUESO 5 KG;PERECIBLE;2026-04-01;1287.8666944;221;2558.54;4
1192;RES HUESO 5 KG;PERECIBLE;2026-05-01;476.3748704;82;946.39;5
1192;RES HUESO 5 KG;PERECIBLE;2026-06-01;138.6656128;35;275.48;6
1192;RES HUESO 5 KG;PERECIBLE;2026-07-01;869.3933248;112;1727.18;7
1193;RES JULIANA PROCESADO 5 KG;PERECIBLE;2026-01-01;29790.39336;258;5616.59;1
1193;RES JULIANA PROCESADO 5 KG;PERECIBLE;2026-02-01;37719.34296;290;7111.49;2
1193;RES JULIANA PROCESADO 5 KG;PERECIBLE;2026-03-01;32824.01616;203;6188.54;3
1193;RES JULIANA PROCESADO 5 KG;PERECIBLE;2026-04-01;42330.11016;317;7980.79;4
1193;RES JULIANA PROCESADO 5 KG;PERECIBLE;2026-05-01;31935.06576;292;6020.94;5
1193;RES JULIANA PROCESADO 5 KG;PERECIBLE;2026-06-01;41046.17088;391;7738.72;6
1193;RES JULIANA PROCESADO 5 KG;PERECIBLE;2026-07-01;42143.03808;379;7945.52;7
1226;RES L.FALDAT 76-90 X10;PERECIBLE;2026-01-01;0;0;0;1
1226;RES L.FALDAT 76-90 X10;PERECIBLE;2026-02-01;0;0;0;2
1226;RES L.FALDAT 76-90 X10;PERECIBLE;2026-03-01;0;0;0;3
1226;RES L.FALDAT 76-90 X10;PERECIBLE;2026-04-01;0;0;0;4
1226;RES L.FALDAT 76-90 X10;PERECIBLE;2026-05-01;62.2181818096;3;9.44;5
1226;RES L.FALDAT 76-90 X10;PERECIBLE;2026-06-01;73.9499999898;3;11.22;6
1226;RES L.FALDAT 76-90 X10;PERECIBLE;2026-07-01;96.227272714;4;14.6;7
1232;CERDO PIERNA CONGELADO CON GRASA PROCESADO;PERECIBLE;2026-01-01;0;0;0;1
1232;CERDO PIERNA CONGELADO CON GRASA PROCESADO;PERECIBLE;2026-02-01;0;0;0;2
1232;CERDO PIERNA CONGELADO CON GRASA PROCESADO;PERECIBLE;2026-03-01;0;0;0;3
1232;CERDO PIERNA CONGELADO CON GRASA PROCESADO;PERECIBLE;2026-04-01;149.051385;2;29.39;4
1232;CERDO PIERNA CONGELADO CON GRASA PROCESADO;PERECIBLE;2026-05-01;0;0;0;5
1232;CERDO PIERNA CONGELADO CON GRASA PROCESADO;PERECIBLE;2026-06-01;0;0;0;6
1232;CERDO PIERNA CONGELADO CON GRASA PROCESADO;PERECIBLE;2026-07-01;148.949955;2;29.37;7
1242;RES CARNE MOLIDA 14 - 17% GRASA CONGELADO PROCESADO 5 KG;PERECIBLE;2026-01-01;19920.5352515435;327;4850.03;1
1242;RES CARNE MOLIDA 14 - 17% GRASA CONGELADO PROCESADO 5 KG;PERECIBLE;2026-02-01;20642.5167004245;299;5025.81;2
1242;RES CARNE MOLIDA 14 - 17% GRASA CONGELADO PROCESADO 5 KG;PERECIBLE;2026-03-01;22215.3667176875;348;5408.75;3
1242;RES CARNE MOLIDA 14 - 17% GRASA CONGELADO PROCESADO 5 KG;PERECIBLE;2026-04-01;22096.0906835795;337;5379.71;4
1242;RES CARNE MOLIDA 14 - 17% GRASA CONGELADO PROCESADO 5 KG;PERECIBLE;2026-05-01;20042.563177623;305;4879.74;5
1242;RES CARNE MOLIDA 14 - 17% GRASA CONGELADO PROCESADO 5 KG;PERECIBLE;2026-06-01;13805.1741226385;266;3361.13;6
1242;RES CARNE MOLIDA 14 - 17% GRASA CONGELADO PROCESADO 5 KG;PERECIBLE;2026-07-01;18506.350289294;279;4505.72;7
1251;RES PATA CORTE CONGELADO 1 KG;PERECIBLE;2026-01-01;975.5403616662;151;372.23;1
1251;RES PATA CORTE CONGELADO 1 KG;PERECIBLE;2026-02-01;1424.8503033798;162;543.67;2
1251;RES PATA CORTE CONGELADO 1 KG;PERECIBLE;2026-03-01;1029.4764244314;158;392.81;3
1251;RES PATA CORTE CONGELADO 1 KG;PERECIBLE;2026-04-01;1123.8776382702;169;428.83;4
1251;RES PATA CORTE CONGELADO 1 KG;PERECIBLE;2026-05-01;961.6763299836;139;366.94;5
1251;RES PATA CORTE CONGELADO 1 KG;PERECIBLE;2026-06-01;941.260298451;141;359.15;6
1251;RES PATA CORTE CONGELADO 1 KG;PERECIBLE;2026-07-01;1182.1904369352;170;451.08;7
1252;RES PATA CORTE CONGELADO 5 KG;PERECIBLE;2026-01-01;5130.8409152;116;2209.36;1
1252;RES PATA CORTE CONGELADO 5 KG;PERECIBLE;2026-02-01;3824.977156;112;1647.05;2
1252;RES PATA CORTE CONGELADO 5 KG;PERECIBLE;2026-03-01;6195.6246352;120;2667.86;3
1252;RES PATA CORTE CONGELADO 5 KG;PERECIBLE;2026-04-01;5217.9511384;127;2246.87;4
1252;RES PATA CORTE CONGELADO 5 KG;PERECIBLE;2026-05-01;5494.02854;116;2365.75;5
1252;RES PATA CORTE CONGELADO 5 KG;PERECIBLE;2026-06-01;5091.3614752;120;2192.36;6
1252;RES PATA CORTE CONGELADO 5 KG;PERECIBLE;2026-07-01;5004.831832;127;2155.1;7
1258;RES SALON PROCESADO 5 KG;PERECIBLE;2026-01-01;9488.3214712;76;1366.39;1
1258;RES SALON PROCESADO 5 KG;PERECIBLE;2026-02-01;8784.8167264;80;1265.08;2
1258;RES SALON PROCESADO 5 KG;PERECIBLE;2026-03-01;10789.017096;79;1553.7;3
1258;RES SALON PROCESADO 5 KG;PERECIBLE;2026-04-01;12623.9207952;88;1817.94;4
1258;RES SALON PROCESADO 5 KG;PERECIBLE;2026-05-01;7337.6010136;59;1056.67;5
1258;RES SALON PROCESADO 5 KG;PERECIBLE;2026-06-01;8312.8276088;54;1197.11;6
1258;RES SALON PROCESADO 5 KG;PERECIBLE;2026-07-01;11523.6313192;72;1659.49;7
1263;ALBACORA 5 KG;PERECIBLE;2026-01-01;11216.7870439874;153;2199.37;1
1263;ALBACORA 5 KG;PERECIBLE;2026-02-01;12691.605049771;148;2488.55;2
1263;ALBACORA 5 KG;PERECIBLE;2026-03-01;15326.520060104;185;3005.2;3
1263;ALBACORA 5 KG;PERECIBLE;2026-04-01;13434.6240526848;167;2634.24;4
1263;ALBACORA 5 KG;PERECIBLE;2026-05-01;15920.0580624316;182;3121.58;5
1263;ALBACORA 5 KG;PERECIBLE;2026-06-01;16232.0760636552;200;3182.76;6
1263;ALBACORA 5 KG;PERECIBLE;2026-07-01;23440.2120919224;223;4596.12;7
1266;BAGRE 5 KG;PERECIBLE;2026-01-01;158.85;5;9;1
1266;BAGRE 5 KG;PERECIBLE;2026-02-01;88.25;2;5;2
1266;BAGRE 5 KG;PERECIBLE;2026-03-01;176.5;6;10;3
1266;BAGRE 5 KG;PERECIBLE;2026-04-01;158.85;5;9;4
1266;BAGRE 5 KG;PERECIBLE;2026-05-01;105.9;5;6;5
1266;BAGRE 5 KG;PERECIBLE;2026-06-01;264.75;10;15;6
1266;BAGRE 5 KG;PERECIBLE;2026-07-01;141.2;4;8;7
1267;CALAMAR POTA 5 KG;PERECIBLE;2026-01-01;1892.5995;74;664.07;1
1267;CALAMAR POTA 5 KG;PERECIBLE;2026-02-01;2554.284;76;896.24;2
1267;CALAMAR POTA 5 KG;PERECIBLE;2026-03-01;3644.01;101;1278.6;3
1267;CALAMAR POTA 5 KG;PERECIBLE;2026-04-01;2153.403;84;755.58;4
1267;CALAMAR POTA 5 KG;PERECIBLE;2026-05-01;2570.6145;90;901.97;5
1267;CALAMAR POTA 5 KG;PERECIBLE;2026-06-01;3179.574;111;1115.64;6
1267;CALAMAR POTA 5 KG;PERECIBLE;2026-07-01;2298.924;85;806.64;7
1289;RES RIÑON CONGELADO;PERECIBLE;2026-01-01;12.4176892759;1;4.43;1
1289;RES RIÑON CONGELADO;PERECIBLE;2026-02-01;0;0;0;2
1289;RES RIÑON CONGELADO;PERECIBLE;2026-03-01;30.1051879962;3;10.74;3
1289;RES RIÑON CONGELADO;PERECIBLE;2026-04-01;40.084188859;2;14.3;4
1289;RES RIÑON CONGELADO;PERECIBLE;2026-05-01;0;0;0;5
1289;RES RIÑON CONGELADO;PERECIBLE;2026-06-01;0;0;0;6
1289;RES RIÑON CONGELADO;PERECIBLE;2026-07-01;0;0;0;7
1292;PESCADO CABEZA 5 KG;PERECIBLE;2026-01-01;2573.85;48;343.18;1
1292;PESCADO CABEZA 5 KG;PERECIBLE;2026-02-01;2506.05;43;334.14;2
1292;PESCADO CABEZA 5 KG;PERECIBLE;2026-03-01;4951.5;59;660.2;3
1292;PESCADO CABEZA 5 KG;PERECIBLE;2026-04-01;3546;47;472.8;4
1292;PESCADO CABEZA 5 KG;PERECIBLE;2026-05-01;4610.625;60;614.75;5
1292;PESCADO CABEZA 5 KG;PERECIBLE;2026-06-01;3552.825;48;473.71;6
1292;PESCADO CABEZA 5 KG;PERECIBLE;2026-07-01;4919.175;58;655.89;7
1293;PESCADO RETAZO 5 KG;PERECIBLE;2026-01-01;24590.289271824;331;5411.55;1
1293;PESCADO RETAZO 5 KG;PERECIBLE;2026-02-01;24987.66540192;308;5499;2
1293;PESCADO RETAZO 5 KG;PERECIBLE;2026-03-01;31883.2886287008;371;7016.51;3
1293;PESCADO RETAZO 5 KG;PERECIBLE;2026-04-01;25937.5511221632;332;5708.04;4
1293;PESCADO RETAZO 5 KG;PERECIBLE;2026-05-01;35083.6546484448;383;7720.81;5
1293;PESCADO RETAZO 5 KG;PERECIBLE;2026-06-01;32911.33180392;423;7242.75;6
1293;PESCADO RETAZO 5 KG;PERECIBLE;2026-07-01;33874.0771519296;406;7454.62;7
1294;PESCADO SECO 5 KG;PERECIBLE;2026-01-01;0;0;0;1
1294;PESCADO SECO 5 KG;PERECIBLE;2026-02-01;0;0;0;2
1294;PESCADO SECO 5 KG;PERECIBLE;2026-03-01;6630;76;195;3
1294;PESCADO SECO 5 KG;PERECIBLE;2026-04-01;136;3;4;4
1294;PESCADO SECO 5 KG;PERECIBLE;2026-05-01;0;0;0;5
1294;PESCADO SECO 5 KG;PERECIBLE;2026-06-01;0;0;0;6
1294;PESCADO SECO 5 KG;PERECIBLE;2026-07-01;0;0;0;7
1316;TILAPIA FILETE SANTA PRISCILA 5 KG;PERECIBLE;2026-01-01;31763.554;221;4473.74;1
1316;TILAPIA FILETE SANTA PRISCILA 5 KG;PERECIBLE;2026-02-01;32549.169;228;4584.39;2
1316;TILAPIA FILETE SANTA PRISCILA 5 KG;PERECIBLE;2026-03-01;39462.936;226;5558.16;3
1316;TILAPIA FILETE SANTA PRISCILA 5 KG;PERECIBLE;2026-04-01;36320.902;240;5115.62;4
1316;TILAPIA FILETE SANTA PRISCILA 5 KG;PERECIBLE;2026-05-01;43789.889;251;6167.59;5
1316;TILAPIA FILETE SANTA PRISCILA 5 KG;PERECIBLE;2026-06-01;49099.482;299;6915.42;6
1316;TILAPIA FILETE SANTA PRISCILA 5 KG;PERECIBLE;2026-07-01;59001.355;309;8310.05;7
1317;RES GUATA 5 KG;PERECIBLE;2026-01-01;13367.382912;165;2843.64;1
1317;RES GUATA 5 KG;PERECIBLE;2026-02-01;12031.6976;146;2559.5;2
1317;RES GUATA 5 KG;PERECIBLE;2026-03-01;15497.174368;185;3296.71;3
1317;RES GUATA 5 KG;PERECIBLE;2026-04-01;15116.879648;187;3215.81;4
1317;RES GUATA 5 KG;PERECIBLE;2026-05-01;14808.789216;165;3150.27;5
1317;RES GUATA 5 KG;PERECIBLE;2026-06-01;15052.90176;189;3202.2;6
1317;RES GUATA 5 KG;PERECIBLE;2026-07-01;19839.7264;214;4220.5;7
1346;PAVO PECHUGA PRONACA (2-5) KG;PERECIBLE;2026-01-01;0;0;0;1
1346;PAVO PECHUGA PRONACA (2-5) KG;PERECIBLE;2026-02-01;130.767;1;3;2
1346;PAVO PECHUGA PRONACA (2-5) KG;PERECIBLE;2026-03-01;43.589;1;1;3
1346;PAVO PECHUGA PRONACA (2-5) KG;PERECIBLE;2026-04-01;0;0;0;4
1346;PAVO PECHUGA PRONACA (2-5) KG;PERECIBLE;2026-05-01;0;0;0;5
1346;PAVO PECHUGA PRONACA (2-5) KG;PERECIBLE;2026-06-01;0;0;0;6
1346;PAVO PECHUGA PRONACA (2-5) KG;PERECIBLE;2026-07-01;43.589;1;1;7
1350;COCA COLA SABOR LIGERO 2 LT;NO PERECIBLE;2026-01-01;568.5676;47;356;1
1350;COCA COLA SABOR LIGERO 2 LT;NO PERECIBLE;2026-02-01;581.3444;45;364;2
1350;COCA COLA SABOR LIGERO 2 LT;NO PERECIBLE;2026-03-01;637.2429;48;399;3
1350;COCA COLA SABOR LIGERO 2 LT;NO PERECIBLE;2026-04-01;755.4283;56;473;4
1350;COCA COLA SABOR LIGERO 2 LT;NO PERECIBLE;2026-05-01;741.0544;47;464;5
1350;COCA COLA SABOR LIGERO 2 LT;NO PERECIBLE;2026-06-01;595.7183;55;373;6
1350;COCA COLA SABOR LIGERO 2 LT;NO PERECIBLE;2026-07-01;469.5474;46;294;7
1357;GALLETAS AMOR CLASICA 175 GR;NO PERECIBLE;2026-01-01;310.9206;24;321;1
1357;GALLETAS AMOR CLASICA 175 GR;NO PERECIBLE;2026-02-01;505.6092;29;522;2
1357;GALLETAS AMOR CLASICA 175 GR;NO PERECIBLE;2026-03-01;305.109;31;315;3
1357;GALLETAS AMOR CLASICA 175 GR;NO PERECIBLE;2026-04-01;270.2394;28;279;4
1357;GALLETAS AMOR CLASICA 175 GR;NO PERECIBLE;2026-05-01;307.0462;32;317;5
1357;GALLETAS AMOR CLASICA 175 GR;NO PERECIBLE;2026-06-01;614.0924;33;634;6
1357;GALLETAS AMOR CLASICA 175 GR;NO PERECIBLE;2026-07-01;302.2032;37;312;7
1358;GALLETAS AMOR CHOCOLATE 175 GR;NO PERECIBLE;2026-01-01;103.24;11;89;1
1358;GALLETAS AMOR CHOCOLATE 175 GR;NO PERECIBLE;2026-02-01;112.52;10;97;2
1358;GALLETAS AMOR CHOCOLATE 175 GR;NO PERECIBLE;2026-03-01;73.08;10;63;3
1358;GALLETAS AMOR CHOCOLATE 175 GR;NO PERECIBLE;2026-04-01;88.16;10;76;4
1358;GALLETAS AMOR CHOCOLATE 175 GR;NO PERECIBLE;2026-05-01;132.24;14;114;5
1358;GALLETAS AMOR CHOCOLATE 175 GR;NO PERECIBLE;2026-06-01;595.08;23;513;6
1358;GALLETAS AMOR CHOCOLATE 175 GR;NO PERECIBLE;2026-07-01;309.72;14;267;7
1362;CAFE CLASICO MINERVA PASAR TOSTADO&MOLIDO 400 GR;NO PERECIBLE;2026-01-01;5916.32;383;1648;1
1362;CAFE CLASICO MINERVA PASAR TOSTADO&MOLIDO 400 GR;NO PERECIBLE;2026-02-01;6462;375;1800;2
1362;CAFE CLASICO MINERVA PASAR TOSTADO&MOLIDO 400 GR;NO PERECIBLE;2026-03-01;8016.47;426;2233;3
1362;CAFE CLASICO MINERVA PASAR TOSTADO&MOLIDO 400 GR;NO PERECIBLE;2026-04-01;7359.5;424;2050;4
1362;CAFE CLASICO MINERVA PASAR TOSTADO&MOLIDO 400 GR;NO PERECIBLE;2026-05-01;8913.97;406;2483;5
1362;CAFE CLASICO MINERVA PASAR TOSTADO&MOLIDO 400 GR;NO PERECIBLE;2026-06-01;9061.16;431;2524;6
1362;CAFE CLASICO MINERVA PASAR TOSTADO&MOLIDO 400 GR;NO PERECIBLE;2026-07-01;9721.72;437;2708;7
1368;CHANTYPAK PURATOS TETRAPACK 1 LT;NO PERECIBLE;2026-01-01;4059;242;820;1
1368;CHANTYPAK PURATOS TETRAPACK 1 LT;NO PERECIBLE;2026-02-01;4455;264;900;2
1368;CHANTYPAK PURATOS TETRAPACK 1 LT;NO PERECIBLE;2026-03-01;3133.35;194;633;3
1368;CHANTYPAK PURATOS TETRAPACK 1 LT;NO PERECIBLE;2026-04-01;0;0;0;4
1368;CHANTYPAK PURATOS TETRAPACK 1 LT;NO PERECIBLE;2026-05-01;0;0;0;5
1368;CHANTYPAK PURATOS TETRAPACK 1 LT;NO PERECIBLE;2026-06-01;0;0;0;6
1368;CHANTYPAK PURATOS TETRAPACK 1 LT;NO PERECIBLE;2026-07-01;0;0;0;7
1372;FLAN CARAMELO GELHADA 60 GR;NO PERECIBLE;2026-01-01;552.2025;121;1207;1
1372;FLAN CARAMELO GELHADA 60 GR;NO PERECIBLE;2026-02-01;985.455;113;2154;2
1372;FLAN CARAMELO GELHADA 60 GR;NO PERECIBLE;2026-03-01;738.405;149;1614;3
1372;FLAN CARAMELO GELHADA 60 GR;NO PERECIBLE;2026-04-01;1022.97;130;2236;4
1372;FLAN CARAMELO GELHADA 60 GR;NO PERECIBLE;2026-05-01;755.3325;114;1651;5
1372;FLAN CARAMELO GELHADA 60 GR;NO PERECIBLE;2026-06-01;935.5875;132;2045;6
1372;FLAN CARAMELO GELHADA 60 GR;NO PERECIBLE;2026-07-01;757.62;127;1656;7
1377;GELATINA SIN SABOR GELHADA 30 GR;NO PERECIBLE;2026-01-01;94.815;32;129;1
1377;GELATINA SIN SABOR GELHADA 30 GR;NO PERECIBLE;2026-02-01;84.525;35;115;2
1377;GELATINA SIN SABOR GELHADA 30 GR;NO PERECIBLE;2026-03-01;88.935;36;121;3
1377;GELATINA SIN SABOR GELHADA 30 GR;NO PERECIBLE;2026-04-01;111.72;40;152;4
1377;GELATINA SIN SABOR GELHADA 30 GR;NO PERECIBLE;2026-05-01;118.335;39;161;5
1377;GELATINA SIN SABOR GELHADA 30 GR;NO PERECIBLE;2026-06-01;88.935;34;121;6
1377;GELATINA SIN SABOR GELHADA 30 GR;NO PERECIBLE;2026-07-01;97.755;41;133;7
1379;GALLETAS SALTIN NOEL 300 GR;NO PERECIBLE;2026-01-01;11.124;4;8;1
1379;GALLETAS SALTIN NOEL 300 GR;NO PERECIBLE;2026-02-01;41.715;7;30;2
1379;GALLETAS SALTIN NOEL 300 GR;NO PERECIBLE;2026-03-01;95.9445;10;69;3
1379;GALLETAS SALTIN NOEL 300 GR;NO PERECIBLE;2026-04-01;87.6015;10;63;4
1379;GALLETAS SALTIN NOEL 300 GR;NO PERECIBLE;2026-05-01;41.715;6;30;5
1379;GALLETAS SALTIN NOEL 300 GR;NO PERECIBLE;2026-06-01;26.4195;3;19;6
1379;GALLETAS SALTIN NOEL 300 GR;NO PERECIBLE;2026-07-01;63.963;8;46;7
1382;GALLETAS ORIGINAL OREO 432 GR (12 X36 GR);NO PERECIBLE;2026-01-01;2313.36;78;648;1
1382;GALLETAS ORIGINAL OREO 432 GR (12 X36 GR);NO PERECIBLE;2026-02-01;1917.09;70;537;2
1382;GALLETAS ORIGINAL OREO 432 GR (12 X36 GR);NO PERECIBLE;2026-03-01;2249.1;89;630;3
1382;GALLETAS ORIGINAL OREO 432 GR (12 X36 GR);NO PERECIBLE;2026-04-01;1777.86;81;498;4
1382;GALLETAS ORIGINAL OREO 432 GR (12 X36 GR);NO PERECIBLE;2026-05-01;1767.15;84;495;5
1382;GALLETAS ORIGINAL OREO 432 GR (12 X36 GR);NO PERECIBLE;2026-06-01;2627.52;94;736;6
1382;GALLETAS ORIGINAL OREO 432 GR (12 X36 GR);NO PERECIBLE;2026-07-01;2806.02;97;786;7
1385;GALLETAS DUCALES 243 GR (9 X27 GR);NO PERECIBLE;2026-01-01;1081.06;70;566;1
1385;GALLETAS DUCALES 243 GR (9 X27 GR);NO PERECIBLE;2026-02-01;1382.84;73;724;2
1385;GALLETAS DUCALES 243 GR (9 X27 GR);NO PERECIBLE;2026-03-01;1463.06;78;766;3
1385;GALLETAS DUCALES 243 GR (9 X27 GR);NO PERECIBLE;2026-04-01;1392.39;71;729;4
1385;GALLETAS DUCALES 243 GR (9 X27 GR);NO PERECIBLE;2026-05-01;1304.53;68;683;5
1385;GALLETAS DUCALES 243 GR (9 X27 GR);NO PERECIBLE;2026-06-01;1356.1;73;710;6
1385;GALLETAS DUCALES 243 GR (9 X27 GR);NO PERECIBLE;2026-07-01;1782.03;75;933;7
1387;GALLETAS MARIA NESTLE TACO 172 GR;NO PERECIBLE;2026-01-01;189.2;17;220;1
1387;GALLETAS MARIA NESTLE TACO 172 GR;NO PERECIBLE;2026-02-01;124.7;13;145;2
1387;GALLETAS MARIA NESTLE TACO 172 GR;NO PERECIBLE;2026-03-01;385.28;21;448;3
1387;GALLETAS MARIA NESTLE TACO 172 GR;NO PERECIBLE;2026-04-01;103.2;11;120;4
1387;GALLETAS MARIA NESTLE TACO 172 GR;NO PERECIBLE;2026-05-01;183.18;17;213;5
1387;GALLETAS MARIA NESTLE TACO 172 GR;NO PERECIBLE;2026-06-01;264.02;15;307;6
1387;GALLETAS MARIA NESTLE TACO 172 GR;NO PERECIBLE;2026-07-01;242.52;19;282;7
1388;COLIFLOR 1 KG;FRUVER;2026-01-01;3427.75;690;6855.5;1
1388;COLIFLOR 1 KG;FRUVER;2026-02-01;3264.75;625;6529.5;2
1388;COLIFLOR 1 KG;FRUVER;2026-03-01;3519.5;712;7039;3
1388;COLIFLOR 1 KG;FRUVER;2026-04-01;3684;709;7368;4
1388;COLIFLOR 1 KG;FRUVER;2026-05-01;3789.5;748;7579;5
1388;COLIFLOR 1 KG;FRUVER;2026-06-01;3465;725;6930;6
1388;COLIFLOR 1 KG;FRUVER;2026-07-01;3749.75;724;7499.5;7
1392;LECHE ENTERA EN POLVO LA VAQUITA 400 GR;NO PERECIBLE;2026-01-01;32058.77390793;933;9207;1
1392;LECHE ENTERA EN POLVO LA VAQUITA 400 GR;NO PERECIBLE;2026-02-01;32574.10990645;870;9355;2
1392;LECHE ENTERA EN POLVO LA VAQUITA 400 GR;NO PERECIBLE;2026-03-01;37051.96189359;995;10641;3
1392;LECHE ENTERA EN POLVO LA VAQUITA 400 GR;NO PERECIBLE;2026-04-01;36031.73589652;961;10348;4
1392;LECHE ENTERA EN POLVO LA VAQUITA 400 GR;NO PERECIBLE;2026-05-01;35801.92389718;978;10282;5
1392;LECHE ENTERA EN POLVO LA VAQUITA 400 GR;NO PERECIBLE;2026-06-01;36884.82589407;1009;10593;6
1392;LECHE ENTERA EN POLVO LA VAQUITA 400 GR;NO PERECIBLE;2026-07-01;37340.96789276;982;10724;7
1397;QUESO FUNDIDO 4 KG;NO PERECIBLE;2026-01-01;1384.35;44;55;1
1397;QUESO FUNDIDO 4 KG;NO PERECIBLE;2026-02-01;805.44;30;32;2
1397;QUESO FUNDIDO 4 KG;NO PERECIBLE;2026-03-01;981.63;35;39;3
1397;QUESO FUNDIDO 4 KG;NO PERECIBLE;2026-04-01;1535.37;43;61;4
1397;QUESO FUNDIDO 4 KG;NO PERECIBLE;2026-05-01;1459.86;43;58;5
1397;QUESO FUNDIDO 4 KG;NO PERECIBLE;2026-06-01;981.63;30;39;6
1397;QUESO FUNDIDO 4 KG;NO PERECIBLE;2026-07-01;780.27;21;31;7
1398;AROMATICA CEDRON FLORAROMA X25;NO PERECIBLE;2026-01-01;108.29;73;221;1
1398;AROMATICA CEDRON FLORAROMA X25;NO PERECIBLE;2026-02-01;104.37;69;213;2
1398;AROMATICA CEDRON FLORAROMA X25;NO PERECIBLE;2026-03-01;152.39;80;311;3
1398;AROMATICA CEDRON FLORAROMA X25;NO PERECIBLE;2026-04-01;145.53;91;297;4
1398;AROMATICA CEDRON FLORAROMA X25;NO PERECIBLE;2026-05-01;132.3;83;270;5
1398;AROMATICA CEDRON FLORAROMA X25;NO PERECIBLE;2026-06-01;108.29;77;221;6
1398;AROMATICA CEDRON FLORAROMA X25;NO PERECIBLE;2026-07-01;129.85;75;265;7
1400;MASA WANTAN 454 GR X26;PERECIBLE;2026-01-01;3581.79;320;2001;1
1400;MASA WANTAN 454 GR X26;PERECIBLE;2026-02-01;2466.62;258;1378;2
1400;MASA WANTAN 454 GR X26;PERECIBLE;2026-03-01;2949.92;323;1648;3
1400;MASA WANTAN 454 GR X26;PERECIBLE;2026-04-01;3431.43;332;1917;4
1400;MASA WANTAN 454 GR X26;PERECIBLE;2026-05-01;2989.3;316;1670;5
1400;MASA WANTAN 454 GR X26;PERECIBLE;2026-06-01;4244.09;342;2371;6
1400;MASA WANTAN 454 GR X26;PERECIBLE;2026-07-01;3606.85;333;2015;7
1405;GELATINERO CON TAPA 100 ML X100 UND;NO PERECIBLE;2026-01-01;107.08545628;4;22;1
1405;GELATINERO CON TAPA 100 ML X100 UND;NO PERECIBLE;2026-02-01;97.3504148;7;20;2
1405;GELATINERO CON TAPA 100 ML X100 UND;NO PERECIBLE;2026-03-01;121.6880185;9;25;3
1405;GELATINERO CON TAPA 100 ML X100 UND;NO PERECIBLE;2026-04-01;365.0640555;8;75;4
1405;GELATINERO CON TAPA 100 ML X100 UND;NO PERECIBLE;2026-05-01;272.58116144;13;56;5
1405;GELATINERO CON TAPA 100 ML X100 UND;NO PERECIBLE;2026-06-01;126.55553924;7;26;6
1405;GELATINERO CON TAPA 100 ML X100 UND;NO PERECIBLE;2026-07-01;267.7136407;20;55;7
1407;VASO PLASTICO SIN TAPA 3 ONZ X100 UND;NO PERECIBLE;2026-01-01;0;0;0;1
1407;VASO PLASTICO SIN TAPA 3 ONZ X100 UND;NO PERECIBLE;2026-02-01;0;0;0;2
1407;VASO PLASTICO SIN TAPA 3 ONZ X100 UND;NO PERECIBLE;2026-03-01;0;0;0;3
1407;VASO PLASTICO SIN TAPA 3 ONZ X100 UND;NO PERECIBLE;2026-04-01;9.94;3;7;4
1407;VASO PLASTICO SIN TAPA 3 ONZ X100 UND;NO PERECIBLE;2026-05-01;17.04;3;12;5
1407;VASO PLASTICO SIN TAPA 3 ONZ X100 UND;NO PERECIBLE;2026-06-01;2.84;1;2;6
1407;VASO PLASTICO SIN TAPA 3 ONZ X100 UND;NO PERECIBLE;2026-07-01;0;0;0;7
1408;VASO PLÁSTICO 7 ONZ X 50 UND;NO PERECIBLE;2026-01-01;388.762;133;902;1
1408;VASO PLÁSTICO 7 ONZ X 50 UND;NO PERECIBLE;2026-02-01;418.501;139;971;2
1408;VASO PLÁSTICO 7 ONZ X 50 UND;NO PERECIBLE;2026-03-01;451.257;143;1047;3
1408;VASO PLÁSTICO 7 ONZ X 50 UND;NO PERECIBLE;2026-04-01;477.117;149;1107;4
1408;VASO PLÁSTICO 7 ONZ X 50 UND;NO PERECIBLE;2026-05-01;443.499;132;1029;5
1408;VASO PLÁSTICO 7 ONZ X 50 UND;NO PERECIBLE;2026-06-01;422.811;152;981;6
1408;VASO PLÁSTICO 7 ONZ X 50 UND;NO PERECIBLE;2026-07-01;365.057;137;847;7
1411;NARANJA PINTONA AL GRANEL 1 KG;FRUVER;2026-01-01;6755.0715;641;15011.27;1
1411;NARANJA PINTONA AL GRANEL 1 KG;FRUVER;2026-02-01;6657.606;608;14794.68;2
1411;NARANJA PINTONA AL GRANEL 1 KG;FRUVER;2026-03-01;7603.3845;674;16896.41;3
1411;NARANJA PINTONA AL GRANEL 1 KG;FRUVER;2026-04-01;7016.022;691;15591.16;4
1411;NARANJA PINTONA AL GRANEL 1 KG;FRUVER;2026-05-01;6675.84;666;14835.2;5
1411;NARANJA PINTONA AL GRANEL 1 KG;FRUVER;2026-06-01;6956.244;671;15458.32;6
1411;NARANJA PINTONA AL GRANEL 1 KG;FRUVER;2026-07-01;7243.8795;711;16097.51;7
1420;PEPINILLO 1 KG;FRUVER;2026-01-01;3982.39;851;7964.78;1
1420;PEPINILLO 1 KG;FRUVER;2026-02-01;4286.85;831;8573.7;2
1420;PEPINILLO 1 KG;FRUVER;2026-03-01;4531.495;932;9062.99;3
1420;PEPINILLO 1 KG;FRUVER;2026-04-01;4477.225;909;8954.45;4
1420;PEPINILLO 1 KG;FRUVER;2026-05-01;4828.075;889;9656.15;5
1420;PEPINILLO 1 KG;FRUVER;2026-06-01;5082.13;920;10164.26;6
1420;PEPINILLO 1 KG;FRUVER;2026-07-01;4754.485;845;9508.97;7
1422;GRANOLA SHALOM 450 G;NO PERECIBLE;2026-01-01;843.16;127;428;1
1422;GRANOLA SHALOM 450 G;NO PERECIBLE;2026-02-01;734.81;111;373;2
1422;GRANOLA SHALOM 450 G;NO PERECIBLE;2026-03-01;904.23;133;459;3
1422;GRANOLA SHALOM 450 G;NO PERECIBLE;2026-04-01;819.52;132;416;4
1422;GRANOLA SHALOM 450 G;NO PERECIBLE;2026-05-01;784.06;129;398;5
1422;GRANOLA SHALOM 450 G;NO PERECIBLE;2026-06-01;973.18;127;494;6
1422;GRANOLA SHALOM 450 G;NO PERECIBLE;2026-07-01;896.35;133;455;7
1424;POLVO HORNEAR LEVAPAN 500 GR;NO PERECIBLE;2026-01-01;475.38;128;228;1
1424;POLVO HORNEAR LEVAPAN 500 GR;NO PERECIBLE;2026-02-01;510.825;120;245;2
1424;POLVO HORNEAR LEVAPAN 500 GR;NO PERECIBLE;2026-03-01;496.23;127;238;3
1424;POLVO HORNEAR LEVAPAN 500 GR;NO PERECIBLE;2026-04-01;617.16;133;296;4
1424;POLVO HORNEAR LEVAPAN 500 GR;NO PERECIBLE;2026-05-01;531.675;131;255;5
1424;POLVO HORNEAR LEVAPAN 500 GR;NO PERECIBLE;2026-06-01;577.545;134;277;6
1424;POLVO HORNEAR LEVAPAN 500 GR;NO PERECIBLE;2026-07-01;492.06;132;236;7
1433;YOGURT SEMIDESCREMADO MORA ALIBABA 1.9 LT;PERECIBLE;2026-01-01;420.9;54;230;1
1433;YOGURT SEMIDESCREMADO MORA ALIBABA 1.9 LT;PERECIBLE;2026-02-01;645.99;66;353;2
1433;YOGURT SEMIDESCREMADO MORA ALIBABA 1.9 LT;PERECIBLE;2026-03-01;742.98;82;406;3
1433;YOGURT SEMIDESCREMADO MORA ALIBABA 1.9 LT;PERECIBLE;2026-04-01;486.78;68;266;4
1433;YOGURT SEMIDESCREMADO MORA ALIBABA 1.9 LT;PERECIBLE;2026-05-01;591.09;73;323;5
1433;YOGURT SEMIDESCREMADO MORA ALIBABA 1.9 LT;PERECIBLE;2026-06-01;625.86;76;342;6
1433;YOGURT SEMIDESCREMADO MORA ALIBABA 1.9 LT;PERECIBLE;2026-07-01;929.64;78;508;7
1435;PAPA 1 KG;FRUVER;2026-01-01;53454.065;844;106908.13;1
1435;PAPA 1 KG;FRUVER;2026-02-01;52713.83;788;105427.66;2
1435;PAPA 1 KG;FRUVER;2026-03-01;56259.82;903;112519.64;3
1435;PAPA 1 KG;FRUVER;2026-04-01;55432.25;887;110864.5;4
1435;PAPA 1 KG;FRUVER;2026-05-01;56100.66;917;112201.32;5
1435;PAPA 1 KG;FRUVER;2026-06-01;55314.33;926;110628.66;6
1435;PAPA 1 KG;FRUVER;2026-07-01;58696.49;913;117392.98;7
1437;VERDE 1 KG;FRUVER;2026-01-01;33846.729;1088;48352.47;1
1437;VERDE 1 KG;FRUVER;2026-02-01;35426.286;1027;50608.98;2
1437;VERDE 1 KG;FRUVER;2026-03-01;39983.979;1178;57119.97;3
1437;VERDE 1 KG;FRUVER;2026-04-01;39343.871;1167;56205.53;4
1437;VERDE 1 KG;FRUVER;2026-05-01;39133.493;1153;55904.99;5
1437;VERDE 1 KG;FRUVER;2026-06-01;44888.69;1204;64126.7;6
1437;VERDE 1 KG;FRUVER;2026-07-01;47897.29;1165;68424.7;7
1438;CONCHA CASCARA X100;PERECIBLE;2026-01-01;286;9;13;1
1438;CONCHA CASCARA X100;PERECIBLE;2026-02-01;352;10;16;2
1438;CONCHA CASCARA X100;PERECIBLE;2026-03-01;286;10;13;3
1438;CONCHA CASCARA X100;PERECIBLE;2026-04-01;176;6;8;4
1438;CONCHA CASCARA X100;PERECIBLE;2026-05-01;132;4;6;5
1438;CONCHA CASCARA X100;PERECIBLE;2026-06-01;176;4;8;6
1438;CONCHA CASCARA X100;PERECIBLE;2026-07-01;0;0;0;7
1439;CONCHA CARNE 800 GR;PERECIBLE;2026-01-01;76.02;2;6;1
1439;CONCHA CARNE 800 GR;PERECIBLE;2026-02-01;190.05;3;15;2
1439;CONCHA CARNE 800 GR;PERECIBLE;2026-03-01;101.36;2;8;3
1439;CONCHA CARNE 800 GR;PERECIBLE;2026-04-01;139.37;4;11;4
1439;CONCHA CARNE 800 GR;PERECIBLE;2026-05-01;139.37;3;11;5
1439;CONCHA CARNE 800 GR;PERECIBLE;2026-06-01;76.02;2;6;6
1439;CONCHA CARNE 800 GR;PERECIBLE;2026-07-01;126.7;4;10;7
1440;PAPA CHOLA 1 KG;FRUVER;2026-01-01;22457.292;425;37428.82;1
1440;PAPA CHOLA 1 KG;FRUVER;2026-02-01;22539.3;405;37565.5;2
1440;PAPA CHOLA 1 KG;FRUVER;2026-03-01;28770.798;491;47951.33;3
1440;PAPA CHOLA 1 KG;FRUVER;2026-04-01;30172.5;477;50287.5;4
1440;PAPA CHOLA 1 KG;FRUVER;2026-05-01;28567.8;468;47613;5
1440;PAPA CHOLA 1 KG;FRUVER;2026-06-01;32677.392;474;54462.32;6
1440;PAPA CHOLA 1 KG;FRUVER;2026-07-01;31787.7;434;52979.5;7
1442;HELADO CHOCOLATE TOPSY 1 LT;PERECIBLE;2026-01-01;297.2913;34;111;1
1442;HELADO CHOCOLATE TOPSY 1 LT;PERECIBLE;2026-02-01;468.7025;42;175;2
1442;HELADO CHOCOLATE TOPSY 1 LT;PERECIBLE;2026-03-01;366.9271;41;137;3
1442;HELADO CHOCOLATE TOPSY 1 LT;PERECIBLE;2026-04-01;578.5128;38;216;4
1442;HELADO CHOCOLATE TOPSY 1 LT;PERECIBLE;2026-05-01;364.2488;36;136;5
1442;HELADO CHOCOLATE TOPSY 1 LT;PERECIBLE;2026-06-01;166.0546;35;62;6
1442;HELADO CHOCOLATE TOPSY 1 LT;PERECIBLE;2026-07-01;222.2989;37;83;7
1443;MEJILLON CASCARA 718 GR X100;PERECIBLE;2026-01-01;317.46;43;78;1
1443;MEJILLON CASCARA 718 GR X100;PERECIBLE;2026-02-01;325.6;45;80;2
1443;MEJILLON CASCARA 718 GR X100;PERECIBLE;2026-03-01;325.6;44;80;3
1443;MEJILLON CASCARA 718 GR X100;PERECIBLE;2026-04-01;272.69;40;67;4
1443;MEJILLON CASCARA 718 GR X100;PERECIBLE;2026-05-01;288.97;42;71;5
1443;MEJILLON CASCARA 718 GR X100;PERECIBLE;2026-06-01;329.67;42;81;6
1443;MEJILLON CASCARA 718 GR X100;PERECIBLE;2026-07-01;215.71;32;53;7
1449;BIZCOTELAS INALECSA 150 GR (X 24);NO PERECIBLE;2026-01-01;73.95744492;9;41;1
1449;BIZCOTELAS INALECSA 150 GR (X 24);NO PERECIBLE;2026-02-01;250.73377668;16;139;2
1449;BIZCOTELAS INALECSA 150 GR (X 24);NO PERECIBLE;2026-03-01;66.74208444;7;37;3
1449;BIZCOTELAS INALECSA 150 GR (X 24);NO PERECIBLE;2026-04-01;70.34976468;5;39;4
1449;BIZCOTELAS INALECSA 150 GR (X 24);NO PERECIBLE;2026-05-01;0;0;0;5
1449;BIZCOTELAS INALECSA 150 GR (X 24);NO PERECIBLE;2026-06-01;0;0;0;6
1449;BIZCOTELAS INALECSA 150 GR (X 24);NO PERECIBLE;2026-07-01;0;0;0;7
1451;CARAMELO MELO SURTIDO 405GR X100;NO PERECIBLE;2026-01-01;36.71982048;8;24;1
1451;CARAMELO MELO SURTIDO 405GR X100;NO PERECIBLE;2026-02-01;30.5998504;6;20;2
1451;CARAMELO MELO SURTIDO 405GR X100;NO PERECIBLE;2026-03-01;47.42976812;8;31;3
1451;CARAMELO MELO SURTIDO 405GR X100;NO PERECIBLE;2026-04-01;53.5497382;9;35;4
1451;CARAMELO MELO SURTIDO 405GR X100;NO PERECIBLE;2026-05-01;24.47988032;6;16;5
1451;CARAMELO MELO SURTIDO 405GR X100;NO PERECIBLE;2026-06-01;48.95976064;10;32;6
1451;CARAMELO MELO SURTIDO 405GR X100;NO PERECIBLE;2026-07-01;52.01974568;15;34;7
1454;CHOCOLATE SNICKERS 2.5KG X48;NO PERECIBLE;2026-01-01;53.28;1;1;1
1454;CHOCOLATE SNICKERS 2.5KG X48;NO PERECIBLE;2026-02-01;0;0;0;2
1454;CHOCOLATE SNICKERS 2.5KG X48;NO PERECIBLE;2026-03-01;53.28;1;1;3
1454;CHOCOLATE SNICKERS 2.5KG X48;NO PERECIBLE;2026-04-01;106.56;2;2;4
1454;CHOCOLATE SNICKERS 2.5KG X48;NO PERECIBLE;2026-05-01;53.28;1;1;5
1454;CHOCOLATE SNICKERS 2.5KG X48;NO PERECIBLE;2026-06-01;106.56;2;2;6
1454;CHOCOLATE SNICKERS 2.5KG X48;NO PERECIBLE;2026-07-01;0;0;0;7
1458;PAN HAMBURGUESA SUPAN 400 GR X8;NO PERECIBLE;2026-01-01;371.3;19;235;1
1458;PAN HAMBURGUESA SUPAN 400 GR X8;NO PERECIBLE;2026-02-01;238.58;12;151;2
1458;PAN HAMBURGUESA SUPAN 400 GR X8;NO PERECIBLE;2026-03-01;42.66;5;27;3
1458;PAN HAMBURGUESA SUPAN 400 GR X8;NO PERECIBLE;2026-04-01;0;0;0;4
1458;PAN HAMBURGUESA SUPAN 400 GR X8;NO PERECIBLE;2026-05-01;0;0;0;5
1458;PAN HAMBURGUESA SUPAN 400 GR X8;NO PERECIBLE;2026-06-01;0;0;0;6
1458;PAN HAMBURGUESA SUPAN 400 GR X8;NO PERECIBLE;2026-07-01;0;0;0;7
1459;PAN HOT DOG SUPAN 600 GR X8;NO PERECIBLE;2026-01-01;199.75;23;85;1
1459;PAN HOT DOG SUPAN 600 GR X8;NO PERECIBLE;2026-02-01;213.85;19;91;2
1459;PAN HOT DOG SUPAN 600 GR X8;NO PERECIBLE;2026-03-01;263.2;16;112;3
1459;PAN HOT DOG SUPAN 600 GR X8;NO PERECIBLE;2026-04-01;307.85;20;131;4
1459;PAN HOT DOG SUPAN 600 GR X8;NO PERECIBLE;2026-05-01;401.85;22;171;5
1459;PAN HOT DOG SUPAN 600 GR X8;NO PERECIBLE;2026-06-01;204.45;15;87;6
1459;PAN HOT DOG SUPAN 600 GR X8;NO PERECIBLE;2026-07-01;169.2;13;72;7
1460;PAN HOT DOG SUPAN 320 GR X8;NO PERECIBLE;2026-01-01;144.56;23;104;1
1460;PAN HOT DOG SUPAN 320 GR X8;NO PERECIBLE;2026-02-01;137.61;25;99;2
1460;PAN HOT DOG SUPAN 320 GR X8;NO PERECIBLE;2026-03-01;104.25;20;75;3
1460;PAN HOT DOG SUPAN 320 GR X8;NO PERECIBLE;2026-04-01;151.51;25;109;4
1460;PAN HOT DOG SUPAN 320 GR X8;NO PERECIBLE;2026-05-01;134.83;24;97;5
1460;PAN HOT DOG SUPAN 320 GR X8;NO PERECIBLE;2026-06-01;209.89;23;151;6
1460;PAN HOT DOG SUPAN 320 GR X8;NO PERECIBLE;2026-07-01;161.24;20;116;7
1462;PAPA SARITA NATURAL 30 GR;NO PERECIBLE;2026-01-01;163.3632;17;442;1
1462;PAPA SARITA NATURAL 30 GR;NO PERECIBLE;2026-02-01;150.7968;17;408;2
1462;PAPA SARITA NATURAL 30 GR;NO PERECIBLE;2026-03-01;210.3024;22;569;3
1462;PAPA SARITA NATURAL 30 GR;NO PERECIBLE;2026-04-01;110.1408;14;298;4
1462;PAPA SARITA NATURAL 30 GR;NO PERECIBLE;2026-05-01;122.3376;13;331;5
1462;PAPA SARITA NATURAL 30 GR;NO PERECIBLE;2026-06-01;193.3008;15;523;6
1462;PAPA SARITA NATURAL 30 GR;NO PERECIBLE;2026-07-01;117.9024;14;319;7
1465;PAN BLANCO MOLDE SUPAN 550 GR X 20;NO PERECIBLE;2026-01-01;2290.75;168;1309;1
1465;PAN BLANCO MOLDE SUPAN 550 GR X 20;NO PERECIBLE;2026-02-01;2429;159;1388;2
1465;PAN BLANCO MOLDE SUPAN 550 GR X 20;NO PERECIBLE;2026-03-01;2436;150;1392;3
1465;PAN BLANCO MOLDE SUPAN 550 GR X 20;NO PERECIBLE;2026-04-01;2684.5;163;1534;4
1465;PAN BLANCO MOLDE SUPAN 550 GR X 20;NO PERECIBLE;2026-05-01;2334.5;186;1334;5
1465;PAN BLANCO MOLDE SUPAN 550 GR X 20;NO PERECIBLE;2026-06-01;2817.5;174;1610;6
1465;PAN BLANCO MOLDE SUPAN 550 GR X 20;NO PERECIBLE;2026-07-01;2693.25;178;1539;7
1468;TIGRETON INALECSA 50 GR;NO PERECIBLE;2026-01-01;133.1154;2;243;1
1468;TIGRETON INALECSA 50 GR;NO PERECIBLE;2026-02-01;0;0;0;2
1468;TIGRETON INALECSA 50 GR;NO PERECIBLE;2026-03-01;169.818;5;310;3
1468;TIGRETON INALECSA 50 GR;NO PERECIBLE;2026-04-01;24.1032;2;44;4
1468;TIGRETON INALECSA 50 GR;NO PERECIBLE;2026-05-01;110.6556;3;202;5
1468;TIGRETON INALECSA 50 GR;NO PERECIBLE;2026-06-01;1.0956;1;2;6
1468;TIGRETON INALECSA 50 GR;NO PERECIBLE;2026-07-01;145.167;4;265;7
1470;TOSTADAS INTEGRALES GRILE 100 GR X 16;NO PERECIBLE;2026-01-01;81.2;21;70;1
1470;TOSTADAS INTEGRALES GRILE 100 GR X 16;NO PERECIBLE;2026-02-01;49.88;18;43;2
1470;TOSTADAS INTEGRALES GRILE 100 GR X 16;NO PERECIBLE;2026-03-01;56.84;19;49;3
1470;TOSTADAS INTEGRALES GRILE 100 GR X 16;NO PERECIBLE;2026-04-01;81.2;18;70;4
1470;TOSTADAS INTEGRALES GRILE 100 GR X 16;NO PERECIBLE;2026-05-01;74.24;14;64;5
1470;TOSTADAS INTEGRALES GRILE 100 GR X 16;NO PERECIBLE;2026-06-01;75.4;16;65;6
1470;TOSTADAS INTEGRALES GRILE 100 GR X 16;NO PERECIBLE;2026-07-01;58;17;50;7
1471;TOSTADAS NATURAL GRILE 100 GR X 16;NO PERECIBLE;2026-01-01;84.24;9;72;1
1471;TOSTADAS NATURAL GRILE 100 GR X 16;NO PERECIBLE;2026-02-01;94.77;10;81;2
1471;TOSTADAS NATURAL GRILE 100 GR X 16;NO PERECIBLE;2026-03-01;65.52;9;56;3
1471;TOSTADAS NATURAL GRILE 100 GR X 16;NO PERECIBLE;2026-04-01;97.11;8;83;4
1471;TOSTADAS NATURAL GRILE 100 GR X 16;NO PERECIBLE;2026-05-01;150.93;15;129;5
1471;TOSTADAS NATURAL GRILE 100 GR X 16;NO PERECIBLE;2026-06-01;119.34;14;102;6
1471;TOSTADAS NATURAL GRILE 100 GR X 16;NO PERECIBLE;2026-07-01;223.47;22;191;7
1473;CANASTILLA #9 X100;NO PERECIBLE;2026-01-01;3.2;4;10;1
1473;CANASTILLA #9 X100;NO PERECIBLE;2026-02-01;16.64;6;52;2
1473;CANASTILLA #9 X100;NO PERECIBLE;2026-03-01;1.92;4;6;3
1473;CANASTILLA #9 X100;NO PERECIBLE;2026-04-01;6.4;7;20;4
1473;CANASTILLA #9 X100;NO PERECIBLE;2026-05-01;3.84;5;12;5
1473;CANASTILLA #9 X100;NO PERECIBLE;2026-06-01;8;11;25;6
1473;CANASTILLA #9 X100;NO PERECIBLE;2026-07-01;1.92;3;6;7
1474;HILO CHILLO ROLLO PONTE SELVA 8/6 90 MT;NO PERECIBLE;2026-01-01;96;62;80;1
1474;HILO CHILLO ROLLO PONTE SELVA 8/6 90 MT;NO PERECIBLE;2026-02-01;122.4;74;102;2
1474;HILO CHILLO ROLLO PONTE SELVA 8/6 90 MT;NO PERECIBLE;2026-03-01;146.4;76;122;3
1474;HILO CHILLO ROLLO PONTE SELVA 8/6 90 MT;NO PERECIBLE;2026-04-01;98.4;62;82;4
1474;HILO CHILLO ROLLO PONTE SELVA 8/6 90 MT;NO PERECIBLE;2026-05-01;188.4;87;157;5
1474;HILO CHILLO ROLLO PONTE SELVA 8/6 90 MT;NO PERECIBLE;2026-06-01;110.4;74;92;6
1474;HILO CHILLO ROLLO PONTE SELVA 8/6 90 MT;NO PERECIBLE;2026-07-01;159.6;78;133;7
1475;PALO HELADO CARICIA X 100;NO PERECIBLE;2026-01-01;3.6519;5;7;1
1475;PALO HELADO CARICIA X 100;NO PERECIBLE;2026-02-01;30.7803;10;59;2
1475;PALO HELADO CARICIA X 100;NO PERECIBLE;2026-03-01;33.3888;5;64;3
1475;PALO HELADO CARICIA X 100;NO PERECIBLE;2026-04-01;10.434;5;20;4
1475;PALO HELADO CARICIA X 100;NO PERECIBLE;2026-05-01;38.0841;7;73;5
1475;PALO HELADO CARICIA X 100;NO PERECIBLE;2026-06-01;0.5217;1;1;6
1475;PALO HELADO CARICIA X 100;NO PERECIBLE;2026-07-01;0;0;0;7
1476;PINCHO MADERA GD X100;NO PERECIBLE;2026-01-01;42.78;39;62;1
1476;PINCHO MADERA GD X100;NO PERECIBLE;2026-02-01;82.8;52;120;2
1476;PINCHO MADERA GD X100;NO PERECIBLE;2026-03-01;69;51;100;3
1476;PINCHO MADERA GD X100;NO PERECIBLE;2026-04-01;71.76;51;104;4
1476;PINCHO MADERA GD X100;NO PERECIBLE;2026-05-01;102.12;62;148;5
1476;PINCHO MADERA GD X100;NO PERECIBLE;2026-06-01;80.73;62;117;6
1476;PINCHO MADERA GD X100;NO PERECIBLE;2026-07-01;93.84;59;136;7
1483;CHIFLES QUESO TORTOLINES 45 GR;NO PERECIBLE;2026-01-01;200.912;8;464;1
1483;CHIFLES QUESO TORTOLINES 45 GR;NO PERECIBLE;2026-02-01;107.817;7;249;2
1483;CHIFLES QUESO TORTOLINES 45 GR;NO PERECIBLE;2026-03-01;35.506;5;82;3
1483;CHIFLES QUESO TORTOLINES 45 GR;NO PERECIBLE;2026-04-01;0.866;1;2;4
1483;CHIFLES QUESO TORTOLINES 45 GR;NO PERECIBLE;2026-05-01;82.703;5;191;5
1483;CHIFLES QUESO TORTOLINES 45 GR;NO PERECIBLE;2026-06-01;135.529;8;313;6
1483;CHIFLES QUESO TORTOLINES 45 GR;NO PERECIBLE;2026-07-01;151.55;8;350;7
1492;ESPADA FILETE ENTERO KG;PERECIBLE;2026-01-01;3107.0391;205;461.67;1
1492;ESPADA FILETE ENTERO KG;PERECIBLE;2026-02-01;1210.9289;41;179.93;2
1492;ESPADA FILETE ENTERO KG;PERECIBLE;2026-03-01;21.1995;2;3.15;3
1492;ESPADA FILETE ENTERO KG;PERECIBLE;2026-04-01;0;0;0;4
1492;ESPADA FILETE ENTERO KG;PERECIBLE;2026-05-01;0;0;0;5
1492;ESPADA FILETE ENTERO KG;PERECIBLE;2026-06-01;0;0;0;6
1492;ESPADA FILETE ENTERO KG;PERECIBLE;2026-07-01;2009.7126;95;298.62;7
1501;MAYONESA GUSTADINA SACHET 7 GR (102 X7 GR);NO PERECIBLE;2026-01-01;341.22;45;110;1
1501;MAYONESA GUSTADINA SACHET 7 GR (102 X7 GR);NO PERECIBLE;2026-02-01;322.608;41;104;2
1501;MAYONESA GUSTADINA SACHET 7 GR (102 X7 GR);NO PERECIBLE;2026-03-01;372.24;52;120;3
1501;MAYONESA GUSTADINA SACHET 7 GR (102 X7 GR);NO PERECIBLE;2026-04-01;493.218;53;159;4
1501;MAYONESA GUSTADINA SACHET 7 GR (102 X7 GR);NO PERECIBLE;2026-05-01;406.362;55;131;5
1501;MAYONESA GUSTADINA SACHET 7 GR (102 X7 GR);NO PERECIBLE;2026-06-01;434.28;62;140;6
1501;MAYONESA GUSTADINA SACHET 7 GR (102 X7 GR);NO PERECIBLE;2026-07-01;424.974;62;137;7
1504;FUNDA TRANSPARENTE 40MICRAS 18X24 X100;NO PERECIBLE;2026-01-01;614.46;93;114;1
1504;FUNDA TRANSPARENTE 40MICRAS 18X24 X100;NO PERECIBLE;2026-02-01;533.61;85;99;2
1504;FUNDA TRANSPARENTE 40MICRAS 18X24 X100;NO PERECIBLE;2026-03-01;603.68;87;112;3
1504;FUNDA TRANSPARENTE 40MICRAS 18X24 X100;NO PERECIBLE;2026-04-01;749.21;107;139;4
1504;FUNDA TRANSPARENTE 40MICRAS 18X24 X100;NO PERECIBLE;2026-05-01;679.14;96;126;5
1504;FUNDA TRANSPARENTE 40MICRAS 18X24 X100;NO PERECIBLE;2026-06-01;727.65;106;135;6
1504;FUNDA TRANSPARENTE 40MICRAS 18X24 X100;NO PERECIBLE;2026-07-01;565.95;88;105;7
1506;FUNDA 20 MICRAS 6X10 X100 UND;NO PERECIBLE;2026-01-01;274.01;81;583;1
1506;FUNDA 20 MICRAS 6X10 X100 UND;NO PERECIBLE;2026-02-01;300.33;72;639;2
1506;FUNDA 20 MICRAS 6X10 X100 UND;NO PERECIBLE;2026-03-01;424.41;102;903;3
1506;FUNDA 20 MICRAS 6X10 X100 UND;NO PERECIBLE;2026-04-01;387.28;93;824;4
1506;FUNDA 20 MICRAS 6X10 X100 UND;NO PERECIBLE;2026-05-01;462.95;94;985;5
1506;FUNDA 20 MICRAS 6X10 X100 UND;NO PERECIBLE;2026-06-01;392.45;90;835;6
1506;FUNDA 20 MICRAS 6X10 X100 UND;NO PERECIBLE;2026-07-01;382.58;87;814;7
1508;FUNDA NEGRA 23X28 X1O UND;NO PERECIBLE;2026-01-01;41.6781547;49;169;1
1508;FUNDA NEGRA 23X28 X1O UND;NO PERECIBLE;2026-02-01;34.2796657;40;139;2
1508;FUNDA NEGRA 23X28 X1O UND;NO PERECIBLE;2026-03-01;51.2961904;46;208;3
1508;FUNDA NEGRA 23X28 X1O UND;NO PERECIBLE;2026-04-01;50.5563415;49;205;4
1508;FUNDA NEGRA 23X28 X1O UND;NO PERECIBLE;2026-05-01;47.8435622;48;194;5
1508;FUNDA NEGRA 23X28 X1O UND;NO PERECIBLE;2026-06-01;52.5292719;53;213;6
1508;FUNDA NEGRA 23X28 X1O UND;NO PERECIBLE;2026-07-01;55.9819001;55;227;7
1512;FOSFORO EL GALLO X10;NO PERECIBLE;2026-01-01;8.75349126;13;18;1
1512;FOSFORO EL GALLO X10;NO PERECIBLE;2026-02-01;6.80827098;13;14;2
1512;FOSFORO EL GALLO X10;NO PERECIBLE;2026-03-01;9.7261014;16;20;3
1512;FOSFORO EL GALLO X10;NO PERECIBLE;2026-04-01;9.7261014;15;20;4
1512;FOSFORO EL GALLO X10;NO PERECIBLE;2026-05-01;7.78088112;13;16;5
1512;FOSFORO EL GALLO X10;NO PERECIBLE;2026-06-01;8.26718619;15;17;6
1512;FOSFORO EL GALLO X10;NO PERECIBLE;2026-07-01;8.26718619;15;17;7
1513;ULTRAMOPA MEDIANA + BASTON 27X74 (219);NO PERECIBLE;2026-01-01;41.01;3;3;1
1513;ULTRAMOPA MEDIANA + BASTON 27X74 (219);NO PERECIBLE;2026-02-01;41.01;3;3;2
1513;ULTRAMOPA MEDIANA + BASTON 27X74 (219);NO PERECIBLE;2026-03-01;41.01;3;3;3
1513;ULTRAMOPA MEDIANA + BASTON 27X74 (219);NO PERECIBLE;2026-04-01;13.67;1;1;4
1513;ULTRAMOPA MEDIANA + BASTON 27X74 (219);NO PERECIBLE;2026-05-01;54.68;4;4;5
1513;ULTRAMOPA MEDIANA + BASTON 27X74 (219);NO PERECIBLE;2026-06-01;27.34;2;2;6
1513;ULTRAMOPA MEDIANA + BASTON 27X74 (219);NO PERECIBLE;2026-07-01;27.34;2;2;7
1515;CUCHARA SOPA BL USAKUBIERTO X50;NO PERECIBLE;2026-01-01;312.816;116;560;1
1515;CUCHARA SOPA BL USAKUBIERTO X50;NO PERECIBLE;2026-02-01;273.1554;116;489;2
1515;CUCHARA SOPA BL USAKUBIERTO X50;NO PERECIBLE;2026-03-01;382.641;136;685;3
1515;CUCHARA SOPA BL USAKUBIERTO X50;NO PERECIBLE;2026-04-01;373.1448;128;668;4
1515;CUCHARA SOPA BL USAKUBIERTO X50;NO PERECIBLE;2026-05-01;418.95;120;750;5
1515;CUCHARA SOPA BL USAKUBIERTO X50;NO PERECIBLE;2026-06-01;393.2544;134;704;6
1515;CUCHARA SOPA BL USAKUBIERTO X50;NO PERECIBLE;2026-07-01;416.157;139;745;7
1520;TENEDOR BLANCO USAKUBIERTO X 50;NO PERECIBLE;2026-01-01;178.1934;61;319;1
1520;TENEDOR BLANCO USAKUBIERTO X 50;NO PERECIBLE;2026-02-01;136.2984;48;244;2
1520;TENEDOR BLANCO USAKUBIERTO X 50;NO PERECIBLE;2026-03-01;202.7718;58;363;3
1520;TENEDOR BLANCO USAKUBIERTO X 50;NO PERECIBLE;2026-04-01;208.9164;60;374;4
1520;TENEDOR BLANCO USAKUBIERTO X 50;NO PERECIBLE;2026-05-01;226.7916;68;406;5
1520;TENEDOR BLANCO USAKUBIERTO X 50;NO PERECIBLE;2026-06-01;116.1888;48;208;6
1520;TENEDOR BLANCO USAKUBIERTO X 50;NO PERECIBLE;2026-07-01;70.9422;33;127;7
1521;ESTUCHE FRESA MEDIANO X 100;NO PERECIBLE;2026-01-01;181.35;24;31;1
1521;ESTUCHE FRESA MEDIANO X 100;NO PERECIBLE;2026-02-01;269.1;25;46;2
1521;ESTUCHE FRESA MEDIANO X 100;NO PERECIBLE;2026-03-01;310.05;28;53;3
1521;ESTUCHE FRESA MEDIANO X 100;NO PERECIBLE;2026-04-01;298.35;28;51;4
1521;ESTUCHE FRESA MEDIANO X 100;NO PERECIBLE;2026-05-01;298.35;29;51;5
1521;ESTUCHE FRESA MEDIANO X 100;NO PERECIBLE;2026-06-01;263.25;20;45;6
1521;ESTUCHE FRESA MEDIANO X 100;NO PERECIBLE;2026-07-01;70.2;8;12;7
1530;FUNDA VERDE 35 MICRAS 35X47 X50;NO PERECIBLE;2026-01-01;0;0;0;1
1530;FUNDA VERDE 35 MICRAS 35X47 X50;NO PERECIBLE;2026-02-01;0;0;0;2
1530;FUNDA VERDE 35 MICRAS 35X47 X50;NO PERECIBLE;2026-03-01;0;0;0;3
1530;FUNDA VERDE 35 MICRAS 35X47 X50;NO PERECIBLE;2026-04-01;0;0;0;4
1530;FUNDA VERDE 35 MICRAS 35X47 X50;NO PERECIBLE;2026-05-01;405;30;50;5
1530;FUNDA VERDE 35 MICRAS 35X47 X50;NO PERECIBLE;2026-06-01;396.9;29;49;6
1530;FUNDA VERDE 35 MICRAS 35X47 X50;NO PERECIBLE;2026-07-01;0;0;0;7
1533;MORTIÑO 1 KG;FRUVER;2026-01-01;6.85;1;1;1
1533;MORTIÑO 1 KG;FRUVER;2026-02-01;6.85;1;1;2
1533;MORTIÑO 1 KG;FRUVER;2026-03-01;6.85;1;1;3
1533;MORTIÑO 1 KG;FRUVER;2026-04-01;6.85;1;1;4
1533;MORTIÑO 1 KG;FRUVER;2026-05-01;0;0;0;5
1533;MORTIÑO 1 KG;FRUVER;2026-06-01;0;0;0;6
1533;MORTIÑO 1 KG;FRUVER;2026-07-01;0;0;0;7
1534;SALSA DE TOMATE GUSTADINA 7 GR X102;NO PERECIBLE;2026-01-01;233.587;46;109;1
1534;SALSA DE TOMATE GUSTADINA 7 GR X102;NO PERECIBLE;2026-02-01;255.017;43;119;2
1534;SALSA DE TOMATE GUSTADINA 7 GR X102;NO PERECIBLE;2026-03-01;242.159;49;113;3
1534;SALSA DE TOMATE GUSTADINA 7 GR X102;NO PERECIBLE;2026-04-01;347.166;59;162;4
1534;SALSA DE TOMATE GUSTADINA 7 GR X102;NO PERECIBLE;2026-05-01;304.306;60;142;5
1534;SALSA DE TOMATE GUSTADINA 7 GR X102;NO PERECIBLE;2026-06-01;297.877;58;139;6
1534;SALSA DE TOMATE GUSTADINA 7 GR X102;NO PERECIBLE;2026-07-01;276.447;51;129;7
1536;VASO PLÁSTICO SIN TAPA 12 ONZ X 50 UND;NO PERECIBLE;2026-01-01;15.64;9;16;1
1536;VASO PLÁSTICO SIN TAPA 12 ONZ X 50 UND;NO PERECIBLE;2026-02-01;4.8875;4;5;2
1536;VASO PLÁSTICO SIN TAPA 12 ONZ X 50 UND;NO PERECIBLE;2026-03-01;12.7075;8;13;3
1536;VASO PLÁSTICO SIN TAPA 12 ONZ X 50 UND;NO PERECIBLE;2026-04-01;14.6625;9;15;4
1536;VASO PLÁSTICO SIN TAPA 12 ONZ X 50 UND;NO PERECIBLE;2026-05-01;14.6625;8;15;5
1536;VASO PLÁSTICO SIN TAPA 12 ONZ X 50 UND;NO PERECIBLE;2026-06-01;14.6625;7;15;6
1536;VASO PLÁSTICO SIN TAPA 12 ONZ X 50 UND;NO PERECIBLE;2026-07-01;8.7975;6;9;7
1551;CASCARA CAMARON 1 KG;PERECIBLE;2026-01-01;0.45;9;45;1
1551;CASCARA CAMARON 1 KG;PERECIBLE;2026-02-01;0.67;15;67;2
1551;CASCARA CAMARON 1 KG;PERECIBLE;2026-03-01;0.43;14;43;3
1551;CASCARA CAMARON 1 KG;PERECIBLE;2026-04-01;0.37;10;37;4
1551;CASCARA CAMARON 1 KG;PERECIBLE;2026-05-01;0.59;14;59;5
1551;CASCARA CAMARON 1 KG;PERECIBLE;2026-06-01;0.38;12;38;6
1551;CASCARA CAMARON 1 KG;PERECIBLE;2026-07-01;1.09;22;109;7
1555;POLLO VACIO PRONACA (2.2-2.4)KG;PERECIBLE;2026-01-01;0;0;0;1
1555;POLLO VACIO PRONACA (2.2-2.4)KG;PERECIBLE;2026-02-01;29.731;1;5;2
1555;POLLO VACIO PRONACA (2.2-2.4)KG;PERECIBLE;2026-03-01;0;0;0;3
1555;POLLO VACIO PRONACA (2.2-2.4)KG;PERECIBLE;2026-04-01;77.3006;1;13;4
1555;POLLO VACIO PRONACA (2.2-2.4)KG;PERECIBLE;2026-05-01;0;0;0;5
1555;POLLO VACIO PRONACA (2.2-2.4)KG;PERECIBLE;2026-06-01;23.7848;1;4;6
1555;POLLO VACIO PRONACA (2.2-2.4)KG;PERECIBLE;2026-07-01;0;0;0;7
1556;AVENA LECHE ALPINA VASO 250 GR;NO PERECIBLE;2026-01-01;59.64;7;84;1
1556;AVENA LECHE ALPINA VASO 250 GR;NO PERECIBLE;2026-02-01;17.04;2;24;2
1556;AVENA LECHE ALPINA VASO 250 GR;NO PERECIBLE;2026-03-01;0;0;0;3
1556;AVENA LECHE ALPINA VASO 250 GR;NO PERECIBLE;2026-04-01;0;0;0;4
1556;AVENA LECHE ALPINA VASO 250 GR;NO PERECIBLE;2026-05-01;0;0;0;5
1556;AVENA LECHE ALPINA VASO 250 GR;NO PERECIBLE;2026-06-01;0;0;0;6
1556;AVENA LECHE ALPINA VASO 250 GR;NO PERECIBLE;2026-07-01;0;0;0;7
1561;CAFE CLASICO BUENDIA 170 GR;NO PERECIBLE;2026-01-01;1904.358105;89;204;1
1561;CAFE CLASICO BUENDIA 170 GR;NO PERECIBLE;2026-02-01;2063.05461375;83;221;2
1561;CAFE CLASICO BUENDIA 170 GR;NO PERECIBLE;2026-03-01;9.33508875;1;1;3
1561;CAFE CLASICO BUENDIA 170 GR;NO PERECIBLE;2026-04-01;0;0;0;4
1561;CAFE CLASICO BUENDIA 170 GR;NO PERECIBLE;2026-05-01;224.04213;14;24;5
1561;CAFE CLASICO BUENDIA 170 GR;NO PERECIBLE;2026-06-01;280.0526625;16;30;6
1561;CAFE CLASICO BUENDIA 170 GR;NO PERECIBLE;2026-07-01;588.11059125;30;63;7
1569;CAPUCHINO NESCAFE 1 KG;NO PERECIBLE;2026-01-01;314.7288;3;12;1
1569;CAPUCHINO NESCAFE 1 KG;NO PERECIBLE;2026-02-01;104.9096;1;4;2
1569;CAPUCHINO NESCAFE 1 KG;NO PERECIBLE;2026-03-01;209.8192;2;8;3
1569;CAPUCHINO NESCAFE 1 KG;NO PERECIBLE;2026-04-01;314.7288;3;12;4
1569;CAPUCHINO NESCAFE 1 KG;NO PERECIBLE;2026-05-01;104.9096;1;4;5
1569;CAPUCHINO NESCAFE 1 KG;NO PERECIBLE;2026-06-01;209.8192;2;8;6
1569;CAPUCHINO NESCAFE 1 KG;NO PERECIBLE;2026-07-01;0;0;0;7
1570;CAPPUCCINO VAINILLA ALEGRIA NESCAFE 1 KG;NO PERECIBLE;2026-01-01;256.0116;3;12;1
1570;CAPPUCCINO VAINILLA ALEGRIA NESCAFE 1 KG;NO PERECIBLE;2026-02-01;256.0116;3;12;2
1570;CAPPUCCINO VAINILLA ALEGRIA NESCAFE 1 KG;NO PERECIBLE;2026-03-01;85.3372;1;4;3
1570;CAPPUCCINO VAINILLA ALEGRIA NESCAFE 1 KG;NO PERECIBLE;2026-04-01;170.6744;2;8;4
1570;CAPPUCCINO VAINILLA ALEGRIA NESCAFE 1 KG;NO PERECIBLE;2026-05-01;170.6744;2;8;5
1570;CAPPUCCINO VAINILLA ALEGRIA NESCAFE 1 KG;NO PERECIBLE;2026-06-01;85.3372;1;4;6
1570;CAPPUCCINO VAINILLA ALEGRIA NESCAFE 1 KG;NO PERECIBLE;2026-07-01;85.3372;1;4;7
1583;CHOCOLATE GOTAS PURATOS 2 KG;NO PERECIBLE;2026-01-01;0;0;0;1
1583;CHOCOLATE GOTAS PURATOS 2 KG;NO PERECIBLE;2026-02-01;0;0;0;2
1583;CHOCOLATE GOTAS PURATOS 2 KG;NO PERECIBLE;2026-03-01;0;0;0;3
1583;CHOCOLATE GOTAS PURATOS 2 KG;NO PERECIBLE;2026-04-01;0;0;0;4
1583;CHOCOLATE GOTAS PURATOS 2 KG;NO PERECIBLE;2026-05-01;25.94;2;2;5
1583;CHOCOLATE GOTAS PURATOS 2 KG;NO PERECIBLE;2026-06-01;0;0;0;6
1583;CHOCOLATE GOTAS PURATOS 2 KG;NO PERECIBLE;2026-07-01;0;0;0;7
1585;CHOCOLATE POLVO MILO NESTLE 400 GR;NO PERECIBLE;2026-01-01;369.24;39;102;1
1585;CHOCOLATE POLVO MILO NESTLE 400 GR;NO PERECIBLE;2026-02-01;452.5;37;125;2
1585;CHOCOLATE POLVO MILO NESTLE 400 GR;NO PERECIBLE;2026-03-01;412.68;46;114;3
1585;CHOCOLATE POLVO MILO NESTLE 400 GR;NO PERECIBLE;2026-04-01;282.36;35;78;4
1585;CHOCOLATE POLVO MILO NESTLE 400 GR;NO PERECIBLE;2026-05-01;369.24;40;102;5
1585;CHOCOLATE POLVO MILO NESTLE 400 GR;NO PERECIBLE;2026-06-01;311.32;36;86;6
1585;CHOCOLATE POLVO MILO NESTLE 400 GR;NO PERECIBLE;2026-07-01;380.1;41;105;7
1587;CREMA COFFE MATE NESTLE 435 GR;NO PERECIBLE;2026-01-01;1227.54;74;246;1
1587;CREMA COFFE MATE NESTLE 435 GR;NO PERECIBLE;2026-02-01;1252.49;65;251;2
1587;CREMA COFFE MATE NESTLE 435 GR;NO PERECIBLE;2026-03-01;1686.62;86;338;3
1587;CREMA COFFE MATE NESTLE 435 GR;NO PERECIBLE;2026-04-01;1417.16;81;284;4
1587;CREMA COFFE MATE NESTLE 435 GR;NO PERECIBLE;2026-05-01;1177.64;75;236;5
1587;CREMA COFFE MATE NESTLE 435 GR;NO PERECIBLE;2026-06-01;1372.25;83;275;6
1587;CREMA COFFE MATE NESTLE 435 GR;NO PERECIBLE;2026-07-01;1367.26;86;274;7
1600;GALLETAS COCO NESTLE 540 GR (18 X30 GR);NO PERECIBLE;2026-01-01;1978.46;47;529;1
1600;GALLETAS COCO NESTLE 540 GR (18 X30 GR);NO PERECIBLE;2026-02-01;1970.98;53;527;2
1600;GALLETAS COCO NESTLE 540 GR (18 X30 GR);NO PERECIBLE;2026-03-01;1896.18;63;507;3
1600;GALLETAS COCO NESTLE 540 GR (18 X30 GR);NO PERECIBLE;2026-04-01;1922.36;56;514;4
1600;GALLETAS COCO NESTLE 540 GR (18 X30 GR);NO PERECIBLE;2026-05-01;2071.96;56;554;5
1600;GALLETAS COCO NESTLE 540 GR (18 X30 GR);NO PERECIBLE;2026-06-01;1989.68;63;532;6
1600;GALLETAS COCO NESTLE 540 GR (18 X30 GR);NO PERECIBLE;2026-07-01;2195.38;64;587;7
1608;MOKACHINO NESCAFE 1 KG;NO PERECIBLE;2026-01-01;173.0792;2;8;1
1608;MOKACHINO NESCAFE 1 KG;NO PERECIBLE;2026-02-01;173.0792;2;8;2
1608;MOKACHINO NESCAFE 1 KG;NO PERECIBLE;2026-03-01;86.5396;1;4;3
1608;MOKACHINO NESCAFE 1 KG;NO PERECIBLE;2026-04-01;173.0792;2;8;4
1608;MOKACHINO NESCAFE 1 KG;NO PERECIBLE;2026-05-01;86.5396;1;4;5
1608;MOKACHINO NESCAFE 1 KG;NO PERECIBLE;2026-06-01;86.5396;1;4;6
1608;MOKACHINO NESCAFE 1 KG;NO PERECIBLE;2026-07-01;0;0;0;7
1616;AROMATICA MANZANILLA PUSUQUI X25;NO PERECIBLE;2026-01-01;0;0;0;1
1616;AROMATICA MANZANILLA PUSUQUI X25;NO PERECIBLE;2026-02-01;0;0;0;2
1616;AROMATICA MANZANILLA PUSUQUI X25;NO PERECIBLE;2026-03-01;0;0;0;3
1616;AROMATICA MANZANILLA PUSUQUI X25;NO PERECIBLE;2026-04-01;0;0;0;4
1616;AROMATICA MANZANILLA PUSUQUI X25;NO PERECIBLE;2026-05-01;56.7;20;63;5
1616;AROMATICA MANZANILLA PUSUQUI X25;NO PERECIBLE;2026-06-01;72;31;80;6
1616;AROMATICA MANZANILLA PUSUQUI X25;NO PERECIBLE;2026-07-01;71.1;27;79;7
1619;AROMATICA TORONJIL FLORAROMA X25;NO PERECIBLE;2026-01-01;38.7696;19;82;1
1619;AROMATICA TORONJIL FLORAROMA X25;NO PERECIBLE;2026-02-01;47.7528;23;101;2
1619;AROMATICA TORONJIL FLORAROMA X25;NO PERECIBLE;2026-03-01;44.916;17;95;3
1619;AROMATICA TORONJIL FLORAROMA X25;NO PERECIBLE;2026-04-01;50.1168;23;106;4
1619;AROMATICA TORONJIL FLORAROMA X25;NO PERECIBLE;2026-05-01;51.0624;22;108;5
1619;AROMATICA TORONJIL FLORAROMA X25;NO PERECIBLE;2026-06-01;48.2256;23;102;6
1619;AROMATICA TORONJIL FLORAROMA X25;NO PERECIBLE;2026-07-01;67.6104;31;143;7
1628;COLOR CARAMELO LEVAPAN 500 ML;NO PERECIBLE;2026-01-01;13.3488;3;3;1
1628;COLOR CARAMELO LEVAPAN 500 ML;NO PERECIBLE;2026-02-01;22.248;5;5;2
1628;COLOR CARAMELO LEVAPAN 500 ML;NO PERECIBLE;2026-03-01;31.1472;7;7;3
1628;COLOR CARAMELO LEVAPAN 500 ML;NO PERECIBLE;2026-04-01;40.0464;8;9;4
1628;COLOR CARAMELO LEVAPAN 500 ML;NO PERECIBLE;2026-05-01;26.6976;6;6;5
1628;COLOR CARAMELO LEVAPAN 500 ML;NO PERECIBLE;2026-06-01;35.5968;7;8;6
1628;COLOR CARAMELO LEVAPAN 500 ML;NO PERECIBLE;2026-07-01;35.5968;8;8;7
1632;AROMATICA TE NEGRO HORNIMANS 40 GR X25;NO PERECIBLE;2026-01-01;1094.47648941;197;1059;1
1632;AROMATICA TE NEGRO HORNIMANS 40 GR X25;NO PERECIBLE;2026-02-01;910.51349119;172;881;2
1632;AROMATICA TE NEGRO HORNIMANS 40 GR X25;NO PERECIBLE;2026-03-01;831.96749195;181;805;3
1632;AROMATICA TE NEGRO HORNIMANS 40 GR X25;NO PERECIBLE;2026-04-01;782.35949243;182;757;4
1632;AROMATICA TE NEGRO HORNIMANS 40 GR X25;NO PERECIBLE;2026-05-01;1240.199988;198;1200;5
1632;AROMATICA TE NEGRO HORNIMANS 40 GR X25;NO PERECIBLE;2026-06-01;745.15349279;184;721;6
1632;AROMATICA TE NEGRO HORNIMANS 40 GR X25;NO PERECIBLE;2026-07-01;679.00949343;158;657;7
1634;ACEITUNAS NEGRAS LA ESPAÑOLA SIN HUESO 300 GR;NO PERECIBLE;2026-01-01;28.38;5;12;1
1634;ACEITUNAS NEGRAS LA ESPAÑOLA SIN HUESO 300 GR;NO PERECIBLE;2026-02-01;16.555;5;7;2
1634;ACEITUNAS NEGRAS LA ESPAÑOLA SIN HUESO 300 GR;NO PERECIBLE;2026-03-01;33.11;7;14;3
1634;ACEITUNAS NEGRAS LA ESPAÑOLA SIN HUESO 300 GR;NO PERECIBLE;2026-04-01;30.745;6;13;4
1634;ACEITUNAS NEGRAS LA ESPAÑOLA SIN HUESO 300 GR;NO PERECIBLE;2026-05-01;18.92;3;8;5
1634;ACEITUNAS NEGRAS LA ESPAÑOLA SIN HUESO 300 GR;NO PERECIBLE;2026-06-01;23.65;5;10;6
1634;ACEITUNAS NEGRAS LA ESPAÑOLA SIN HUESO 300 GR;NO PERECIBLE;2026-07-01;4.73;1;2;7
1637;SALSA DE AJI CASERO SNOB 170 GR;NO PERECIBLE;2026-01-01;94.1427;29;87;1
1637;SALSA DE AJI CASERO SNOB 170 GR;NO PERECIBLE;2026-02-01;128.7699;28;119;2
1637;SALSA DE AJI CASERO SNOB 170 GR;NO PERECIBLE;2026-03-01;112.5384;28;104;3
1637;SALSA DE AJI CASERO SNOB 170 GR;NO PERECIBLE;2026-04-01;68.1723;23;63;4
1637;SALSA DE AJI CASERO SNOB 170 GR;NO PERECIBLE;2026-05-01;94.1427;31;87;5
1637;SALSA DE AJI CASERO SNOB 170 GR;NO PERECIBLE;2026-06-01;61.6797;22;57;6
1637;SALSA DE AJI CASERO SNOB 170 GR;NO PERECIBLE;2026-07-01;63.8439;24;59;7
1646;COCTEL DE FRUTAS EN ALMIBAR GUSTADINA 820 GR;NO PERECIBLE;2026-01-01;24.68721528;3;7;1
1646;COCTEL DE FRUTAS EN ALMIBAR GUSTADINA 820 GR;NO PERECIBLE;2026-02-01;10.58023512;1;3;2
1646;COCTEL DE FRUTAS EN ALMIBAR GUSTADINA 820 GR;NO PERECIBLE;2026-03-01;35.2674504;3;10;3
1646;COCTEL DE FRUTAS EN ALMIBAR GUSTADINA 820 GR;NO PERECIBLE;2026-04-01;17.6337252;1;5;4
1646;COCTEL DE FRUTAS EN ALMIBAR GUSTADINA 820 GR;NO PERECIBLE;2026-05-01;28.21396032;3;8;5
1646;COCTEL DE FRUTAS EN ALMIBAR GUSTADINA 820 GR;NO PERECIBLE;2026-06-01;14.10698016;1;4;6
1646;COCTEL DE FRUTAS EN ALMIBAR GUSTADINA 820 GR;NO PERECIBLE;2026-07-01;17.6337252;2;5;7
1649;ESENCIA PIÑA LEVAPAN 500ML;NO PERECIBLE;2026-01-01;11.568;3;3;1
1649;ESENCIA PIÑA LEVAPAN 500ML;NO PERECIBLE;2026-02-01;23.136;6;6;2
1649;ESENCIA PIÑA LEVAPAN 500ML;NO PERECIBLE;2026-03-01;30.848;8;8;3
1649;ESENCIA PIÑA LEVAPAN 500ML;NO PERECIBLE;2026-04-01;11.568;3;3;4
1649;ESENCIA PIÑA LEVAPAN 500ML;NO PERECIBLE;2026-05-01;23.136;6;6;5
1649;ESENCIA PIÑA LEVAPAN 500ML;NO PERECIBLE;2026-06-01;15.424;4;4;6
1649;ESENCIA PIÑA LEVAPAN 500ML;NO PERECIBLE;2026-07-01;19.28;5;5;7
1661;MERMELADA DE PIÑA LA PRIMERA 5.7 KG;NO PERECIBLE;2026-01-01;15.43;1;1;1
1661;MERMELADA DE PIÑA LA PRIMERA 5.7 KG;NO PERECIBLE;2026-02-01;30.86;2;2;2
1661;MERMELADA DE PIÑA LA PRIMERA 5.7 KG;NO PERECIBLE;2026-03-01;15.43;1;1;3
1661;MERMELADA DE PIÑA LA PRIMERA 5.7 KG;NO PERECIBLE;2026-04-01;15.43;1;1;4
1661;MERMELADA DE PIÑA LA PRIMERA 5.7 KG;NO PERECIBLE;2026-05-01;15.43;1;1;5
1661;MERMELADA DE PIÑA LA PRIMERA 5.7 KG;NO PERECIBLE;2026-06-01;15.43;1;1;6
1661;MERMELADA DE PIÑA LA PRIMERA 5.7 KG;NO PERECIBLE;2026-07-01;15.43;1;1;7
1666;PICKLES VINAGRE SNOB VIDRIO 470 GR;NO PERECIBLE;2026-01-01;41.68049745;10;15;1
1666;PICKLES VINAGRE SNOB VIDRIO 470 GR;NO PERECIBLE;2026-02-01;16.67219898;6;6;2
1666;PICKLES VINAGRE SNOB VIDRIO 470 GR;NO PERECIBLE;2026-03-01;25.00829847;7;9;3
1666;PICKLES VINAGRE SNOB VIDRIO 470 GR;NO PERECIBLE;2026-04-01;38.90179762;11;14;4
1666;PICKLES VINAGRE SNOB VIDRIO 470 GR;NO PERECIBLE;2026-05-01;33.34439796;12;12;5
1666;PICKLES VINAGRE SNOB VIDRIO 470 GR;NO PERECIBLE;2026-06-01;27.7869983;9;10;6
1666;PICKLES VINAGRE SNOB VIDRIO 470 GR;NO PERECIBLE;2026-07-01;13.89349915;5;5;7
1667;PIMENTON PICANTE 200 GR;NO PERECIBLE;2026-01-01;17.5000003;7;10;1
1667;PIMENTON PICANTE 200 GR;NO PERECIBLE;2026-02-01;19.25000033;7;11;2
1667;PIMENTON PICANTE 200 GR;NO PERECIBLE;2026-03-01;24.50000042;11;14;3
1667;PIMENTON PICANTE 200 GR;NO PERECIBLE;2026-04-01;19.25000033;8;11;4
1667;PIMENTON PICANTE 200 GR;NO PERECIBLE;2026-05-01;31.50000054;15;18;5
1667;PIMENTON PICANTE 200 GR;NO PERECIBLE;2026-06-01;26.25000045;9;15;6
1667;PIMENTON PICANTE 200 GR;NO PERECIBLE;2026-07-01;26.25000045;10;15;7
1668;PIÑA ALMIBAR RODAJAS SNOB 600 GR;NO PERECIBLE;2026-01-01;0;0;0;1
1668;PIÑA ALMIBAR RODAJAS SNOB 600 GR;NO PERECIBLE;2026-02-01;20.355;3;10;2
1668;PIÑA ALMIBAR RODAJAS SNOB 600 GR;NO PERECIBLE;2026-03-01;20.355;4;10;3
1668;PIÑA ALMIBAR RODAJAS SNOB 600 GR;NO PERECIBLE;2026-04-01;6.1065;1;3;4
1668;PIÑA ALMIBAR RODAJAS SNOB 600 GR;NO PERECIBLE;2026-05-01;32.568;4;16;5
1668;PIÑA ALMIBAR RODAJAS SNOB 600 GR;NO PERECIBLE;2026-06-01;48.852;8;24;6
1668;PIÑA ALMIBAR RODAJAS SNOB 600 GR;NO PERECIBLE;2026-07-01;65.136;10;32;7
1682;CUCHARA PEQUEÑA BLANCA USAKUBIERTO X 50;NO PERECIBLE;2026-01-01;199.229;124;709;1
1682;CUCHARA PEQUEÑA BLANCA USAKUBIERTO X 50;NO PERECIBLE;2026-02-01;243.346;124;866;2
1682;CUCHARA PEQUEÑA BLANCA USAKUBIERTO X 50;NO PERECIBLE;2026-03-01;241.66;135;860;3
1682;CUCHARA PEQUEÑA BLANCA USAKUBIERTO X 50;NO PERECIBLE;2026-04-01;293.083;146;1043;4
1682;CUCHARA PEQUEÑA BLANCA USAKUBIERTO X 50;NO PERECIBLE;2026-05-01;275.099;145;979;5
1682;CUCHARA PEQUEÑA BLANCA USAKUBIERTO X 50;NO PERECIBLE;2026-06-01;257.677;137;917;6
1682;CUCHARA PEQUEÑA BLANCA USAKUBIERTO X 50;NO PERECIBLE;2026-07-01;288.868;121;1028;7
1685;CUCHARA/TENEDOR BLANCO X 50;NO PERECIBLE;2026-01-01;14.48;4;20;1
1685;CUCHARA/TENEDOR BLANCO X 50;NO PERECIBLE;2026-02-01;16.652;4;23;2
1685;CUCHARA/TENEDOR BLANCO X 50;NO PERECIBLE;2026-03-01;0;0;0;3
1685;CUCHARA/TENEDOR BLANCO X 50;NO PERECIBLE;2026-04-01;17.376;6;24;4
1685;CUCHARA/TENEDOR BLANCO X 50;NO PERECIBLE;2026-05-01;11.584;4;16;5
1685;CUCHARA/TENEDOR BLANCO X 50;NO PERECIBLE;2026-06-01;26.064;7;36;6
1685;CUCHARA/TENEDOR BLANCO X 50;NO PERECIBLE;2026-07-01;29.684;12;41;7
1686;CUCHILLO BLANCO X50;NO PERECIBLE;2026-01-01;35.7504;9;64;1
1686;CUCHILLO BLANCO X50;NO PERECIBLE;2026-02-01;32.3988;8;58;2
1686;CUCHILLO BLANCO X50;NO PERECIBLE;2026-03-01;64.7976;14;116;3
1686;CUCHILLO BLANCO X50;NO PERECIBLE;2026-04-01;44.1294;10;79;4
1686;CUCHILLO BLANCO X50;NO PERECIBLE;2026-05-01;103.8996;14;186;5
1686;CUCHILLO BLANCO X50;NO PERECIBLE;2026-06-01;52.5084;14;94;6
1686;CUCHILLO BLANCO X50;NO PERECIBLE;2026-07-01;50.274;14;90;7
1715;AGUACATE DURO 1 KG;FRUVER;2026-01-01;6365.331;695;4715.06;1
1715;AGUACATE DURO 1 KG;FRUVER;2026-02-01;6022.026;632;4460.76;2
1715;AGUACATE DURO 1 KG;FRUVER;2026-03-01;6863.0625;736;5083.75;3
1715;AGUACATE DURO 1 KG;FRUVER;2026-04-01;6789.501;707;5029.26;4
1715;AGUACATE DURO 1 KG;FRUVER;2026-05-01;7133.8185;730;5284.31;5
1715;AGUACATE DURO 1 KG;FRUVER;2026-06-01;6009.2145;707;4451.27;6
1715;AGUACATE DURO 1 KG;FRUVER;2026-07-01;6527.4795;704;4835.17;7
1724;PITAHAYA 1 KG;FRUVER;2026-01-01;388.948;44;277.82;1
1724;PITAHAYA 1 KG;FRUVER;2026-02-01;328.524;45;234.66;2
1724;PITAHAYA 1 KG;FRUVER;2026-03-01;401.8;55;287;3
1724;PITAHAYA 1 KG;FRUVER;2026-04-01;350.924;47;250.66;4
1724;PITAHAYA 1 KG;FRUVER;2026-05-01;467.824;54;334.16;5
1724;PITAHAYA 1 KG;FRUVER;2026-06-01;532.7;50;380.5;6
1724;PITAHAYA 1 KG;FRUVER;2026-07-01;465.5;58;332.5;7
1735;ARVEJA TIERNA FRESCA 1 KG;FRUVER;2026-01-01;0;0;0;1
1735;ARVEJA TIERNA FRESCA 1 KG;FRUVER;2026-02-01;0;0;0;2
1735;ARVEJA TIERNA FRESCA 1 KG;FRUVER;2026-03-01;0;0;0;3
1735;ARVEJA TIERNA FRESCA 1 KG;FRUVER;2026-04-01;0;0;0;4
1735;ARVEJA TIERNA FRESCA 1 KG;FRUVER;2026-05-01;0;0;0;5
1735;ARVEJA TIERNA FRESCA 1 KG;FRUVER;2026-06-01;0;0;0;6
1735;ARVEJA TIERNA FRESCA 1 KG;FRUVER;2026-07-01;2.24;1;0.8;7
1741;MENTA FRESCA 1 KG;FRUVER;2026-01-01;46.25;9;37;1
1741;MENTA FRESCA 1 KG;FRUVER;2026-02-01;13.75;6;11;2
1741;MENTA FRESCA 1 KG;FRUVER;2026-03-01;16.25;9;13;3
1741;MENTA FRESCA 1 KG;FRUVER;2026-04-01;22.5;5;18;4
1741;MENTA FRESCA 1 KG;FRUVER;2026-05-01;17.5;9;14;5
1741;MENTA FRESCA 1 KG;FRUVER;2026-06-01;24.575;10;19.66;6
1741;MENTA FRESCA 1 KG;FRUVER;2026-07-01;20;11;16;7
1751;CHOCOLATE AMBATO DOÑA OLGUITA 1KG;NO PERECIBLE;2026-01-01;16.6314;1;1;1
1751;CHOCOLATE AMBATO DOÑA OLGUITA 1KG;NO PERECIBLE;2026-02-01;0;0;0;2
1751;CHOCOLATE AMBATO DOÑA OLGUITA 1KG;NO PERECIBLE;2026-03-01;0;0;0;3
1751;CHOCOLATE AMBATO DOÑA OLGUITA 1KG;NO PERECIBLE;2026-04-01;0;0;0;4
1751;CHOCOLATE AMBATO DOÑA OLGUITA 1KG;NO PERECIBLE;2026-05-01;0;0;0;5
1751;CHOCOLATE AMBATO DOÑA OLGUITA 1KG;NO PERECIBLE;2026-06-01;0;0;0;6
1751;CHOCOLATE AMBATO DOÑA OLGUITA 1KG;NO PERECIBLE;2026-07-01;0;0;0;7
1754;ABLANDADOR DE CARNE 250 GR;NO PERECIBLE;2026-01-01;74.8;23;44;1
1754;ABLANDADOR DE CARNE 250 GR;NO PERECIBLE;2026-02-01;64.6;20;38;2
1754;ABLANDADOR DE CARNE 250 GR;NO PERECIBLE;2026-03-01;147.9;35;87;3
1754;ABLANDADOR DE CARNE 250 GR;NO PERECIBLE;2026-04-01;78.2;24;46;4
1754;ABLANDADOR DE CARNE 250 GR;NO PERECIBLE;2026-05-01;115.6;35;68;5
1754;ABLANDADOR DE CARNE 250 GR;NO PERECIBLE;2026-06-01;93.5;30;55;6
1754;ABLANDADOR DE CARNE 250 GR;NO PERECIBLE;2026-07-01;68;26;40;7
1768;SAL SACHET 1.5 GR X100;NO PERECIBLE;2026-01-01;331.53087926;68;277;1
1768;SAL SACHET 1.5 GR X100;NO PERECIBLE;2026-02-01;385.38968636;77;322;2
1768;SAL SACHET 1.5 GR X100;NO PERECIBLE;2026-03-01;414.11438348;82;346;3
1768;SAL SACHET 1.5 GR X100;NO PERECIBLE;2026-04-01;432.06731918;89;361;4
1768;SAL SACHET 1.5 GR X100;NO PERECIBLE;2026-05-01;372.22420018;72;311;5
1768;SAL SACHET 1.5 GR X100;NO PERECIBLE;2026-06-01;503.87906198;86;421;6
1768;SAL SACHET 1.5 GR X100;NO PERECIBLE;2026-07-01;459.59515392;81;384;7
1775;CARVE CARNE FILETEADA 450 GR;PERECIBLE;2026-01-01;139.5;11;31;1
1775;CARVE CARNE FILETEADA 450 GR;PERECIBLE;2026-02-01;193.5;13;43;2
1775;CARVE CARNE FILETEADA 450 GR;PERECIBLE;2026-03-01;211.5;13;47;3
1775;CARVE CARNE FILETEADA 450 GR;PERECIBLE;2026-04-01;454.5;18;101;4
1775;CARVE CARNE FILETEADA 450 GR;PERECIBLE;2026-05-01;184.5;10;41;5
1775;CARVE CARNE FILETEADA 450 GR;PERECIBLE;2026-06-01;148.5;12;33;6
1775;CARVE CARNE FILETEADA 450 GR;PERECIBLE;2026-07-01;63;6;14;7
1776;CARVE HAMBURGUESA 450 GR;PERECIBLE;2026-01-01;9;2;2;1
1776;CARVE HAMBURGUESA 450 GR;PERECIBLE;2026-02-01;9;2;2;2
1776;CARVE HAMBURGUESA 450 GR;PERECIBLE;2026-03-01;9;2;2;3
1776;CARVE HAMBURGUESA 450 GR;PERECIBLE;2026-04-01;9;2;2;4
1776;CARVE HAMBURGUESA 450 GR;PERECIBLE;2026-05-01;144;4;32;5
1776;CARVE HAMBURGUESA 450 GR;PERECIBLE;2026-06-01;9;2;2;6
1776;CARVE HAMBURGUESA 450 GR;PERECIBLE;2026-07-01;18;4;4;7
1777;GELATINA TONI FRESA 200 GR;PERECIBLE;2026-01-01;0;0;0;1
1777;GELATINA TONI FRESA 200 GR;PERECIBLE;2026-02-01;71.89599715;1;95;2
1777;GELATINA TONI FRESA 200 GR;PERECIBLE;2026-03-01;36.32639856;1;48;3
1777;GELATINA TONI FRESA 200 GR;PERECIBLE;2026-04-01;69.62559724;1;92;4
1777;GELATINA TONI FRESA 200 GR;PERECIBLE;2026-05-01;0;0;0;5
1777;GELATINA TONI FRESA 200 GR;PERECIBLE;2026-06-01;71.13919718;1;94;6
1777;GELATINA TONI FRESA 200 GR;PERECIBLE;2026-07-01;18.16319928;1;24;7
1792;QUESO CREMA TONI 50 GR;PERECIBLE;2026-01-01;84.48;2;192;1
1792;QUESO CREMA TONI 50 GR;PERECIBLE;2026-02-01;114.4;4;260;2
1792;QUESO CREMA TONI 50 GR;PERECIBLE;2026-03-01;78.76;4;179;3
1792;QUESO CREMA TONI 50 GR;PERECIBLE;2026-04-01;132.88;5;302;4
1792;QUESO CREMA TONI 50 GR;PERECIBLE;2026-05-01;45.76;4;104;5
1792;QUESO CREMA TONI 50 GR;PERECIBLE;2026-06-01;137.28;4;312;6
1792;QUESO CREMA TONI 50 GR;PERECIBLE;2026-07-01;52.8;3;120;7
1807;YOGURT ENTERO NATURAL SIN AZUCAR TONI 1.7 LT;PERECIBLE;2026-01-01;111.93;7;21;1
1807;YOGURT ENTERO NATURAL SIN AZUCAR TONI 1.7 LT;PERECIBLE;2026-02-01;154.57;6;29;2
1807;YOGURT ENTERO NATURAL SIN AZUCAR TONI 1.7 LT;PERECIBLE;2026-03-01;106.6;6;20;3
1807;YOGURT ENTERO NATURAL SIN AZUCAR TONI 1.7 LT;PERECIBLE;2026-04-01;106.6;6;20;4
1807;YOGURT ENTERO NATURAL SIN AZUCAR TONI 1.7 LT;PERECIBLE;2026-05-01;117.26;5;22;5
1807;YOGURT ENTERO NATURAL SIN AZUCAR TONI 1.7 LT;PERECIBLE;2026-06-01;101.27;6;19;6
1807;YOGURT ENTERO NATURAL SIN AZUCAR TONI 1.7 LT;PERECIBLE;2026-07-01;127.92;7;24;7
1809;RON GOLD SAN MIGUEL 750 ML;NO PERECIBLE;2026-01-01;6.41721447;1;1;1
1809;RON GOLD SAN MIGUEL 750 ML;NO PERECIBLE;2026-02-01;19.25164341;2;3;2
1809;RON GOLD SAN MIGUEL 750 ML;NO PERECIBLE;2026-03-01;19.25164341;2;3;3
1809;RON GOLD SAN MIGUEL 750 ML;NO PERECIBLE;2026-04-01;25.66885788;4;4;4
1809;RON GOLD SAN MIGUEL 750 ML;NO PERECIBLE;2026-05-01;6.41721447;1;1;5
1809;RON GOLD SAN MIGUEL 750 ML;NO PERECIBLE;2026-06-01;19.25164341;3;3;6
1809;RON GOLD SAN MIGUEL 750 ML;NO PERECIBLE;2026-07-01;19.25164341;3;3;7
1814;FUNDA LAMINADA 60MICRAS 10X15 X100;NO PERECIBLE;2026-01-01;41.02880821;4;13;1
1814;FUNDA LAMINADA 60MICRAS 10X15 X100;NO PERECIBLE;2026-02-01;41.02880821;4;13;2
1814;FUNDA LAMINADA 60MICRAS 10X15 X100;NO PERECIBLE;2026-03-01;41.02880821;5;13;3
1814;FUNDA LAMINADA 60MICRAS 10X15 X100;NO PERECIBLE;2026-04-01;37.87274604;4;12;4
1814;FUNDA LAMINADA 60MICRAS 10X15 X100;NO PERECIBLE;2026-05-01;28.40455953;4;9;5
1814;FUNDA LAMINADA 60MICRAS 10X15 X100;NO PERECIBLE;2026-06-01;47.34093255;4;15;6
1814;FUNDA LAMINADA 60MICRAS 10X15 X100;NO PERECIBLE;2026-07-01;44.18487038;4;14;7
1815;FUNDA PERFORADA 40 MICRAS 12X18 X100;NO PERECIBLE;2026-01-01;2.62;1;1;1
1815;FUNDA PERFORADA 40 MICRAS 12X18 X100;NO PERECIBLE;2026-02-01;2.62;1;1;2
1815;FUNDA PERFORADA 40 MICRAS 12X18 X100;NO PERECIBLE;2026-03-01;2.62;1;1;3
1815;FUNDA PERFORADA 40 MICRAS 12X18 X100;NO PERECIBLE;2026-04-01;2.62;1;1;4
1815;FUNDA PERFORADA 40 MICRAS 12X18 X100;NO PERECIBLE;2026-05-01;0;0;0;5
1815;FUNDA PERFORADA 40 MICRAS 12X18 X100;NO PERECIBLE;2026-06-01;5.24;2;2;6
1815;FUNDA PERFORADA 40 MICRAS 12X18 X100;NO PERECIBLE;2026-07-01;2.62;1;1;7
1819;FUNDA BLANCA 35MICRAS 18X24 X100 UND;NO PERECIBLE;2026-01-01;30;5;10;1
1819;FUNDA BLANCA 35MICRAS 18X24 X100 UND;NO PERECIBLE;2026-02-01;21;5;7;2
1819;FUNDA BLANCA 35MICRAS 18X24 X100 UND;NO PERECIBLE;2026-03-01;21;6;7;3
1819;FUNDA BLANCA 35MICRAS 18X24 X100 UND;NO PERECIBLE;2026-04-01;18;6;6;4
1819;FUNDA BLANCA 35MICRAS 18X24 X100 UND;NO PERECIBLE;2026-05-01;15;5;5;5
1819;FUNDA BLANCA 35MICRAS 18X24 X100 UND;NO PERECIBLE;2026-06-01;18;5;6;6
1819;FUNDA BLANCA 35MICRAS 18X24 X100 UND;NO PERECIBLE;2026-07-01;12;3;4;7
1826;FUNDA AZUL 23X28 X10 UND;NO PERECIBLE;2026-01-01;37.8;7;45;1
1826;FUNDA AZUL 23X28 X10 UND;NO PERECIBLE;2026-02-01;99.96;20;119;2
1826;FUNDA AZUL 23X28 X10 UND;NO PERECIBLE;2026-03-01;99.96;21;119;3
1826;FUNDA AZUL 23X28 X10 UND;NO PERECIBLE;2026-04-01;99.96;22;119;4
1826;FUNDA AZUL 23X28 X10 UND;NO PERECIBLE;2026-05-01;95.76;20;114;5
1826;FUNDA AZUL 23X28 X10 UND;NO PERECIBLE;2026-06-01;99.12;19;118;6
1826;FUNDA AZUL 23X28 X10 UND;NO PERECIBLE;2026-07-01;96.6;17;115;7
1828;FUNDA ESPECIAL 35MICRAS 23X28 X10;NO PERECIBLE;2026-01-01;105.08;30;142;1
1828;FUNDA ESPECIAL 35MICRAS 23X28 X10;NO PERECIBLE;2026-02-01;111;34;150;2
1828;FUNDA ESPECIAL 35MICRAS 23X28 X10;NO PERECIBLE;2026-03-01;107.3;35;145;3
1828;FUNDA ESPECIAL 35MICRAS 23X28 X10;NO PERECIBLE;2026-04-01;120.62;39;163;4
1828;FUNDA ESPECIAL 35MICRAS 23X28 X10;NO PERECIBLE;2026-05-01;93.98;33;127;5
1828;FUNDA ESPECIAL 35MICRAS 23X28 X10;NO PERECIBLE;2026-06-01;122.84;38;166;6
1828;FUNDA ESPECIAL 35MICRAS 23X28 X10;NO PERECIBLE;2026-07-01;97.68;36;132;7
1829;FUNDA GRIS 45MICRAS 23X28 X10;NO PERECIBLE;2026-01-01;29.67;5;43;1
1829;FUNDA GRIS 45MICRAS 23X28 X10;NO PERECIBLE;2026-02-01;31.74;5;46;2
1829;FUNDA GRIS 45MICRAS 23X28 X10;NO PERECIBLE;2026-03-01;37.26;7;54;3
1829;FUNDA GRIS 45MICRAS 23X28 X10;NO PERECIBLE;2026-04-01;45.54;7;66;4
1829;FUNDA GRIS 45MICRAS 23X28 X10;NO PERECIBLE;2026-05-01;42.78;8;62;5
1829;FUNDA GRIS 45MICRAS 23X28 X10;NO PERECIBLE;2026-06-01;36.57;7;53;6
1829;FUNDA GRIS 45MICRAS 23X28 X10;NO PERECIBLE;2026-07-01;47.61;8;69;7
1830;FUNDA PERFORADA 35 MICRAS 23X28 X100;NO PERECIBLE;2026-01-01;68.8;8;8;1
1830;FUNDA PERFORADA 35 MICRAS 23X28 X100;NO PERECIBLE;2026-02-01;51.6;6;6;2
1830;FUNDA PERFORADA 35 MICRAS 23X28 X100;NO PERECIBLE;2026-03-01;51.6;6;6;3
1830;FUNDA PERFORADA 35 MICRAS 23X28 X100;NO PERECIBLE;2026-04-01;77.4;8;9;4
1830;FUNDA PERFORADA 35 MICRAS 23X28 X100;NO PERECIBLE;2026-05-01;43;5;5;5
1830;FUNDA PERFORADA 35 MICRAS 23X28 X100;NO PERECIBLE;2026-06-01;60.2;7;7;6
1830;FUNDA PERFORADA 35 MICRAS 23X28 X100;NO PERECIBLE;2026-07-01;43;5;5;7
1831;FUNDA ROJA 50MICRAS 23X28 X10 UND;NO PERECIBLE;2026-01-01;120.12;33;143;1
1831;FUNDA ROJA 50MICRAS 23X28 X10 UND;NO PERECIBLE;2026-02-01;122.64;25;146;2
1831;FUNDA ROJA 50MICRAS 23X28 X10 UND;NO PERECIBLE;2026-03-01;151.2;34;180;3
1831;FUNDA ROJA 50MICRAS 23X28 X10 UND;NO PERECIBLE;2026-04-01;147.84;33;176;4
1831;FUNDA ROJA 50MICRAS 23X28 X10 UND;NO PERECIBLE;2026-05-01;148.68;34;177;5
1831;FUNDA ROJA 50MICRAS 23X28 X10 UND;NO PERECIBLE;2026-06-01;151.2;34;180;6
1831;FUNDA ROJA 50MICRAS 23X28 X10 UND;NO PERECIBLE;2026-07-01;152.04;36;181;7
1832;FUNDA VERDE 23X28 X10;NO PERECIBLE;2026-01-01;15.12;5;18;1
1832;FUNDA VERDE 23X28 X10;NO PERECIBLE;2026-02-01;15.96;8;19;2
1832;FUNDA VERDE 23X28 X10;NO PERECIBLE;2026-03-01;24.36;11;29;3
1832;FUNDA VERDE 23X28 X10;NO PERECIBLE;2026-04-01;24.36;9;29;4
1832;FUNDA VERDE 23X28 X10;NO PERECIBLE;2026-05-01;16.8;8;20;5
1832;FUNDA VERDE 23X28 X10;NO PERECIBLE;2026-06-01;26.04;10;31;6
1832;FUNDA VERDE 23X28 X10;NO PERECIBLE;2026-07-01;17.64;7;21;7
1834;FUNDA NEGRA 30MICRAS 29X36 X10;NO PERECIBLE;2026-01-01;0;0;0;1
1834;FUNDA NEGRA 30MICRAS 29X36 X10;NO PERECIBLE;2026-02-01;0;0;0;2
1834;FUNDA NEGRA 30MICRAS 29X36 X10;NO PERECIBLE;2026-03-01;0;0;0;3
1834;FUNDA NEGRA 30MICRAS 29X36 X10;NO PERECIBLE;2026-04-01;0;0;0;4
1834;FUNDA NEGRA 30MICRAS 29X36 X10;NO PERECIBLE;2026-05-01;12.16;12;19;5
1834;FUNDA NEGRA 30MICRAS 29X36 X10;NO PERECIBLE;2026-06-01;30.72;26;48;6
1834;FUNDA NEGRA 30MICRAS 29X36 X10;NO PERECIBLE;2026-07-01;0;0;0;7
1835;FUNDA POLIFAN 3X8 X100;NO PERECIBLE;2026-01-01;256.12241509;35;589;1
1835;FUNDA POLIFAN 3X8 X100;NO PERECIBLE;2026-02-01;259.16631476;39;596;2
1835;FUNDA POLIFAN 3X8 X100;NO PERECIBLE;2026-03-01;309.17323791;39;711;3
1835;FUNDA POLIFAN 3X8 X100;NO PERECIBLE;2026-04-01;283.08266931;39;651;4
1835;FUNDA POLIFAN 3X8 X100;NO PERECIBLE;2026-05-01;327.00179312;40;752;5
1835;FUNDA POLIFAN 3X8 X100;NO PERECIBLE;2026-06-01;271.34191344;39;624;6
1835;FUNDA POLIFAN 3X8 X100;NO PERECIBLE;2026-07-01;293.51889675;45;675;7
1837;FUNDA AMARILLA 35MICRAS 35X47 X50;NO PERECIBLE;2026-01-01;8.1;1;1;1
1837;FUNDA AMARILLA 35MICRAS 35X47 X50;NO PERECIBLE;2026-02-01;24.3;2;3;2
1837;FUNDA AMARILLA 35MICRAS 35X47 X50;NO PERECIBLE;2026-03-01;24.3;1;3;3
1837;FUNDA AMARILLA 35MICRAS 35X47 X50;NO PERECIBLE;2026-04-01;32.4;2;4;4
1837;FUNDA AMARILLA 35MICRAS 35X47 X50;NO PERECIBLE;2026-05-01;40.5;4;5;5
1837;FUNDA AMARILLA 35MICRAS 35X47 X50;NO PERECIBLE;2026-06-01;0;0;0;6
1837;FUNDA AMARILLA 35MICRAS 35X47 X50;NO PERECIBLE;2026-07-01;40.5;3;5;7
1839;FUNDA BLANCA 35MICRAS 35X47 X50;NO PERECIBLE;2026-01-01;186.3;18;23;1
1839;FUNDA BLANCA 35MICRAS 35X47 X50;NO PERECIBLE;2026-02-01;153.9;16;19;2
1839;FUNDA BLANCA 35MICRAS 35X47 X50;NO PERECIBLE;2026-03-01;251.1;26;31;3
1839;FUNDA BLANCA 35MICRAS 35X47 X50;NO PERECIBLE;2026-04-01;178.2;20;22;4
1839;FUNDA BLANCA 35MICRAS 35X47 X50;NO PERECIBLE;2026-05-01;178.2;20;22;5
1839;FUNDA BLANCA 35MICRAS 35X47 X50;NO PERECIBLE;2026-06-01;234.9;21;29;6
1839;FUNDA BLANCA 35MICRAS 35X47 X50;NO PERECIBLE;2026-07-01;202.5;22;25;7
1840;FUNDA ESPECIAL 35MICRAS 35X47 X50;NO PERECIBLE;2026-01-01;119.4;7;12;1
1840;FUNDA ESPECIAL 35MICRAS 35X47 X50;NO PERECIBLE;2026-02-01;109.45;6;11;2
1840;FUNDA ESPECIAL 35MICRAS 35X47 X50;NO PERECIBLE;2026-03-01;69.65;4;7;3
1840;FUNDA ESPECIAL 35MICRAS 35X47 X50;NO PERECIBLE;2026-04-01;109.45;8;11;4
1840;FUNDA ESPECIAL 35MICRAS 35X47 X50;NO PERECIBLE;2026-05-01;59.7;4;6;5
1840;FUNDA ESPECIAL 35MICRAS 35X47 X50;NO PERECIBLE;2026-06-01;119.4;8;12;6
1840;FUNDA ESPECIAL 35MICRAS 35X47 X50;NO PERECIBLE;2026-07-01;79.6;6;8;7
1843;FUNDA ROJA 35MICRAS 35X47 X50;NO PERECIBLE;2026-01-01;24.3;3;3;1
1843;FUNDA ROJA 35MICRAS 35X47 X50;NO PERECIBLE;2026-02-01;16.2;2;2;2
1843;FUNDA ROJA 35MICRAS 35X47 X50;NO PERECIBLE;2026-03-01;24.3;3;3;3
1843;FUNDA ROJA 35MICRAS 35X47 X50;NO PERECIBLE;2026-04-01;32.4;4;4;4
1843;FUNDA ROJA 35MICRAS 35X47 X50;NO PERECIBLE;2026-05-01;24.3;3;3;5
1843;FUNDA ROJA 35MICRAS 35X47 X50;NO PERECIBLE;2026-06-01;48.6;6;6;6
1843;FUNDA ROJA 35MICRAS 35X47 X50;NO PERECIBLE;2026-07-01;48.6;6;6;7
1853;FUNDA AMARILLA 20MICRAS 7X6 X100UND;NO PERECIBLE;2026-01-01;57.23;7;97;1
1853;FUNDA AMARILLA 20MICRAS 7X6 X100UND;NO PERECIBLE;2026-02-01;34.81;3;59;2
1853;FUNDA AMARILLA 20MICRAS 7X6 X100UND;NO PERECIBLE;2026-03-01;74.93;11;127;3
1853;FUNDA AMARILLA 20MICRAS 7X6 X100UND;NO PERECIBLE;2026-04-01;100.89;10;171;4
1853;FUNDA AMARILLA 20MICRAS 7X6 X100UND;NO PERECIBLE;2026-05-01;64.9;8;110;5
1853;FUNDA AMARILLA 20MICRAS 7X6 X100UND;NO PERECIBLE;2026-06-01;56.05;8;95;6
1853;FUNDA AMARILLA 20MICRAS 7X6 X100UND;NO PERECIBLE;2026-07-01;64.31;7;109;7
1856;FUNDA PAPEL CAFE 8.5 X17 X2 X100;NO PERECIBLE;2026-01-01;50.73;12;57;1
1856;FUNDA PAPEL CAFE 8.5 X17 X2 X100;NO PERECIBLE;2026-02-01;38.27;9;43;2
1856;FUNDA PAPEL CAFE 8.5 X17 X2 X100;NO PERECIBLE;2026-03-01;32.04;11;36;3
1856;FUNDA PAPEL CAFE 8.5 X17 X2 X100;NO PERECIBLE;2026-04-01;64.97;15;73;4
1856;FUNDA PAPEL CAFE 8.5 X17 X2 X100;NO PERECIBLE;2026-05-01;45.39;14;51;5
1856;FUNDA PAPEL CAFE 8.5 X17 X2 X100;NO PERECIBLE;2026-06-01;26.7;11;30;6
1856;FUNDA PAPEL CAFE 8.5 X17 X2 X100;NO PERECIBLE;2026-07-01;100.57;14;113;7
1861;"FUNDA KAVETA ANCHO 27""LARGO 28"" FUELLE LATERAL 4.5"" 20 MICRAS X100";NO PERECIBLE;2026-01-01;344.31759693;23;51;1
1861;"FUNDA KAVETA ANCHO 27""LARGO 28"" FUELLE LATERAL 4.5"" 20 MICRAS X100";NO PERECIBLE;2026-02-01;270.0530172;20;40;2
1861;"FUNDA KAVETA ANCHO 27""LARGO 28"" FUELLE LATERAL 4.5"" 20 MICRAS X100";NO PERECIBLE;2026-03-01;290.30699349;20;43;3
1861;"FUNDA KAVETA ANCHO 27""LARGO 28"" FUELLE LATERAL 4.5"" 20 MICRAS X100";NO PERECIBLE;2026-04-01;357.82024779;19;53;4
1861;"FUNDA KAVETA ANCHO 27""LARGO 28"" FUELLE LATERAL 4.5"" 20 MICRAS X100";NO PERECIBLE;2026-05-01;411.83085123;24;61;5
1861;"FUNDA KAVETA ANCHO 27""LARGO 28"" FUELLE LATERAL 4.5"" 20 MICRAS X100";NO PERECIBLE;2026-06-01;398.32820037;25;59;6
1861;"FUNDA KAVETA ANCHO 27""LARGO 28"" FUELLE LATERAL 4.5"" 20 MICRAS X100";NO PERECIBLE;2026-07-01;384.82554951;26;57;7
1862;PAPEL PERIODICO PLIEGO X500;NO PERECIBLE;2026-01-01;405;10;15;1
1862;PAPEL PERIODICO PLIEGO X500;NO PERECIBLE;2026-02-01;405;10;15;2
1862;PAPEL PERIODICO PLIEGO X500;NO PERECIBLE;2026-03-01;486;11;18;3
1862;PAPEL PERIODICO PLIEGO X500;NO PERECIBLE;2026-04-01;513;13;19;4
1862;PAPEL PERIODICO PLIEGO X500;NO PERECIBLE;2026-05-01;459;11;17;5
1862;PAPEL PERIODICO PLIEGO X500;NO PERECIBLE;2026-06-01;486;11;18;6
1862;PAPEL PERIODICO PLIEGO X500;NO PERECIBLE;2026-07-01;459;11;17;7
1864;PAPEL BOND A4 RESMA 500 HOJAS;NO PERECIBLE;2026-01-01;64.7973;16;27;1
1864;PAPEL BOND A4 RESMA 500 HOJAS;NO PERECIBLE;2026-02-01;122.3949;30;51;2
1864;PAPEL BOND A4 RESMA 500 HOJAS;NO PERECIBLE;2026-03-01;359.985;58;150;3
1864;PAPEL BOND A4 RESMA 500 HOJAS;NO PERECIBLE;2026-04-01;93.5961;20;39;4
1864;PAPEL BOND A4 RESMA 500 HOJAS;NO PERECIBLE;2026-05-01;191.992;44;80;5
1864;PAPEL BOND A4 RESMA 500 HOJAS;NO PERECIBLE;2026-06-01;208.7913;34;87;6
1864;PAPEL BOND A4 RESMA 500 HOJAS;NO PERECIBLE;2026-07-01;122.3949;28;51;7
1865;STRETCH FILM PALLETS 50CM;NO PERECIBLE;2026-01-01;14.7;2;3;1
1865;STRETCH FILM PALLETS 50CM;NO PERECIBLE;2026-02-01;0;0;0;2
1865;STRETCH FILM PALLETS 50CM;NO PERECIBLE;2026-03-01;0;0;0;3
1865;STRETCH FILM PALLETS 50CM;NO PERECIBLE;2026-04-01;0;0;0;4
1865;STRETCH FILM PALLETS 50CM;NO PERECIBLE;2026-05-01;0;0;0;5
1865;STRETCH FILM PALLETS 50CM;NO PERECIBLE;2026-06-01;0;0;0;6
1865;STRETCH FILM PALLETS 50CM;NO PERECIBLE;2026-07-01;0;0;0;7
1880;DESODORANTE PASTILLA AMBIENTAL CEREZA TIPS 95 GR;NO PERECIBLE;2026-01-01;280.731;50;330;1
1880;DESODORANTE PASTILLA AMBIENTAL CEREZA TIPS 95 GR;NO PERECIBLE;2026-02-01;154.8274;40;182;2
1880;DESODORANTE PASTILLA AMBIENTAL CEREZA TIPS 95 GR;NO PERECIBLE;2026-03-01;256.9114;59;302;3
1880;DESODORANTE PASTILLA AMBIENTAL CEREZA TIPS 95 GR;NO PERECIBLE;2026-04-01;192.2582;56;226;4
1880;DESODORANTE PASTILLA AMBIENTAL CEREZA TIPS 95 GR;NO PERECIBLE;2026-05-01;195.661;49;230;5
1880;DESODORANTE PASTILLA AMBIENTAL CEREZA TIPS 95 GR;NO PERECIBLE;2026-06-01;212.675;56;250;6
1880;DESODORANTE PASTILLA AMBIENTAL CEREZA TIPS 95 GR;NO PERECIBLE;2026-07-01;219.4806;60;258;7
1885;DV ACIDET AC18 4 KG;NO PERECIBLE;2026-01-01;205.72;32;37;1
1885;DV ACIDET AC18 4 KG;NO PERECIBLE;2026-02-01;233.52;38;42;2
1885;DV ACIDET AC18 4 KG;NO PERECIBLE;2026-03-01;233.52;38;42;3
1885;DV ACIDET AC18 4 KG;NO PERECIBLE;2026-04-01;244.64;40;44;4
1885;DV ACIDET AC18 4 KG;NO PERECIBLE;2026-05-01;194.6;31;35;5
1885;DV ACIDET AC18 4 KG;NO PERECIBLE;2026-06-01;339.16;55;61;6
1885;DV ACIDET AC18 4 KG;NO PERECIBLE;2026-07-01;183.48;29;33;7
1886;DV DETERGENTE ALCALINO ACTIFOAM 23 KG;NO PERECIBLE;2026-01-01;465.75;9;9;1
1886;DV DETERGENTE ALCALINO ACTIFOAM 23 KG;NO PERECIBLE;2026-02-01;414;8;8;2
1886;DV DETERGENTE ALCALINO ACTIFOAM 23 KG;NO PERECIBLE;2026-03-01;621;11;12;3
1886;DV DETERGENTE ALCALINO ACTIFOAM 23 KG;NO PERECIBLE;2026-04-01;776.25;11;15;4
1886;DV DETERGENTE ALCALINO ACTIFOAM 23 KG;NO PERECIBLE;2026-05-01;724.5;9;14;5
1886;DV DETERGENTE ALCALINO ACTIFOAM 23 KG;NO PERECIBLE;2026-06-01;724.5;10;14;6
1886;DV DETERGENTE ALCALINO ACTIFOAM 23 KG;NO PERECIBLE;2026-07-01;672.75;9;13;7
1887;DV AIR PLUS AM2 FRESH 4 KG;NO PERECIBLE;2026-01-01;152;15;19;1
1887;DV AIR PLUS AM2 FRESH 4 KG;NO PERECIBLE;2026-02-01;152;15;19;2
1887;DV AIR PLUS AM2 FRESH 4 KG;NO PERECIBLE;2026-03-01;216;22;27;3
1887;DV AIR PLUS AM2 FRESH 4 KG;NO PERECIBLE;2026-04-01;144;14;18;4
1887;DV AIR PLUS AM2 FRESH 4 KG;NO PERECIBLE;2026-05-01;160;16;20;5
1887;DV AIR PLUS AM2 FRESH 4 KG;NO PERECIBLE;2026-06-01;152;14;19;6
1887;DV AIR PLUS AM2 FRESH 4 KG;NO PERECIBLE;2026-07-01;160;16;20;7
1888;DV DESINFECTANTE LIQUIDO AC10 DIQUAT 4 KG;NO PERECIBLE;2026-01-01;2287.35;190;299;1
1888;DV DESINFECTANTE LIQUIDO AC10 DIQUAT 4 KG;NO PERECIBLE;2026-02-01;2417.4;191;316;2
1888;DV DESINFECTANTE LIQUIDO AC10 DIQUAT 4 KG;NO PERECIBLE;2026-03-01;2555.1;202;334;3
1888;DV DESINFECTANTE LIQUIDO AC10 DIQUAT 4 KG;NO PERECIBLE;2026-04-01;2776.95;221;363;4
1888;DV DESINFECTANTE LIQUIDO AC10 DIQUAT 4 KG;NO PERECIBLE;2026-05-01;2960.55;223;387;5
1888;DV DESINFECTANTE LIQUIDO AC10 DIQUAT 4 KG;NO PERECIBLE;2026-06-01;2746.35;213;359;6
1888;DV DESINFECTANTE LIQUIDO AC10 DIQUAT 4 KG;NO PERECIBLE;2026-07-01;3174.75;244;415;7
1892;DV JABON LIQUIDO HANDEX HT7 TOCADOR 4 KG;NO PERECIBLE;2026-01-01;252.56;29;41;1
1892;DV JABON LIQUIDO HANDEX HT7 TOCADOR 4 KG;NO PERECIBLE;2026-02-01;197.12;20;32;2
1892;DV JABON LIQUIDO HANDEX HT7 TOCADOR 4 KG;NO PERECIBLE;2026-03-01;252.56;27;41;3
1892;DV JABON LIQUIDO HANDEX HT7 TOCADOR 4 KG;NO PERECIBLE;2026-04-01;234.08;25;38;4
1892;DV JABON LIQUIDO HANDEX HT7 TOCADOR 4 KG;NO PERECIBLE;2026-05-01;227.92;21;37;5
1892;DV JABON LIQUIDO HANDEX HT7 TOCADOR 4 KG;NO PERECIBLE;2026-06-01;203.28;23;33;6
1892;DV JABON LIQUIDO HANDEX HT7 TOCADOR 4 KG;NO PERECIBLE;2026-07-01;197.12;19;32;7
1895;DV SUMA BLEND 20 KG;NO PERECIBLE;2026-01-01;90.67;1;1;1
1895;DV SUMA BLEND 20 KG;NO PERECIBLE;2026-02-01;0;0;0;2
1895;DV SUMA BLEND 20 KG;NO PERECIBLE;2026-03-01;90.67;1;1;3
1895;DV SUMA BLEND 20 KG;NO PERECIBLE;2026-04-01;0;0;0;4
1895;DV SUMA BLEND 20 KG;NO PERECIBLE;2026-05-01;90.67;1;1;5
1895;DV SUMA BLEND 20 KG;NO PERECIBLE;2026-06-01;0;0;0;6
1895;DV SUMA BLEND 20 KG;NO PERECIBLE;2026-07-01;90.67;1;1;7
1905;JABON LAVAR LIDER AZUL 250 GR;NO PERECIBLE;2026-01-01;10.2;7;34;1
1905;JABON LAVAR LIDER AZUL 250 GR;NO PERECIBLE;2026-02-01;2.4;6;8;2
1905;JABON LAVAR LIDER AZUL 250 GR;NO PERECIBLE;2026-03-01;16.5;12;55;3
1905;JABON LAVAR LIDER AZUL 250 GR;NO PERECIBLE;2026-04-01;8.4;9;28;4
1905;JABON LAVAR LIDER AZUL 250 GR;NO PERECIBLE;2026-05-01;7.8;11;26;5
1905;JABON LAVAR LIDER AZUL 250 GR;NO PERECIBLE;2026-06-01;12.9;9;43;6
1905;JABON LAVAR LIDER AZUL 250 GR;NO PERECIBLE;2026-07-01;9;13;30;7
1908;JABON TOCADOR HIDRALOE ANTIBACTERIAL PROACTIVE 125 GR X 3;NO PERECIBLE;2026-01-01;88.518006;12;60;1
1908;JABON TOCADOR HIDRALOE ANTIBACTERIAL PROACTIVE 125 GR X 3;NO PERECIBLE;2026-02-01;100.3204068;12;68;2
1908;JABON TOCADOR HIDRALOE ANTIBACTERIAL PROACTIVE 125 GR X 3;NO PERECIBLE;2026-03-01;122.4499083;13;83;3
1908;JABON TOCADOR HIDRALOE ANTIBACTERIAL PROACTIVE 125 GR X 3;NO PERECIBLE;2026-04-01;137.2029093;15;93;4
1908;JABON TOCADOR HIDRALOE ANTIBACTERIAL PROACTIVE 125 GR X 3;NO PERECIBLE;2026-05-01;125.4005085;13;85;5
1908;JABON TOCADOR HIDRALOE ANTIBACTERIAL PROACTIVE 125 GR X 3;NO PERECIBLE;2026-06-01;115.0734078;12;78;6
1908;JABON TOCADOR HIDRALOE ANTIBACTERIAL PROACTIVE 125 GR X 3;NO PERECIBLE;2026-07-01;131.3017089;14;89;7
1909;JABON TOCADOR FRESH PROTEX 110 GR X 3;NO PERECIBLE;2026-01-01;1144.63753692;57;579;1
1909;JABON TOCADOR FRESH PROTEX 110 GR X 3;NO PERECIBLE;2026-02-01;1004.27611184;57;508;2
1909;JABON TOCADOR FRESH PROTEX 110 GR X 3;NO PERECIBLE;2026-03-01;1196.0374954;69;605;3
1909;JABON TOCADOR FRESH PROTEX 110 GR X 3;NO PERECIBLE;2026-04-01;1373.9604286;66;695;4
1909;JABON TOCADOR FRESH PROTEX 110 GR X 3;NO PERECIBLE;2026-05-01;1245.4605324;65;630;5
1909;JABON TOCADOR FRESH PROTEX 110 GR X 3;NO PERECIBLE;2026-06-01;1069.51452068;66;541;6
1909;JABON TOCADOR FRESH PROTEX 110 GR X 3;NO PERECIBLE;2026-07-01;1314.6527842;69;665;7
1911;LIJA AGUA #120;NO PERECIBLE;2026-01-01;90.9;39;202;1
1911;LIJA AGUA #120;NO PERECIBLE;2026-02-01;107.1;43;238;2
1911;LIJA AGUA #120;NO PERECIBLE;2026-03-01;113.85;49;253;3
1911;LIJA AGUA #120;NO PERECIBLE;2026-04-01;114.3;45;254;4
1911;LIJA AGUA #120;NO PERECIBLE;2026-05-01;157.05;60;349;5
1911;LIJA AGUA #120;NO PERECIBLE;2026-06-01;125.55;47;279;6
1911;LIJA AGUA #120;NO PERECIBLE;2026-07-01;76.95;41;171;7
1914;LUSTRA MUEBLES BIOSILIC 250 ML;NO PERECIBLE;2026-01-01;35.28;17;21;1
1914;LUSTRA MUEBLES BIOSILIC 250 ML;NO PERECIBLE;2026-02-01;33.6;16;20;2
1914;LUSTRA MUEBLES BIOSILIC 250 ML;NO PERECIBLE;2026-03-01;47.04;21;28;3
1914;LUSTRA MUEBLES BIOSILIC 250 ML;NO PERECIBLE;2026-04-01;38.64;19;23;4
1914;LUSTRA MUEBLES BIOSILIC 250 ML;NO PERECIBLE;2026-05-01;35.28;15;21;5
1914;LUSTRA MUEBLES BIOSILIC 250 ML;NO PERECIBLE;2026-06-01;43.68;21;26;6
1914;LUSTRA MUEBLES BIOSILIC 250 ML;NO PERECIBLE;2026-07-01;38.64;17;23;7
1916;MULTI26 POLVO 15 KG;NO PERECIBLE;2026-01-01;1902.75;26;43;1
1916;MULTI26 POLVO 15 KG;NO PERECIBLE;2026-02-01;1947;25;44;2
1916;MULTI26 POLVO 15 KG;NO PERECIBLE;2026-03-01;2079.75;27;47;3
1916;MULTI26 POLVO 15 KG;NO PERECIBLE;2026-04-01;1991.25;26;45;4
1916;MULTI26 POLVO 15 KG;NO PERECIBLE;2026-05-01;1902.75;25;43;5
1916;MULTI26 POLVO 15 KG;NO PERECIBLE;2026-06-01;2035.5;28;46;6
1916;MULTI26 POLVO 15 KG;NO PERECIBLE;2026-07-01;2035.5;28;46;7
1924;CARAMELO SURTIDO HALLS 302.4 GR (12 X25.2 GR);NO PERECIBLE;2026-01-01;79.5;2;15;1
1924;CARAMELO SURTIDO HALLS 302.4 GR (12 X25.2 GR);NO PERECIBLE;2026-02-01;58.3;2;11;2
1924;CARAMELO SURTIDO HALLS 302.4 GR (12 X25.2 GR);NO PERECIBLE;2026-03-01;42.4;2;8;3
1924;CARAMELO SURTIDO HALLS 302.4 GR (12 X25.2 GR);NO PERECIBLE;2026-04-01;185.5;4;35;4
1924;CARAMELO SURTIDO HALLS 302.4 GR (12 X25.2 GR);NO PERECIBLE;2026-05-01;111.3;6;21;5
1924;CARAMELO SURTIDO HALLS 302.4 GR (12 X25.2 GR);NO PERECIBLE;2026-06-01;0;0;0;6
1924;CARAMELO SURTIDO HALLS 302.4 GR (12 X25.2 GR);NO PERECIBLE;2026-07-01;15.9;1;3;7
1927;CARAMELO AMERICAN TOFFEES LICORES 275 GR X50 UND;NO PERECIBLE;2026-01-01;8.3215732;3;5;1
1927;CARAMELO AMERICAN TOFFEES LICORES 275 GR X50 UND;NO PERECIBLE;2026-02-01;3.32862928;2;2;2
1927;CARAMELO AMERICAN TOFFEES LICORES 275 GR X50 UND;NO PERECIBLE;2026-03-01;8.3215732;4;5;3
1927;CARAMELO AMERICAN TOFFEES LICORES 275 GR X50 UND;NO PERECIBLE;2026-04-01;3.32862928;2;2;4
1927;CARAMELO AMERICAN TOFFEES LICORES 275 GR X50 UND;NO PERECIBLE;2026-05-01;3.32862928;2;2;5
1927;CARAMELO AMERICAN TOFFEES LICORES 275 GR X50 UND;NO PERECIBLE;2026-06-01;412.75003072;73;248;6
1927;CARAMELO AMERICAN TOFFEES LICORES 275 GR X50 UND;NO PERECIBLE;2026-07-01;359.49196224;60;216;7
1947;MANI CLASICO MANICRIS 200 GR;NO PERECIBLE;2026-01-01;156.39998344;11;92;1
1947;MANI CLASICO MANICRIS 200 GR;NO PERECIBLE;2026-02-01;166.59998236;11;98;2
1947;MANI CLASICO MANICRIS 200 GR;NO PERECIBLE;2026-03-01;207.39997804;14;122;3
1947;MANI CLASICO MANICRIS 200 GR;NO PERECIBLE;2026-04-01;249.89997354;16;147;4
1947;MANI CLASICO MANICRIS 200 GR;NO PERECIBLE;2026-05-01;178.4999811;11;105;5
1947;MANI CLASICO MANICRIS 200 GR;NO PERECIBLE;2026-06-01;227.79997588;13;134;6
1947;MANI CLASICO MANICRIS 200 GR;NO PERECIBLE;2026-07-01;146.19998452;9;86;7
1962;PAPAS SARITA CEBOLLA 30 GR;NO PERECIBLE;2026-01-01;59.136;5;160;1
1962;PAPAS SARITA CEBOLLA 30 GR;NO PERECIBLE;2026-02-01;74.2896;8;201;2
1962;PAPAS SARITA CEBOLLA 30 GR;NO PERECIBLE;2026-03-01;107.5536;10;291;3
1962;PAPAS SARITA CEBOLLA 30 GR;NO PERECIBLE;2026-04-01;78.7248;7;213;4
1962;PAPAS SARITA CEBOLLA 30 GR;NO PERECIBLE;2026-05-01;151.536;9;410;5
1962;PAPAS SARITA CEBOLLA 30 GR;NO PERECIBLE;2026-06-01;79.0944;7;214;6
1962;PAPAS SARITA CEBOLLA 30 GR;NO PERECIBLE;2026-07-01;77.616;7;210;7
1967;CHIFLES CLASICOS TORTOLINES 45 GR;NO PERECIBLE;2026-01-01;169.3451;10;361;1
1967;CHIFLES CLASICOS TORTOLINES 45 GR;NO PERECIBLE;2026-02-01;200.7748;16;428;2
1967;CHIFLES CLASICOS TORTOLINES 45 GR;NO PERECIBLE;2026-03-01;275.8308;22;588;3
1967;CHIFLES CLASICOS TORTOLINES 45 GR;NO PERECIBLE;2026-04-01;238.3028;22;508;4
1967;CHIFLES CLASICOS TORTOLINES 45 GR;NO PERECIBLE;2026-05-01;284.2746;21;606;5
1967;CHIFLES CLASICOS TORTOLINES 45 GR;NO PERECIBLE;2026-06-01;553.538;23;1180;6
1967;CHIFLES CLASICOS TORTOLINES 45 GR;NO PERECIBLE;2026-07-01;645.9507;28;1377;7
1969;TOSTITOS JALAPEÑOS 45 GR;NO PERECIBLE;2026-01-01;84.43696536;10;198;1
1969;TOSTITOS JALAPEÑOS 45 GR;NO PERECIBLE;2026-02-01;72.4963844;9;170;2
1969;TOSTITOS JALAPEÑOS 45 GR;NO PERECIBLE;2026-03-01;52.45326636;7;123;3
1969;TOSTITOS JALAPEÑOS 45 GR;NO PERECIBLE;2026-04-01;0;0;0;4
1969;TOSTITOS JALAPEÑOS 45 GR;NO PERECIBLE;2026-05-01;0;0;0;5
1969;TOSTITOS JALAPEÑOS 45 GR;NO PERECIBLE;2026-06-01;0;0;0;6
1969;TOSTITOS JALAPEÑOS 45 GR;NO PERECIBLE;2026-07-01;0;0;0;7
1970;CINTA SCOTCH PEQUEÑA 18X25;NO PERECIBLE;2026-01-01;0.6;2;3;1
1970;CINTA SCOTCH PEQUEÑA 18X25;NO PERECIBLE;2026-02-01;3.4;7;17;2
1970;CINTA SCOTCH PEQUEÑA 18X25;NO PERECIBLE;2026-03-01;11.4;22;57;3
1970;CINTA SCOTCH PEQUEÑA 18X25;NO PERECIBLE;2026-04-01;0.2;1;1;4
1970;CINTA SCOTCH PEQUEÑA 18X25;NO PERECIBLE;2026-05-01;4;8;20;5
1970;CINTA SCOTCH PEQUEÑA 18X25;NO PERECIBLE;2026-06-01;2.4;6;12;6
1970;CINTA SCOTCH PEQUEÑA 18X25;NO PERECIBLE;2026-07-01;2.2;5;11;7
1971;CLIPS MARIPOSA;NO PERECIBLE;2026-01-01;1.94;2;2;1
1971;CLIPS MARIPOSA;NO PERECIBLE;2026-02-01;4.85;5;5;2
1971;CLIPS MARIPOSA;NO PERECIBLE;2026-03-01;11.64;10;12;3
1971;CLIPS MARIPOSA;NO PERECIBLE;2026-04-01;6.79;7;7;4
1971;CLIPS MARIPOSA;NO PERECIBLE;2026-05-01;6.79;7;7;5
1971;CLIPS MARIPOSA;NO PERECIBLE;2026-06-01;5.82;6;6;6
1971;CLIPS MARIPOSA;NO PERECIBLE;2026-07-01;5.82;6;6;7
1972;CLIPS ESTANDAR;NO PERECIBLE;2026-01-01;1;4;4;1
1972;CLIPS ESTANDAR;NO PERECIBLE;2026-02-01;1.5;5;6;2
1972;CLIPS ESTANDAR;NO PERECIBLE;2026-03-01;4.5;13;18;3
1972;CLIPS ESTANDAR;NO PERECIBLE;2026-04-01;2.25;9;9;4
1972;CLIPS ESTANDAR;NO PERECIBLE;2026-05-01;4;12;16;5
1972;CLIPS ESTANDAR;NO PERECIBLE;2026-06-01;3.5;9;14;6
1972;CLIPS ESTANDAR;NO PERECIBLE;2026-07-01;3.5;9;14;7
1973;CUADERNO CUADROS UNIVERSITARIO NORMA 100 HOJAS;NO PERECIBLE;2026-01-01;5;3;4;1
1973;CUADERNO CUADROS UNIVERSITARIO NORMA 100 HOJAS;NO PERECIBLE;2026-02-01;6.25;5;5;2
1973;CUADERNO CUADROS UNIVERSITARIO NORMA 100 HOJAS;NO PERECIBLE;2026-03-01;23.75;15;19;3
1973;CUADERNO CUADROS UNIVERSITARIO NORMA 100 HOJAS;NO PERECIBLE;2026-04-01;1.25;1;1;4
1973;CUADERNO CUADROS UNIVERSITARIO NORMA 100 HOJAS;NO PERECIBLE;2026-05-01;13.75;9;11;5
1973;CUADERNO CUADROS UNIVERSITARIO NORMA 100 HOJAS;NO PERECIBLE;2026-06-01;7.5;6;6;6
1973;CUADERNO CUADROS UNIVERSITARIO NORMA 100 HOJAS;NO PERECIBLE;2026-07-01;3.75;3;3;7
1975;ESFERO BIC AZUL;NO PERECIBLE;2026-01-01;14.52807005;13;65;1
1975;ESFERO BIC AZUL;NO PERECIBLE;2026-02-01;29.27964887;26;131;2
1975;ESFERO BIC AZUL;NO PERECIBLE;2026-03-01;103.70806928;54;464;3
1975;ESFERO BIC AZUL;NO PERECIBLE;2026-04-01;17.21017529;16;77;4
1975;ESFERO BIC AZUL;NO PERECIBLE;2026-05-01;45.81929785;40;205;5
1975;ESFERO BIC AZUL;NO PERECIBLE;2026-06-01;51.85403464;29;232;6
1975;ESFERO BIC AZUL;NO PERECIBLE;2026-07-01;27.04456117;26;121;7
1978;MARCADOR PERMANENTE NEGRO PELIKAN;NO PERECIBLE;2026-01-01;24.57;14;63;1
1978;MARCADOR PERMANENTE NEGRO PELIKAN;NO PERECIBLE;2026-02-01;57.33;28;147;2
1978;MARCADOR PERMANENTE NEGRO PELIKAN;NO PERECIBLE;2026-03-01;148.59;49;381;3
1978;MARCADOR PERMANENTE NEGRO PELIKAN;NO PERECIBLE;2026-04-01;31.2;10;80;4
1978;MARCADOR PERMANENTE NEGRO PELIKAN;NO PERECIBLE;2026-05-01;65.13;36;167;5
1978;MARCADOR PERMANENTE NEGRO PELIKAN;NO PERECIBLE;2026-06-01;67.08;31;172;6
1978;MARCADOR PERMANENTE NEGRO PELIKAN;NO PERECIBLE;2026-07-01;39.39;25;101;7
1980;MARCADOR NEGRO EDDING ROPA;NO PERECIBLE;2026-01-01;3.8;2;4;1
1980;MARCADOR NEGRO EDDING ROPA;NO PERECIBLE;2026-02-01;21.85;7;23;2
1980;MARCADOR NEGRO EDDING ROPA;NO PERECIBLE;2026-03-01;34.2;11;36;3
1980;MARCADOR NEGRO EDDING ROPA;NO PERECIBLE;2026-04-01;9.5;10;10;4
1980;MARCADOR NEGRO EDDING ROPA;NO PERECIBLE;2026-05-01;37.05;15;39;5
1980;MARCADOR NEGRO EDDING ROPA;NO PERECIBLE;2026-06-01;30.4;14;32;6
1980;MARCADOR NEGRO EDDING ROPA;NO PERECIBLE;2026-07-01;21.85;8;23;7
1983;PAPEL ROLLO FACTURACION;NO PERECIBLE;2026-01-01;232.56;58;306;1
1983;PAPEL ROLLO FACTURACION;NO PERECIBLE;2026-02-01;182.4;56;240;2
1983;PAPEL ROLLO FACTURACION;NO PERECIBLE;2026-03-01;251.56;63;331;3
1983;PAPEL ROLLO FACTURACION;NO PERECIBLE;2026-04-01;344.28;82;453;4
1983;PAPEL ROLLO FACTURACION;NO PERECIBLE;2026-05-01;288.04;71;379;5
1983;PAPEL ROLLO FACTURACION;NO PERECIBLE;2026-06-01;206.72;61;272;6
1983;PAPEL ROLLO FACTURACION;NO PERECIBLE;2026-07-01;179.36;56;236;7
1984;PAPEL ROLLO COPIAS X3;NO PERECIBLE;2026-01-01;29.25;6;15;1
1984;PAPEL ROLLO COPIAS X3;NO PERECIBLE;2026-02-01;19.5;4;10;2
1984;PAPEL ROLLO COPIAS X3;NO PERECIBLE;2026-03-01;19.5;5;10;3
1984;PAPEL ROLLO COPIAS X3;NO PERECIBLE;2026-04-01;13.65;4;7;4
1984;PAPEL ROLLO COPIAS X3;NO PERECIBLE;2026-05-01;25.35;5;13;5
1984;PAPEL ROLLO COPIAS X3;NO PERECIBLE;2026-06-01;27.3;6;14;6
1984;PAPEL ROLLO COPIAS X3;NO PERECIBLE;2026-07-01;15.6;4;8;7
1987;SOBRE MANILA F2 21X27 CM;NO PERECIBLE;2026-01-01;0.63599868;4;12;1
1987;SOBRE MANILA F2 21X27 CM;NO PERECIBLE;2026-02-01;3.55099263;12;67;2
1987;SOBRE MANILA F2 21X27 CM;NO PERECIBLE;2026-03-01;3.33899307;9;63;3
1987;SOBRE MANILA F2 21X27 CM;NO PERECIBLE;2026-04-01;2.27899527;9;43;4
1987;SOBRE MANILA F2 21X27 CM;NO PERECIBLE;2026-05-01;2.06699571;10;39;5
1987;SOBRE MANILA F2 21X27 CM;NO PERECIBLE;2026-06-01;5.03498955;15;95;6
1987;SOBRE MANILA F2 21X27 CM;NO PERECIBLE;2026-07-01;2.59699461;11;49;7
1988;SOBRE MANILA F4 CARTA 25X35CM;NO PERECIBLE;2026-01-01;1.404;6;18;1
1988;SOBRE MANILA F4 CARTA 25X35CM;NO PERECIBLE;2026-02-01;5.226;12;67;2
1988;SOBRE MANILA F4 CARTA 25X35CM;NO PERECIBLE;2026-03-01;9.516;19;122;3
1988;SOBRE MANILA F4 CARTA 25X35CM;NO PERECIBLE;2026-04-01;4.836;12;62;4
1988;SOBRE MANILA F4 CARTA 25X35CM;NO PERECIBLE;2026-05-01;7.878;19;101;5
1988;SOBRE MANILA F4 CARTA 25X35CM;NO PERECIBLE;2026-06-01;4.914;14;63;6
1988;SOBRE MANILA F4 CARTA 25X35CM;NO PERECIBLE;2026-07-01;7.332;14;94;7
1991;ATOMIZADOR SUMAGRILL X1UND;NO PERECIBLE;2026-01-01;361.8;29;108;1
1991;ATOMIZADOR SUMAGRILL X1UND;NO PERECIBLE;2026-02-01;268;39;80;2
1991;ATOMIZADOR SUMAGRILL X1UND;NO PERECIBLE;2026-03-01;462.3;33;138;3
1991;ATOMIZADOR SUMAGRILL X1UND;NO PERECIBLE;2026-04-01;579.55;48;173;4
1991;ATOMIZADOR SUMAGRILL X1UND;NO PERECIBLE;2026-05-01;428.8;38;128;5
1991;ATOMIZADOR SUMAGRILL X1UND;NO PERECIBLE;2026-06-01;609.7;51;182;6
1991;ATOMIZADOR SUMAGRILL X1UND;NO PERECIBLE;2026-07-01;512.55;41;153;7
1993;CANASTILLA #12 X100;NO PERECIBLE;2026-01-01;524.4;98;570;1
1993;CANASTILLA #12 X100;NO PERECIBLE;2026-02-01;596.16;99;648;2
1993;CANASTILLA #12 X100;NO PERECIBLE;2026-03-01;496.8;93;540;3
1993;CANASTILLA #12 X100;NO PERECIBLE;2026-04-01;661.48;97;719;4
1993;CANASTILLA #12 X100;NO PERECIBLE;2026-05-01;759.92;106;826;5
1993;CANASTILLA #12 X100;NO PERECIBLE;2026-06-01;791.2;126;860;6
1993;CANASTILLA #12 X100;NO PERECIBLE;2026-07-01;451.72;108;491;7
1995;CARBON LEÑA QQ;NO PERECIBLE;2026-01-01;559;34;43;1
1995;CARBON LEÑA QQ;NO PERECIBLE;2026-02-01;663;42;51;2
1995;CARBON LEÑA QQ;NO PERECIBLE;2026-03-01;533;38;41;3
1995;CARBON LEÑA QQ;NO PERECIBLE;2026-04-01;572;40;44;4
1995;CARBON LEÑA QQ;NO PERECIBLE;2026-05-01;676;38;52;5
1995;CARBON LEÑA QQ;NO PERECIBLE;2026-06-01;663;44;51;6
1995;CARBON LEÑA QQ;NO PERECIBLE;2026-07-01;611;40;47;7
1996;CEPILLO INODORO ESTRELLA CON BASE;NO PERECIBLE;2026-01-01;22.95678193;13;29;1
1996;CEPILLO INODORO ESTRELLA CON BASE;NO PERECIBLE;2026-02-01;23.7483951;11;30;2
1996;CEPILLO INODORO ESTRELLA CON BASE;NO PERECIBLE;2026-03-01;16.62387657;12;21;3
1996;CEPILLO INODORO ESTRELLA CON BASE;NO PERECIBLE;2026-04-01;15.04065023;10;19;4
1996;CEPILLO INODORO ESTRELLA CON BASE;NO PERECIBLE;2026-05-01;29.28968729;14;37;5
1996;CEPILLO INODORO ESTRELLA CON BASE;NO PERECIBLE;2026-06-01;37.20581899;18;47;6
1996;CEPILLO INODORO ESTRELLA CON BASE;NO PERECIBLE;2026-07-01;7.12451853;8;9;7
1997;CEPILLO LAVAR;NO PERECIBLE;2026-01-01;96.6795478;126;230;1
1997;CEPILLO LAVAR;NO PERECIBLE;2026-02-01;80.70640512;108;192;2
1997;CEPILLO LAVAR;NO PERECIBLE;2026-03-01;92.05574334;125;219;3
1997;CEPILLO LAVAR;NO PERECIBLE;2026-04-01;99.62196882;130;237;4
1997;CEPILLO LAVAR;NO PERECIBLE;2026-05-01;101.72369812;123;242;5
1997;CEPILLO LAVAR;NO PERECIBLE;2026-06-01;102.9847357;137;245;6
1997;CEPILLO LAVAR;NO PERECIBLE;2026-07-01;87.43193888;123;208;7
2001;CINTA EMBALAJE 80Y;NO PERECIBLE;2026-01-01;54.75;30;73;1
2001;CINTA EMBALAJE 80Y;NO PERECIBLE;2026-02-01;53.25;34;71;2
2001;CINTA EMBALAJE 80Y;NO PERECIBLE;2026-03-01;84.75;44;113;3
2001;CINTA EMBALAJE 80Y;NO PERECIBLE;2026-04-01;60.75;36;81;4
2001;CINTA EMBALAJE 80Y;NO PERECIBLE;2026-05-01;69.75;41;93;5
2001;CINTA EMBALAJE 80Y;NO PERECIBLE;2026-06-01;75.75;40;101;6
2001;CINTA EMBALAJE 80Y;NO PERECIBLE;2026-07-01;60.75;35;81;7
2007;ESCOBA MADERA FIBRA INDUSTRIAL;NO PERECIBLE;2026-01-01;2.5;1;1;1
2007;ESCOBA MADERA FIBRA INDUSTRIAL;NO PERECIBLE;2026-02-01;2.5;1;1;2
2007;ESCOBA MADERA FIBRA INDUSTRIAL;NO PERECIBLE;2026-03-01;0;0;0;3
2007;ESCOBA MADERA FIBRA INDUSTRIAL;NO PERECIBLE;2026-04-01;2.5;1;1;4
2007;ESCOBA MADERA FIBRA INDUSTRIAL;NO PERECIBLE;2026-05-01;0;0;0;5
2007;ESCOBA MADERA FIBRA INDUSTRIAL;NO PERECIBLE;2026-06-01;0;0;0;6
2007;ESCOBA MADERA FIBRA INDUSTRIAL;NO PERECIBLE;2026-07-01;2.5;1;1;7
2009;ESCOBA PLASTICA NYL SUAVE 25 CM TUBO PLASTIFICADO;NO PERECIBLE;2026-01-01;440.7;114;226;1
2009;ESCOBA PLASTICA NYL SUAVE 25 CM TUBO PLASTIFICADO;NO PERECIBLE;2026-02-01;446.55;106;229;2
2009;ESCOBA PLASTICA NYL SUAVE 25 CM TUBO PLASTIFICADO;NO PERECIBLE;2026-03-01;499.2;129;256;3
2009;ESCOBA PLASTICA NYL SUAVE 25 CM TUBO PLASTIFICADO;NO PERECIBLE;2026-04-01;561.6;138;288;4
2009;ESCOBA PLASTICA NYL SUAVE 25 CM TUBO PLASTIFICADO;NO PERECIBLE;2026-05-01;538.2;129;276;5
2009;ESCOBA PLASTICA NYL SUAVE 25 CM TUBO PLASTIFICADO;NO PERECIBLE;2026-06-01;477.75;121;245;6
2009;ESCOBA PLASTICA NYL SUAVE 25 CM TUBO PLASTIFICADO;NO PERECIBLE;2026-07-01;469.95;120;241;7
2011;ESTROPAJO ALAMBRE ESTRELLA;NO PERECIBLE;2026-01-01;101.83211605;221;835;1
2011;ESTROPAJO ALAMBRE ESTRELLA;NO PERECIBLE;2026-02-01;96.95393085;196;795;2
2011;ESTROPAJO ALAMBRE ESTRELLA;NO PERECIBLE;2026-03-01;128.41822539;215;1053;3
2011;ESTROPAJO ALAMBRE ESTRELLA;NO PERECIBLE;2026-04-01;96.46611233;221;791;4
2011;ESTROPAJO ALAMBRE ESTRELLA;NO PERECIBLE;2026-05-01;99.88084197;224;819;5
2011;ESTROPAJO ALAMBRE ESTRELLA;NO PERECIBLE;2026-06-01;99.27106882;204;814;6
2011;ESTROPAJO ALAMBRE ESTRELLA;NO PERECIBLE;2026-07-01;88.29515212;209;724;7
2019;GUANTE CAUCHO INDUSTRIAL CORTO NEGRO 300MM C40 T9 MASTER;NO PERECIBLE;2026-01-01;0;0;0;1
2019;GUANTE CAUCHO INDUSTRIAL CORTO NEGRO 300MM C40 T9 MASTER;NO PERECIBLE;2026-02-01;0;0;0;2
2019;GUANTE CAUCHO INDUSTRIAL CORTO NEGRO 300MM C40 T9 MASTER;NO PERECIBLE;2026-03-01;0;0;0;3
2019;GUANTE CAUCHO INDUSTRIAL CORTO NEGRO 300MM C40 T9 MASTER;NO PERECIBLE;2026-04-01;0;0;0;4
2019;GUANTE CAUCHO INDUSTRIAL CORTO NEGRO 300MM C40 T9 MASTER;NO PERECIBLE;2026-05-01;0;0;0;5
2019;GUANTE CAUCHO INDUSTRIAL CORTO NEGRO 300MM C40 T9 MASTER;NO PERECIBLE;2026-06-01;4.08;1;2;6
2019;GUANTE CAUCHO INDUSTRIAL CORTO NEGRO 300MM C40 T9 MASTER;NO PERECIBLE;2026-07-01;6.12;2;3;7
2020;GUANTE ALIMENTOS VINIL MEDIANA X100;NO PERECIBLE;2026-01-01;208.25;36;85;1
2020;GUANTE ALIMENTOS VINIL MEDIANA X100;NO PERECIBLE;2026-02-01;181.3;29;74;2
2020;GUANTE ALIMENTOS VINIL MEDIANA X100;NO PERECIBLE;2026-03-01;188.65;27;77;3
2020;GUANTE ALIMENTOS VINIL MEDIANA X100;NO PERECIBLE;2026-04-01;230.3;32;94;4
2020;GUANTE ALIMENTOS VINIL MEDIANA X100;NO PERECIBLE;2026-05-01;208.25;33;85;5
2020;GUANTE ALIMENTOS VINIL MEDIANA X100;NO PERECIBLE;2026-06-01;218.05;35;89;6
2020;GUANTE ALIMENTOS VINIL MEDIANA X100;NO PERECIBLE;2026-07-01;215.6;32;88;7
2025;GUANTE NIT PETROLERO C22 450MM TALLA L/9 MASTER;NO PERECIBLE;2026-01-01;451.2;62;94;1
2025;GUANTE NIT PETROLERO C22 450MM TALLA L/9 MASTER;NO PERECIBLE;2026-02-01;499.2;66;104;2
2025;GUANTE NIT PETROLERO C22 450MM TALLA L/9 MASTER;NO PERECIBLE;2026-03-01;499.2;73;104;3
2025;GUANTE NIT PETROLERO C22 450MM TALLA L/9 MASTER;NO PERECIBLE;2026-04-01;528;69;110;4
2025;GUANTE NIT PETROLERO C22 450MM TALLA L/9 MASTER;NO PERECIBLE;2026-05-01;537.6;71;112;5
2025;GUANTE NIT PETROLERO C22 450MM TALLA L/9 MASTER;NO PERECIBLE;2026-06-01;532.8;70;111;6
2025;GUANTE NIT PETROLERO C22 450MM TALLA L/9 MASTER;NO PERECIBLE;2026-07-01;590.4;79;123;7
2028;GUANTE PLASTICO X100;NO PERECIBLE;2026-01-01;7.11;4;9;1
2028;GUANTE PLASTICO X100;NO PERECIBLE;2026-02-01;3.16;3;4;2
2028;GUANTE PLASTICO X100;NO PERECIBLE;2026-03-01;3.95;3;5;3
2028;GUANTE PLASTICO X100;NO PERECIBLE;2026-04-01;10.27;5;13;4
2028;GUANTE PLASTICO X100;NO PERECIBLE;2026-05-01;3.95;3;5;5
2028;GUANTE PLASTICO X100;NO PERECIBLE;2026-06-01;3.95;3;5;6
2028;GUANTE PLASTICO X100;NO PERECIBLE;2026-07-01;5.53;4;7;7
2029;GUANTE PUPOS PAR;NO PERECIBLE;2026-01-01;96.35003485;74;205;1
2029;GUANTE PUPOS PAR;NO PERECIBLE;2026-02-01;84.13003043;70;179;2
2029;GUANTE PUPOS PAR;NO PERECIBLE;2026-03-01;119.85004335;79;255;3
2029;GUANTE PUPOS PAR;NO PERECIBLE;2026-04-01;91.18003298;76;194;4
2029;GUANTE PUPOS PAR;NO PERECIBLE;2026-05-01;110.45003995;87;235;5
2029;GUANTE PUPOS PAR;NO PERECIBLE;2026-06-01;86.01003111;72;183;6
2029;GUANTE PUPOS PAR;NO PERECIBLE;2026-07-01;105.75003825;85;225;7
2037;PAPEL DESPACHO RESMA X100;NO PERECIBLE;2026-01-01;129.6;30;36;1
2037;PAPEL DESPACHO RESMA X100;NO PERECIBLE;2026-02-01;90;17;25;2
2037;PAPEL DESPACHO RESMA X100;NO PERECIBLE;2026-03-01;154.8;25;43;3
2037;PAPEL DESPACHO RESMA X100;NO PERECIBLE;2026-04-01;212.4;32;59;4
2037;PAPEL DESPACHO RESMA X100;NO PERECIBLE;2026-05-01;212.4;39;59;5
2037;PAPEL DESPACHO RESMA X100;NO PERECIBLE;2026-06-01;151.2;30;42;6
2037;PAPEL DESPACHO RESMA X100;NO PERECIBLE;2026-07-01;129.6;24;36;7
2038;PINCHO MADERA PEQUEÑO X100;NO PERECIBLE;2026-01-01;12.81;21;21;1
2038;PINCHO MADERA PEQUEÑO X100;NO PERECIBLE;2026-02-01;8.54;9;14;2
2038;PINCHO MADERA PEQUEÑO X100;NO PERECIBLE;2026-03-01;28.06;20;46;3
2038;PINCHO MADERA PEQUEÑO X100;NO PERECIBLE;2026-04-01;25.01;29;41;4
2038;PINCHO MADERA PEQUEÑO X100;NO PERECIBLE;2026-05-01;53.68;24;88;5
2038;PINCHO MADERA PEQUEÑO X100;NO PERECIBLE;2026-06-01;18.91;23;31;6
2038;PINCHO MADERA PEQUEÑO X100;NO PERECIBLE;2026-07-01;21.96;29;36;7
2039;TENEDOR CHIQUITO PLASTICO X100;NO PERECIBLE;2026-01-01;65.6064;26;67;1
2039;TENEDOR CHIQUITO PLASTICO X100;NO PERECIBLE;2026-02-01;22.5216;11;23;2
2039;TENEDOR CHIQUITO PLASTICO X100;NO PERECIBLE;2026-03-01;28.3968;10;29;3
2039;TENEDOR CHIQUITO PLASTICO X100;NO PERECIBLE;2026-04-01;66.5856;25;68;4
2039;TENEDOR CHIQUITO PLASTICO X100;NO PERECIBLE;2026-05-01;73.44;31;75;5
2039;TENEDOR CHIQUITO PLASTICO X100;NO PERECIBLE;2026-06-01;55.8144;24;57;6
2039;TENEDOR CHIQUITO PLASTICO X100;NO PERECIBLE;2026-07-01;47.0016;18;48;7
2042;TRAPEADOR;NO PERECIBLE;2026-01-01;8;4;4;1
2042;TRAPEADOR;NO PERECIBLE;2026-02-01;2;1;1;2
2042;TRAPEADOR;NO PERECIBLE;2026-03-01;14;4;7;3
2042;TRAPEADOR;NO PERECIBLE;2026-04-01;6;2;3;4
2042;TRAPEADOR;NO PERECIBLE;2026-05-01;6;2;3;5
2042;TRAPEADOR;NO PERECIBLE;2026-06-01;8;3;4;6
2042;TRAPEADOR;NO PERECIBLE;2026-07-01;6;2;3;7
2043;SET ULTRAMOPA STANDARD 196 (MOPA + BASE + TUBO);NO PERECIBLE;2026-01-01;81.61993245;4;7;1
2043;SET ULTRAMOPA STANDARD 196 (MOPA + BASE + TUBO);NO PERECIBLE;2026-02-01;268.17977805;11;23;2
2043;SET ULTRAMOPA STANDARD 196 (MOPA + BASE + TUBO);NO PERECIBLE;2026-03-01;174.89985525;10;15;3
2043;SET ULTRAMOPA STANDARD 196 (MOPA + BASE + TUBO);NO PERECIBLE;2026-04-01;303.1597491;12;26;4
2043;SET ULTRAMOPA STANDARD 196 (MOPA + BASE + TUBO);NO PERECIBLE;2026-05-01;244.85979735;10;21;5
2043;SET ULTRAMOPA STANDARD 196 (MOPA + BASE + TUBO);NO PERECIBLE;2026-06-01;163.2398649;11;14;6
2043;SET ULTRAMOPA STANDARD 196 (MOPA + BASE + TUBO);NO PERECIBLE;2026-07-01;174.89985525;11;15;7
2051;BARRA TOSH FRESA 138 GR (6 X23 GR);NO PERECIBLE;2026-01-01;213.36;2;84;1
2051;BARRA TOSH FRESA 138 GR (6 X23 GR);NO PERECIBLE;2026-02-01;0;0;0;2
2051;BARRA TOSH FRESA 138 GR (6 X23 GR);NO PERECIBLE;2026-03-01;226.06;5;89;3
2051;BARRA TOSH FRESA 138 GR (6 X23 GR);NO PERECIBLE;2026-04-01;152.4;4;60;4
2051;BARRA TOSH FRESA 138 GR (6 X23 GR);NO PERECIBLE;2026-05-01;213.36;2;84;5
2051;BARRA TOSH FRESA 138 GR (6 X23 GR);NO PERECIBLE;2026-06-01;342.9;6;135;6
2051;BARRA TOSH FRESA 138 GR (6 X23 GR);NO PERECIBLE;2026-07-01;137.16;3;54;7
2054;ARCHIVADOR BENE OFICIO;NO PERECIBLE;2026-01-01;11.0705;5;7;1
2054;ARCHIVADOR BENE OFICIO;NO PERECIBLE;2026-02-01;14.2335;5;9;2
2054;ARCHIVADOR BENE OFICIO;NO PERECIBLE;2026-03-01;12.652;5;8;3
2054;ARCHIVADOR BENE OFICIO;NO PERECIBLE;2026-04-01;4.7445;2;3;4
2054;ARCHIVADOR BENE OFICIO;NO PERECIBLE;2026-05-01;22.141;9;14;5
2054;ARCHIVADOR BENE OFICIO;NO PERECIBLE;2026-06-01;17.3965;4;11;6
2054;ARCHIVADOR BENE OFICIO;NO PERECIBLE;2026-07-01;6.326;4;4;7
2058;CLAVO OLOR 30 GR;NO PERECIBLE;2026-01-01;10.26;9;18;1
2058;CLAVO OLOR 30 GR;NO PERECIBLE;2026-02-01;16.53;13;29;2
2058;CLAVO OLOR 30 GR;NO PERECIBLE;2026-03-01;26.79;12;47;3
2058;CLAVO OLOR 30 GR;NO PERECIBLE;2026-04-01;9.12;10;16;4
2058;CLAVO OLOR 30 GR;NO PERECIBLE;2026-05-01;14.25;11;25;5
2058;CLAVO OLOR 30 GR;NO PERECIBLE;2026-06-01;19.95;12;35;6
2058;CLAVO OLOR 30 GR;NO PERECIBLE;2026-07-01;5.7;7;10;7
2076;LAPIZ MONGOL HB;NO PERECIBLE;2026-01-01;0.9;4;5;1
2076;LAPIZ MONGOL HB;NO PERECIBLE;2026-02-01;1.26;4;7;2
2076;LAPIZ MONGOL HB;NO PERECIBLE;2026-03-01;1.44;6;8;3
2076;LAPIZ MONGOL HB;NO PERECIBLE;2026-04-01;1.08;3;6;4
2076;LAPIZ MONGOL HB;NO PERECIBLE;2026-05-01;1.26;4;7;5
2076;LAPIZ MONGOL HB;NO PERECIBLE;2026-06-01;1.44;6;8;6
2076;LAPIZ MONGOL HB;NO PERECIBLE;2026-07-01;2.52;7;14;7
2082;MANI AJONJOLI 25 GR;NO PERECIBLE;2026-01-01;0;0;0;1
2082;MANI AJONJOLI 25 GR;NO PERECIBLE;2026-02-01;19;2;95;2
2082;MANI AJONJOLI 25 GR;NO PERECIBLE;2026-03-01;9;2;45;3
2082;MANI AJONJOLI 25 GR;NO PERECIBLE;2026-04-01;0;0;0;4
2082;MANI AJONJOLI 25 GR;NO PERECIBLE;2026-05-01;0;0;0;5
2082;MANI AJONJOLI 25 GR;NO PERECIBLE;2026-06-01;0;0;0;6
2082;MANI AJONJOLI 25 GR;NO PERECIBLE;2026-07-01;0;0;0;7
2085;AROMATICA MANZANILLA MIEL HORNIMANS 32 GR X25;NO PERECIBLE;2026-01-01;45.35893432;11;28;1
2085;AROMATICA MANZANILLA MIEL HORNIMANS 32 GR X25;NO PERECIBLE;2026-02-01;55.07870596;12;34;2
2085;AROMATICA MANZANILLA MIEL HORNIMANS 32 GR X25;NO PERECIBLE;2026-03-01;93.95779252;13;58;3
2085;AROMATICA MANZANILLA MIEL HORNIMANS 32 GR X25;NO PERECIBLE;2026-04-01;100.43764028;19;62;4
2085;AROMATICA MANZANILLA MIEL HORNIMANS 32 GR X25;NO PERECIBLE;2026-05-01;116.63725968;20;72;5
2085;AROMATICA MANZANILLA MIEL HORNIMANS 32 GR X25;NO PERECIBLE;2026-06-01;129.5969552;19;80;6
2085;AROMATICA MANZANILLA MIEL HORNIMANS 32 GR X25;NO PERECIBLE;2026-07-01;171.71596564;37;106;7
2086;MULTI26 LIQUIDO 20 KG;NO PERECIBLE;2026-01-01;33;1;1;1
2086;MULTI26 LIQUIDO 20 KG;NO PERECIBLE;2026-02-01;33;1;1;2
2086;MULTI26 LIQUIDO 20 KG;NO PERECIBLE;2026-03-01;33;1;1;3
2086;MULTI26 LIQUIDO 20 KG;NO PERECIBLE;2026-04-01;33;1;1;4
2086;MULTI26 LIQUIDO 20 KG;NO PERECIBLE;2026-05-01;33;1;1;5
2086;MULTI26 LIQUIDO 20 KG;NO PERECIBLE;2026-06-01;33;1;1;6
2086;MULTI26 LIQUIDO 20 KG;NO PERECIBLE;2026-07-01;0;0;0;7
2089;PAPEL TOALLA DE MANOS HOJA SENCILLA ROLLO SCOTT ESSENTIAL 305 MTS (30229431);NO PERECIBLE;2026-01-01;900;40;120;1
2089;PAPEL TOALLA DE MANOS HOJA SENCILLA ROLLO SCOTT ESSENTIAL 305 MTS (30229431);NO PERECIBLE;2026-02-01;952.5;44;127;2
2089;PAPEL TOALLA DE MANOS HOJA SENCILLA ROLLO SCOTT ESSENTIAL 305 MTS (30229431);NO PERECIBLE;2026-03-01;1222.5;52;163;3
2089;PAPEL TOALLA DE MANOS HOJA SENCILLA ROLLO SCOTT ESSENTIAL 305 MTS (30229431);NO PERECIBLE;2026-04-01;952.5;43;127;4
2089;PAPEL TOALLA DE MANOS HOJA SENCILLA ROLLO SCOTT ESSENTIAL 305 MTS (30229431);NO PERECIBLE;2026-05-01;937.5;45;125;5
2089;PAPEL TOALLA DE MANOS HOJA SENCILLA ROLLO SCOTT ESSENTIAL 305 MTS (30229431);NO PERECIBLE;2026-06-01;1020;52;136;6
2089;PAPEL TOALLA DE MANOS HOJA SENCILLA ROLLO SCOTT ESSENTIAL 305 MTS (30229431);NO PERECIBLE;2026-07-01;1035;43;138;7
2092;PAPEL HIGIENICO DOBLE HOJA ROLLO JUMBO SCOTT ESSENTIAL 250 M (30245194);NO PERECIBLE;2026-01-01;579.375;92;309;1
2092;PAPEL HIGIENICO DOBLE HOJA ROLLO JUMBO SCOTT ESSENTIAL 250 M (30245194);NO PERECIBLE;2026-02-01;778.125;92;415;2
2092;PAPEL HIGIENICO DOBLE HOJA ROLLO JUMBO SCOTT ESSENTIAL 250 M (30245194);NO PERECIBLE;2026-03-01;838.125;106;447;3
2092;PAPEL HIGIENICO DOBLE HOJA ROLLO JUMBO SCOTT ESSENTIAL 250 M (30245194);NO PERECIBLE;2026-04-01;789.375;100;421;4
2092;PAPEL HIGIENICO DOBLE HOJA ROLLO JUMBO SCOTT ESSENTIAL 250 M (30245194);NO PERECIBLE;2026-05-01;763.125;101;407;5
2092;PAPEL HIGIENICO DOBLE HOJA ROLLO JUMBO SCOTT ESSENTIAL 250 M (30245194);NO PERECIBLE;2026-06-01;956.25;125;510;6
2092;PAPEL HIGIENICO DOBLE HOJA ROLLO JUMBO SCOTT ESSENTIAL 250 M (30245194);NO PERECIBLE;2026-07-01;778.125;110;415;7
2098;PLATO TERMICO LLANO ALEGRIA #10 1/4 X25 UND;NO PERECIBLE;2026-01-01;0;0;0;1
2098;PLATO TERMICO LLANO ALEGRIA #10 1/4 X25 UND;NO PERECIBLE;2026-02-01;0;0;0;2
2098;PLATO TERMICO LLANO ALEGRIA #10 1/4 X25 UND;NO PERECIBLE;2026-03-01;6.40922359;3;7;3
2098;PLATO TERMICO LLANO ALEGRIA #10 1/4 X25 UND;NO PERECIBLE;2026-04-01;29.29930784;2;32;4
2098;PLATO TERMICO LLANO ALEGRIA #10 1/4 X25 UND;NO PERECIBLE;2026-05-01;4.57801685;2;5;5
2098;PLATO TERMICO LLANO ALEGRIA #10 1/4 X25 UND;NO PERECIBLE;2026-06-01;0;0;0;6
2098;PLATO TERMICO LLANO ALEGRIA #10 1/4 X25 UND;NO PERECIBLE;2026-07-01;6.40922359;2;7;7
2099;PLATO TERMICO BLANCO #7 X25 UND;NO PERECIBLE;2026-01-01;94.66977798;21;233;1
2099;PLATO TERMICO BLANCO #7 X25 UND;NO PERECIBLE;2026-02-01;102.79593918;25;253;2
2099;PLATO TERMICO BLANCO #7 X25 UND;NO PERECIBLE;2026-03-01;140.98889682;33;347;3
2099;PLATO TERMICO BLANCO #7 X25 UND;NO PERECIBLE;2026-04-01;106.85901978;29;263;4
2099;PLATO TERMICO BLANCO #7 X25 UND;NO PERECIBLE;2026-05-01;150.3339822;35;370;5
2099;PLATO TERMICO BLANCO #7 X25 UND;NO PERECIBLE;2026-06-01;124.73657442;31;307;6
2099;PLATO TERMICO BLANCO #7 X25 UND;NO PERECIBLE;2026-07-01;171.46200132;37;422;7
2101;PLATO SOPERO TERMICO X25 UND;NO PERECIBLE;2026-01-01;11.10819672;1;8;1
2101;PLATO SOPERO TERMICO X25 UND;NO PERECIBLE;2026-02-01;0;0;0;2
2101;PLATO SOPERO TERMICO X25 UND;NO PERECIBLE;2026-03-01;0;0;0;3
2101;PLATO SOPERO TERMICO X25 UND;NO PERECIBLE;2026-04-01;0;0;0;4
2101;PLATO SOPERO TERMICO X25 UND;NO PERECIBLE;2026-05-01;0;0;0;5
2101;PLATO SOPERO TERMICO X25 UND;NO PERECIBLE;2026-06-01;0;0;0;6
2101;PLATO SOPERO TERMICO X25 UND;NO PERECIBLE;2026-07-01;0;0;0;7
2102;RECIBERA;NO PERECIBLE;2026-01-01;0.72;1;1;1
2102;RECIBERA;NO PERECIBLE;2026-02-01;0;0;0;2
2102;RECIBERA;NO PERECIBLE;2026-03-01;2.16;3;3;3
2102;RECIBERA;NO PERECIBLE;2026-04-01;0;0;0;4
2102;RECIBERA;NO PERECIBLE;2026-05-01;2.16;3;3;5
2102;RECIBERA;NO PERECIBLE;2026-06-01;0.72;1;1;6
2102;RECIBERA;NO PERECIBLE;2026-07-01;0.72;1;1;7
2107;SEPARADOR PLASTICO AMARILLO X10;NO PERECIBLE;2026-01-01;0.58;1;1;1
2107;SEPARADOR PLASTICO AMARILLO X10;NO PERECIBLE;2026-02-01;2.9;3;5;2
2107;SEPARADOR PLASTICO AMARILLO X10;NO PERECIBLE;2026-03-01;1.74;3;3;3
2107;SEPARADOR PLASTICO AMARILLO X10;NO PERECIBLE;2026-04-01;4.06;7;7;4
2107;SEPARADOR PLASTICO AMARILLO X10;NO PERECIBLE;2026-05-01;5.8;6;10;5
2107;SEPARADOR PLASTICO AMARILLO X10;NO PERECIBLE;2026-06-01;1.16;2;2;6
2107;SEPARADOR PLASTICO AMARILLO X10;NO PERECIBLE;2026-07-01;0;0;0;7
2109;TABLA DE APOYO PLASTICA;NO PERECIBLE;2026-01-01;8.45;4;5;1
2109;TABLA DE APOYO PLASTICA;NO PERECIBLE;2026-02-01;23.66;10;14;2
2109;TABLA DE APOYO PLASTICA;NO PERECIBLE;2026-03-01;16.9;9;10;3
2109;TABLA DE APOYO PLASTICA;NO PERECIBLE;2026-04-01;5.07;1;3;4
2109;TABLA DE APOYO PLASTICA;NO PERECIBLE;2026-05-01;27.04;12;16;5
2109;TABLA DE APOYO PLASTICA;NO PERECIBLE;2026-06-01;67.6;18;40;6
2109;TABLA DE APOYO PLASTICA;NO PERECIBLE;2026-07-01;20.28;7;12;7
2118;ULTRAMOPA STANDARD REPUESTO (202);NO PERECIBLE;2026-01-01;92.96;10;14;1
2118;ULTRAMOPA STANDARD REPUESTO (202);NO PERECIBLE;2026-02-01;92.96;11;14;2
2118;ULTRAMOPA STANDARD REPUESTO (202);NO PERECIBLE;2026-03-01;86.32;11;13;3
2118;ULTRAMOPA STANDARD REPUESTO (202);NO PERECIBLE;2026-04-01;166;20;25;4
2118;ULTRAMOPA STANDARD REPUESTO (202);NO PERECIBLE;2026-05-01;73.04;8;11;5
2118;ULTRAMOPA STANDARD REPUESTO (202);NO PERECIBLE;2026-06-01;132.8;17;20;6
2118;ULTRAMOPA STANDARD REPUESTO (202);NO PERECIBLE;2026-07-01;112.88;13;17;7
2123;VASO PLÁSTICO CON TAPA 10 ONZ X100 UND;NO PERECIBLE;2026-01-01;46.82371738;6;11;1
2123;VASO PLÁSTICO CON TAPA 10 ONZ X100 UND;NO PERECIBLE;2026-02-01;72.36392686;7;17;2
2123;VASO PLÁSTICO CON TAPA 10 ONZ X100 UND;NO PERECIBLE;2026-03-01;204.32167584;9;48;3
2123;VASO PLÁSTICO CON TAPA 10 ONZ X100 UND;NO PERECIBLE;2026-04-01;323.50932008;10;76;4
2123;VASO PLÁSTICO CON TAPA 10 ONZ X100 UND;NO PERECIBLE;2026-05-01;161.75466004;7;38;5
2123;VASO PLÁSTICO CON TAPA 10 ONZ X100 UND;NO PERECIBLE;2026-06-01;114.93094266;10;27;6
2123;VASO PLÁSTICO CON TAPA 10 ONZ X100 UND;NO PERECIBLE;2026-07-01;212.835079;9;50;7
2124;VASO PLÁSTICO SIN TAPA 10 ONZ X 50 UND;NO PERECIBLE;2026-01-01;210.45;24;305;1
2124;VASO PLÁSTICO SIN TAPA 10 ONZ X 50 UND;NO PERECIBLE;2026-02-01;311.88;21;452;2
2124;VASO PLÁSTICO SIN TAPA 10 ONZ X 50 UND;NO PERECIBLE;2026-03-01;290.49;27;421;3
2124;VASO PLÁSTICO SIN TAPA 10 ONZ X 50 UND;NO PERECIBLE;2026-04-01;178.02;19;258;4
2124;VASO PLÁSTICO SIN TAPA 10 ONZ X 50 UND;NO PERECIBLE;2026-05-01;224.25;15;325;5
2124;VASO PLÁSTICO SIN TAPA 10 ONZ X 50 UND;NO PERECIBLE;2026-06-01;206.31;22;299;6
2124;VASO PLÁSTICO SIN TAPA 10 ONZ X 50 UND;NO PERECIBLE;2026-07-01;235.98;29;342;7
2130;VIANDA TRANSPARENTE REDONDA 700 CC X25;NO PERECIBLE;2026-01-01;163.6845;11;119;1
2130;VIANDA TRANSPARENTE REDONDA 700 CC X25;NO PERECIBLE;2026-02-01;44.016;6;32;2
2130;VIANDA TRANSPARENTE REDONDA 700 CC X25;NO PERECIBLE;2026-03-01;359.0055;16;261;3
2130;VIANDA TRANSPARENTE REDONDA 700 CC X25;NO PERECIBLE;2026-04-01;297.108;12;216;4
2130;VIANDA TRANSPARENTE REDONDA 700 CC X25;NO PERECIBLE;2026-05-01;507.5595;11;369;5
2130;VIANDA TRANSPARENTE REDONDA 700 CC X25;NO PERECIBLE;2026-06-01;320.4915;18;233;6
2130;VIANDA TRANSPARENTE REDONDA 700 CC X25;NO PERECIBLE;2026-07-01;301.2345;15;219;7
2139;CARVE TRIGO/SOYA 450 GR;PERECIBLE;2026-01-01;0;0;0;1
2139;CARVE TRIGO/SOYA 450 GR;PERECIBLE;2026-02-01;13.5;3;3;2
2139;CARVE TRIGO/SOYA 450 GR;PERECIBLE;2026-03-01;13.5;3;3;3
2139;CARVE TRIGO/SOYA 450 GR;PERECIBLE;2026-04-01;9;2;2;4
2139;CARVE TRIGO/SOYA 450 GR;PERECIBLE;2026-05-01;4.5;1;1;5
2139;CARVE TRIGO/SOYA 450 GR;PERECIBLE;2026-06-01;76.5;3;17;6
2139;CARVE TRIGO/SOYA 450 GR;PERECIBLE;2026-07-01;22.5;2;5;7
2149;ARCHIVADOR ACORDEON PLASTICO;NO PERECIBLE;2026-01-01;15;6;6;1
2149;ARCHIVADOR ACORDEON PLASTICO;NO PERECIBLE;2026-02-01;7.5;3;3;2
2149;ARCHIVADOR ACORDEON PLASTICO;NO PERECIBLE;2026-03-01;7.5;3;3;3
2149;ARCHIVADOR ACORDEON PLASTICO;NO PERECIBLE;2026-04-01;2.5;1;1;4
2149;ARCHIVADOR ACORDEON PLASTICO;NO PERECIBLE;2026-05-01;20;8;8;5
2149;ARCHIVADOR ACORDEON PLASTICO;NO PERECIBLE;2026-06-01;17.5;7;7;6
2149;ARCHIVADOR ACORDEON PLASTICO;NO PERECIBLE;2026-07-01;7.5;3;3;7
2154;BORRADOR PELIKAN BLANCO;NO PERECIBLE;2026-01-01;0.17;1;1;1
2154;BORRADOR PELIKAN BLANCO;NO PERECIBLE;2026-02-01;0.51;2;3;2
2154;BORRADOR PELIKAN BLANCO;NO PERECIBLE;2026-03-01;1.87;9;11;3
2154;BORRADOR PELIKAN BLANCO;NO PERECIBLE;2026-04-01;1.36;8;8;4
2154;BORRADOR PELIKAN BLANCO;NO PERECIBLE;2026-05-01;0.34;2;2;5
2154;BORRADOR PELIKAN BLANCO;NO PERECIBLE;2026-06-01;0.34;2;2;6
2154;BORRADOR PELIKAN BLANCO;NO PERECIBLE;2026-07-01;1.02;5;6;7
2156;CALCULADORA CASIO HL 815 8 DIGITOS BOLSILLO;NO PERECIBLE;2026-01-01;4.4;1;1;1
2156;CALCULADORA CASIO HL 815 8 DIGITOS BOLSILLO;NO PERECIBLE;2026-02-01;4.4;1;1;2
2156;CALCULADORA CASIO HL 815 8 DIGITOS BOLSILLO;NO PERECIBLE;2026-03-01;0;0;0;3
2156;CALCULADORA CASIO HL 815 8 DIGITOS BOLSILLO;NO PERECIBLE;2026-04-01;4.4;1;1;4
2156;CALCULADORA CASIO HL 815 8 DIGITOS BOLSILLO;NO PERECIBLE;2026-05-01;8.8;2;2;5
2156;CALCULADORA CASIO HL 815 8 DIGITOS BOLSILLO;NO PERECIBLE;2026-06-01;30.8;6;7;6
2156;CALCULADORA CASIO HL 815 8 DIGITOS BOLSILLO;NO PERECIBLE;2026-07-01;8.8;2;2;7
2158;CARPETA PLASTICO;NO PERECIBLE;2026-01-01;0.44;1;2;1
2158;CARPETA PLASTICO;NO PERECIBLE;2026-02-01;2.2;4;10;2
2158;CARPETA PLASTICO;NO PERECIBLE;2026-03-01;0.44;2;2;3
2158;CARPETA PLASTICO;NO PERECIBLE;2026-04-01;0;0;0;4
2158;CARPETA PLASTICO;NO PERECIBLE;2026-05-01;0.88;3;4;5
2158;CARPETA PLASTICO;NO PERECIBLE;2026-06-01;2.2;3;10;6
2158;CARPETA PLASTICO;NO PERECIBLE;2026-07-01;0.44;2;2;7
2165;CARPETA MANILA OFICIO IDEAL AZUL;NO PERECIBLE;2026-01-01;1.8;1;10;1
2165;CARPETA MANILA OFICIO IDEAL AZUL;NO PERECIBLE;2026-02-01;1.62;2;9;2
2165;CARPETA MANILA OFICIO IDEAL AZUL;NO PERECIBLE;2026-03-01;0;0;0;3
2165;CARPETA MANILA OFICIO IDEAL AZUL;NO PERECIBLE;2026-04-01;0.18;1;1;4
2165;CARPETA MANILA OFICIO IDEAL AZUL;NO PERECIBLE;2026-05-01;0;0;0;5
2165;CARPETA MANILA OFICIO IDEAL AZUL;NO PERECIBLE;2026-06-01;1.8;3;10;6
2165;CARPETA MANILA OFICIO IDEAL AZUL;NO PERECIBLE;2026-07-01;0;0;0;7
2171;CORRECTOR BOLIGRAFO PELIKAN-NUKOTE;NO PERECIBLE;2026-01-01;2.5;4;5;1
2171;CORRECTOR BOLIGRAFO PELIKAN-NUKOTE;NO PERECIBLE;2026-02-01;1;2;2;2
2171;CORRECTOR BOLIGRAFO PELIKAN-NUKOTE;NO PERECIBLE;2026-03-01;2;4;4;3
2171;CORRECTOR BOLIGRAFO PELIKAN-NUKOTE;NO PERECIBLE;2026-04-01;1.5;3;3;4
2171;CORRECTOR BOLIGRAFO PELIKAN-NUKOTE;NO PERECIBLE;2026-05-01;4;6;8;5
2171;CORRECTOR BOLIGRAFO PELIKAN-NUKOTE;NO PERECIBLE;2026-06-01;1.5;3;3;6
2171;CORRECTOR BOLIGRAFO PELIKAN-NUKOTE;NO PERECIBLE;2026-07-01;1;2;2;7
2173;CUADERNO CUADROS JUNIOR NORMA 100 HOJAS;NO PERECIBLE;2026-01-01;0;0;0;1
2173;CUADERNO CUADROS JUNIOR NORMA 100 HOJAS;NO PERECIBLE;2026-02-01;3.04;3;4;2
2173;CUADERNO CUADROS JUNIOR NORMA 100 HOJAS;NO PERECIBLE;2026-03-01;3.04;3;4;3
2173;CUADERNO CUADROS JUNIOR NORMA 100 HOJAS;NO PERECIBLE;2026-04-01;0.76;1;1;4
2173;CUADERNO CUADROS JUNIOR NORMA 100 HOJAS;NO PERECIBLE;2026-05-01;1.52;1;2;5
2173;CUADERNO CUADROS JUNIOR NORMA 100 HOJAS;NO PERECIBLE;2026-06-01;7.6;8;10;6
2173;CUADERNO CUADROS JUNIOR NORMA 100 HOJAS;NO PERECIBLE;2026-07-01;1.52;1;2;7
2174;ESFERO BIC ROJO;NO PERECIBLE;2026-01-01;1.32;6;6;1
2174;ESFERO BIC ROJO;NO PERECIBLE;2026-02-01;2.86;9;13;2
2174;ESFERO BIC ROJO;NO PERECIBLE;2026-03-01;3.74;12;17;3
2174;ESFERO BIC ROJO;NO PERECIBLE;2026-04-01;1.76;5;8;4
2174;ESFERO BIC ROJO;NO PERECIBLE;2026-05-01;2.86;10;13;5
2174;ESFERO BIC ROJO;NO PERECIBLE;2026-06-01;5.06;13;23;6
2174;ESFERO BIC ROJO;NO PERECIBLE;2026-07-01;3.96;11;18;7
2175;ETIQUETAS T11 ROJA X20;NO PERECIBLE;2026-01-01;1.04;3;4;1
2175;ETIQUETAS T11 ROJA X20;NO PERECIBLE;2026-02-01;3.9;7;15;2
2175;ETIQUETAS T11 ROJA X20;NO PERECIBLE;2026-03-01;3.12;6;12;3
2175;ETIQUETAS T11 ROJA X20;NO PERECIBLE;2026-04-01;3.38;10;13;4
2175;ETIQUETAS T11 ROJA X20;NO PERECIBLE;2026-05-01;7.54;11;29;5
2175;ETIQUETAS T11 ROJA X20;NO PERECIBLE;2026-06-01;5.2;10;20;6
2175;ETIQUETAS T11 ROJA X20;NO PERECIBLE;2026-07-01;0.26;1;1;7
2177;GRAPADORA MEDIANA;NO PERECIBLE;2026-01-01;2.55;1;1;1
2177;GRAPADORA MEDIANA;NO PERECIBLE;2026-02-01;17.85;7;7;2
2177;GRAPADORA MEDIANA;NO PERECIBLE;2026-03-01;2.55;1;1;3
2177;GRAPADORA MEDIANA;NO PERECIBLE;2026-04-01;0;0;0;4
2177;GRAPADORA MEDIANA;NO PERECIBLE;2026-05-01;15.3;6;6;5
2177;GRAPADORA MEDIANA;NO PERECIBLE;2026-06-01;17.85;7;7;6
2177;GRAPADORA MEDIANA;NO PERECIBLE;2026-07-01;10.2;4;4;7
2178;GRAPAS 26/6 EAGLE 5000;NO PERECIBLE;2026-01-01;1.58;2;2;1
2178;GRAPAS 26/6 EAGLE 5000;NO PERECIBLE;2026-02-01;3.16;4;4;2
2178;GRAPAS 26/6 EAGLE 5000;NO PERECIBLE;2026-03-01;6.32;8;8;3
2178;GRAPAS 26/6 EAGLE 5000;NO PERECIBLE;2026-04-01;7.9;9;10;4
2178;GRAPAS 26/6 EAGLE 5000;NO PERECIBLE;2026-05-01;3.95;5;5;5
2178;GRAPAS 26/6 EAGLE 5000;NO PERECIBLE;2026-06-01;6.32;8;8;6
2178;GRAPAS 26/6 EAGLE 5000;NO PERECIBLE;2026-07-01;4.74;6;6;7
2187;PAPELERA METALICA 2 SERVICIOS;NO PERECIBLE;2026-01-01;0;0;0;1
2187;PAPELERA METALICA 2 SERVICIOS;NO PERECIBLE;2026-02-01;6.3;1;1;2
2187;PAPELERA METALICA 2 SERVICIOS;NO PERECIBLE;2026-03-01;6.3;1;1;3
2187;PAPELERA METALICA 2 SERVICIOS;NO PERECIBLE;2026-04-01;0;0;0;4
2187;PAPELERA METALICA 2 SERVICIOS;NO PERECIBLE;2026-05-01;6.3;1;1;5
2187;PAPELERA METALICA 2 SERVICIOS;NO PERECIBLE;2026-06-01;18.9;3;3;6
2187;PAPELERA METALICA 2 SERVICIOS;NO PERECIBLE;2026-07-01;0;0;0;7
2189;PERFORADORA XINGLI;NO PERECIBLE;2026-01-01;0;0;0;1
2189;PERFORADORA XINGLI;NO PERECIBLE;2026-02-01;7.38;3;3;2
2189;PERFORADORA XINGLI;NO PERECIBLE;2026-03-01;2.46;1;1;3
2189;PERFORADORA XINGLI;NO PERECIBLE;2026-04-01;0;0;0;4
2189;PERFORADORA XINGLI;NO PERECIBLE;2026-05-01;12.3;5;5;5
2189;PERFORADORA XINGLI;NO PERECIBLE;2026-06-01;7.38;3;3;6
2189;PERFORADORA XINGLI;NO PERECIBLE;2026-07-01;2.46;1;1;7
2191;PORTA CLIPS;NO PERECIBLE;2026-01-01;0;0;0;1
2191;PORTA CLIPS;NO PERECIBLE;2026-02-01;0;0;0;2
2191;PORTA CLIPS;NO PERECIBLE;2026-03-01;2.9;5;5;3
2191;PORTA CLIPS;NO PERECIBLE;2026-04-01;0.58;1;1;4
2191;PORTA CLIPS;NO PERECIBLE;2026-05-01;0.58;1;1;5
2191;PORTA CLIPS;NO PERECIBLE;2026-06-01;1.16;2;2;6
2191;PORTA CLIPS;NO PERECIBLE;2026-07-01;1.16;2;2;7
2196;PROTECTOR HOJAS TRANSPARENTE;NO PERECIBLE;2026-01-01;6.3;5;30;1
2196;PROTECTOR HOJAS TRANSPARENTE;NO PERECIBLE;2026-02-01;25.83;19;123;2
2196;PROTECTOR HOJAS TRANSPARENTE;NO PERECIBLE;2026-03-01;57.12;29;272;3
2196;PROTECTOR HOJAS TRANSPARENTE;NO PERECIBLE;2026-04-01;6.51;7;31;4
2196;PROTECTOR HOJAS TRANSPARENTE;NO PERECIBLE;2026-05-01;33.81;22;161;5
2196;PROTECTOR HOJAS TRANSPARENTE;NO PERECIBLE;2026-06-01;41.79;24;199;6
2196;PROTECTOR HOJAS TRANSPARENTE;NO PERECIBLE;2026-07-01;22.89;16;109;7
2198;REGLA 30 CM;NO PERECIBLE;2026-01-01;0.48;2;2;1
2198;REGLA 30 CM;NO PERECIBLE;2026-02-01;1.2;5;5;2
2198;REGLA 30 CM;NO PERECIBLE;2026-03-01;0.72;2;3;3
2198;REGLA 30 CM;NO PERECIBLE;2026-04-01;0;0;0;4
2198;REGLA 30 CM;NO PERECIBLE;2026-05-01;1.2;5;5;5
2198;REGLA 30 CM;NO PERECIBLE;2026-06-01;0.72;3;3;6
2198;REGLA 30 CM;NO PERECIBLE;2026-07-01;0.72;2;3;7
2199;RESALTADOR AMARILLO PELIKAN;NO PERECIBLE;2026-01-01;0;0;0;1
2199;RESALTADOR AMARILLO PELIKAN;NO PERECIBLE;2026-02-01;1.41;2;3;2
2199;RESALTADOR AMARILLO PELIKAN;NO PERECIBLE;2026-03-01;18.8;24;40;3
2199;RESALTADOR AMARILLO PELIKAN;NO PERECIBLE;2026-04-01;2.35;3;5;4
2199;RESALTADOR AMARILLO PELIKAN;NO PERECIBLE;2026-05-01;2.82;6;6;5
2199;RESALTADOR AMARILLO PELIKAN;NO PERECIBLE;2026-06-01;2.35;5;5;6
2199;RESALTADOR AMARILLO PELIKAN;NO PERECIBLE;2026-07-01;2.35;3;5;7
2202;RESALTADOR VERDE;NO PERECIBLE;2026-01-01;0.94;2;2;1
2202;RESALTADOR VERDE;NO PERECIBLE;2026-02-01;1.41;3;3;2
2202;RESALTADOR VERDE;NO PERECIBLE;2026-03-01;7.05;9;15;3
2202;RESALTADOR VERDE;NO PERECIBLE;2026-04-01;1.41;1;3;4
2202;RESALTADOR VERDE;NO PERECIBLE;2026-05-01;1.88;4;4;5
2202;RESALTADOR VERDE;NO PERECIBLE;2026-06-01;2.82;6;6;6
2202;RESALTADOR VERDE;NO PERECIBLE;2026-07-01;1.88;3;4;7
2203;SACAGRAPAS;NO PERECIBLE;2026-01-01;0;0;0;1
2203;SACAGRAPAS;NO PERECIBLE;2026-02-01;0;0;0;2
2203;SACAGRAPAS;NO PERECIBLE;2026-03-01;1.44;3;3;3
2203;SACAGRAPAS;NO PERECIBLE;2026-04-01;1.44;3;3;4
2203;SACAGRAPAS;NO PERECIBLE;2026-05-01;2.4;5;5;5
2203;SACAGRAPAS;NO PERECIBLE;2026-06-01;1.44;3;3;6
2203;SACAGRAPAS;NO PERECIBLE;2026-07-01;1.44;3;3;7
2204;SACAPUNTAS;NO PERECIBLE;2026-01-01;0;0;0;1
2204;SACAPUNTAS;NO PERECIBLE;2026-02-01;0;0;0;2
2204;SACAPUNTAS;NO PERECIBLE;2026-03-01;1;4;4;3
2204;SACAPUNTAS;NO PERECIBLE;2026-04-01;0;0;0;4
2204;SACAPUNTAS;NO PERECIBLE;2026-05-01;0.25;1;1;5
2204;SACAPUNTAS;NO PERECIBLE;2026-06-01;0;0;0;6
2204;SACAPUNTAS;NO PERECIBLE;2026-07-01;0.75;2;3;7
2207;SEPARADOR PLASTICO AZUL X10;NO PERECIBLE;2026-01-01;0.58;1;1;1
2207;SEPARADOR PLASTICO AZUL X10;NO PERECIBLE;2026-02-01;6.96;8;12;2
2207;SEPARADOR PLASTICO AZUL X10;NO PERECIBLE;2026-03-01;2.9;5;5;3
2207;SEPARADOR PLASTICO AZUL X10;NO PERECIBLE;2026-04-01;3.48;2;6;4
2207;SEPARADOR PLASTICO AZUL X10;NO PERECIBLE;2026-05-01;5.8;7;10;5
2207;SEPARADOR PLASTICO AZUL X10;NO PERECIBLE;2026-06-01;4.64;6;8;6
2207;SEPARADOR PLASTICO AZUL X10;NO PERECIBLE;2026-07-01;0;0;0;7
2210;SOBRE MANILA F6 30X40 CM;NO PERECIBLE;2026-01-01;1.09955285;3;11;1
2210;SOBRE MANILA F6 30X40 CM;NO PERECIBLE;2026-02-01;0.5997561;3;6;2
2210;SOBRE MANILA F6 30X40 CM;NO PERECIBLE;2026-03-01;5.3978049;11;54;3
2210;SOBRE MANILA F6 30X40 CM;NO PERECIBLE;2026-04-01;3.29865855;7;33;4
2210;SOBRE MANILA F6 30X40 CM;NO PERECIBLE;2026-05-01;0.1999187;1;2;5
2210;SOBRE MANILA F6 30X40 CM;NO PERECIBLE;2026-06-01;0.1999187;1;2;6
2210;SOBRE MANILA F6 30X40 CM;NO PERECIBLE;2026-07-01;2.9987805;6;30;7
2213;SOBRE OFICIO BLANCO TERRESTRE;NO PERECIBLE;2026-01-01;0.04;1;2;1
2213;SOBRE OFICIO BLANCO TERRESTRE;NO PERECIBLE;2026-02-01;0.22;4;11;2
2213;SOBRE OFICIO BLANCO TERRESTRE;NO PERECIBLE;2026-03-01;1.28;7;64;3
2213;SOBRE OFICIO BLANCO TERRESTRE;NO PERECIBLE;2026-04-01;0;0;0;4
2213;SOBRE OFICIO BLANCO TERRESTRE;NO PERECIBLE;2026-05-01;0.18;5;9;5
2213;SOBRE OFICIO BLANCO TERRESTRE;NO PERECIBLE;2026-06-01;0.3;4;15;6
2213;SOBRE OFICIO BLANCO TERRESTRE;NO PERECIBLE;2026-07-01;0.8;5;40;7
2216;TIJERA FENIX 16.5 CM;NO PERECIBLE;2026-01-01;3;6;6;1
2216;TIJERA FENIX 16.5 CM;NO PERECIBLE;2026-02-01;5.5;11;11;2
2216;TIJERA FENIX 16.5 CM;NO PERECIBLE;2026-03-01;3;6;6;3
2216;TIJERA FENIX 16.5 CM;NO PERECIBLE;2026-04-01;1.5;3;3;4
2216;TIJERA FENIX 16.5 CM;NO PERECIBLE;2026-05-01;3.5;7;7;5
2216;TIJERA FENIX 16.5 CM;NO PERECIBLE;2026-06-01;5;10;10;6
2216;TIJERA FENIX 16.5 CM;NO PERECIBLE;2026-07-01;3.5;7;7;7
2222;COLORINA LA REPOSTERITA 40 ML (4 X10 ML);NO PERECIBLE;2026-01-01;30.3743223;5;21;1
2222;COLORINA LA REPOSTERITA 40 ML (4 X10 ML);NO PERECIBLE;2026-02-01;33.2671149;5;23;2
2222;COLORINA LA REPOSTERITA 40 ML (4 X10 ML);NO PERECIBLE;2026-03-01;33.2671149;6;23;3
2222;COLORINA LA REPOSTERITA 40 ML (4 X10 ML);NO PERECIBLE;2026-04-01;33.2671149;7;23;4
2222;COLORINA LA REPOSTERITA 40 ML (4 X10 ML);NO PERECIBLE;2026-05-01;11.5711704;8;8;5
2222;COLORINA LA REPOSTERITA 40 ML (4 X10 ML);NO PERECIBLE;2026-06-01;37.6063038;9;26;6
2222;COLORINA LA REPOSTERITA 40 ML (4 X10 ML);NO PERECIBLE;2026-07-01;5.7855852;4;4;7
2233;JENGIBRE 100 GR;FRUVER;2026-01-01;815.2;337;1019;1
2233;JENGIBRE 100 GR;FRUVER;2026-02-01;788.8;315;986;2
2233;JENGIBRE 100 GR;FRUVER;2026-03-01;776.8;351;971;3
2233;JENGIBRE 100 GR;FRUVER;2026-04-01;804.8;377;1006;4
2233;JENGIBRE 100 GR;FRUVER;2026-05-01;780.8;386;976;5
2233;JENGIBRE 100 GR;FRUVER;2026-06-01;893.6;391;1117;6
2233;JENGIBRE 100 GR;FRUVER;2026-07-01;912.8;364;1141;7
2260;NESTUM ARROZ AZUCAR NESTLE 350 GR;NO PERECIBLE;2026-01-01;3.27;1;1;1
2260;NESTUM ARROZ AZUCAR NESTLE 350 GR;NO PERECIBLE;2026-02-01;6.54;2;2;2
2260;NESTUM ARROZ AZUCAR NESTLE 350 GR;NO PERECIBLE;2026-03-01;0;0;0;3
2260;NESTUM ARROZ AZUCAR NESTLE 350 GR;NO PERECIBLE;2026-04-01;0;0;0;4
2260;NESTUM ARROZ AZUCAR NESTLE 350 GR;NO PERECIBLE;2026-05-01;0;0;0;5
2260;NESTUM ARROZ AZUCAR NESTLE 350 GR;NO PERECIBLE;2026-06-01;0;0;0;6
2260;NESTUM ARROZ AZUCAR NESTLE 350 GR;NO PERECIBLE;2026-07-01;6.54;1;2;7
2262;DV FORTY BLEND LAVAVAJILLAS 20 KG;NO PERECIBLE;2026-01-01;465.6;12;12;1
2262;DV FORTY BLEND LAVAVAJILLAS 20 KG;NO PERECIBLE;2026-02-01;465.6;12;12;2
2262;DV FORTY BLEND LAVAVAJILLAS 20 KG;NO PERECIBLE;2026-03-01;388;10;10;3
2262;DV FORTY BLEND LAVAVAJILLAS 20 KG;NO PERECIBLE;2026-04-01;465.6;12;12;4
2262;DV FORTY BLEND LAVAVAJILLAS 20 KG;NO PERECIBLE;2026-05-01;543.2;14;14;5
2262;DV FORTY BLEND LAVAVAJILLAS 20 KG;NO PERECIBLE;2026-06-01;388;10;10;6
2262;DV FORTY BLEND LAVAVAJILLAS 20 KG;NO PERECIBLE;2026-07-01;388;10;10;7
2278;VASO CON TAPA 2 ONZ X100;NO PERECIBLE;2026-01-01;0;0;0;1
2278;VASO CON TAPA 2 ONZ X100;NO PERECIBLE;2026-02-01;0;0;0;2
2278;VASO CON TAPA 2 ONZ X100;NO PERECIBLE;2026-03-01;0;0;0;3
2278;VASO CON TAPA 2 ONZ X100;NO PERECIBLE;2026-04-01;0;0;0;4
2278;VASO CON TAPA 2 ONZ X100;NO PERECIBLE;2026-05-01;0;0;0;5
2278;VASO CON TAPA 2 ONZ X100;NO PERECIBLE;2026-06-01;0;0;0;6
2278;VASO CON TAPA 2 ONZ X100;NO PERECIBLE;2026-07-01;10.58;3;4;7
2283;TERNERA PULPA MACAFRI 1 KG;PERECIBLE;2026-01-01;807.84;13;102;1
2283;TERNERA PULPA MACAFRI 1 KG;PERECIBLE;2026-02-01;689.04;16;87;2
2283;TERNERA PULPA MACAFRI 1 KG;PERECIBLE;2026-03-01;958.32;20;121;3
2283;TERNERA PULPA MACAFRI 1 KG;PERECIBLE;2026-04-01;847.44;15;107;4
2283;TERNERA PULPA MACAFRI 1 KG;PERECIBLE;2026-05-01;934.56;17;118;5
2283;TERNERA PULPA MACAFRI 1 KG;PERECIBLE;2026-06-01;831.6;16;105;6
2283;TERNERA PULPA MACAFRI 1 KG;PERECIBLE;2026-07-01;847.44;18;107;7
2290;COL BLANCA 1 KG;FRUVER;2026-01-01;1681.625;818;6726.5;1
2290;COL BLANCA 1 KG;FRUVER;2026-02-01;1785.625;747;7142.5;2
2290;COL BLANCA 1 KG;FRUVER;2026-03-01;1840.75;864;7363;3
2290;COL BLANCA 1 KG;FRUVER;2026-04-01;1844.25;839;7377;4
2290;COL BLANCA 1 KG;FRUVER;2026-05-01;1688.875;811;6755.5;5
2290;COL BLANCA 1 KG;FRUVER;2026-06-01;1901.25;873;7605;6
2290;COL BLANCA 1 KG;FRUVER;2026-07-01;1873.375;850;7493.5;7
2299;GUINEO 1 KG;FRUVER;2026-01-01;0;0;0;1
2299;GUINEO 1 KG;FRUVER;2026-02-01;7.5;1;15;2
2299;GUINEO 1 KG;FRUVER;2026-03-01;0;0;0;3
2299;GUINEO 1 KG;FRUVER;2026-04-01;0;0;0;4
2299;GUINEO 1 KG;FRUVER;2026-05-01;2.5;1;5;5
2299;GUINEO 1 KG;FRUVER;2026-06-01;0;0;0;6
2299;GUINEO 1 KG;FRUVER;2026-07-01;0;0;0;7
2305;CALDO DE GALLINA EN PASTA MAGGI 1 KG;NO PERECIBLE;2026-01-01;578.655;61;75;1
2305;CALDO DE GALLINA EN PASTA MAGGI 1 KG;NO PERECIBLE;2026-02-01;509.2164;56;66;2
2305;CALDO DE GALLINA EN PASTA MAGGI 1 KG;NO PERECIBLE;2026-03-01;709.8168;66;92;3
2305;CALDO DE GALLINA EN PASTA MAGGI 1 KG;NO PERECIBLE;2026-04-01;725.2476;69;94;4
2305;CALDO DE GALLINA EN PASTA MAGGI 1 KG;NO PERECIBLE;2026-05-01;601.8012;61;78;5
2305;CALDO DE GALLINA EN PASTA MAGGI 1 KG;NO PERECIBLE;2026-06-01;709.8168;60;92;6
2305;CALDO DE GALLINA EN PASTA MAGGI 1 KG;NO PERECIBLE;2026-07-01;555.5088;57;72;7
2318;PAVO POFASA PROCESADO KG;PERECIBLE;2026-01-01;583.389;71;188.19;1
2318;PAVO POFASA PROCESADO KG;PERECIBLE;2026-02-01;421.042;50;135.82;2
2318;PAVO POFASA PROCESADO KG;PERECIBLE;2026-03-01;533.045;63;171.95;3
2318;PAVO POFASA PROCESADO KG;PERECIBLE;2026-04-01;542.748;64;175.08;4
2318;PAVO POFASA PROCESADO KG;PERECIBLE;2026-05-01;498.728;58;160.88;5
2318;PAVO POFASA PROCESADO KG;PERECIBLE;2026-06-01;587.915;66;189.65;6
2318;PAVO POFASA PROCESADO KG;PERECIBLE;2026-07-01;625.022;66;201.62;7
2321;VASO SIN TAPA 1 ONZ X100 UND;NO PERECIBLE;2026-01-01;3.816;3;4;1
2321;VASO SIN TAPA 1 ONZ X100 UND;NO PERECIBLE;2026-02-01;26.712;8;28;2
2321;VASO SIN TAPA 1 ONZ X100 UND;NO PERECIBLE;2026-03-01;22.896;8;24;3
2321;VASO SIN TAPA 1 ONZ X100 UND;NO PERECIBLE;2026-04-01;9.54;6;10;4
2321;VASO SIN TAPA 1 ONZ X100 UND;NO PERECIBLE;2026-05-01;23.85;8;25;5
2321;VASO SIN TAPA 1 ONZ X100 UND;NO PERECIBLE;2026-06-01;27.666;10;29;6
2321;VASO SIN TAPA 1 ONZ X100 UND;NO PERECIBLE;2026-07-01;16.218;8;17;7
2353;SUAVIZANTE DE ROPA GL;NO PERECIBLE;2026-01-01;75;15;15;1
2353;SUAVIZANTE DE ROPA GL;NO PERECIBLE;2026-02-01;60;12;12;2
2353;SUAVIZANTE DE ROPA GL;NO PERECIBLE;2026-03-01;85;17;17;3
2353;SUAVIZANTE DE ROPA GL;NO PERECIBLE;2026-04-01;65;13;13;4
2353;SUAVIZANTE DE ROPA GL;NO PERECIBLE;2026-05-01;70;14;14;5
2353;SUAVIZANTE DE ROPA GL;NO PERECIBLE;2026-06-01;75;15;15;6
2353;SUAVIZANTE DE ROPA GL;NO PERECIBLE;2026-07-01;70;14;14;7
2354;ALCACHOFA 1 KG;FRUVER;2026-01-01;9.25;1;5;1
2354;ALCACHOFA 1 KG;FRUVER;2026-02-01;0;0;0;2
2354;ALCACHOFA 1 KG;FRUVER;2026-03-01;0;0;0;3
2354;ALCACHOFA 1 KG;FRUVER;2026-04-01;3.7;1;2;4
2354;ALCACHOFA 1 KG;FRUVER;2026-05-01;1.85;1;1;5
2354;ALCACHOFA 1 KG;FRUVER;2026-06-01;11.1;1;6;6
2354;ALCACHOFA 1 KG;FRUVER;2026-07-01;0;0;0;7
2356;BERENJENA 1 KG;FRUVER;2026-01-01;105.48;58;117.2;1
2356;BERENJENA 1 KG;FRUVER;2026-02-01;112.761;57;125.29;2
2356;BERENJENA 1 KG;FRUVER;2026-03-01;112.23;66;124.7;3
2356;BERENJENA 1 KG;FRUVER;2026-04-01;69.633;54;77.37;4
2356;BERENJENA 1 KG;FRUVER;2026-05-01;123.318;76;137.02;5
2356;BERENJENA 1 KG;FRUVER;2026-06-01;153.801;74;170.89;6
2356;BERENJENA 1 KG;FRUVER;2026-07-01;213.714;97;237.46;7
2358;COCO UND;FRUVER;2026-01-01;629;142;629;1
2358;COCO UND;FRUVER;2026-02-01;643;151;643;2
2358;COCO UND;FRUVER;2026-03-01;699;166;699;3
2358;COCO UND;FRUVER;2026-04-01;724;169;724;4
2358;COCO UND;FRUVER;2026-05-01;845;161;845;5
2358;COCO UND;FRUVER;2026-06-01;878;180;878;6
2358;COCO UND;FRUVER;2026-07-01;800;168;800;7
2359;PALMITOS FRESCOS UND;FRUVER;2026-01-01;763.175;357;4361;1
2359;PALMITOS FRESCOS UND;FRUVER;2026-02-01;731.15;316;4178;2
2359;PALMITOS FRESCOS UND;FRUVER;2026-03-01;782.95;351;4474;3
2359;PALMITOS FRESCOS UND;FRUVER;2026-04-01;667.45;330;3814;4
2359;PALMITOS FRESCOS UND;FRUVER;2026-05-01;658.175;321;3761;5
2359;PALMITOS FRESCOS UND;FRUVER;2026-06-01;729.575;321;4169;6
2359;PALMITOS FRESCOS UND;FRUVER;2026-07-01;638.75;289;3650;7
2361;NUEZ SIN CASCARA 1 KG;NO PERECIBLE;2026-01-01;300;20;25;1
2361;NUEZ SIN CASCARA 1 KG;NO PERECIBLE;2026-02-01;372;27;31;2
2361;NUEZ SIN CASCARA 1 KG;NO PERECIBLE;2026-03-01;600;36;50;3
2361;NUEZ SIN CASCARA 1 KG;NO PERECIBLE;2026-04-01;456;27;38;4
2361;NUEZ SIN CASCARA 1 KG;NO PERECIBLE;2026-05-01;324;22;27;5
2361;NUEZ SIN CASCARA 1 KG;NO PERECIBLE;2026-06-01;384;22;32;6
2361;NUEZ SIN CASCARA 1 KG;NO PERECIBLE;2026-07-01;384;23;32;7
2371;FUNDA PAPEL CAFE 17.5X39.5X6 X100;NO PERECIBLE;2026-01-01;75.06;8;27;1
2371;FUNDA PAPEL CAFE 17.5X39.5X6 X100;NO PERECIBLE;2026-02-01;19.46;4;7;2
2371;FUNDA PAPEL CAFE 17.5X39.5X6 X100;NO PERECIBLE;2026-03-01;8.34;3;3;3
2371;FUNDA PAPEL CAFE 17.5X39.5X6 X100;NO PERECIBLE;2026-04-01;19.46;4;7;4
2371;FUNDA PAPEL CAFE 17.5X39.5X6 X100;NO PERECIBLE;2026-05-01;30.58;7;11;5
2371;FUNDA PAPEL CAFE 17.5X39.5X6 X100;NO PERECIBLE;2026-06-01;16.68;3;6;6
2371;FUNDA PAPEL CAFE 17.5X39.5X6 X100;NO PERECIBLE;2026-07-01;30.58;2;11;7
2391;JABON TOCADOR HOTEL 11 GR;NO PERECIBLE;2026-01-01;59.25;27;395;1
2391;JABON TOCADOR HOTEL 11 GR;NO PERECIBLE;2026-02-01;50.4;22;336;2
2391;JABON TOCADOR HOTEL 11 GR;NO PERECIBLE;2026-03-01;59.55;31;397;3
2391;JABON TOCADOR HOTEL 11 GR;NO PERECIBLE;2026-04-01;60.9;30;406;4
2391;JABON TOCADOR HOTEL 11 GR;NO PERECIBLE;2026-05-01;58.8;26;392;5
2391;JABON TOCADOR HOTEL 11 GR;NO PERECIBLE;2026-06-01;44.4;22;296;6
2391;JABON TOCADOR HOTEL 11 GR;NO PERECIBLE;2026-07-01;58.65;30;391;7
2397;AROMATICA MANZANILLA HORNIMANS 32 GR X25;NO PERECIBLE;2026-01-01;78.2787574;31;76;1
2397;AROMATICA MANZANILLA HORNIMANS 32 GR X25;NO PERECIBLE;2026-02-01;120.50808705;29;117;2
2397;AROMATICA MANZANILLA HORNIMANS 32 GR X25;NO PERECIBLE;2026-03-01;126.68798895;40;123;3
2397;AROMATICA MANZANILLA HORNIMANS 32 GR X25;NO PERECIBLE;2026-04-01;101.96838135;43;99;4
2397;AROMATICA MANZANILLA HORNIMANS 32 GR X25;NO PERECIBLE;2026-05-01;22.6596403;9;22;5
2397;AROMATICA MANZANILLA HORNIMANS 32 GR X25;NO PERECIBLE;2026-06-01;0;0;0;6
2397;AROMATICA MANZANILLA HORNIMANS 32 GR X25;NO PERECIBLE;2026-07-01;0;0;0;7
2412;PIMIENTA DULCE 30 GR;NO PERECIBLE;2026-01-01;13;4;26;1
2412;PIMIENTA DULCE 30 GR;NO PERECIBLE;2026-02-01;30.5;10;61;2
2412;PIMIENTA DULCE 30 GR;NO PERECIBLE;2026-03-01;33;18;66;3
2412;PIMIENTA DULCE 30 GR;NO PERECIBLE;2026-04-01;15;8;30;4
2412;PIMIENTA DULCE 30 GR;NO PERECIBLE;2026-05-01;25;9;50;5
2412;PIMIENTA DULCE 30 GR;NO PERECIBLE;2026-06-01;16.5;13;33;6
2412;PIMIENTA DULCE 30 GR;NO PERECIBLE;2026-07-01;9.5;10;19;7
2420;ACEITUNAS VERDES RELLENAS SNOB 220 GR;NO PERECIBLE;2026-01-01;721.6869;196;571;1
2420;ACEITUNAS VERDES RELLENAS SNOB 220 GR;NO PERECIBLE;2026-02-01;676.1865;184;535;2
2420;ACEITUNAS VERDES RELLENAS SNOB 220 GR;NO PERECIBLE;2026-03-01;739.3815;198;585;3
2420;ACEITUNAS VERDES RELLENAS SNOB 220 GR;NO PERECIBLE;2026-04-01;741.9093;215;587;4
2420;ACEITUNAS VERDES RELLENAS SNOB 220 GR;NO PERECIBLE;2026-05-01;695.145;182;550;5
2420;ACEITUNAS VERDES RELLENAS SNOB 220 GR;NO PERECIBLE;2026-06-01;734.3259;201;581;6
2420;ACEITUNAS VERDES RELLENAS SNOB 220 GR;NO PERECIBLE;2026-07-01;640.7973;187;507;7
2431;MERMELADA DE GUAYABA LA PRIMERA 5.7 KG;NO PERECIBLE;2026-01-01;166.6;12;14;1
2431;MERMELADA DE GUAYABA LA PRIMERA 5.7 KG;NO PERECIBLE;2026-02-01;142.8;11;12;2
2431;MERMELADA DE GUAYABA LA PRIMERA 5.7 KG;NO PERECIBLE;2026-03-01;178.5;14;15;3
2431;MERMELADA DE GUAYABA LA PRIMERA 5.7 KG;NO PERECIBLE;2026-04-01;202.3;17;17;4
2431;MERMELADA DE GUAYABA LA PRIMERA 5.7 KG;NO PERECIBLE;2026-05-01;166.6;13;14;5
2431;MERMELADA DE GUAYABA LA PRIMERA 5.7 KG;NO PERECIBLE;2026-06-01;238;20;20;6
2431;MERMELADA DE GUAYABA LA PRIMERA 5.7 KG;NO PERECIBLE;2026-07-01;190.4;15;16;7
2432;MERMELADA DE MORA LA PRIMERA 5.7 KG;NO PERECIBLE;2026-01-01;200.6524;11;13;1
2432;MERMELADA DE MORA LA PRIMERA 5.7 KG;NO PERECIBLE;2026-02-01;231.522;15;15;2
2432;MERMELADA DE MORA LA PRIMERA 5.7 KG;NO PERECIBLE;2026-03-01;216.0872;13;14;3
2432;MERMELADA DE MORA LA PRIMERA 5.7 KG;NO PERECIBLE;2026-04-01;231.522;15;15;4
2432;MERMELADA DE MORA LA PRIMERA 5.7 KG;NO PERECIBLE;2026-05-01;277.8264;16;18;5
2432;MERMELADA DE MORA LA PRIMERA 5.7 KG;NO PERECIBLE;2026-06-01;293.2612;17;19;6
2432;MERMELADA DE MORA LA PRIMERA 5.7 KG;NO PERECIBLE;2026-07-01;246.9568;15;16;7
2435;MERMELADA DE FRUTILLA LA PRIMERA 5.7 KG;NO PERECIBLE;2026-01-01;27.22;2;2;1
2435;MERMELADA DE FRUTILLA LA PRIMERA 5.7 KG;NO PERECIBLE;2026-02-01;13.61;1;1;2
2435;MERMELADA DE FRUTILLA LA PRIMERA 5.7 KG;NO PERECIBLE;2026-03-01;13.61;1;1;3
2435;MERMELADA DE FRUTILLA LA PRIMERA 5.7 KG;NO PERECIBLE;2026-04-01;13.61;1;1;4
2435;MERMELADA DE FRUTILLA LA PRIMERA 5.7 KG;NO PERECIBLE;2026-05-01;13.61;1;1;5
2435;MERMELADA DE FRUTILLA LA PRIMERA 5.7 KG;NO PERECIBLE;2026-06-01;13.61;1;1;6
2435;MERMELADA DE FRUTILLA LA PRIMERA 5.7 KG;NO PERECIBLE;2026-07-01;27.22;2;2;7
2436;SPORADE APPLE ICE PET 500 ML;NO PERECIBLE;2026-01-01;1098.1878;19;3251;1
2436;SPORADE APPLE ICE PET 500 ML;NO PERECIBLE;2026-02-01;766.1304;14;2268;2
2436;SPORADE APPLE ICE PET 500 ML;NO PERECIBLE;2026-03-01;1124.874;18;3330;3
2436;SPORADE APPLE ICE PET 500 ML;NO PERECIBLE;2026-04-01;1096.8366;25;3247;4
2436;SPORADE APPLE ICE PET 500 ML;NO PERECIBLE;2026-05-01;1128.252;28;3340;5
2436;SPORADE APPLE ICE PET 500 ML;NO PERECIBLE;2026-06-01;1374.1704;29;4068;6
2436;SPORADE APPLE ICE PET 500 ML;NO PERECIBLE;2026-07-01;995.4966;28;2947;7
2437;SPORADE UVA PET 500ML;NO PERECIBLE;2026-01-01;603.8043;27;1551;1
2437;SPORADE UVA PET 500ML;NO PERECIBLE;2026-02-01;632.6125;28;1625;2
2437;SPORADE UVA PET 500ML;NO PERECIBLE;2026-03-01;773.1498;37;1986;3
2437;SPORADE UVA PET 500ML;NO PERECIBLE;2026-04-01;646.6273;34;1661;4
2437;SPORADE UVA PET 500ML;NO PERECIBLE;2026-05-01;748.2346;35;1922;5
2437;SPORADE UVA PET 500ML;NO PERECIBLE;2026-06-01;796.1185;39;2045;6
2437;SPORADE UVA PET 500ML;NO PERECIBLE;2026-07-01;909.0155;43;2335;7
2439;SPORADE FRUTAS TROPICALES PET 500 ML;NO PERECIBLE;2026-01-01;1478.8096;37;4352;1
2439;SPORADE FRUTAS TROPICALES PET 500 ML;NO PERECIBLE;2026-02-01;1564.0994;37;4603;2
2439;SPORADE FRUTAS TROPICALES PET 500 ML;NO PERECIBLE;2026-03-01;1807.736;43;5320;3
2439;SPORADE FRUTAS TROPICALES PET 500 ML;NO PERECIBLE;2026-04-01;1609.9724;42;4738;4
2439;SPORADE FRUTAS TROPICALES PET 500 ML;NO PERECIBLE;2026-05-01;1537.9348;45;4526;5
2439;SPORADE FRUTAS TROPICALES PET 500 ML;NO PERECIBLE;2026-06-01;1903.5596;45;5602;6
2439;SPORADE FRUTAS TROPICALES PET 500 ML;NO PERECIBLE;2026-07-01;1695.602;50;4990;7
2440;GRANADINA JARABE CEREZA AMERICANA 650 GR;NO PERECIBLE;2026-01-01;49.55844348;10;13;1
2440;GRANADINA JARABE CEREZA AMERICANA 650 GR;NO PERECIBLE;2026-02-01;41.93406756;11;11;2
2440;GRANADINA JARABE CEREZA AMERICANA 650 GR;NO PERECIBLE;2026-03-01;57.1828194;12;15;3
2440;GRANADINA JARABE CEREZA AMERICANA 650 GR;NO PERECIBLE;2026-04-01;83.86813512;18;22;4
2440;GRANADINA JARABE CEREZA AMERICANA 650 GR;NO PERECIBLE;2026-05-01;182.98502208;24;48;5
2440;GRANADINA JARABE CEREZA AMERICANA 650 GR;NO PERECIBLE;2026-06-01;87.68032308;20;23;6
2440;GRANADINA JARABE CEREZA AMERICANA 650 GR;NO PERECIBLE;2026-07-01;49.55844348;11;13;7
2451;CHOCOLATE NEGRO SEMIAMARGO BIOS 1 KG;NO PERECIBLE;2026-01-01;648;38;81;1
2451;CHOCOLATE NEGRO SEMIAMARGO BIOS 1 KG;NO PERECIBLE;2026-02-01;1096;44;137;2
2451;CHOCOLATE NEGRO SEMIAMARGO BIOS 1 KG;NO PERECIBLE;2026-03-01;1088;49;136;3
2451;CHOCOLATE NEGRO SEMIAMARGO BIOS 1 KG;NO PERECIBLE;2026-04-01;1152;56;144;4
2451;CHOCOLATE NEGRO SEMIAMARGO BIOS 1 KG;NO PERECIBLE;2026-05-01;928;52;116;5
2451;CHOCOLATE NEGRO SEMIAMARGO BIOS 1 KG;NO PERECIBLE;2026-06-01;1272;54;159;6
2451;CHOCOLATE NEGRO SEMIAMARGO BIOS 1 KG;NO PERECIBLE;2026-07-01;1064;65;133;7
2457;FIDEO LETRAS TOSCANA 400 GR;NO PERECIBLE;2026-01-01;8.9268;1;6;1
2457;FIDEO LETRAS TOSCANA 400 GR;NO PERECIBLE;2026-02-01;4.4634;3;3;2
2457;FIDEO LETRAS TOSCANA 400 GR;NO PERECIBLE;2026-03-01;0;0;0;3
2457;FIDEO LETRAS TOSCANA 400 GR;NO PERECIBLE;2026-04-01;0;0;0;4
2457;FIDEO LETRAS TOSCANA 400 GR;NO PERECIBLE;2026-05-01;0;0;0;5
2457;FIDEO LETRAS TOSCANA 400 GR;NO PERECIBLE;2026-06-01;0;0;0;6
2457;FIDEO LETRAS TOSCANA 400 GR;NO PERECIBLE;2026-07-01;29.756;1;20;7
2463;VASO SIN TAPA 2 ONZ X 100 UND;NO PERECIBLE;2026-01-01;1.253;1;1;1
2463;VASO SIN TAPA 2 ONZ X 100 UND;NO PERECIBLE;2026-02-01;1.253;1;1;2
2463;VASO SIN TAPA 2 ONZ X 100 UND;NO PERECIBLE;2026-03-01;0;0;0;3
2463;VASO SIN TAPA 2 ONZ X 100 UND;NO PERECIBLE;2026-04-01;0;0;0;4
2463;VASO SIN TAPA 2 ONZ X 100 UND;NO PERECIBLE;2026-05-01;0;0;0;5
2463;VASO SIN TAPA 2 ONZ X 100 UND;NO PERECIBLE;2026-06-01;2.506;1;2;6
2463;VASO SIN TAPA 2 ONZ X 100 UND;NO PERECIBLE;2026-07-01;5.012;1;4;7
2468;AROMATICA CEDRON HORNIMANS 32 GR X25;NO PERECIBLE;2026-01-01;74.94823641;27;73;1
2468;AROMATICA CEDRON HORNIMANS 32 GR X25;NO PERECIBLE;2026-02-01;84.18842994;25;82;2
2468;AROMATICA CEDRON HORNIMANS 32 GR X25;NO PERECIBLE;2026-03-01;85.21511811;35;83;3
2468;AROMATICA CEDRON HORNIMANS 32 GR X25;NO PERECIBLE;2026-04-01;96.50868798;32;94;4
2468;AROMATICA CEDRON HORNIMANS 32 GR X25;NO PERECIBLE;2026-05-01;134.49615027;58;131;5
2468;AROMATICA CEDRON HORNIMANS 32 GR X25;NO PERECIBLE;2026-06-01;111.90901053;38;109;6
2468;AROMATICA CEDRON HORNIMANS 32 GR X25;NO PERECIBLE;2026-07-01;93.42862347;40;91;7
2470;AROMATICA MENTA HORNIMANS 32 GR X25;NO PERECIBLE;2026-01-01;176.12892099;57;171;1
2470;AROMATICA MENTA HORNIMANS 32 GR X25;NO PERECIBLE;2026-02-01;197.75878848;68;192;2
2470;AROMATICA MENTA HORNIMANS 32 GR X25;NO PERECIBLE;2026-03-01;221.44864335;63;215;3
2470;AROMATICA MENTA HORNIMANS 32 GR X25;NO PERECIBLE;2026-04-01;239.98852977;70;233;4
2470;AROMATICA MENTA HORNIMANS 32 GR X25;NO PERECIBLE;2026-05-01;0;0;0;5
2470;AROMATICA MENTA HORNIMANS 32 GR X25;NO PERECIBLE;2026-06-01;0;0;0;6
2470;AROMATICA MENTA HORNIMANS 32 GR X25;NO PERECIBLE;2026-07-01;0;0;0;7
2479;YOGURT DURAZNO REGENERIS 150 GR;PERECIBLE;2026-01-01;191.75;4;295;1
2479;YOGURT DURAZNO REGENERIS 150 GR;PERECIBLE;2026-02-01;193.05;5;297;2
2479;YOGURT DURAZNO REGENERIS 150 GR;PERECIBLE;2026-03-01;191.75;5;295;3
2479;YOGURT DURAZNO REGENERIS 150 GR;PERECIBLE;2026-04-01;187.2;3;288;4
2479;YOGURT DURAZNO REGENERIS 150 GR;PERECIBLE;2026-05-01;254.8;4;392;5
2479;YOGURT DURAZNO REGENERIS 150 GR;PERECIBLE;2026-06-01;219.7;6;338;6
2479;YOGURT DURAZNO REGENERIS 150 GR;PERECIBLE;2026-07-01;236.6;8;364;7
2503;ARCHIVADOR NORTON PASIVO 03 (CAJAS CARTON) GRANDE;NO PERECIBLE;2026-01-01;0;0;0;1
2503;ARCHIVADOR NORTON PASIVO 03 (CAJAS CARTON) GRANDE;NO PERECIBLE;2026-02-01;0;0;0;2
2503;ARCHIVADOR NORTON PASIVO 03 (CAJAS CARTON) GRANDE;NO PERECIBLE;2026-03-01;2.7;2;2;3
2503;ARCHIVADOR NORTON PASIVO 03 (CAJAS CARTON) GRANDE;NO PERECIBLE;2026-04-01;1.35;1;1;4
2503;ARCHIVADOR NORTON PASIVO 03 (CAJAS CARTON) GRANDE;NO PERECIBLE;2026-05-01;0;0;0;5
2503;ARCHIVADOR NORTON PASIVO 03 (CAJAS CARTON) GRANDE;NO PERECIBLE;2026-06-01;5.4;2;4;6
2503;ARCHIVADOR NORTON PASIVO 03 (CAJAS CARTON) GRANDE;NO PERECIBLE;2026-07-01;0;0;0;7
2506;LECHE ENTERA VITA FUNDA 1 LT;PERECIBLE;2026-01-01;4803.35;252;5651;1
2506;LECHE ENTERA VITA FUNDA 1 LT;PERECIBLE;2026-02-01;5285.3;260;6218;2
2506;LECHE ENTERA VITA FUNDA 1 LT;PERECIBLE;2026-03-01;6502.5;313;7650;3
2506;LECHE ENTERA VITA FUNDA 1 LT;PERECIBLE;2026-04-01;5661;284;6660;4
2506;LECHE ENTERA VITA FUNDA 1 LT;PERECIBLE;2026-05-01;5861.6;301;6896;5
2506;LECHE ENTERA VITA FUNDA 1 LT;PERECIBLE;2026-06-01;5632.95;289;6627;6
2506;LECHE ENTERA VITA FUNDA 1 LT;PERECIBLE;2026-07-01;5759.6;298;6776;7
2507;QUESO FRESCO VITA 450 GR;PERECIBLE;2026-01-01;300;5;100;1
2507;QUESO FRESCO VITA 450 GR;PERECIBLE;2026-02-01;36;3;12;2
2507;QUESO FRESCO VITA 450 GR;PERECIBLE;2026-03-01;27;4;9;3
2507;QUESO FRESCO VITA 450 GR;PERECIBLE;2026-04-01;141;11;47;4
2507;QUESO FRESCO VITA 450 GR;PERECIBLE;2026-05-01;60;1;20;5
2507;QUESO FRESCO VITA 450 GR;PERECIBLE;2026-06-01;21;1;7;6
2507;QUESO FRESCO VITA 450 GR;PERECIBLE;2026-07-01;0;0;0;7
2528;CAFE GRANO GARDELLA 453 GR;NO PERECIBLE;2026-01-01;263.4101;6;31;1
2528;CAFE GRANO GARDELLA 453 GR;NO PERECIBLE;2026-02-01;169.942;7;20;2
2528;CAFE GRANO GARDELLA 453 GR;NO PERECIBLE;2026-03-01;84.971;5;10;3
2528;CAFE GRANO GARDELLA 453 GR;NO PERECIBLE;2026-04-01;127.4565;6;15;4
2528;CAFE GRANO GARDELLA 453 GR;NO PERECIBLE;2026-05-01;305.8956;8;36;5
2528;CAFE GRANO GARDELLA 453 GR;NO PERECIBLE;2026-06-01;195.4333;7;23;6
2528;CAFE GRANO GARDELLA 453 GR;NO PERECIBLE;2026-07-01;144.4507;7;17;7
2533;LONGANIZA T1 PRONACA 300 GR;PERECIBLE;2026-01-01;28.008;1;8;1
2533;LONGANIZA T1 PRONACA 300 GR;PERECIBLE;2026-02-01;0;0;0;2
2533;LONGANIZA T1 PRONACA 300 GR;PERECIBLE;2026-03-01;161.046;4;46;3
2533;LONGANIZA T1 PRONACA 300 GR;PERECIBLE;2026-04-01;14.004;1;4;4
2533;LONGANIZA T1 PRONACA 300 GR;PERECIBLE;2026-05-01;66.519;3;19;5
2533;LONGANIZA T1 PRONACA 300 GR;PERECIBLE;2026-06-01;21.006;2;6;6
2533;LONGANIZA T1 PRONACA 300 GR;PERECIBLE;2026-07-01;119.034;3;34;7
2535;CILANTRO 1 KG;FRUVER;2026-01-01;386.804;117;351.64;1
2535;CILANTRO 1 KG;FRUVER;2026-02-01;496.474;130;451.34;2
2535;CILANTRO 1 KG;FRUVER;2026-03-01;585.376;145;532.16;3
2535;CILANTRO 1 KG;FRUVER;2026-04-01;632.852;165;575.32;4
2535;CILANTRO 1 KG;FRUVER;2026-05-01;634.854;162;577.14;5
2535;CILANTRO 1 KG;FRUVER;2026-06-01;631.356;165;573.96;6
2535;CILANTRO 1 KG;FRUVER;2026-07-01;684.904;173;622.64;7
2536;PEREJIL LISO 1 KG;FRUVER;2026-01-01;112.2;47;102;1
2536;PEREJIL LISO 1 KG;FRUVER;2026-02-01;113.3;44;103;2
2536;PEREJIL LISO 1 KG;FRUVER;2026-03-01;201.3;60;183;3
2536;PEREJIL LISO 1 KG;FRUVER;2026-04-01;150.7;51;137;4
2536;PEREJIL LISO 1 KG;FRUVER;2026-05-01;162.8;51;148;5
2536;PEREJIL LISO 1 KG;FRUVER;2026-06-01;199.276;70;181.16;6
2536;PEREJIL LISO 1 KG;FRUVER;2026-07-01;177.1;61;161;7
2537;ALBAHACA 1 KG;FRUVER;2026-01-01;219.024;53;84.24;1
2537;ALBAHACA 1 KG;FRUVER;2026-02-01;122.876;29;47.26;2
2537;ALBAHACA 1 KG;FRUVER;2026-03-01;214.032;41;82.32;3
2537;ALBAHACA 1 KG;FRUVER;2026-04-01;451.334;52;173.59;4
2537;ALBAHACA 1 KG;FRUVER;2026-05-01;488.644;56;187.94;5
2537;ALBAHACA 1 KG;FRUVER;2026-06-01;465.244;61;178.94;6
2537;ALBAHACA 1 KG;FRUVER;2026-07-01;643.448;52;247.48;7
2540;ACELGA 1 KG;FRUVER;2026-01-01;0;0;0;1
2540;ACELGA 1 KG;FRUVER;2026-02-01;0;0;0;2
2540;ACELGA 1 KG;FRUVER;2026-03-01;0;0;0;3
2540;ACELGA 1 KG;FRUVER;2026-04-01;0;0;0;4
2540;ACELGA 1 KG;FRUVER;2026-05-01;0;0;0;5
2540;ACELGA 1 KG;FRUVER;2026-06-01;0;0;0;6
2540;ACELGA 1 KG;FRUVER;2026-07-01;0;0;0;7
2561;MERMELADA DE FRESA HELIOS 15 GR XUND;PERECIBLE;2026-01-01;355.449;65;3261;1
2561;MERMELADA DE FRESA HELIOS 15 GR XUND;PERECIBLE;2026-02-01;362.098;60;3322;2
2561;MERMELADA DE FRESA HELIOS 15 GR XUND;PERECIBLE;2026-03-01;437.853;72;4017;3
2561;MERMELADA DE FRESA HELIOS 15 GR XUND;PERECIBLE;2026-04-01;416.053;71;3817;4
2561;MERMELADA DE FRESA HELIOS 15 GR XUND;PERECIBLE;2026-05-01;417.47;65;3830;5
2561;MERMELADA DE FRESA HELIOS 15 GR XUND;PERECIBLE;2026-06-01;462.705;72;4245;6
2561;MERMELADA DE FRESA HELIOS 15 GR XUND;PERECIBLE;2026-07-01;465.212;90;4268;7
2563;CAFE DESCAFEINADO BUENDIA 85 GR;NO PERECIBLE;2026-01-01;41.73191712;7;8;1
2563;CAFE DESCAFEINADO BUENDIA 85 GR;NO PERECIBLE;2026-02-01;20.86595856;4;4;2
2563;CAFE DESCAFEINADO BUENDIA 85 GR;NO PERECIBLE;2026-03-01;52.1648964;7;10;3
2563;CAFE DESCAFEINADO BUENDIA 85 GR;NO PERECIBLE;2026-04-01;31.29893784;6;6;4
2563;CAFE DESCAFEINADO BUENDIA 85 GR;NO PERECIBLE;2026-05-01;41.73191712;7;8;5
2563;CAFE DESCAFEINADO BUENDIA 85 GR;NO PERECIBLE;2026-06-01;15.64946892;3;3;6
2563;CAFE DESCAFEINADO BUENDIA 85 GR;NO PERECIBLE;2026-07-01;41.73191712;7;8;7
2565;CHOCLO UND;FRUVER;2026-01-01;4722.59;555;20533;1
2565;CHOCLO UND;FRUVER;2026-02-01;4732.71;533;20577;2
2565;CHOCLO UND;FRUVER;2026-03-01;4831.38;621;21006;3
2565;CHOCLO UND;FRUVER;2026-04-01;5254.58;595;22846;4
2565;CHOCLO UND;FRUVER;2026-05-01;4833.22;600;21014;5
2565;CHOCLO UND;FRUVER;2026-06-01;5441.11;618;23657;6
2565;CHOCLO UND;FRUVER;2026-07-01;5587.6384;624;24294.08;7
2567;DURAZNO IMPORTADO UND;FRUVER;2026-01-01;3038.48;251;15992;1
2567;DURAZNO IMPORTADO UND;FRUVER;2026-02-01;3025.56;251;15924;2
2567;DURAZNO IMPORTADO UND;FRUVER;2026-03-01;3136.9;269;16510;3
2567;DURAZNO IMPORTADO UND;FRUVER;2026-04-01;3447.55;287;18145;4
2567;DURAZNO IMPORTADO UND;FRUVER;2026-05-01;2912.7;245;15330;5
2567;DURAZNO IMPORTADO UND;FRUVER;2026-06-01;2857.41;255;15039;6
2567;DURAZNO IMPORTADO UND;FRUVER;2026-07-01;3364.14;277;17706;7
2568;GRANADILLA UND;FRUVER;2026-01-01;3754.26;271;20857;1
2568;GRANADILLA UND;FRUVER;2026-02-01;3742.92;269;20794;2
2568;GRANADILLA UND;FRUVER;2026-03-01;4147.2;294;23040;3
2568;GRANADILLA UND;FRUVER;2026-04-01;3645.54;293;20253;4
2568;GRANADILLA UND;FRUVER;2026-05-01;3609;284;20050;5
2568;GRANADILLA UND;FRUVER;2026-06-01;4050.9;300;22505;6
2568;GRANADILLA UND;FRUVER;2026-07-01;3165.66;277;17587;7
2569;GUINEO AMARILLO UND;FRUVER;2026-01-01;142.96;38;1787;1
2569;GUINEO AMARILLO UND;FRUVER;2026-02-01;185.68;42;2321;2
2569;GUINEO AMARILLO UND;FRUVER;2026-03-01;193.04;48;2413;3
2569;GUINEO AMARILLO UND;FRUVER;2026-04-01;177.84;51;2223;4
2569;GUINEO AMARILLO UND;FRUVER;2026-05-01;244.8;47;3060;5
2569;GUINEO AMARILLO UND;FRUVER;2026-06-01;288;52;3600;6
2569;GUINEO AMARILLO UND;FRUVER;2026-07-01;308.4;44;3855;7
2570;GUINEO PINTON UND;FRUVER;2026-01-01;6477.4;644;80967.5;1
2570;GUINEO PINTON UND;FRUVER;2026-02-01;5312.2;634;66402.5;2
2570;GUINEO PINTON UND;FRUVER;2026-03-01;6954;697;86925;3
2570;GUINEO PINTON UND;FRUVER;2026-04-01;5518;669;68975;4
2570;GUINEO PINTON UND;FRUVER;2026-05-01;5834.16;671;72927;5
2570;GUINEO PINTON UND;FRUVER;2026-06-01;6342.08;673;79276;6
2570;GUINEO PINTON UND;FRUVER;2026-07-01;5989.04;663;74863;7
2572;HOJA ATCERA UND;FRUVER;2026-01-01;216.88;71;5422;1
2572;HOJA ATCERA UND;FRUVER;2026-02-01;222.6;76;5565;2
2572;HOJA ATCERA UND;FRUVER;2026-03-01;276.4;90;6910;3
2572;HOJA ATCERA UND;FRUVER;2026-04-01;334.72;81;8368;4
2572;HOJA ATCERA UND;FRUVER;2026-05-01;292.28;84;7307;5
2572;HOJA ATCERA UND;FRUVER;2026-06-01;245.28;75;6132;6
2572;HOJA ATCERA UND;FRUVER;2026-07-01;316;81;7900;7
2573;HOJA CHOCLO UND;FRUVER;2026-01-01;76.16;35;3808;1
2573;HOJA CHOCLO UND;FRUVER;2026-02-01;54.72;23;2736;2
2573;HOJA CHOCLO UND;FRUVER;2026-03-01;51.04;35;2552;3
2573;HOJA CHOCLO UND;FRUVER;2026-04-01;52.7;24;2635;4
2573;HOJA CHOCLO UND;FRUVER;2026-05-01;52.48;29;2624;5
2573;HOJA CHOCLO UND;FRUVER;2026-06-01;53.54;28;2677;6
2573;HOJA CHOCLO UND;FRUVER;2026-07-01;60.84;29;3042;7
2574;KIWI UND;FRUVER;2026-01-01;1115.84;182;5072;1
2574;KIWI UND;FRUVER;2026-02-01;999.02;150;4541;2
2574;KIWI UND;FRUVER;2026-03-01;1410.42;178;6411;3
2574;KIWI UND;FRUVER;2026-04-01;1106.16;177;5028;4
2574;KIWI UND;FRUVER;2026-05-01;1500.84;184;6822;5
2574;KIWI UND;FRUVER;2026-06-01;1558.04;182;7082;6
2574;KIWI UND;FRUVER;2026-07-01;1607.1;169;7305;7
2577;MANDARINA NACIONAL UND;FRUVER;2026-01-01;6711.1;506;67111;1
2577;MANDARINA NACIONAL UND;FRUVER;2026-02-01;6292;484;62920;2
2577;MANDARINA NACIONAL UND;FRUVER;2026-03-01;7256;547;72560;3
2577;MANDARINA NACIONAL UND;FRUVER;2026-04-01;7741.8;522;77418;4
2577;MANDARINA NACIONAL UND;FRUVER;2026-05-01;7779.1;532;77791;5
2577;MANDARINA NACIONAL UND;FRUVER;2026-06-01;7774.6;538;77746;6
2577;MANDARINA NACIONAL UND;FRUVER;2026-07-01;7769.7;565;77697;7
2578;MANGO CHUPAR UND;FRUVER;2026-01-01;86.56;15;541;1
2578;MANGO CHUPAR UND;FRUVER;2026-02-01;0;0;0;2
2578;MANGO CHUPAR UND;FRUVER;2026-03-01;0;0;0;3
2578;MANGO CHUPAR UND;FRUVER;2026-04-01;0;0;0;4
2578;MANGO CHUPAR UND;FRUVER;2026-05-01;0;0;0;5
2578;MANGO CHUPAR UND;FRUVER;2026-06-01;0;0;0;6
2578;MANGO CHUPAR UND;FRUVER;2026-07-01;0;0;0;7
2580;MANZANA GOLD PEQUEÑA UND;FRUVER;2026-01-01;8847.74;618;40217;1
2580;MANZANA GOLD PEQUEÑA UND;FRUVER;2026-02-01;8664.7;562;39385;2
2580;MANZANA GOLD PEQUEÑA UND;FRUVER;2026-03-01;10587.5;625;48125;3
2580;MANZANA GOLD PEQUEÑA UND;FRUVER;2026-04-01;9784.06;614;44473;4
2580;MANZANA GOLD PEQUEÑA UND;FRUVER;2026-05-01;9104.7;621;41385;5
2580;MANZANA GOLD PEQUEÑA UND;FRUVER;2026-06-01;8980.18;603;40819;6
2580;MANZANA GOLD PEQUEÑA UND;FRUVER;2026-07-01;8958.4;585;40720;7
2584;MANZANA VERDE MEDIANA UND;FRUVER;2026-01-01;708.4;107;3220;1
2584;MANZANA VERDE MEDIANA UND;FRUVER;2026-02-01;844.8;98;3840;2
2584;MANZANA VERDE MEDIANA UND;FRUVER;2026-03-01;1003.86;116;4563;3
2584;MANZANA VERDE MEDIANA UND;FRUVER;2026-04-01;914.76;108;4158;4
2584;MANZANA VERDE MEDIANA UND;FRUVER;2026-05-01;1023.66;111;4653;5
2584;MANZANA VERDE MEDIANA UND;FRUVER;2026-06-01;1017.28;111;4624;6
2584;MANZANA VERDE MEDIANA UND;FRUVER;2026-07-01;1066.56;111;4848;7
2585;NARANJA IMPORTADA UND;FRUVER;2026-01-01;740.03;54;1721;1
2585;NARANJA IMPORTADA UND;FRUVER;2026-02-01;713.37;59;1659;2
2585;NARANJA IMPORTADA UND;FRUVER;2026-03-01;930.09;74;2163;3
2585;NARANJA IMPORTADA UND;FRUVER;2026-04-01;837.21;71;1947;4
2585;NARANJA IMPORTADA UND;FRUVER;2026-05-01;867.74;76;2018;5
2585;NARANJA IMPORTADA UND;FRUVER;2026-06-01;968.79;73;2253;6
2585;NARANJA IMPORTADA UND;FRUVER;2026-07-01;920.63;55;2141;7
2587;ORITO UNIDAD;FRUVER;2026-01-01;228.69;67;3267;1
2587;ORITO UNIDAD;FRUVER;2026-02-01;299.11;81;4273;2
2587;ORITO UNIDAD;FRUVER;2026-03-01;230.44;71;3292;3
2587;ORITO UNIDAD;FRUVER;2026-04-01;269.57;88;3851;4
2587;ORITO UNIDAD;FRUVER;2026-05-01;255.01;71;3643;5
2587;ORITO UNIDAD;FRUVER;2026-06-01;255.08;81;3644;6
2587;ORITO UNIDAD;FRUVER;2026-07-01;287.21;78;4103;7
2588;PEPINO DULCE UND;FRUVER;2026-01-01;14.52;11;121;1
2588;PEPINO DULCE UND;FRUVER;2026-02-01;0.84;3;7;2
2588;PEPINO DULCE UND;FRUVER;2026-03-01;21.24;8;177;3
2588;PEPINO DULCE UND;FRUVER;2026-04-01;6.36;6;53;4
2588;PEPINO DULCE UND;FRUVER;2026-05-01;37.8;14;315;5
2588;PEPINO DULCE UND;FRUVER;2026-06-01;27.6;12;230;6
2588;PEPINO DULCE UND;FRUVER;2026-07-01;38.4;14;320;7
2589;PERA IMPORTADA UND;FRUVER;2026-01-01;3463.32;274;16492;1
2589;PERA IMPORTADA UND;FRUVER;2026-02-01;4003.23;265;19063;2
2589;PERA IMPORTADA UND;FRUVER;2026-03-01;4394.46;294;20926;3
2589;PERA IMPORTADA UND;FRUVER;2026-04-01;4532.85;299;21585;4
2589;PERA IMPORTADA UND;FRUVER;2026-05-01;3614.73;267;17213;5
2589;PERA IMPORTADA UND;FRUVER;2026-06-01;4229.82;293;20142;6
2589;PERA IMPORTADA UND;FRUVER;2026-07-01;4511.64;305;21484;7
2590;TOMATE DULCE CALIBRE 70 GR UND;FRUVER;2026-01-01;3004.68;211;25039;1
2590;TOMATE DULCE CALIBRE 70 GR UND;FRUVER;2026-02-01;2977.08;209;24809;2
2590;TOMATE DULCE CALIBRE 70 GR UND;FRUVER;2026-03-01;3168.36;246;26403;3
2590;TOMATE DULCE CALIBRE 70 GR UND;FRUVER;2026-04-01;3503.4;232;29195;4
2590;TOMATE DULCE CALIBRE 70 GR UND;FRUVER;2026-05-01;4271.64;270;35597;5
2590;TOMATE DULCE CALIBRE 70 GR UND;FRUVER;2026-06-01;6150.24;277;51252;6
2590;TOMATE DULCE CALIBRE 70 GR UND;FRUVER;2026-07-01;6238.32;305;51986;7
2603;ARROZ INTEGRAL CASA DEL ARROZ 2 KG;NO PERECIBLE;2026-01-01;1144.71;96;483;1
2603;ARROZ INTEGRAL CASA DEL ARROZ 2 KG;NO PERECIBLE;2026-02-01;1267.95;101;535;2
2603;ARROZ INTEGRAL CASA DEL ARROZ 2 KG;NO PERECIBLE;2026-03-01;1521.54;118;642;3
2603;ARROZ INTEGRAL CASA DEL ARROZ 2 KG;NO PERECIBLE;2026-04-01;1654.26;127;698;4
2603;ARROZ INTEGRAL CASA DEL ARROZ 2 KG;NO PERECIBLE;2026-05-01;1618.71;150;683;5
2603;ARROZ INTEGRAL CASA DEL ARROZ 2 KG;NO PERECIBLE;2026-06-01;1625.82;139;686;6
2603;ARROZ INTEGRAL CASA DEL ARROZ 2 KG;NO PERECIBLE;2026-07-01;1602.12;142;676;7
2607;CEREZAS VERDE HELIOS 160 GR;NO PERECIBLE;2026-01-01;0;0;0;1
2607;CEREZAS VERDE HELIOS 160 GR;NO PERECIBLE;2026-02-01;5.70964989;3;3;2
2607;CEREZAS VERDE HELIOS 160 GR;NO PERECIBLE;2026-03-01;0;0;0;3
2607;CEREZAS VERDE HELIOS 160 GR;NO PERECIBLE;2026-04-01;9.51608315;2;5;4
2607;CEREZAS VERDE HELIOS 160 GR;NO PERECIBLE;2026-05-01;9.51608315;2;5;5
2607;CEREZAS VERDE HELIOS 160 GR;NO PERECIBLE;2026-06-01;3.80643326;2;2;6
2607;CEREZAS VERDE HELIOS 160 GR;NO PERECIBLE;2026-07-01;0;0;0;7
2613;HIERBA LUISA 1 KG;FRUVER;2026-01-01;78;11;52;1
2613;HIERBA LUISA 1 KG;FRUVER;2026-02-01;19.5;6;13;2
2613;HIERBA LUISA 1 KG;FRUVER;2026-03-01;48.75;16;32.5;3
2613;HIERBA LUISA 1 KG;FRUVER;2026-04-01;25.5;11;17;4
2613;HIERBA LUISA 1 KG;FRUVER;2026-05-01;19.5;9;13;5
2613;HIERBA LUISA 1 KG;FRUVER;2026-06-01;30;14;20;6
2613;HIERBA LUISA 1 KG;FRUVER;2026-07-01;27;9;18;7
2614;CEDRON 1 KG;FRUVER;2026-01-01;16.5;5;11;1
2614;CEDRON 1 KG;FRUVER;2026-02-01;6;2;4;2
2614;CEDRON 1 KG;FRUVER;2026-03-01;31.5;11;21;3
2614;CEDRON 1 KG;FRUVER;2026-04-01;25.5;9;17;4
2614;CEDRON 1 KG;FRUVER;2026-05-01;16.5;8;11;5
2614;CEDRON 1 KG;FRUVER;2026-06-01;21;7;14;6
2614;CEDRON 1 KG;FRUVER;2026-07-01;7.5;3;5;7
2645;CHORIZO SUIZO T1 FRITZ 2 KG;PERECIBLE;2026-01-01;82.3536;4;7;1
2645;CHORIZO SUIZO T1 FRITZ 2 KG;PERECIBLE;2026-02-01;94.1184;5;8;2
2645;CHORIZO SUIZO T1 FRITZ 2 KG;PERECIBLE;2026-03-01;35.2944;2;3;3
2645;CHORIZO SUIZO T1 FRITZ 2 KG;PERECIBLE;2026-04-01;94.1184;5;8;4
2645;CHORIZO SUIZO T1 FRITZ 2 KG;PERECIBLE;2026-05-01;82.3536;3;7;5
2645;CHORIZO SUIZO T1 FRITZ 2 KG;PERECIBLE;2026-06-01;223.5312;6;19;6
2645;CHORIZO SUIZO T1 FRITZ 2 KG;PERECIBLE;2026-07-01;35.2944;3;3;7
2646;CONTENEDOR LONCHERA X25;NO PERECIBLE;2026-01-01;178.542;28;109;1
2646;CONTENEDOR LONCHERA X25;NO PERECIBLE;2026-02-01;67.158;16;41;2
2646;CONTENEDOR LONCHERA X25;NO PERECIBLE;2026-03-01;157.248;24;96;3
2646;CONTENEDOR LONCHERA X25;NO PERECIBLE;2026-04-01;188.37;28;115;4
2646;CONTENEDOR LONCHERA X25;NO PERECIBLE;2026-05-01;212.94;31;130;5
2646;CONTENEDOR LONCHERA X25;NO PERECIBLE;2026-06-01;209.664;32;128;6
2646;CONTENEDOR LONCHERA X25;NO PERECIBLE;2026-07-01;247.338;44;151;7
2653;PAVO GRANDE FAVORITO (9 - 11 KG);PERECIBLE;2026-01-01;1951.246;30;55;1
2653;PAVO GRANDE FAVORITO (9 - 11 KG);PERECIBLE;2026-02-01;2341.4952;36;66;2
2653;PAVO GRANDE FAVORITO (9 - 11 KG);PERECIBLE;2026-03-01;2696.2672;36;76;3
2653;PAVO GRANDE FAVORITO (9 - 11 KG);PERECIBLE;2026-04-01;2447.9268;37;69;4
2653;PAVO GRANDE FAVORITO (9 - 11 KG);PERECIBLE;2026-05-01;2625.3128;39;74;5
2653;PAVO GRANDE FAVORITO (9 - 11 KG);PERECIBLE;2026-06-01;2518.8812;38;71;6
2653;PAVO GRANDE FAVORITO (9 - 11 KG);PERECIBLE;2026-07-01;4363.6956;45;123;7
2662;GALLETAS RICAS NESTLE 58 GR;NO PERECIBLE;2026-01-01;1.19309308;1;4;1
2662;GALLETAS RICAS NESTLE 58 GR;NO PERECIBLE;2026-02-01;0;0;0;2
2662;GALLETAS RICAS NESTLE 58 GR;NO PERECIBLE;2026-03-01;0;0;0;3
2662;GALLETAS RICAS NESTLE 58 GR;NO PERECIBLE;2026-04-01;0;0;0;4
2662;GALLETAS RICAS NESTLE 58 GR;NO PERECIBLE;2026-05-01;4.47409905;2;15;5
2662;GALLETAS RICAS NESTLE 58 GR;NO PERECIBLE;2026-06-01;0;0;0;6
2662;GALLETAS RICAS NESTLE 58 GR;NO PERECIBLE;2026-07-01;0;0;0;7
2682;CHOCOLISTO TARRO 300 GR;NO PERECIBLE;2026-01-01;0;0;0;1
2682;CHOCOLISTO TARRO 300 GR;NO PERECIBLE;2026-02-01;7.12316049;2;3;2
2682;CHOCOLISTO TARRO 300 GR;NO PERECIBLE;2026-03-01;0;0;0;3
2682;CHOCOLISTO TARRO 300 GR;NO PERECIBLE;2026-04-01;0;0;0;4
2682;CHOCOLISTO TARRO 300 GR;NO PERECIBLE;2026-05-01;14.24632098;5;6;5
2682;CHOCOLISTO TARRO 300 GR;NO PERECIBLE;2026-06-01;0;0;0;6
2682;CHOCOLISTO TARRO 300 GR;NO PERECIBLE;2026-07-01;0;0;0;7
2694;CREMA SILKPAK PURATOS TETRAPACK 1 LT;NO PERECIBLE;2026-01-01;66.8525;5;13;1
2694;CREMA SILKPAK PURATOS TETRAPACK 1 LT;NO PERECIBLE;2026-02-01;61.71;4;12;2
2694;CREMA SILKPAK PURATOS TETRAPACK 1 LT;NO PERECIBLE;2026-03-01;77.1375;5;15;3
2694;CREMA SILKPAK PURATOS TETRAPACK 1 LT;NO PERECIBLE;2026-04-01;154.275;6;30;4
2694;CREMA SILKPAK PURATOS TETRAPACK 1 LT;NO PERECIBLE;2026-05-01;138.8475;8;27;5
2694;CREMA SILKPAK PURATOS TETRAPACK 1 LT;NO PERECIBLE;2026-06-01;154.275;7;30;6
2694;CREMA SILKPAK PURATOS TETRAPACK 1 LT;NO PERECIBLE;2026-07-01;113.135;7;22;7
2734;TE NEGRO LIMON EN POLVO ICE TEA LEGZ 925 GR;NO PERECIBLE;2026-01-01;3855.4485;215;789;1
2734;TE NEGRO LIMON EN POLVO ICE TEA LEGZ 925 GR;NO PERECIBLE;2026-02-01;3278.8415;205;671;2
2734;TE NEGRO LIMON EN POLVO ICE TEA LEGZ 925 GR;NO PERECIBLE;2026-03-01;5604.8155;262;1147;3
2734;TE NEGRO LIMON EN POLVO ICE TEA LEGZ 925 GR;NO PERECIBLE;2026-04-01;4168.1845;224;853;4
2734;TE NEGRO LIMON EN POLVO ICE TEA LEGZ 925 GR;NO PERECIBLE;2026-05-01;4563.991;236;934;5
2734;TE NEGRO LIMON EN POLVO ICE TEA LEGZ 925 GR;NO PERECIBLE;2026-06-01;4275.6875;234;875;6
2734;TE NEGRO LIMON EN POLVO ICE TEA LEGZ 925 GR;NO PERECIBLE;2026-07-01;4710.586;251;964;7
2735;RES LOMO FALDA CUADRIL PROCESADO KG;PERECIBLE;2026-01-01;3687.714545;175;449.65;1
2735;RES LOMO FALDA CUADRIL PROCESADO KG;PERECIBLE;2026-02-01;2542.567026;127;310.02;2
2735;RES LOMO FALDA CUADRIL PROCESADO KG;PERECIBLE;2026-03-01;5599.273549;190;682.73;3
2735;RES LOMO FALDA CUADRIL PROCESADO KG;PERECIBLE;2026-04-01;3112.475363;165;379.51;4
2735;RES LOMO FALDA CUADRIL PROCESADO KG;PERECIBLE;2026-05-01;3758.163712;179;458.24;5
2735;RES LOMO FALDA CUADRIL PROCESADO KG;PERECIBLE;2026-06-01;3093.53036;161;377.2;6
2735;RES LOMO FALDA CUADRIL PROCESADO KG;PERECIBLE;2026-07-01;3037.433468;179;370.36;7
2745;FUNDA AMARILLA 38MICRAS 22.4X26.7 X10 UND;NO PERECIBLE;2026-01-01;27.44;10;49;1
2745;FUNDA AMARILLA 38MICRAS 22.4X26.7 X10 UND;NO PERECIBLE;2026-02-01;50.4;13;90;2
2745;FUNDA AMARILLA 38MICRAS 22.4X26.7 X10 UND;NO PERECIBLE;2026-03-01;53.76;19;96;3
2745;FUNDA AMARILLA 38MICRAS 22.4X26.7 X10 UND;NO PERECIBLE;2026-04-01;51.52;17;92;4
2745;FUNDA AMARILLA 38MICRAS 22.4X26.7 X10 UND;NO PERECIBLE;2026-05-01;59.36;17;106;5
2745;FUNDA AMARILLA 38MICRAS 22.4X26.7 X10 UND;NO PERECIBLE;2026-06-01;55.44;15;99;6
2745;FUNDA AMARILLA 38MICRAS 22.4X26.7 X10 UND;NO PERECIBLE;2026-07-01;61.6;18;110;7
2752;FIDEO LONCHYS CARNE 67 GR;NO PERECIBLE;2026-01-01;18.90830784;1;24;1
2752;FIDEO LONCHYS CARNE 67 GR;NO PERECIBLE;2026-02-01;56.72492352;2;72;2
2752;FIDEO LONCHYS CARNE 67 GR;NO PERECIBLE;2026-03-01;37.81661568;2;48;3
2752;FIDEO LONCHYS CARNE 67 GR;NO PERECIBLE;2026-04-01;18.90830784;1;24;4
2752;FIDEO LONCHYS CARNE 67 GR;NO PERECIBLE;2026-05-01;0;0;0;5
2752;FIDEO LONCHYS CARNE 67 GR;NO PERECIBLE;2026-06-01;0;0;0;6
2752;FIDEO LONCHYS CARNE 67 GR;NO PERECIBLE;2026-07-01;0;0;0;7
2753;FIDEO LONCHYS POLLO 65 GR;NO PERECIBLE;2026-01-01;35.52;2;48;1
2753;FIDEO LONCHYS POLLO 65 GR;NO PERECIBLE;2026-02-01;53.28;3;72;2
2753;FIDEO LONCHYS POLLO 65 GR;NO PERECIBLE;2026-03-01;53.28;3;72;3
2753;FIDEO LONCHYS POLLO 65 GR;NO PERECIBLE;2026-04-01;0;0;0;4
2753;FIDEO LONCHYS POLLO 65 GR;NO PERECIBLE;2026-05-01;53.28;3;72;5
2753;FIDEO LONCHYS POLLO 65 GR;NO PERECIBLE;2026-06-01;0;0;0;6
2753;FIDEO LONCHYS POLLO 65 GR;NO PERECIBLE;2026-07-01;0;0;0;7
2755;GELATINA CEREZA LIGHT TONI 200 GR;PERECIBLE;2026-01-01;21.1904;5;28;1
2755;GELATINA CEREZA LIGHT TONI 200 GR;PERECIBLE;2026-02-01;61.3008;10;81;2
2755;GELATINA CEREZA LIGHT TONI 200 GR;PERECIBLE;2026-03-01;58.2736;8;77;3
2755;GELATINA CEREZA LIGHT TONI 200 GR;PERECIBLE;2026-04-01;42.3808;7;56;4
2755;GELATINA CEREZA LIGHT TONI 200 GR;PERECIBLE;2026-05-01;112.0064;10;148;5
2755;GELATINA CEREZA LIGHT TONI 200 GR;PERECIBLE;2026-06-01;79.464;9;105;6
2755;GELATINA CEREZA LIGHT TONI 200 GR;PERECIBLE;2026-07-01;92.3296;9;122;7
2756;AGUA SIN GAS DASANI 600 ML;NO PERECIBLE;2026-01-01;9760.2032;97;32621;1
2756;AGUA SIN GAS DASANI 600 ML;NO PERECIBLE;2026-02-01;7816.6;83;26125;2
2756;AGUA SIN GAS DASANI 600 ML;NO PERECIBLE;2026-03-01;8512.8384;90;28452;3
2756;AGUA SIN GAS DASANI 600 ML;NO PERECIBLE;2026-04-01;12088.5776;105;40403;4
2756;AGUA SIN GAS DASANI 600 ML;NO PERECIBLE;2026-05-01;10120.1408;111;33824;5
2756;AGUA SIN GAS DASANI 600 ML;NO PERECIBLE;2026-06-01;10780.4752;121;36031;6
2756;AGUA SIN GAS DASANI 600 ML;NO PERECIBLE;2026-07-01;11266.9744;101;37657;7
2768;NARANJA SELECCIONADA UND;FRUVER;2026-01-01;185.8;23;1858;1
2768;NARANJA SELECCIONADA UND;FRUVER;2026-02-01;174.5;19;1745;2
2768;NARANJA SELECCIONADA UND;FRUVER;2026-03-01;109;16;1090;3
2768;NARANJA SELECCIONADA UND;FRUVER;2026-04-01;174;22;1740;4
2768;NARANJA SELECCIONADA UND;FRUVER;2026-05-01;159.6;24;1596;5
2768;NARANJA SELECCIONADA UND;FRUVER;2026-06-01;133;18;1330;6
2768;NARANJA SELECCIONADA UND;FRUVER;2026-07-01;135.4;13;1354;7
2769;TORTILLAS MAMA FANY EXTRA GRANDE 645 GR;PERECIBLE;2026-01-01;9.1788;1;3;1
2769;TORTILLAS MAMA FANY EXTRA GRANDE 645 GR;PERECIBLE;2026-02-01;79.5496;4;26;2
2769;TORTILLAS MAMA FANY EXTRA GRANDE 645 GR;PERECIBLE;2026-03-01;58.1324;7;19;3
2769;TORTILLAS MAMA FANY EXTRA GRANDE 645 GR;PERECIBLE;2026-04-01;64.2516;4;21;4
2769;TORTILLAS MAMA FANY EXTRA GRANDE 645 GR;PERECIBLE;2026-05-01;0;0;0;5
2769;TORTILLAS MAMA FANY EXTRA GRANDE 645 GR;PERECIBLE;2026-06-01;94.8476;5;31;6
2769;TORTILLAS MAMA FANY EXTRA GRANDE 645 GR;PERECIBLE;2026-07-01;128.5032;4;42;7
2783;BANDEJA ALUMINIO CON TAPA 13X10.5X3.9 X 10 UND;NO PERECIBLE;2026-01-01;30.24;8;27;1
2783;BANDEJA ALUMINIO CON TAPA 13X10.5X3.9 X 10 UND;NO PERECIBLE;2026-02-01;23.52;4;21;2
2783;BANDEJA ALUMINIO CON TAPA 13X10.5X3.9 X 10 UND;NO PERECIBLE;2026-03-01;68.32;9;61;3
2783;BANDEJA ALUMINIO CON TAPA 13X10.5X3.9 X 10 UND;NO PERECIBLE;2026-04-01;36.96;8;33;4
2783;BANDEJA ALUMINIO CON TAPA 13X10.5X3.9 X 10 UND;NO PERECIBLE;2026-05-01;34.72;7;31;5
2783;BANDEJA ALUMINIO CON TAPA 13X10.5X3.9 X 10 UND;NO PERECIBLE;2026-06-01;96.32;10;86;6
2783;BANDEJA ALUMINIO CON TAPA 13X10.5X3.9 X 10 UND;NO PERECIBLE;2026-07-01;20.16;5;18;7
2868;TARRINA PLÁSTICA CON TAPA 1/2 LT X50 UND;NO PERECIBLE;2026-01-01;2065.344;132;744;1
2868;TARRINA PLÁSTICA CON TAPA 1/2 LT X50 UND;NO PERECIBLE;2026-02-01;2084.776;141;751;2
2868;TARRINA PLÁSTICA CON TAPA 1/2 LT X50 UND;NO PERECIBLE;2026-03-01;2703.824;173;974;3
2868;TARRINA PLÁSTICA CON TAPA 1/2 LT X50 UND;NO PERECIBLE;2026-04-01;3017.512;154;1087;4
2868;TARRINA PLÁSTICA CON TAPA 1/2 LT X50 UND;NO PERECIBLE;2026-05-01;2798.208;156;1008;5
2868;TARRINA PLÁSTICA CON TAPA 1/2 LT X50 UND;NO PERECIBLE;2026-06-01;3014.736;161;1086;6
2868;TARRINA PLÁSTICA CON TAPA 1/2 LT X50 UND;NO PERECIBLE;2026-07-01;2981.424;171;1074;7
2869;TARRINA PLÁSTICA 1 LT CON TAPA X50;NO PERECIBLE;2026-01-01;307.06787875;17;125;1
2869;TARRINA PLÁSTICA 1 LT CON TAPA X50;NO PERECIBLE;2026-02-01;132.65332362;12;54;2
2869;TARRINA PLÁSTICA 1 LT CON TAPA X50;NO PERECIBLE;2026-03-01;272.67627633;21;111;3
2869;TARRINA PLÁSTICA 1 LT CON TAPA X50;NO PERECIBLE;2026-04-01;422.52540116;25;172;4
2869;TARRINA PLÁSTICA 1 LT CON TAPA X50;NO PERECIBLE;2026-05-01;496.22169206;25;202;5
2869;TARRINA PLÁSTICA 1 LT CON TAPA X50;NO PERECIBLE;2026-06-01;528.15675145;23;215;6
2869;TARRINA PLÁSTICA 1 LT CON TAPA X50;NO PERECIBLE;2026-07-01;407.78614298;26;166;7
2870;HIERBABUENA 1 KG;FRUVER;2026-01-01;118.8;33;49.5;1
2870;HIERBABUENA 1 KG;FRUVER;2026-02-01;230.4;38;96;2
2870;HIERBABUENA 1 KG;FRUVER;2026-03-01;306;44;127.5;3
2870;HIERBABUENA 1 KG;FRUVER;2026-04-01;336;47;140;4
2870;HIERBABUENA 1 KG;FRUVER;2026-05-01;290.4;48;121;5
2870;HIERBABUENA 1 KG;FRUVER;2026-06-01;386.4;56;161;6
2870;HIERBABUENA 1 KG;FRUVER;2026-07-01;360;47;150;7
2882;FREJOL CANARIO EUREKA 500 GR;NO PERECIBLE;2026-01-01;0;0;0;1
2882;FREJOL CANARIO EUREKA 500 GR;NO PERECIBLE;2026-02-01;0;0;0;2
2882;FREJOL CANARIO EUREKA 500 GR;NO PERECIBLE;2026-03-01;0;0;0;3
2882;FREJOL CANARIO EUREKA 500 GR;NO PERECIBLE;2026-04-01;0;0;0;4
2882;FREJOL CANARIO EUREKA 500 GR;NO PERECIBLE;2026-05-01;0;0;0;5
2882;FREJOL CANARIO EUREKA 500 GR;NO PERECIBLE;2026-06-01;1.65;1;1;6
2882;FREJOL CANARIO EUREKA 500 GR;NO PERECIBLE;2026-07-01;0;0;0;7
2885;FREJOL ROJO EUREKA 500 GR;NO PERECIBLE;2026-01-01;0;0;0;1
2885;FREJOL ROJO EUREKA 500 GR;NO PERECIBLE;2026-02-01;0;0;0;2
2885;FREJOL ROJO EUREKA 500 GR;NO PERECIBLE;2026-03-01;0;0;0;3
2885;FREJOL ROJO EUREKA 500 GR;NO PERECIBLE;2026-04-01;2172.5;206;1738;4
2885;FREJOL ROJO EUREKA 500 GR;NO PERECIBLE;2026-05-01;3235;355;2588;5
2885;FREJOL ROJO EUREKA 500 GR;NO PERECIBLE;2026-06-01;3210;369;2568;6
2885;FREJOL ROJO EUREKA 500 GR;NO PERECIBLE;2026-07-01;3116.25;347;2493;7
2897;QUESO CREMA FLORALP 3.8 KG;PERECIBLE;2026-01-01;106.9;5;5;1
2897;QUESO CREMA FLORALP 3.8 KG;PERECIBLE;2026-02-01;149.66;7;7;2
2897;QUESO CREMA FLORALP 3.8 KG;PERECIBLE;2026-03-01;106.9;5;5;3
2897;QUESO CREMA FLORALP 3.8 KG;PERECIBLE;2026-04-01;171.04;8;8;4
2897;QUESO CREMA FLORALP 3.8 KG;PERECIBLE;2026-05-01;128.28;6;6;5
2897;QUESO CREMA FLORALP 3.8 KG;PERECIBLE;2026-06-01;64.14;3;3;6
2897;QUESO CREMA FLORALP 3.8 KG;PERECIBLE;2026-07-01;42.76;2;2;7
2932;HARINA TOMEBAMBA 50 KG;NO PERECIBLE;2026-01-01;0;0;0;1
2932;HARINA TOMEBAMBA 50 KG;NO PERECIBLE;2026-02-01;33;1;1;2
2932;HARINA TOMEBAMBA 50 KG;NO PERECIBLE;2026-03-01;0;0;0;3
2932;HARINA TOMEBAMBA 50 KG;NO PERECIBLE;2026-04-01;0;0;0;4
2932;HARINA TOMEBAMBA 50 KG;NO PERECIBLE;2026-05-01;0;0;0;5
2932;HARINA TOMEBAMBA 50 KG;NO PERECIBLE;2026-06-01;0;0;0;6
2932;HARINA TOMEBAMBA 50 KG;NO PERECIBLE;2026-07-01;0;0;0;7
2938;PESCADO FILETE APAN PLUMROSE 960 GR (12 X80 GR);PERECIBLE;2026-01-01;54;2;9;1
2938;PESCADO FILETE APAN PLUMROSE 960 GR (12 X80 GR);PERECIBLE;2026-02-01;60;2;10;2
2938;PESCADO FILETE APAN PLUMROSE 960 GR (12 X80 GR);PERECIBLE;2026-03-01;384;4;64;3
2938;PESCADO FILETE APAN PLUMROSE 960 GR (12 X80 GR);PERECIBLE;2026-04-01;6;1;1;4
2938;PESCADO FILETE APAN PLUMROSE 960 GR (12 X80 GR);PERECIBLE;2026-05-01;78;4;13;5
2938;PESCADO FILETE APAN PLUMROSE 960 GR (12 X80 GR);PERECIBLE;2026-06-01;6;1;1;6
2938;PESCADO FILETE APAN PLUMROSE 960 GR (12 X80 GR);PERECIBLE;2026-07-01;78;3;13;7
2939;POLLO HAMBURGUESA APAN PLUMROSE 1.3 KG (20 X65 GR);PERECIBLE;2026-01-01;148.01;11;19;1
2939;POLLO HAMBURGUESA APAN PLUMROSE 1.3 KG (20 X65 GR);PERECIBLE;2026-02-01;93.48;8;12;2
2939;POLLO HAMBURGUESA APAN PLUMROSE 1.3 KG (20 X65 GR);PERECIBLE;2026-03-01;140.22;10;18;3
2939;POLLO HAMBURGUESA APAN PLUMROSE 1.3 KG (20 X65 GR);PERECIBLE;2026-04-01;116.85;11;15;4
2939;POLLO HAMBURGUESA APAN PLUMROSE 1.3 KG (20 X65 GR);PERECIBLE;2026-05-01;140.22;11;18;5
2939;POLLO HAMBURGUESA APAN PLUMROSE 1.3 KG (20 X65 GR);PERECIBLE;2026-06-01;116.85;11;15;6
2939;POLLO HAMBURGUESA APAN PLUMROSE 1.3 KG (20 X65 GR);PERECIBLE;2026-07-01;179.17;11;23;7
2944;VASO CON TAPA 1 ONZ X 100 UND;NO PERECIBLE;2026-01-01;104.826;9;60;1
2944;VASO CON TAPA 1 ONZ X 100 UND;NO PERECIBLE;2026-02-01;73.3782;9;42;2
2944;VASO CON TAPA 1 ONZ X 100 UND;NO PERECIBLE;2026-03-01;117.0557;10;67;3
2944;VASO CON TAPA 1 ONZ X 100 UND;NO PERECIBLE;2026-04-01;134.5267;9;77;4
2944;VASO CON TAPA 1 ONZ X 100 UND;NO PERECIBLE;2026-05-01;188.6868;10;108;5
2944;VASO CON TAPA 1 ONZ X 100 UND;NO PERECIBLE;2026-06-01;164.2274;10;94;6
2944;VASO CON TAPA 1 ONZ X 100 UND;NO PERECIBLE;2026-07-01;103.0789;10;59;7
2947;FIDEO FUSILLI TRICOLORE TOSCANA 400 GR;NO PERECIBLE;2026-01-01;7.00077896;2;4;1
2947;FIDEO FUSILLI TRICOLORE TOSCANA 400 GR;NO PERECIBLE;2026-02-01;24.50272636;5;14;2
2947;FIDEO FUSILLI TRICOLORE TOSCANA 400 GR;NO PERECIBLE;2026-03-01;22.75253162;6;13;3
2947;FIDEO FUSILLI TRICOLORE TOSCANA 400 GR;NO PERECIBLE;2026-04-01;15.75175266;5;9;4
2947;FIDEO FUSILLI TRICOLORE TOSCANA 400 GR;NO PERECIBLE;2026-05-01;38.50428428;8;22;5
2947;FIDEO FUSILLI TRICOLORE TOSCANA 400 GR;NO PERECIBLE;2026-06-01;36.75408954;8;21;6
2947;FIDEO FUSILLI TRICOLORE TOSCANA 400 GR;NO PERECIBLE;2026-07-01;35.0038948;9;20;7
2990;POLVO HORNEAR BAKELS 5 KG;NO PERECIBLE;2026-01-01;234.22;11;14;1
2990;POLVO HORNEAR BAKELS 5 KG;NO PERECIBLE;2026-02-01;234.22;12;14;2
2990;POLVO HORNEAR BAKELS 5 KG;NO PERECIBLE;2026-03-01;317.87;14;19;3
2990;POLVO HORNEAR BAKELS 5 KG;NO PERECIBLE;2026-04-01;167.3;10;10;4
2990;POLVO HORNEAR BAKELS 5 KG;NO PERECIBLE;2026-05-01;317.87;16;19;5
2990;POLVO HORNEAR BAKELS 5 KG;NO PERECIBLE;2026-06-01;234.22;12;14;6
2990;POLVO HORNEAR BAKELS 5 KG;NO PERECIBLE;2026-07-01;234.22;13;14;7
3025;PALITOS CAFE PLASTICO X 100;NO PERECIBLE;2026-01-01;12.88816056;9;36;1
3025;PALITOS CAFE PLASTICO X 100;NO PERECIBLE;2026-02-01;26.13432558;14;73;2
3025;PALITOS CAFE PLASTICO X 100;NO PERECIBLE;2026-03-01;25.77632112;14;72;3
3025;PALITOS CAFE PLASTICO X 100;NO PERECIBLE;2026-04-01;7.51809366;6;21;4
3025;PALITOS CAFE PLASTICO X 100;NO PERECIBLE;2026-05-01;15.39419178;13;43;5
3025;PALITOS CAFE PLASTICO X 100;NO PERECIBLE;2026-06-01;13.96217394;12;39;6
3025;PALITOS CAFE PLASTICO X 100;NO PERECIBLE;2026-07-01;12.17215164;13;34;7
3027;TARRINA TÉRMICA CON TAPA 1/2LT X50 UND;NO PERECIBLE;2026-01-01;157.26;10;30;1
3027;TARRINA TÉRMICA CON TAPA 1/2LT X50 UND;NO PERECIBLE;2026-02-01;141.534;8;27;2
3027;TARRINA TÉRMICA CON TAPA 1/2LT X50 UND;NO PERECIBLE;2026-03-01;183.47;9;35;3
3027;TARRINA TÉRMICA CON TAPA 1/2LT X50 UND;NO PERECIBLE;2026-04-01;152.018;10;29;4
3027;TARRINA TÉRMICA CON TAPA 1/2LT X50 UND;NO PERECIBLE;2026-05-01;209.68;12;40;5
3027;TARRINA TÉRMICA CON TAPA 1/2LT X50 UND;NO PERECIBLE;2026-06-01;199.196;10;38;6
3027;TARRINA TÉRMICA CON TAPA 1/2LT X50 UND;NO PERECIBLE;2026-07-01;172.986;11;33;7
3067;RES L.FALDAT 76-90 X30;PERECIBLE;2026-01-01;0;0;0;1
3067;RES L.FALDAT 76-90 X30;PERECIBLE;2026-02-01;0;0;0;2
3067;RES L.FALDAT 76-90 X30;PERECIBLE;2026-03-01;0;0;0;3
3067;RES L.FALDAT 76-90 X30;PERECIBLE;2026-04-01;174.35616;2;10.56;4
3067;RES L.FALDAT 76-90 X30;PERECIBLE;2026-05-01;0;0;0;5
3067;RES L.FALDAT 76-90 X30;PERECIBLE;2026-06-01;0;0;0;6
3067;RES L.FALDAT 76-90 X30;PERECIBLE;2026-07-01;0;0;0;7
3087;HUEVO (64-70) GR UND;NO PERECIBLE;2026-01-01;1493.3634;64;10798;1
3087;HUEVO (64-70) GR UND;NO PERECIBLE;2026-02-01;1272.4983;54;9201;2
3087;HUEVO (64-70) GR UND;NO PERECIBLE;2026-03-01;1812.2832;54;13104;3
3087;HUEVO (64-70) GR UND;NO PERECIBLE;2026-04-01;2677.0731;109;19357;4
3087;HUEVO (64-70) GR UND;NO PERECIBLE;2026-05-01;1424.6283;122;10301;5
3087;HUEVO (64-70) GR UND;NO PERECIBLE;2026-06-01;1492.9485;90;10795;6
3087;HUEVO (64-70) GR UND;NO PERECIBLE;2026-07-01;1980.8709;144;14323;7
3090;CHAMPIÑON ENTERO GUIPI 435 GR;NO PERECIBLE;2026-01-01;90;10;36;1
3090;CHAMPIÑON ENTERO GUIPI 435 GR;NO PERECIBLE;2026-02-01;112.5;11;45;2
3090;CHAMPIÑON ENTERO GUIPI 435 GR;NO PERECIBLE;2026-03-01;115;11;46;3
3090;CHAMPIÑON ENTERO GUIPI 435 GR;NO PERECIBLE;2026-04-01;102.5;11;41;4
3090;CHAMPIÑON ENTERO GUIPI 435 GR;NO PERECIBLE;2026-05-01;150;12;60;5
3090;CHAMPIÑON ENTERO GUIPI 435 GR;NO PERECIBLE;2026-06-01;132.5;15;53;6
3090;CHAMPIÑON ENTERO GUIPI 435 GR;NO PERECIBLE;2026-07-01;62.5;9;25;7
3091;ENDULZANTE SUCRA SWEET X 100;NO PERECIBLE;2026-01-01;0;0;0;1
3091;ENDULZANTE SUCRA SWEET X 100;NO PERECIBLE;2026-02-01;0;0;0;2
3091;ENDULZANTE SUCRA SWEET X 100;NO PERECIBLE;2026-03-01;0;0;0;3
3091;ENDULZANTE SUCRA SWEET X 100;NO PERECIBLE;2026-04-01;0;0;0;4
3091;ENDULZANTE SUCRA SWEET X 100;NO PERECIBLE;2026-05-01;0;0;0;5
3091;ENDULZANTE SUCRA SWEET X 100;NO PERECIBLE;2026-06-01;331.2;37;60;6
3091;ENDULZANTE SUCRA SWEET X 100;NO PERECIBLE;2026-07-01;518.88;54;94;7
3096;PAVO POFASA PROCESADO (4.5 - 5.5 KG);PERECIBLE;2026-01-01;717.938167656;37;231.65;1
3096;PAVO POFASA PROCESADO (4.5 - 5.5 KG);PERECIBLE;2026-02-01;571.9021371792;28;184.53;2
3096;PAVO POFASA PROCESADO (4.5 - 5.5 KG);PERECIBLE;2026-03-01;529.504579944;28;170.85;3
3096;PAVO POFASA PROCESADO (4.5 - 5.5 KG);PERECIBLE;2026-04-01;428.5314502128;25;138.27;4
3096;PAVO POFASA PROCESADO (4.5 - 5.5 KG);PERECIBLE;2026-05-01;680.28244248;33;219.5;5
3096;PAVO POFASA PROCESADO (4.5 - 5.5 KG);PERECIBLE;2026-06-01;1150.8085491648;33;371.32;6
3096;PAVO POFASA PROCESADO (4.5 - 5.5 KG);PERECIBLE;2026-07-01;496.9316028576;27;160.34;7
3099;NECTAR DE NARANJA PULP TETRAPACK 250 ML;NO PERECIBLE;2026-01-01;1074.1886;54;3929;1
3099;NECTAR DE NARANJA PULP TETRAPACK 250 ML;NO PERECIBLE;2026-02-01;525.4748;31;1922;2
3099;NECTAR DE NARANJA PULP TETRAPACK 250 ML;NO PERECIBLE;2026-03-01;698.8104;33;2556;3
3099;NECTAR DE NARANJA PULP TETRAPACK 250 ML;NO PERECIBLE;2026-04-01;902.4934;45;3301;4
3099;NECTAR DE NARANJA PULP TETRAPACK 250 ML;NO PERECIBLE;2026-05-01;849.7272;49;3108;5
3099;NECTAR DE NARANJA PULP TETRAPACK 250 ML;NO PERECIBLE;2026-06-01;298.2794;20;1091;6
3099;NECTAR DE NARANJA PULP TETRAPACK 250 ML;NO PERECIBLE;2026-07-01;809.264;29;2960;7
3100;NECTAR DE MANZANA PULP TETRAPACK 250 ML;NO PERECIBLE;2026-01-01;771.2526;36;2822;1
3100;NECTAR DE MANZANA PULP TETRAPACK 250 ML;NO PERECIBLE;2026-02-01;410.7699;17;1503;2
3100;NECTAR DE MANZANA PULP TETRAPACK 250 ML;NO PERECIBLE;2026-03-01;464.0634;18;1698;3
3100;NECTAR DE MANZANA PULP TETRAPACK 250 ML;NO PERECIBLE;2026-04-01;725.3382;31;2654;4
3100;NECTAR DE MANZANA PULP TETRAPACK 250 ML;NO PERECIBLE;2026-05-01;536.7612;31;1964;5
3100;NECTAR DE MANZANA PULP TETRAPACK 250 ML;NO PERECIBLE;2026-06-01;795.0297;40;2909;6
3100;NECTAR DE MANZANA PULP TETRAPACK 250 ML;NO PERECIBLE;2026-07-01;799.6758;31;2926;7
3101;JUGO DE MANGO PULP 250 ML;NO PERECIBLE;2026-01-01;786.2841;40;2877;1
3101;JUGO DE MANGO PULP 250 ML;NO PERECIBLE;2026-02-01;335.3391;23;1227;2
3101;JUGO DE MANGO PULP 250 ML;NO PERECIBLE;2026-03-01;813.8874;30;2978;3
3101;JUGO DE MANGO PULP 250 ML;NO PERECIBLE;2026-04-01;1053.2982;37;3854;4
3101;JUGO DE MANGO PULP 250 ML;NO PERECIBLE;2026-05-01;898.3371;39;3287;5
3101;JUGO DE MANGO PULP 250 ML;NO PERECIBLE;2026-06-01;991.2591;41;3627;6
3101;JUGO DE MANGO PULP 250 ML;NO PERECIBLE;2026-07-01;515.9904;25;1888;7
3108;ENDULZANTE SUCRA SWEET X50;NO PERECIBLE;2026-01-01;389.16;45;141;1
3108;ENDULZANTE SUCRA SWEET X50;NO PERECIBLE;2026-02-01;339.48;38;123;2
3108;ENDULZANTE SUCRA SWEET X50;NO PERECIBLE;2026-03-01;436.08;49;158;3
3108;ENDULZANTE SUCRA SWEET X50;NO PERECIBLE;2026-04-01;416.76;58;151;4
3108;ENDULZANTE SUCRA SWEET X50;NO PERECIBLE;2026-05-01;477.48;65;173;5
3108;ENDULZANTE SUCRA SWEET X50;NO PERECIBLE;2026-06-01;88.32;13;32;6
3108;ENDULZANTE SUCRA SWEET X50;NO PERECIBLE;2026-07-01;0;0;0;7
3115;SALSA DE TOMATE LA PRIMERA 3.56 KG;NO PERECIBLE;2026-01-01;2471.04;420;704;1
3115;SALSA DE TOMATE LA PRIMERA 3.56 KG;NO PERECIBLE;2026-02-01;2492.1;390;710;2
3115;SALSA DE TOMATE LA PRIMERA 3.56 KG;NO PERECIBLE;2026-03-01;2636.01;433;751;3
3115;SALSA DE TOMATE LA PRIMERA 3.56 KG;NO PERECIBLE;2026-04-01;2706.21;448;771;4
3115;SALSA DE TOMATE LA PRIMERA 3.56 KG;NO PERECIBLE;2026-05-01;2878.2;447;820;5
3115;SALSA DE TOMATE LA PRIMERA 3.56 KG;NO PERECIBLE;2026-06-01;2902.77;470;827;6
3115;SALSA DE TOMATE LA PRIMERA 3.56 KG;NO PERECIBLE;2026-07-01;2976.48;470;848;7
3118;PAN HOT DOG MODERNA 320 GR X8;NO PERECIBLE;2026-01-01;40.89;4;47;1
3118;PAN HOT DOG MODERNA 320 GR X8;NO PERECIBLE;2026-02-01;0;0;0;2
3118;PAN HOT DOG MODERNA 320 GR X8;NO PERECIBLE;2026-03-01;4.35;2;5;3
3118;PAN HOT DOG MODERNA 320 GR X8;NO PERECIBLE;2026-04-01;0;0;0;4
3118;PAN HOT DOG MODERNA 320 GR X8;NO PERECIBLE;2026-05-01;0;0;0;5
3118;PAN HOT DOG MODERNA 320 GR X8;NO PERECIBLE;2026-06-01;1.74;1;2;6
3118;PAN HOT DOG MODERNA 320 GR X8;NO PERECIBLE;2026-07-01;48.72;6;56;7
3121;BOTANAS NATURAL 40GR X12;NO PERECIBLE;2026-01-01;12.6;3;3;1
3121;BOTANAS NATURAL 40GR X12;NO PERECIBLE;2026-02-01;0;0;0;2
3121;BOTANAS NATURAL 40GR X12;NO PERECIBLE;2026-03-01;0;0;0;3
3121;BOTANAS NATURAL 40GR X12;NO PERECIBLE;2026-04-01;0;0;0;4
3121;BOTANAS NATURAL 40GR X12;NO PERECIBLE;2026-05-01;0;0;0;5
3121;BOTANAS NATURAL 40GR X12;NO PERECIBLE;2026-06-01;0;0;0;6
3121;BOTANAS NATURAL 40GR X12;NO PERECIBLE;2026-07-01;0;0;0;7
3126;RES LOMO FALDA CUADRIL PROCESADO 3 KG;PERECIBLE;2026-01-01;18691.8461772154;156;2279.14;1
3126;RES LOMO FALDA CUADRIL PROCESADO 3 KG;PERECIBLE;2026-02-01;16955.4729519462;152;2067.42;2
3126;RES LOMO FALDA CUADRIL PROCESADO 3 KG;PERECIBLE;2026-03-01;29026.1045075442;188;3539.22;3
3126;RES LOMO FALDA CUADRIL PROCESADO 3 KG;PERECIBLE;2026-04-01;23504.3523579634;210;2865.94;4
3126;RES LOMO FALDA CUADRIL PROCESADO 3 KG;PERECIBLE;2026-05-01;22903.1991489504;230;2792.64;5
3126;RES LOMO FALDA CUADRIL PROCESADO 3 KG;PERECIBLE;2026-06-01;18815.8494039586;183;2294.26;6
3126;RES LOMO FALDA CUADRIL PROCESADO 3 KG;PERECIBLE;2026-07-01;17880.0843132576;222;2180.16;7
3129;SALMON (1.8 - 2.0 KG);PERECIBLE;2026-01-01;3396.36;31;93;1
3129;SALMON (1.8 - 2.0 KG);PERECIBLE;2026-02-01;3286.8;23;90;2
3129;SALMON (1.8 - 2.0 KG);PERECIBLE;2026-03-01;3396.36;31;93;3
3129;SALMON (1.8 - 2.0 KG);PERECIBLE;2026-04-01;4491.96;27;123;4
3129;SALMON (1.8 - 2.0 KG);PERECIBLE;2026-05-01;4565;32;125;5
3129;SALMON (1.8 - 2.0 KG);PERECIBLE;2026-06-01;2921.6;19;80;6
3129;SALMON (1.8 - 2.0 KG);PERECIBLE;2026-07-01;3359.84;25;92;7
3130;RES HIGADO ENTERO CONGELADO 3 KG;PERECIBLE;2026-01-01;91.1173387418;4;18.02;1
3130;RES HIGADO ENTERO CONGELADO 3 KG;PERECIBLE;2026-02-01;30.33873654;2;6;2
3130;RES HIGADO ENTERO CONGELADO 3 KG;PERECIBLE;2026-03-01;215.2533357513;9;42.57;3
3130;RES HIGADO ENTERO CONGELADO 3 KG;PERECIBLE;2026-04-01;312.7923737274;9;61.86;4
3130;RES HIGADO ENTERO CONGELADO 3 KG;PERECIBLE;2026-05-01;94.4040352003;5;18.67;5
3130;RES HIGADO ENTERO CONGELADO 3 KG;PERECIBLE;2026-06-01;313.1968902146;6;61.94;6
3130;RES HIGADO ENTERO CONGELADO 3 KG;PERECIBLE;2026-07-01;185.571938503;6;36.7;7
3131;SALSA OSTRAS ORIENTAL 400 GR;NO PERECIBLE;2026-01-01;328.18;34;122;1
3131;SALSA OSTRAS ORIENTAL 400 GR;NO PERECIBLE;2026-02-01;336.25;36;125;2
3131;SALSA OSTRAS ORIENTAL 400 GR;NO PERECIBLE;2026-03-01;403.5;49;150;3
3131;SALSA OSTRAS ORIENTAL 400 GR;NO PERECIBLE;2026-04-01;564.9;49;210;4
3131;SALSA OSTRAS ORIENTAL 400 GR;NO PERECIBLE;2026-05-01;371.22;53;138;5
3131;SALSA OSTRAS ORIENTAL 400 GR;NO PERECIBLE;2026-06-01;527.24;54;196;6
3131;SALSA OSTRAS ORIENTAL 400 GR;NO PERECIBLE;2026-07-01;403.5;56;150;7
3141;SALAMI CURADO 90 CASA GUILLO 1 KG;PERECIBLE;2026-01-01;189.9;11;30;1
3141;SALAMI CURADO 90 CASA GUILLO 1 KG;PERECIBLE;2026-02-01;164.58;11;26;2
3141;SALAMI CURADO 90 CASA GUILLO 1 KG;PERECIBLE;2026-03-01;316.5;15;50;3
3141;SALAMI CURADO 90 CASA GUILLO 1 KG;PERECIBLE;2026-04-01;101.28;5;16;4
3141;SALAMI CURADO 90 CASA GUILLO 1 KG;PERECIBLE;2026-05-01;202.56;11;32;5
3141;SALAMI CURADO 90 CASA GUILLO 1 KG;PERECIBLE;2026-06-01;88.62;8;14;6
3141;SALAMI CURADO 90 CASA GUILLO 1 KG;PERECIBLE;2026-07-01;126.6;8;20;7
3143;MORTADELA SANDUCHE T2 CASA GUILLO 1 KG;PERECIBLE;2026-01-01;172.97;14;49;1
3143;MORTADELA SANDUCHE T2 CASA GUILLO 1 KG;PERECIBLE;2026-02-01;183.56;12;52;2
3143;MORTADELA SANDUCHE T2 CASA GUILLO 1 KG;PERECIBLE;2026-03-01;155.32;12;44;3
3143;MORTADELA SANDUCHE T2 CASA GUILLO 1 KG;PERECIBLE;2026-04-01;232.98;14;66;4
3143;MORTADELA SANDUCHE T2 CASA GUILLO 1 KG;PERECIBLE;2026-05-01;102.37;9;29;5
3143;MORTADELA SANDUCHE T2 CASA GUILLO 1 KG;PERECIBLE;2026-06-01;268.28;18;76;6
3143;MORTADELA SANDUCHE T2 CASA GUILLO 1 KG;PERECIBLE;2026-07-01;112.96;8;32;7
3151;ACEITUNAS VERDES TAJADAS SNOB 4.1 KG;NO PERECIBLE;2026-01-01;0;0;0;1
3151;ACEITUNAS VERDES TAJADAS SNOB 4.1 KG;NO PERECIBLE;2026-02-01;56.6304;4;4;2
3151;ACEITUNAS VERDES TAJADAS SNOB 4.1 KG;NO PERECIBLE;2026-03-01;42.4728;3;3;3
3151;ACEITUNAS VERDES TAJADAS SNOB 4.1 KG;NO PERECIBLE;2026-04-01;28.3152;2;2;4
3151;ACEITUNAS VERDES TAJADAS SNOB 4.1 KG;NO PERECIBLE;2026-05-01;28.3152;2;2;5
3151;ACEITUNAS VERDES TAJADAS SNOB 4.1 KG;NO PERECIBLE;2026-06-01;42.4728;3;3;6
3151;ACEITUNAS VERDES TAJADAS SNOB 4.1 KG;NO PERECIBLE;2026-07-01;0;0;0;7
3160;YOGURT DURAZNO BEBIBLE KIOSKO FUNDA 900 ML;PERECIBLE;2026-01-01;297;15;300;1
3160;YOGURT DURAZNO BEBIBLE KIOSKO FUNDA 900 ML;PERECIBLE;2026-02-01;197.01;12;199;2
3160;YOGURT DURAZNO BEBIBLE KIOSKO FUNDA 900 ML;PERECIBLE;2026-03-01;154.44;14;156;3
3160;YOGURT DURAZNO BEBIBLE KIOSKO FUNDA 900 ML;PERECIBLE;2026-04-01;353.43;22;357;4
3160;YOGURT DURAZNO BEBIBLE KIOSKO FUNDA 900 ML;PERECIBLE;2026-05-01;410.85;25;415;5
3160;YOGURT DURAZNO BEBIBLE KIOSKO FUNDA 900 ML;PERECIBLE;2026-06-01;181.17;14;183;6
3160;YOGURT DURAZNO BEBIBLE KIOSKO FUNDA 900 ML;PERECIBLE;2026-07-01;55.44;8;56;7
3162;YOGURT FRUTILLA BEBIBLE KIOSKO FUNDA 900 ML;PERECIBLE;2026-01-01;195.03;23;197;1
3162;YOGURT FRUTILLA BEBIBLE KIOSKO FUNDA 900 ML;PERECIBLE;2026-02-01;370.26;27;374;2
3162;YOGURT FRUTILLA BEBIBLE KIOSKO FUNDA 900 ML;PERECIBLE;2026-03-01;92.07;16;93;3
3162;YOGURT FRUTILLA BEBIBLE KIOSKO FUNDA 900 ML;PERECIBLE;2026-04-01;281.16;21;284;4
3162;YOGURT FRUTILLA BEBIBLE KIOSKO FUNDA 900 ML;PERECIBLE;2026-05-01;388.08;23;392;5
3162;YOGURT FRUTILLA BEBIBLE KIOSKO FUNDA 900 ML;PERECIBLE;2026-06-01;99;22;100;6
3162;YOGURT FRUTILLA BEBIBLE KIOSKO FUNDA 900 ML;PERECIBLE;2026-07-01;44.55;12;45;7
3171;YGT MORA BEBIBLE KIOSKO FUNDA 900 ML;PERECIBLE;2026-01-01;297;16;300;1
3171;YGT MORA BEBIBLE KIOSKO FUNDA 900 ML;PERECIBLE;2026-02-01;128.7;10;130;2
3171;YGT MORA BEBIBLE KIOSKO FUNDA 900 ML;PERECIBLE;2026-03-01;234.63;18;237;3
3171;YGT MORA BEBIBLE KIOSKO FUNDA 900 ML;PERECIBLE;2026-04-01;275.22;14;278;4
3171;YGT MORA BEBIBLE KIOSKO FUNDA 900 ML;PERECIBLE;2026-05-01;190.08;9;192;5
3171;YGT MORA BEBIBLE KIOSKO FUNDA 900 ML;PERECIBLE;2026-06-01;191.07;14;193;6
3171;YGT MORA BEBIBLE KIOSKO FUNDA 900 ML;PERECIBLE;2026-07-01;136.62;6;138;7
3190;SERVILLETA HANASKA INDUPAPEL 24X24 X100;NO PERECIBLE;2026-01-01;2045.16;461;7410;1
3190;SERVILLETA HANASKA INDUPAPEL 24X24 X100;NO PERECIBLE;2026-02-01;1997.688;437;7238;2
3190;SERVILLETA HANASKA INDUPAPEL 24X24 X100;NO PERECIBLE;2026-03-01;2215.452;486;8027;3
3190;SERVILLETA HANASKA INDUPAPEL 24X24 X100;NO PERECIBLE;2026-04-01;2434.596;529;8821;4
3190;SERVILLETA HANASKA INDUPAPEL 24X24 X100;NO PERECIBLE;2026-05-01;2232.288;489;8088;5
3190;SERVILLETA HANASKA INDUPAPEL 24X24 X100;NO PERECIBLE;2026-06-01;2225.388;495;8063;6
3190;SERVILLETA HANASKA INDUPAPEL 24X24 X100;NO PERECIBLE;2026-07-01;2289.42;493;8295;7
3217;INSECTICIDA DE INSECTOS PARA PLASTICOS F6 LT;NO PERECIBLE;2026-01-01;62.93;6;7;1
3217;INSECTICIDA DE INSECTOS PARA PLASTICOS F6 LT;NO PERECIBLE;2026-02-01;35.96;4;4;2
3217;INSECTICIDA DE INSECTOS PARA PLASTICOS F6 LT;NO PERECIBLE;2026-03-01;71.92;8;8;3
3217;INSECTICIDA DE INSECTOS PARA PLASTICOS F6 LT;NO PERECIBLE;2026-04-01;26.97;3;3;4
3217;INSECTICIDA DE INSECTOS PARA PLASTICOS F6 LT;NO PERECIBLE;2026-05-01;62.93;7;7;5
3217;INSECTICIDA DE INSECTOS PARA PLASTICOS F6 LT;NO PERECIBLE;2026-06-01;35.96;4;4;6
3217;INSECTICIDA DE INSECTOS PARA PLASTICOS F6 LT;NO PERECIBLE;2026-07-01;44.95;5;5;7
3219;AGUA SIN GAS CIELO 3.5 LT;NO PERECIBLE;2026-01-01;24.32529959;6;41;1
3219;AGUA SIN GAS CIELO 3.5 LT;NO PERECIBLE;2026-02-01;26.10519956;8;44;2
3219;AGUA SIN GAS CIELO 3.5 LT;NO PERECIBLE;2026-03-01;21.35879964;6;36;3
3219;AGUA SIN GAS CIELO 3.5 LT;NO PERECIBLE;2026-04-01;36.19129939;9;61;4
3219;AGUA SIN GAS CIELO 3.5 LT;NO PERECIBLE;2026-05-01;33.22479944;9;56;5
3219;AGUA SIN GAS CIELO 3.5 LT;NO PERECIBLE;2026-06-01;28.47839952;8;48;6
3219;AGUA SIN GAS CIELO 3.5 LT;NO PERECIBLE;2026-07-01;24.91859958;6;42;7
3292;GALLETAS INTEGRAL LINAZA SILUET 252 GR (9 X28 GR);NO PERECIBLE;2026-01-01;16.36022663;7;11;1
3292;GALLETAS INTEGRAL LINAZA SILUET 252 GR (9 X28 GR);NO PERECIBLE;2026-02-01;26.77127994;9;18;2
3292;GALLETAS INTEGRAL LINAZA SILUET 252 GR (9 X28 GR);NO PERECIBLE;2026-03-01;56.51714654;13;38;3
3292;GALLETAS INTEGRAL LINAZA SILUET 252 GR (9 X28 GR);NO PERECIBLE;2026-04-01;38.66962658;10;26;4
3292;GALLETAS INTEGRAL LINAZA SILUET 252 GR (9 X28 GR);NO PERECIBLE;2026-05-01;28.25857327;11;19;5
3292;GALLETAS INTEGRAL LINAZA SILUET 252 GR (9 X28 GR);NO PERECIBLE;2026-06-01;65.44090652;11;44;6
3292;GALLETAS INTEGRAL LINAZA SILUET 252 GR (9 X28 GR);NO PERECIBLE;2026-07-01;38.66962658;10;26;7
3316;COLA 7UP 400 ML;NO PERECIBLE;2026-01-01;9.334;1;26;1
3316;COLA 7UP 400 ML;NO PERECIBLE;2026-02-01;0;0;0;2
3316;COLA 7UP 400 ML;NO PERECIBLE;2026-03-01;0;0;0;3
3316;COLA 7UP 400 ML;NO PERECIBLE;2026-04-01;0;0;0;4
3316;COLA 7UP 400 ML;NO PERECIBLE;2026-05-01;0;0;0;5
3316;COLA 7UP 400 ML;NO PERECIBLE;2026-06-01;0;0;0;6
3316;COLA 7UP 400 ML;NO PERECIBLE;2026-07-01;0;0;0;7
3319;AJO MOLIDO 250 GR;NO PERECIBLE;2026-01-01;26.64;19;37;1
3319;AJO MOLIDO 250 GR;NO PERECIBLE;2026-02-01;25.2;19;35;2
3319;AJO MOLIDO 250 GR;NO PERECIBLE;2026-03-01;23.04;19;32;3
3319;AJO MOLIDO 250 GR;NO PERECIBLE;2026-04-01;33.84;27;47;4
3319;AJO MOLIDO 250 GR;NO PERECIBLE;2026-05-01;25.2;18;35;5
3319;AJO MOLIDO 250 GR;NO PERECIBLE;2026-06-01;37.44;26;52;6
3319;AJO MOLIDO 250 GR;NO PERECIBLE;2026-07-01;22.32;16;31;7
3322;COCA COLA ORIGINAL 500 ML;NO PERECIBLE;2026-01-01;4645.2744;75;8307;1
3322;COCA COLA ORIGINAL 500 ML;NO PERECIBLE;2026-02-01;4383.5688;62;7839;2
3322;COCA COLA ORIGINAL 500 ML;NO PERECIBLE;2026-03-01;4475.2776;70;8003;3
3322;COCA COLA ORIGINAL 500 ML;NO PERECIBLE;2026-04-01;7072.7616;84;12648;4
3322;COCA COLA ORIGINAL 500 ML;NO PERECIBLE;2026-05-01;4852.7376;78;8678;5
3322;COCA COLA ORIGINAL 500 ML;NO PERECIBLE;2026-06-01;6152.3184;90;11002;6
3322;COCA COLA ORIGINAL 500 ML;NO PERECIBLE;2026-07-01;5132.8968;74;9179;7
3324;GALLETAS AMOR CHOCOLATE 180 GR (8 X22.5 GR);NO PERECIBLE;2026-01-01;186.11999901;8;99;1
3324;GALLETAS AMOR CHOCOLATE 180 GR (8 X22.5 GR);NO PERECIBLE;2026-02-01;140.99999925;6;75;2
3324;GALLETAS AMOR CHOCOLATE 180 GR (8 X22.5 GR);NO PERECIBLE;2026-03-01;120.31999936;5;64;3
3324;GALLETAS AMOR CHOCOLATE 180 GR (8 X22.5 GR);NO PERECIBLE;2026-04-01;71.43999962;7;38;4
3324;GALLETAS AMOR CHOCOLATE 180 GR (8 X22.5 GR);NO PERECIBLE;2026-05-01;110.91999941;4;59;5
3324;GALLETAS AMOR CHOCOLATE 180 GR (8 X22.5 GR);NO PERECIBLE;2026-06-01;172.95999908;5;92;6
3324;GALLETAS AMOR CHOCOLATE 180 GR (8 X22.5 GR);NO PERECIBLE;2026-07-01;101.51999946;4;54;7
3325;GALLETAS AMOR CLASICA 180 GR (8 X22.5 GR);NO PERECIBLE;2026-01-01;50.75999973;3;27;1
3325;GALLETAS AMOR CLASICA 180 GR (8 X22.5 GR);NO PERECIBLE;2026-02-01;169.1999991;3;90;2
3325;GALLETAS AMOR CLASICA 180 GR (8 X22.5 GR);NO PERECIBLE;2026-03-01;112.7999994;1;60;3
3325;GALLETAS AMOR CLASICA 180 GR (8 X22.5 GR);NO PERECIBLE;2026-04-01;157.91999916;2;84;4
3325;GALLETAS AMOR CLASICA 180 GR (8 X22.5 GR);NO PERECIBLE;2026-05-01;105.27999944;3;56;5
3325;GALLETAS AMOR CLASICA 180 GR (8 X22.5 GR);NO PERECIBLE;2026-06-01;154.15999918;4;82;6
3325;GALLETAS AMOR CLASICA 180 GR (8 X22.5 GR);NO PERECIBLE;2026-07-01;5.63999997;1;3;7
3327;GALLETAS AMOR VAINILLA 180 GR (8 X22.5 GR);NO PERECIBLE;2026-01-01;73.79;2;47;1
3327;GALLETAS AMOR VAINILLA 180 GR (8 X22.5 GR);NO PERECIBLE;2026-02-01;0;0;0;2
3327;GALLETAS AMOR VAINILLA 180 GR (8 X22.5 GR);NO PERECIBLE;2026-03-01;138.16;1;88;3
3327;GALLETAS AMOR VAINILLA 180 GR (8 X22.5 GR);NO PERECIBLE;2026-04-01;3.14;1;2;4
3327;GALLETAS AMOR VAINILLA 180 GR (8 X22.5 GR);NO PERECIBLE;2026-05-01;15.7;1;10;5
3327;GALLETAS AMOR VAINILLA 180 GR (8 X22.5 GR);NO PERECIBLE;2026-06-01;147.58;3;94;6
3327;GALLETAS AMOR VAINILLA 180 GR (8 X22.5 GR);NO PERECIBLE;2026-07-01;47.1;2;30;7
3329;CHOCOLATE COBERTURA BLANCO AMYEL 1 KG;NO PERECIBLE;2026-01-01;30.75;4;5;1
3329;CHOCOLATE COBERTURA BLANCO AMYEL 1 KG;NO PERECIBLE;2026-02-01;49.2;6;8;2
3329;CHOCOLATE COBERTURA BLANCO AMYEL 1 KG;NO PERECIBLE;2026-03-01;18.45;2;3;3
3329;CHOCOLATE COBERTURA BLANCO AMYEL 1 KG;NO PERECIBLE;2026-04-01;43.05;6;7;4
3329;CHOCOLATE COBERTURA BLANCO AMYEL 1 KG;NO PERECIBLE;2026-05-01;24.6;3;4;5
3329;CHOCOLATE COBERTURA BLANCO AMYEL 1 KG;NO PERECIBLE;2026-06-01;30.75;4;5;6
3329;CHOCOLATE COBERTURA BLANCO AMYEL 1 KG;NO PERECIBLE;2026-07-01;79.95;7;13;7
3331;YOGURT ENTERO DURAZNO TONI 1.7 LT;PERECIBLE;2026-01-01;117.5952;12;24;1
3331;YOGURT ENTERO DURAZNO TONI 1.7 LT;PERECIBLE;2026-02-01;142.0942;11;29;2
3331;YOGURT ENTERO DURAZNO TONI 1.7 LT;PERECIBLE;2026-03-01;132.2946;11;27;3
3331;YOGURT ENTERO DURAZNO TONI 1.7 LT;PERECIBLE;2026-04-01;161.6934;12;33;4
3331;YOGURT ENTERO DURAZNO TONI 1.7 LT;PERECIBLE;2026-05-01;225.3908;17;46;5
3331;YOGURT ENTERO DURAZNO TONI 1.7 LT;PERECIBLE;2026-06-01;181.2926;15;37;6
3331;YOGURT ENTERO DURAZNO TONI 1.7 LT;PERECIBLE;2026-07-01;205.7916;20;42;7
3332;YOGURT ENTERO FRUTILLA TONI 1.7 LT;PERECIBLE;2026-01-01;117.5952;13;24;1
3332;YOGURT ENTERO FRUTILLA TONI 1.7 LT;PERECIBLE;2026-02-01;127.3948;13;26;2
3332;YOGURT ENTERO FRUTILLA TONI 1.7 LT;PERECIBLE;2026-03-01;132.2946;15;27;3
3332;YOGURT ENTERO FRUTILLA TONI 1.7 LT;PERECIBLE;2026-04-01;127.3948;13;26;4
3332;YOGURT ENTERO FRUTILLA TONI 1.7 LT;PERECIBLE;2026-05-01;235.1904;19;48;5
3332;YOGURT ENTERO FRUTILLA TONI 1.7 LT;PERECIBLE;2026-06-01;171.493;18;35;6
3332;YOGURT ENTERO FRUTILLA TONI 1.7 LT;PERECIBLE;2026-07-01;235.1904;22;48;7
3333;YOGURT ENTERO MORA TONI 1.7 LT;PERECIBLE;2026-01-01;137.1944;16;28;1
3333;YOGURT ENTERO MORA TONI 1.7 LT;PERECIBLE;2026-02-01;259.6894;15;53;2
3333;YOGURT ENTERO MORA TONI 1.7 LT;PERECIBLE;2026-03-01;176.3928;17;36;3
3333;YOGURT ENTERO MORA TONI 1.7 LT;PERECIBLE;2026-04-01;161.6934;17;33;4
3333;YOGURT ENTERO MORA TONI 1.7 LT;PERECIBLE;2026-05-01;205.7916;20;42;5
3333;YOGURT ENTERO MORA TONI 1.7 LT;PERECIBLE;2026-06-01;191.0922;19;39;6
3333;YOGURT ENTERO MORA TONI 1.7 LT;PERECIBLE;2026-07-01;200.8918;24;41;7
3348;ANDEAN CHIPS QUINUA AMARANTO 30 GR;NO PERECIBLE;2026-01-01;104.38;12;307;1
3348;ANDEAN CHIPS QUINUA AMARANTO 30 GR;NO PERECIBLE;2026-02-01;25.84;14;76;2
3348;ANDEAN CHIPS QUINUA AMARANTO 30 GR;NO PERECIBLE;2026-03-01;140.76;18;414;3
3348;ANDEAN CHIPS QUINUA AMARANTO 30 GR;NO PERECIBLE;2026-04-01;58.82;16;173;4
3348;ANDEAN CHIPS QUINUA AMARANTO 30 GR;NO PERECIBLE;2026-05-01;86.02;20;253;5
3348;ANDEAN CHIPS QUINUA AMARANTO 30 GR;NO PERECIBLE;2026-06-01;106.08;26;312;6
3348;ANDEAN CHIPS QUINUA AMARANTO 30 GR;NO PERECIBLE;2026-07-01;183.6;31;540;7
3349;ANDEAN CHIPS QUINUA CHIA 30 GR;NO PERECIBLE;2026-01-01;24.48;11;72;1
3349;ANDEAN CHIPS QUINUA CHIA 30 GR;NO PERECIBLE;2026-02-01;24.82;13;73;2
3349;ANDEAN CHIPS QUINUA CHIA 30 GR;NO PERECIBLE;2026-03-01;45.56;15;134;3
3349;ANDEAN CHIPS QUINUA CHIA 30 GR;NO PERECIBLE;2026-04-01;31.96;14;94;4
3349;ANDEAN CHIPS QUINUA CHIA 30 GR;NO PERECIBLE;2026-05-01;43.86;17;129;5
3349;ANDEAN CHIPS QUINUA CHIA 30 GR;NO PERECIBLE;2026-06-01;59.84;21;176;6
3349;ANDEAN CHIPS QUINUA CHIA 30 GR;NO PERECIBLE;2026-07-01;87.04;23;256;7
3359;ENROLLADO DE POLLO T1 CASA GUILLO 1 KG X11;PERECIBLE;2026-01-01;34.15;4;5;1
3359;ENROLLADO DE POLLO T1 CASA GUILLO 1 KG X11;PERECIBLE;2026-02-01;6.83;1;1;2
3359;ENROLLADO DE POLLO T1 CASA GUILLO 1 KG X11;PERECIBLE;2026-03-01;6.83;1;1;3
3359;ENROLLADO DE POLLO T1 CASA GUILLO 1 KG X11;PERECIBLE;2026-04-01;13.66;1;2;4
3359;ENROLLADO DE POLLO T1 CASA GUILLO 1 KG X11;PERECIBLE;2026-05-01;27.32;2;4;5
3359;ENROLLADO DE POLLO T1 CASA GUILLO 1 KG X11;PERECIBLE;2026-06-01;13.66;1;2;6
3359;ENROLLADO DE POLLO T1 CASA GUILLO 1 KG X11;PERECIBLE;2026-07-01;6.83;1;1;7
3360;ENROLLADO DE CERDO T1 CASA GUILLO 1 KG X11;PERECIBLE;2026-01-01;102.76;4;14;1
3360;ENROLLADO DE CERDO T1 CASA GUILLO 1 KG X11;PERECIBLE;2026-02-01;300.94;7;41;2
3360;ENROLLADO DE CERDO T1 CASA GUILLO 1 KG X11;PERECIBLE;2026-03-01;110.1;4;15;3
3360;ENROLLADO DE CERDO T1 CASA GUILLO 1 KG X11;PERECIBLE;2026-04-01;374.34;11;51;4
3360;ENROLLADO DE CERDO T1 CASA GUILLO 1 KG X11;PERECIBLE;2026-05-01;264.24;9;36;5
3360;ENROLLADO DE CERDO T1 CASA GUILLO 1 KG X11;PERECIBLE;2026-06-01;381.68;10;52;6
3360;ENROLLADO DE CERDO T1 CASA GUILLO 1 KG X11;PERECIBLE;2026-07-01;139.46;5;19;7
3377;QUESO CREMA REY 250 GR;PERECIBLE;2026-01-01;361.43777448;41;216;1
3377;QUESO CREMA REY 250 GR;PERECIBLE;2026-02-01;582.31641444;39;348;2
3377;QUESO CREMA REY 250 GR;PERECIBLE;2026-03-01;496.97693991;46;297;3
3377;QUESO CREMA REY 250 GR;PERECIBLE;2026-04-01;252.67177753;42;151;4
3377;QUESO CREMA REY 250 GR;PERECIBLE;2026-05-01;602.3962908;56;360;5
3377;QUESO CREMA REY 250 GR;PERECIBLE;2026-06-01;376.49768175;52;225;6
3377;QUESO CREMA REY 250 GR;PERECIBLE;2026-07-01;324.62466782;38;194;7
3378;AGUA SIN GAS TESALIA 625 ML;NO PERECIBLE;2026-01-01;0;0;0;1
3378;AGUA SIN GAS TESALIA 625 ML;NO PERECIBLE;2026-02-01;0;0;0;2
3378;AGUA SIN GAS TESALIA 625 ML;NO PERECIBLE;2026-03-01;0;0;0;3
3378;AGUA SIN GAS TESALIA 625 ML;NO PERECIBLE;2026-04-01;0;0;0;4
3378;AGUA SIN GAS TESALIA 625 ML;NO PERECIBLE;2026-05-01;433.34273432;12;1592;5
3378;AGUA SIN GAS TESALIA 625 ML;NO PERECIBLE;2026-06-01;0;0;0;6
3378;AGUA SIN GAS TESALIA 625 ML;NO PERECIBLE;2026-07-01;0;0;0;7
3405;ESENCIA VAINILLA LEVAPAN 500 ML;NO PERECIBLE;2026-01-01;380.568;71;101;1
3405;ESENCIA VAINILLA LEVAPAN 500 ML;NO PERECIBLE;2026-02-01;365.496;76;97;2
3405;ESENCIA VAINILLA LEVAPAN 500 ML;NO PERECIBLE;2026-03-01;497.376;94;132;3
3405;ESENCIA VAINILLA LEVAPAN 500 ML;NO PERECIBLE;2026-04-01;497.376;88;132;4
3405;ESENCIA VAINILLA LEVAPAN 500 ML;NO PERECIBLE;2026-05-01;440.856;83;117;5
3405;ESENCIA VAINILLA LEVAPAN 500 ML;NO PERECIBLE;2026-06-01;414.48;77;110;6
3405;ESENCIA VAINILLA LEVAPAN 500 ML;NO PERECIBLE;2026-07-01;452.16;87;120;7
3406;MAYONESA GUSTADINA SQUEEZE 310 GR;NO PERECIBLE;2026-01-01;600.153;71;285;1
3406;MAYONESA GUSTADINA SQUEEZE 310 GR;NO PERECIBLE;2026-02-01;566.4602;65;269;2
3406;MAYONESA GUSTADINA SQUEEZE 310 GR;NO PERECIBLE;2026-03-01;692.8082;76;329;3
3406;MAYONESA GUSTADINA SQUEEZE 310 GR;NO PERECIBLE;2026-04-01;644.3748;82;306;4
3406;MAYONESA GUSTADINA SQUEEZE 310 GR;NO PERECIBLE;2026-05-01;467.4876;70;222;5
3406;MAYONESA GUSTADINA SQUEEZE 310 GR;NO PERECIBLE;2026-06-01;768.617;76;365;6
3406;MAYONESA GUSTADINA SQUEEZE 310 GR;NO PERECIBLE;2026-07-01;602.2588;74;286;7
3407;MOSTAZA GUSTADINA SQUEEZE 330 GR;NO PERECIBLE;2026-01-01;257.6882;55;154;1
3407;MOSTAZA GUSTADINA SQUEEZE 330 GR;NO PERECIBLE;2026-02-01;235.9353;52;141;2
3407;MOSTAZA GUSTADINA SQUEEZE 330 GR;NO PERECIBLE;2026-03-01;309.5605;59;185;3
3407;MOSTAZA GUSTADINA SQUEEZE 330 GR;NO PERECIBLE;2026-04-01;281.1144;62;168;4
3407;MOSTAZA GUSTADINA SQUEEZE 330 GR;NO PERECIBLE;2026-05-01;272.7479;57;163;5
3407;MOSTAZA GUSTADINA SQUEEZE 330 GR;NO PERECIBLE;2026-06-01;250.995;51;150;6
3407;MOSTAZA GUSTADINA SQUEEZE 330 GR;NO PERECIBLE;2026-07-01;209.1625;54;125;7
3408;SALSA DE TOMATE GUSTADINA SQUEEZE 370 GR;NO PERECIBLE;2026-01-01;514.0017;87;279;1
3408;SALSA DE TOMATE GUSTADINA SQUEEZE 370 GR;NO PERECIBLE;2026-02-01;482.6826;75;262;2
3408;SALSA DE TOMATE GUSTADINA SQUEEZE 370 GR;NO PERECIBLE;2026-03-01;624.5397;89;339;3
3408;SALSA DE TOMATE GUSTADINA SQUEEZE 370 GR;NO PERECIBLE;2026-04-01;565.5861;93;307;4
3408;SALSA DE TOMATE GUSTADINA SQUEEZE 370 GR;NO PERECIBLE;2026-05-01;491.8941;82;267;5
3408;SALSA DE TOMATE GUSTADINA SQUEEZE 370 GR;NO PERECIBLE;2026-06-01;572.9553;84;311;6
3408;SALSA DE TOMATE GUSTADINA SQUEEZE 370 GR;NO PERECIBLE;2026-07-01;613.4859;96;333;7
3409;AGUA MINERAL CON GAS GÜITIG VIDRIO 330 ML;NO PERECIBLE;2026-01-01;80.7087829;16;134;1
3409;AGUA MINERAL CON GAS GÜITIG VIDRIO 330 ML;NO PERECIBLE;2026-02-01;74.08343505;13;123;2
3409;AGUA MINERAL CON GAS GÜITIG VIDRIO 330 ML;NO PERECIBLE;2026-03-01;174.6682615;16;290;3
3409;AGUA MINERAL CON GAS GÜITIG VIDRIO 330 ML;NO PERECIBLE;2026-04-01;81.9133916;13;136;4
3409;AGUA MINERAL CON GAS GÜITIG VIDRIO 330 ML;NO PERECIBLE;2026-05-01;81.31108725;17;135;5
3409;AGUA MINERAL CON GAS GÜITIG VIDRIO 330 ML;NO PERECIBLE;2026-06-01;268.02543575;20;445;6
3409;AGUA MINERAL CON GAS GÜITIG VIDRIO 330 ML;NO PERECIBLE;2026-07-01;191.5327833;10;318;7
3410;MANZANA ROJA CALIBRE 100 GR UND;FRUVER;2026-01-01;449.6;67;1405;1
3410;MANZANA ROJA CALIBRE 100 GR UND;FRUVER;2026-02-01;574.4;63;1795;2
3410;MANZANA ROJA CALIBRE 100 GR UND;FRUVER;2026-03-01;559.68;73;1749;3
3410;MANZANA ROJA CALIBRE 100 GR UND;FRUVER;2026-04-01;752;77;2350;4
3410;MANZANA ROJA CALIBRE 100 GR UND;FRUVER;2026-05-01;411.84;65;1287;5
3410;MANZANA ROJA CALIBRE 100 GR UND;FRUVER;2026-06-01;442.56;66;1383;6
3410;MANZANA ROJA CALIBRE 100 GR UND;FRUVER;2026-07-01;457.6;66;1430;7
3414;TOLTEKITOS 500 GR;NO PERECIBLE;2026-01-01;1844.58;126;866;1
3414;TOLTEKITOS 500 GR;NO PERECIBLE;2026-02-01;2076.75;114;975;2
3414;TOLTEKITOS 500 GR;NO PERECIBLE;2026-03-01;2245.02;145;1054;3
3414;TOLTEKITOS 500 GR;NO PERECIBLE;2026-04-01;1848.84;118;868;4
3414;TOLTEKITOS 500 GR;NO PERECIBLE;2026-05-01;1842.45;122;865;5
3414;TOLTEKITOS 500 GR;NO PERECIBLE;2026-06-01;1578.33;110;741;6
3414;TOLTEKITOS 500 GR;NO PERECIBLE;2026-07-01;1199.19;101;563;7
3416;VASO TERMICO BLANCO PLASTRO 10 ONZ X 20 UND;NO PERECIBLE;2026-01-01;2.0382;1;2;1
3416;VASO TERMICO BLANCO PLASTRO 10 ONZ X 20 UND;NO PERECIBLE;2026-02-01;2.0382;1;2;2
3416;VASO TERMICO BLANCO PLASTRO 10 ONZ X 20 UND;NO PERECIBLE;2026-03-01;23.4393;4;23;3
3416;VASO TERMICO BLANCO PLASTRO 10 ONZ X 20 UND;NO PERECIBLE;2026-04-01;13.2483;3;13;4
3416;VASO TERMICO BLANCO PLASTRO 10 ONZ X 20 UND;NO PERECIBLE;2026-05-01;0;0;0;5
3416;VASO TERMICO BLANCO PLASTRO 10 ONZ X 20 UND;NO PERECIBLE;2026-06-01;0;0;0;6
3416;VASO TERMICO BLANCO PLASTRO 10 ONZ X 20 UND;NO PERECIBLE;2026-07-01;8.1528;1;8;7
3425;NECTAR DE MANZANA PULP TPK 1 LT;NO PERECIBLE;2026-01-01;0;0;0;1
3425;NECTAR DE MANZANA PULP TPK 1 LT;NO PERECIBLE;2026-02-01;0;0;0;2
3425;NECTAR DE MANZANA PULP TPK 1 LT;NO PERECIBLE;2026-03-01;3.39032;2;4;3
3425;NECTAR DE MANZANA PULP TPK 1 LT;NO PERECIBLE;2026-04-01;9.32338;6;11;4
3425;NECTAR DE MANZANA PULP TPK 1 LT;NO PERECIBLE;2026-05-01;0;0;0;5
3425;NECTAR DE MANZANA PULP TPK 1 LT;NO PERECIBLE;2026-06-01;0;0;0;6
3425;NECTAR DE MANZANA PULP TPK 1 LT;NO PERECIBLE;2026-07-01;0;0;0;7
3427;CILANTRO 50 GR;FRUVER;2026-01-01;3205.6;1028;20035;1
3427;CILANTRO 50 GR;FRUVER;2026-02-01;3204.16;974;20026;2
3427;CILANTRO 50 GR;FRUVER;2026-03-01;3603.68;1118;22523;3
3427;CILANTRO 50 GR;FRUVER;2026-04-01;3571.84;1088;22324;4
3427;CILANTRO 50 GR;FRUVER;2026-05-01;3489.92;1100;21812;5
3427;CILANTRO 50 GR;FRUVER;2026-06-01;3659.04;1137;22869;6
3427;CILANTRO 50 GR;FRUVER;2026-07-01;3589.28;1050;22433;7
3430;ALBAHACA 30 GR;FRUVER;2026-01-01;514.88;549;3218;1
3430;ALBAHACA 30 GR;FRUVER;2026-02-01;674.4;545;4215;2
3430;ALBAHACA 30 GR;FRUVER;2026-03-01;628.32;625;3927;3
3430;ALBAHACA 30 GR;FRUVER;2026-04-01;705.28;588;4408;4
3430;ALBAHACA 30 GR;FRUVER;2026-05-01;715.36;639;4471;5
3430;ALBAHACA 30 GR;FRUVER;2026-06-01;724.32;612;4527;6
3430;ALBAHACA 30 GR;FRUVER;2026-07-01;706.08;621;4413;7
3431;BERROS 100 GR;FRUVER;2026-01-01;21.6;60;144;1
3431;BERROS 100 GR;FRUVER;2026-02-01;19.5;59;130;2
3431;BERROS 100 GR;FRUVER;2026-03-01;22.65;66;151;3
3431;BERROS 100 GR;FRUVER;2026-04-01;21.6;56;144;4
3431;BERROS 100 GR;FRUVER;2026-05-01;18.75;59;125;5
3431;BERROS 100 GR;FRUVER;2026-06-01;25.2;65;168;6
3431;BERROS 100 GR;FRUVER;2026-07-01;20.1;70;134;7
3432;CEBOLLIN 30 GR;FRUVER;2026-01-01;7.35;7;35;1
3432;CEBOLLIN 30 GR;FRUVER;2026-02-01;3.57;9;17;2
3432;CEBOLLIN 30 GR;FRUVER;2026-03-01;7.77;16;37;3
3432;CEBOLLIN 30 GR;FRUVER;2026-04-01;4.2;8;20;4
3432;CEBOLLIN 30 GR;FRUVER;2026-05-01;7.77;14;37;5
3432;CEBOLLIN 30 GR;FRUVER;2026-06-01;6.51;13;31;6
3432;CEBOLLIN 30 GR;FRUVER;2026-07-01;5.04;11;24;7
3433;CEDRON 20 GR;FRUVER;2026-01-01;233.2;313;2120;1
3433;CEDRON 20 GR;FRUVER;2026-02-01;229.79;300;2089;2
3433;CEDRON 20 GR;FRUVER;2026-03-01;232.65;322;2115;3
3433;CEDRON 20 GR;FRUVER;2026-04-01;248.6;332;2260;4
3433;CEDRON 20 GR;FRUVER;2026-05-01;253.99;327;2309;5
3433;CEDRON 20 GR;FRUVER;2026-06-01;251.02;339;2282;6
3433;CEDRON 20 GR;FRUVER;2026-07-01;287.43;358;2613;7
3434;ENELDO 50 GR;FRUVER;2026-01-01;6.72;12;32;1
3434;ENELDO 50 GR;FRUVER;2026-02-01;8.61;22;41;2
3434;ENELDO 50 GR;FRUVER;2026-03-01;4.2;13;20;3
3434;ENELDO 50 GR;FRUVER;2026-04-01;4.41;14;21;4
3434;ENELDO 50 GR;FRUVER;2026-05-01;9.24;22;44;5
3434;ENELDO 50 GR;FRUVER;2026-06-01;6.51;16;31;6
3434;ENELDO 50 GR;FRUVER;2026-07-01;4.41;13;21;7
3435;HIERBA BUENA 20 GR;FRUVER;2026-01-01;99.22;149;902;1
3435;HIERBA BUENA 20 GR;FRUVER;2026-02-01;96.03;140;873;2
3435;HIERBA BUENA 20 GR;FRUVER;2026-03-01;93.83;144;853;3
3435;HIERBA BUENA 20 GR;FRUVER;2026-04-01;72.38;125;658;4
3435;HIERBA BUENA 20 GR;FRUVER;2026-05-01;86.02;132;782;5
3435;HIERBA BUENA 20 GR;FRUVER;2026-06-01;95.37;131;867;6
3435;HIERBA BUENA 20 GR;FRUVER;2026-07-01;113.41;140;1031;7
3436;HIERBA LUISA 20 GR;FRUVER;2026-01-01;231;316;2100;1
3436;HIERBA LUISA 20 GR;FRUVER;2026-02-01;226.6;301;2060;2
3436;HIERBA LUISA 20 GR;FRUVER;2026-03-01;223.08;330;2028;3
3436;HIERBA LUISA 20 GR;FRUVER;2026-04-01;269.28;339;2448;4
3436;HIERBA LUISA 20 GR;FRUVER;2026-05-01;266.09;316;2419;5
3436;HIERBA LUISA 20 GR;FRUVER;2026-06-01;297.11;360;2701;6
3436;HIERBA LUISA 20 GR;FRUVER;2026-07-01;271.92;356;2472;7
3437;HOJA NARANJA 20 GR;FRUVER;2026-01-01;22.88;46;208;1
3437;HOJA NARANJA 20 GR;FRUVER;2026-02-01;13.75;40;125;2
3437;HOJA NARANJA 20 GR;FRUVER;2026-03-01;12.1;39;110;3
3437;HOJA NARANJA 20 GR;FRUVER;2026-04-01;14.41;43;131;4
3437;HOJA NARANJA 20 GR;FRUVER;2026-05-01;12.32;42;112;5
3437;HOJA NARANJA 20 GR;FRUVER;2026-06-01;15.84;45;144;6
3437;HOJA NARANJA 20 GR;FRUVER;2026-07-01;15.95;47;145;7
3438;MENTA 20 GR;FRUVER;2026-01-01;257.07;145;2337;1
3438;MENTA 20 GR;FRUVER;2026-02-01;336.49;181;3059;2
3438;MENTA 20 GR;FRUVER;2026-03-01;245.85;168;2235;3
3438;MENTA 20 GR;FRUVER;2026-04-01;405.9;205;3690;4
3438;MENTA 20 GR;FRUVER;2026-05-01;346.39;185;3149;5
3438;MENTA 20 GR;FRUVER;2026-06-01;451.44;214;4104;6
3438;MENTA 20 GR;FRUVER;2026-07-01;418.88;187;3808;7
3439;PAICO 50 GR;FRUVER;2026-01-01;1.05;2;5;1
3439;PAICO 50 GR;FRUVER;2026-02-01;0.63;1;3;2
3439;PAICO 50 GR;FRUVER;2026-03-01;1.05;2;5;3
3439;PAICO 50 GR;FRUVER;2026-04-01;0.84;3;4;4
3439;PAICO 50 GR;FRUVER;2026-05-01;0.63;1;3;5
3439;PAICO 50 GR;FRUVER;2026-06-01;0;0;0;6
3439;PAICO 50 GR;FRUVER;2026-07-01;0.63;3;3;7
3440;PEREJIL CRESPO 50 GR;FRUVER;2026-01-01;15.68;30;98;1
3440;PEREJIL CRESPO 50 GR;FRUVER;2026-02-01;15.36;29;96;2
3440;PEREJIL CRESPO 50 GR;FRUVER;2026-03-01;26.4;38;165;3
3440;PEREJIL CRESPO 50 GR;FRUVER;2026-04-01;22.4;41;140;4
3440;PEREJIL CRESPO 50 GR;FRUVER;2026-05-01;22.24;43;139;5
3440;PEREJIL CRESPO 50 GR;FRUVER;2026-06-01;22.56;44;141;6
3440;PEREJIL CRESPO 50 GR;FRUVER;2026-07-01;20;41;125;7
3441;PEREJIL LISO 50 GR;FRUVER;2026-01-01;775.68;813;4848;1
3441;PEREJIL LISO 50 GR;FRUVER;2026-02-01;805.6;753;5035;2
3441;PEREJIL LISO 50 GR;FRUVER;2026-03-01;870.24;872;5439;3
3441;PEREJIL LISO 50 GR;FRUVER;2026-04-01;820.16;824;5126;4
3441;PEREJIL LISO 50 GR;FRUVER;2026-05-01;862.08;876;5388;5
3441;PEREJIL LISO 50 GR;FRUVER;2026-06-01;892.48;874;5578;6
3441;PEREJIL LISO 50 GR;FRUVER;2026-07-01;851.52;829;5322;7
3442;ROMERO 50 GR;FRUVER;2026-01-01;89.4;234;596;1
3442;ROMERO 50 GR;FRUVER;2026-02-01;100.5;237;670;2
3442;ROMERO 50 GR;FRUVER;2026-03-01;97.65;265;651;3
3442;ROMERO 50 GR;FRUVER;2026-04-01;100.05;251;667;4
3442;ROMERO 50 GR;FRUVER;2026-05-01;88.8;265;592;5
3442;ROMERO 50 GR;FRUVER;2026-06-01;101.4;257;676;6
3442;ROMERO 50 GR;FRUVER;2026-07-01;99.75;263;665;7
3443;TORONJIL 20 GR;FRUVER;2026-01-01;23.21;59;211;1
3443;TORONJIL 20 GR;FRUVER;2026-02-01;20.35;49;185;2
3443;TORONJIL 20 GR;FRUVER;2026-03-01;22;68;200;3
3443;TORONJIL 20 GR;FRUVER;2026-04-01;23.87;65;217;4
3443;TORONJIL 20 GR;FRUVER;2026-05-01;28.82;65;262;5
3443;TORONJIL 20 GR;FRUVER;2026-06-01;26.95;77;245;6
3443;TORONJIL 20 GR;FRUVER;2026-07-01;31.02;71;282;7
3444;TILAPIA ENTERA (200-250GR) X 10;PERECIBLE;2026-01-01;0;0;0;1
3444;TILAPIA ENTERA (200-250GR) X 10;PERECIBLE;2026-02-01;14.94;1;2;2
3444;TILAPIA ENTERA (200-250GR) X 10;PERECIBLE;2026-03-01;44.82;1;6;3
3444;TILAPIA ENTERA (200-250GR) X 10;PERECIBLE;2026-04-01;59.76;3;8;4
3444;TILAPIA ENTERA (200-250GR) X 10;PERECIBLE;2026-05-01;52.29;3;7;5
3444;TILAPIA ENTERA (200-250GR) X 10;PERECIBLE;2026-06-01;74.7;3;10;6
3444;TILAPIA ENTERA (200-250GR) X 10;PERECIBLE;2026-07-01;29.88;2;4;7
3454;TARRINA TERMICA CON TAPA 1LT X50 UND;NO PERECIBLE;2026-01-01;0;0;0;1
3454;TARRINA TERMICA CON TAPA 1LT X50 UND;NO PERECIBLE;2026-02-01;0;0;0;2
3454;TARRINA TERMICA CON TAPA 1LT X50 UND;NO PERECIBLE;2026-03-01;24.96;2;4;3
3454;TARRINA TERMICA CON TAPA 1LT X50 UND;NO PERECIBLE;2026-04-01;24.96;3;4;4
3454;TARRINA TERMICA CON TAPA 1LT X50 UND;NO PERECIBLE;2026-05-01;0;0;0;5
3454;TARRINA TERMICA CON TAPA 1LT X50 UND;NO PERECIBLE;2026-06-01;6.24;1;1;6
3454;TARRINA TERMICA CON TAPA 1LT X50 UND;NO PERECIBLE;2026-07-01;0;0;0;7
3464;NECTAR DE DURAZNO PULP TETRAPACK 1 LT;NO PERECIBLE;2026-01-01;144.6555;30;165;1
3464;NECTAR DE DURAZNO PULP TETRAPACK 1 LT;NO PERECIBLE;2026-02-01;130.6283;32;149;2
3464;NECTAR DE DURAZNO PULP TETRAPACK 1 LT;NO PERECIBLE;2026-03-01;158.6827;35;181;3
3464;NECTAR DE DURAZNO PULP TETRAPACK 1 LT;NO PERECIBLE;2026-04-01;137.6419;35;157;4
3464;NECTAR DE DURAZNO PULP TETRAPACK 1 LT;NO PERECIBLE;2026-05-01;106.0807;28;121;5
3464;NECTAR DE DURAZNO PULP TETRAPACK 1 LT;NO PERECIBLE;2026-06-01;367.3373;46;419;6
3464;NECTAR DE DURAZNO PULP TETRAPACK 1 LT;NO PERECIBLE;2026-07-01;105.204;26;120;7
3465;NECTAR DE NARANJA PULP TETRAPACK 1 LT;NO PERECIBLE;2026-01-01;180.6002;36;206;1
3465;NECTAR DE NARANJA PULP TETRAPACK 1 LT;NO PERECIBLE;2026-02-01;163.0662;36;186;2
3465;NECTAR DE NARANJA PULP TETRAPACK 1 LT;NO PERECIBLE;2026-03-01;234.9556;44;268;3
3465;NECTAR DE NARANJA PULP TETRAPACK 1 LT;NO PERECIBLE;2026-04-01;180.6002;45;206;4
3465;NECTAR DE NARANJA PULP TETRAPACK 1 LT;NO PERECIBLE;2026-05-01;136.7652;39;156;5
3465;NECTAR DE NARANJA PULP TETRAPACK 1 LT;NO PERECIBLE;2026-06-01;56.9855;14;65;6
3465;NECTAR DE NARANJA PULP TETRAPACK 1 LT;NO PERECIBLE;2026-07-01;136.7652;37;156;7
3468;ACEITE TRI REFINADO 20 LT;NO PERECIBLE;2026-01-01;0;0;0;1
3468;ACEITE TRI REFINADO 20 LT;NO PERECIBLE;2026-02-01;0;0;0;2
3468;ACEITE TRI REFINADO 20 LT;NO PERECIBLE;2026-03-01;253.6;6;8;3
3468;ACEITE TRI REFINADO 20 LT;NO PERECIBLE;2026-04-01;31.7;1;1;4
3468;ACEITE TRI REFINADO 20 LT;NO PERECIBLE;2026-05-01;126.8;4;4;5
3468;ACEITE TRI REFINADO 20 LT;NO PERECIBLE;2026-06-01;253.6;8;8;6
3468;ACEITE TRI REFINADO 20 LT;NO PERECIBLE;2026-07-01;126.8;4;4;7
3474;MANGA PLASTICA (53X58X25) X 100;NO PERECIBLE;2026-01-01;68;2;2;1
3474;MANGA PLASTICA (53X58X25) X 100;NO PERECIBLE;2026-02-01;68;2;2;2
3474;MANGA PLASTICA (53X58X25) X 100;NO PERECIBLE;2026-03-01;34;1;1;3
3474;MANGA PLASTICA (53X58X25) X 100;NO PERECIBLE;2026-04-01;68;2;2;4
3474;MANGA PLASTICA (53X58X25) X 100;NO PERECIBLE;2026-05-01;0;0;0;5
3474;MANGA PLASTICA (53X58X25) X 100;NO PERECIBLE;2026-06-01;34;1;1;6
3474;MANGA PLASTICA (53X58X25) X 100;NO PERECIBLE;2026-07-01;102;3;3;7
3476;SALCHICHA RANCHERA ECO CARNIDEM 1 KG;PERECIBLE;2026-01-01;515.97;43;117;1
3476;SALCHICHA RANCHERA ECO CARNIDEM 1 KG;PERECIBLE;2026-02-01;546.84;39;124;2
3476;SALCHICHA RANCHERA ECO CARNIDEM 1 KG;PERECIBLE;2026-03-01;621.81;46;141;3
3476;SALCHICHA RANCHERA ECO CARNIDEM 1 KG;PERECIBLE;2026-04-01;538.02;46;122;4
3476;SALCHICHA RANCHERA ECO CARNIDEM 1 KG;PERECIBLE;2026-05-01;674.73;55;153;5
3476;SALCHICHA RANCHERA ECO CARNIDEM 1 KG;PERECIBLE;2026-06-01;1009.89;72;229;6
3476;SALCHICHA RANCHERA ECO CARNIDEM 1 KG;PERECIBLE;2026-07-01;886.41;59;201;7
3477;CHORIZO PARRILLERO T1 JURIS 1 KG;PERECIBLE;2026-01-01;1022.858;20;127;1
3477;CHORIZO PARRILLERO T1 JURIS 1 KG;PERECIBLE;2026-02-01;426.862;10;53;2
3477;CHORIZO PARRILLERO T1 JURIS 1 KG;PERECIBLE;2026-03-01;547.672;12;68;3
3477;CHORIZO PARRILLERO T1 JURIS 1 KG;PERECIBLE;2026-04-01;1006.75;13;125;4
3477;CHORIZO PARRILLERO T1 JURIS 1 KG;PERECIBLE;2026-05-01;1465.828;20;182;5
3477;CHORIZO PARRILLERO T1 JURIS 1 KG;PERECIBLE;2026-06-01;1006.75;18;125;6
3477;CHORIZO PARRILLERO T1 JURIS 1 KG;PERECIBLE;2026-07-01;289.944;12;36;7
3479;LONGANIZA PREMIUM JURIS 1 KG;PERECIBLE;2026-01-01;1352.72;59;200;1
3479;LONGANIZA PREMIUM JURIS 1 KG;PERECIBLE;2026-02-01;1528.5736;61;226;2
3479;LONGANIZA PREMIUM JURIS 1 KG;PERECIBLE;2026-03-01;1792.354;72;265;3
3479;LONGANIZA PREMIUM JURIS 1 KG;PERECIBLE;2026-04-01;2015.5528;65;298;4
3479;LONGANIZA PREMIUM JURIS 1 KG;PERECIBLE;2026-05-01;1954.6804;61;289;5
3479;LONGANIZA PREMIUM JURIS 1 KG;PERECIBLE;2026-06-01;2935.4024;73;434;6
3479;LONGANIZA PREMIUM JURIS 1 KG;PERECIBLE;2026-07-01;1792.354;78;265;7
3480;SALCHICHA OLMA T1 JURIS 1 KG;PERECIBLE;2026-01-01;245.59;20;41;1
3480;SALCHICHA OLMA T1 JURIS 1 KG;PERECIBLE;2026-02-01;407.32;22;68;2
3480;SALCHICHA OLMA T1 JURIS 1 KG;PERECIBLE;2026-03-01;227.62;21;38;3
3480;SALCHICHA OLMA T1 JURIS 1 KG;PERECIBLE;2026-04-01;491.18;23;82;4
3480;SALCHICHA OLMA T1 JURIS 1 KG;PERECIBLE;2026-05-01;233.61;18;39;5
3480;SALCHICHA OLMA T1 JURIS 1 KG;PERECIBLE;2026-06-01;419.3;23;70;6
3480;SALCHICHA OLMA T1 JURIS 1 KG;PERECIBLE;2026-07-01;359.4;19;60;7
3484;COLA FIORAVANTI FRESA 2 LT;NO PERECIBLE;2026-01-01;156.117;28;130;1
3484;COLA FIORAVANTI FRESA 2 LT;NO PERECIBLE;2026-02-01;154.9161;29;129;2
3484;COLA FIORAVANTI FRESA 2 LT;NO PERECIBLE;2026-03-01;206.5548;35;172;3
3484;COLA FIORAVANTI FRESA 2 LT;NO PERECIBLE;2026-04-01;228.171;46;190;4
3484;COLA FIORAVANTI FRESA 2 LT;NO PERECIBLE;2026-05-01;189.7422;42;158;5
3484;COLA FIORAVANTI FRESA 2 LT;NO PERECIBLE;2026-06-01;222.1665;50;185;6
3484;COLA FIORAVANTI FRESA 2 LT;NO PERECIBLE;2026-07-01;212.5593;46;177;7
3496;CORVINA ESPECIAL ENTERA;PERECIBLE;2026-01-01;3706.352;22;178.19;1
3496;CORVINA ESPECIAL ENTERA;PERECIBLE;2026-02-01;3439.696;21;165.37;2
3496;CORVINA ESPECIAL ENTERA;PERECIBLE;2026-03-01;3766.88;27;181.1;3
3496;CORVINA ESPECIAL ENTERA;PERECIBLE;2026-04-01;3543.904;19;170.38;4
3496;CORVINA ESPECIAL ENTERA;PERECIBLE;2026-05-01;4151.472;21;199.59;5
3496;CORVINA ESPECIAL ENTERA;PERECIBLE;2026-06-01;3190.928;27;153.41;6
3496;CORVINA ESPECIAL ENTERA;PERECIBLE;2026-07-01;3158.48;25;151.85;7
3521;CHOCOLATE POLVO AMARGO KG;NO PERECIBLE;2026-01-01;1014.75;80;112.75;1
3521;CHOCOLATE POLVO AMARGO KG;NO PERECIBLE;2026-02-01;1226.25;92;136.25;2
3521;CHOCOLATE POLVO AMARGO KG;NO PERECIBLE;2026-03-01;987.75;73;109.75;3
3521;CHOCOLATE POLVO AMARGO KG;NO PERECIBLE;2026-04-01;0.54;1;0.06;4
3521;CHOCOLATE POLVO AMARGO KG;NO PERECIBLE;2026-05-01;0;0;0;5
3521;CHOCOLATE POLVO AMARGO KG;NO PERECIBLE;2026-06-01;0;0;0;6
3521;CHOCOLATE POLVO AMARGO KG;NO PERECIBLE;2026-07-01;0;0;0;7
3522;HARINA TOMEBAMBA KG;NO PERECIBLE;2026-01-01;1.32;1;2;1
3522;HARINA TOMEBAMBA KG;NO PERECIBLE;2026-02-01;26.0172;1;39.42;2
3522;HARINA TOMEBAMBA KG;NO PERECIBLE;2026-03-01;0;0;0;3
3522;HARINA TOMEBAMBA KG;NO PERECIBLE;2026-04-01;0;0;0;4
3522;HARINA TOMEBAMBA KG;NO PERECIBLE;2026-05-01;0;0;0;5
3522;HARINA TOMEBAMBA KG;NO PERECIBLE;2026-06-01;0;0;0;6
3522;HARINA TOMEBAMBA KG;NO PERECIBLE;2026-07-01;0;0;0;7
3533;CERDO CHULETA (156-170) X30;PERECIBLE;2026-01-01;0;0;0;1
3533;CERDO CHULETA (156-170) X30;PERECIBLE;2026-02-01;0;0;0;2
3533;CERDO CHULETA (156-170) X30;PERECIBLE;2026-03-01;0;0;0;3
3533;CERDO CHULETA (156-170) X30;PERECIBLE;2026-04-01;0;0;0;4
3533;CERDO CHULETA (156-170) X30;PERECIBLE;2026-05-01;0;0;0;5
3533;CERDO CHULETA (156-170) X30;PERECIBLE;2026-06-01;145.470003;1;4.93;6
3533;CERDO CHULETA (156-170) X30;PERECIBLE;2026-07-01;0;0;0;7
3536;MALLA NEGRA CABELLO X 144;NO PERECIBLE;2026-01-01;74.9;7;7;1
3536;MALLA NEGRA CABELLO X 144;NO PERECIBLE;2026-02-01;32.1;3;3;2
3536;MALLA NEGRA CABELLO X 144;NO PERECIBLE;2026-03-01;96.3;9;9;3
3536;MALLA NEGRA CABELLO X 144;NO PERECIBLE;2026-04-01;181.9;14;17;4
3536;MALLA NEGRA CABELLO X 144;NO PERECIBLE;2026-05-01;85.6;7;8;5
3536;MALLA NEGRA CABELLO X 144;NO PERECIBLE;2026-06-01;85.6;8;8;6
3536;MALLA NEGRA CABELLO X 144;NO PERECIBLE;2026-07-01;117.7;10;11;7
3544;MORTADELA FAMILIAR T2 LA CASTILLA 500 GR (401657);PERECIBLE;2026-01-01;1194.12;88;642;1
3544;MORTADELA FAMILIAR T2 LA CASTILLA 500 GR (401657);PERECIBLE;2026-02-01;1110.42;90;597;2
3544;MORTADELA FAMILIAR T2 LA CASTILLA 500 GR (401657);PERECIBLE;2026-03-01;1510.32;91;812;3
3544;MORTADELA FAMILIAR T2 LA CASTILLA 500 GR (401657);PERECIBLE;2026-04-01;1255.5;88;675;4
3544;MORTADELA FAMILIAR T2 LA CASTILLA 500 GR (401657);PERECIBLE;2026-05-01;959.76;83;516;5
3544;MORTADELA FAMILIAR T2 LA CASTILLA 500 GR (401657);PERECIBLE;2026-06-01;1056.48;84;568;6
3544;MORTADELA FAMILIAR T2 LA CASTILLA 500 GR (401657);PERECIBLE;2026-07-01;941.16;89;506;7
3547;QUESO CHEDDAR CORTADO FLORALP (1 - 1.10 KG);PERECIBLE;2026-01-01;319.8;15;39;1
3547;QUESO CHEDDAR CORTADO FLORALP (1 - 1.10 KG);PERECIBLE;2026-02-01;360.8;11;44;2
3547;QUESO CHEDDAR CORTADO FLORALP (1 - 1.10 KG);PERECIBLE;2026-03-01;328;10;40;3
3547;QUESO CHEDDAR CORTADO FLORALP (1 - 1.10 KG);PERECIBLE;2026-04-01;393.6;15;48;4
3547;QUESO CHEDDAR CORTADO FLORALP (1 - 1.10 KG);PERECIBLE;2026-05-01;500.2;17;61;5
3547;QUESO CHEDDAR CORTADO FLORALP (1 - 1.10 KG);PERECIBLE;2026-06-01;861;37;105;6
3547;QUESO CHEDDAR CORTADO FLORALP (1 - 1.10 KG);PERECIBLE;2026-07-01;1098.8;53;134;7
3548;QUESO HOLANDES CORTADO FLORALP (1 - 1.1 KG);PERECIBLE;2026-01-01;1377.60027552;26;168;1
3548;QUESO HOLANDES CORTADO FLORALP (1 - 1.1 KG);PERECIBLE;2026-02-01;762.60015252;18;93;2
3548;QUESO HOLANDES CORTADO FLORALP (1 - 1.1 KG);PERECIBLE;2026-03-01;647.80012956;20;79;3
3548;QUESO HOLANDES CORTADO FLORALP (1 - 1.1 KG);PERECIBLE;2026-04-01;410.000082;19;50;4
3548;QUESO HOLANDES CORTADO FLORALP (1 - 1.1 KG);PERECIBLE;2026-05-01;1148.0002296;33;140;5
3548;QUESO HOLANDES CORTADO FLORALP (1 - 1.1 KG);PERECIBLE;2026-06-01;2550.20051004;70;311;6
3548;QUESO HOLANDES CORTADO FLORALP (1 - 1.1 KG);PERECIBLE;2026-07-01;2665.000533;94;325;7
3556;FIDEO LONCHYS CAMARON 65 GR;NO PERECIBLE;2026-01-01;19.421862;1;24;1
3556;FIDEO LONCHYS CAMARON 65 GR;NO PERECIBLE;2026-02-01;0;0;0;2
3556;FIDEO LONCHYS CAMARON 65 GR;NO PERECIBLE;2026-03-01;0;0;0;3
3556;FIDEO LONCHYS CAMARON 65 GR;NO PERECIBLE;2026-04-01;0;0;0;4
3556;FIDEO LONCHYS CAMARON 65 GR;NO PERECIBLE;2026-05-01;0;0;0;5
3556;FIDEO LONCHYS CAMARON 65 GR;NO PERECIBLE;2026-06-01;0;0;0;6
3556;FIDEO LONCHYS CAMARON 65 GR;NO PERECIBLE;2026-07-01;0;0;0;7
3571;LECHE SEMIDESCREMADA VITA TETRAPACK 1 LT;NO PERECIBLE;2026-01-01;677.16;71;594;1
3571;LECHE SEMIDESCREMADA VITA TETRAPACK 1 LT;NO PERECIBLE;2026-02-01;742.14;72;651;2
3571;LECHE SEMIDESCREMADA VITA TETRAPACK 1 LT;NO PERECIBLE;2026-03-01;777.48;80;682;3
3571;LECHE SEMIDESCREMADA VITA TETRAPACK 1 LT;NO PERECIBLE;2026-04-01;931.38;85;817;4
3571;LECHE SEMIDESCREMADA VITA TETRAPACK 1 LT;NO PERECIBLE;2026-05-01;736.44;80;646;5
3571;LECHE SEMIDESCREMADA VITA TETRAPACK 1 LT;NO PERECIBLE;2026-06-01;888.06;85;779;6
3571;LECHE SEMIDESCREMADA VITA TETRAPACK 1 LT;NO PERECIBLE;2026-07-01;815.1;89;715;7
3572;LECHE DESLACTOSADA SEMI VITA TPK 1 LT;NO PERECIBLE;2026-01-01;513.8675;29;425;1
3572;LECHE DESLACTOSADA SEMI VITA TPK 1 LT;NO PERECIBLE;2026-02-01;580.368;28;480;2
3572;LECHE DESLACTOSADA SEMI VITA TPK 1 LT;NO PERECIBLE;2026-03-01;823.3971;33;681;3
3572;LECHE DESLACTOSADA SEMI VITA TPK 1 LT;NO PERECIBLE;2026-04-01;663.7959;32;549;4
3572;LECHE DESLACTOSADA SEMI VITA TPK 1 LT;NO PERECIBLE;2026-05-01;550.1405;35;455;5
3572;LECHE DESLACTOSADA SEMI VITA TPK 1 LT;NO PERECIBLE;2026-06-01;345.8026;23;286;6
3572;LECHE DESLACTOSADA SEMI VITA TPK 1 LT;NO PERECIBLE;2026-07-01;124.5373;20;103;7
3578;MAYONESA MARCELLOS BALDE 3.8 KG;NO PERECIBLE;2026-01-01;1874.52;189;254;1
3578;MAYONESA MARCELLOS BALDE 3.8 KG;NO PERECIBLE;2026-02-01;1837.62;175;249;2
3578;MAYONESA MARCELLOS BALDE 3.8 KG;NO PERECIBLE;2026-03-01;1940.94;178;263;3
3578;MAYONESA MARCELLOS BALDE 3.8 KG;NO PERECIBLE;2026-04-01;2022.12;200;274;4
3578;MAYONESA MARCELLOS BALDE 3.8 KG;NO PERECIBLE;2026-05-01;2088.54;203;283;5
3578;MAYONESA MARCELLOS BALDE 3.8 KG;NO PERECIBLE;2026-06-01;2051.64;194;278;6
3578;MAYONESA MARCELLOS BALDE 3.8 KG;NO PERECIBLE;2026-07-01;1594.08;162;216;7
3579;CHAMPIÑÓN PORTOBELLO 1 KG;FRUVER;2026-01-01;22.5;1;3;1
3579;CHAMPIÑÓN PORTOBELLO 1 KG;FRUVER;2026-02-01;0;0;0;2
3579;CHAMPIÑÓN PORTOBELLO 1 KG;FRUVER;2026-03-01;0;0;0;3
3579;CHAMPIÑÓN PORTOBELLO 1 KG;FRUVER;2026-04-01;0;0;0;4
3579;CHAMPIÑÓN PORTOBELLO 1 KG;FRUVER;2026-05-01;0;0;0;5
3579;CHAMPIÑÓN PORTOBELLO 1 KG;FRUVER;2026-06-01;0;0;0;6
3579;CHAMPIÑÓN PORTOBELLO 1 KG;FRUVER;2026-07-01;7.5;1;1;7
3584;AROMATICA TE VERDE NATURES HEART 26 GR X20;NO PERECIBLE;2026-01-01;111.35999739;29;87;1
3584;AROMATICA TE VERDE NATURES HEART 26 GR X20;NO PERECIBLE;2026-02-01;252.15999409;34;197;2
3584;AROMATICA TE VERDE NATURES HEART 26 GR X20;NO PERECIBLE;2026-03-01;115.1999973;35;90;3
3584;AROMATICA TE VERDE NATURES HEART 26 GR X20;NO PERECIBLE;2026-04-01;259.83999391;35;203;4
3584;AROMATICA TE VERDE NATURES HEART 26 GR X20;NO PERECIBLE;2026-05-01;153.5999964;33;120;5
3584;AROMATICA TE VERDE NATURES HEART 26 GR X20;NO PERECIBLE;2026-06-01;140.7999967;35;110;6
3584;AROMATICA TE VERDE NATURES HEART 26 GR X20;NO PERECIBLE;2026-07-01;289.27999322;51;226;7
3585;AROMATICA TE CHAI ESPECIAS NATURES HEART 26 GR X20;NO PERECIBLE;2026-01-01;64.47999948;18;52;1
3585;AROMATICA TE CHAI ESPECIAS NATURES HEART 26 GR X20;NO PERECIBLE;2026-02-01;110.35999911;24;89;2
3585;AROMATICA TE CHAI ESPECIAS NATURES HEART 26 GR X20;NO PERECIBLE;2026-03-01;76.87999938;23;62;3
3585;AROMATICA TE CHAI ESPECIAS NATURES HEART 26 GR X20;NO PERECIBLE;2026-04-01;90.51999927;27;73;4
3585;AROMATICA TE CHAI ESPECIAS NATURES HEART 26 GR X20;NO PERECIBLE;2026-05-01;106.63999914;29;86;5
3585;AROMATICA TE CHAI ESPECIAS NATURES HEART 26 GR X20;NO PERECIBLE;2026-06-01;91.75999926;22;74;6
3585;AROMATICA TE CHAI ESPECIAS NATURES HEART 26 GR X20;NO PERECIBLE;2026-07-01;107.87999913;31;87;7
3589;AROMATICA TE VERDE DETOX NATURES HEART 34 GR X20;NO PERECIBLE;2026-01-01;129.69;35;99;1
3589;AROMATICA TE VERDE DETOX NATURES HEART 34 GR X20;NO PERECIBLE;2026-02-01;124.45;29;95;2
3589;AROMATICA TE VERDE DETOX NATURES HEART 34 GR X20;NO PERECIBLE;2026-03-01;125.76;27;96;3
3589;AROMATICA TE VERDE DETOX NATURES HEART 34 GR X20;NO PERECIBLE;2026-04-01;87.77;28;67;4
3589;AROMATICA TE VERDE DETOX NATURES HEART 34 GR X20;NO PERECIBLE;2026-05-01;68.12;18;52;5
3589;AROMATICA TE VERDE DETOX NATURES HEART 34 GR X20;NO PERECIBLE;2026-06-01;103.49;26;79;6
3589;AROMATICA TE VERDE DETOX NATURES HEART 34 GR X20;NO PERECIBLE;2026-07-01;73.36;22;56;7
3590;JUGO DE ARANDANO NATURES HEART TETRAPACK 200 ML;NO PERECIBLE;2026-01-01;349.31999508;13;492;1
3590;JUGO DE ARANDANO NATURES HEART TETRAPACK 200 ML;NO PERECIBLE;2026-02-01;250.62999647;11;353;2
3590;JUGO DE ARANDANO NATURES HEART TETRAPACK 200 ML;NO PERECIBLE;2026-03-01;286.83999596;11;404;3
3590;JUGO DE ARANDANO NATURES HEART TETRAPACK 200 ML;NO PERECIBLE;2026-04-01;397.5999944;13;560;4
3590;JUGO DE ARANDANO NATURES HEART TETRAPACK 200 ML;NO PERECIBLE;2026-05-01;337.24999525;13;475;5
3590;JUGO DE ARANDANO NATURES HEART TETRAPACK 200 ML;NO PERECIBLE;2026-06-01;159.03999776;10;224;6
3590;JUGO DE ARANDANO NATURES HEART TETRAPACK 200 ML;NO PERECIBLE;2026-07-01;55.37999922;6;78;7
3603;CHIPS DE ZANAHORIA BLANCA P KIWA 28GR;NO PERECIBLE;2026-01-01;6.6;1;15;1
3603;CHIPS DE ZANAHORIA BLANCA P KIWA 28GR;NO PERECIBLE;2026-02-01;8.8;1;20;2
3603;CHIPS DE ZANAHORIA BLANCA P KIWA 28GR;NO PERECIBLE;2026-03-01;0;0;0;3
3603;CHIPS DE ZANAHORIA BLANCA P KIWA 28GR;NO PERECIBLE;2026-04-01;1.32;1;3;4
3603;CHIPS DE ZANAHORIA BLANCA P KIWA 28GR;NO PERECIBLE;2026-05-01;0;0;0;5
3603;CHIPS DE ZANAHORIA BLANCA P KIWA 28GR;NO PERECIBLE;2026-06-01;0;0;0;6
3603;CHIPS DE ZANAHORIA BLANCA P KIWA 28GR;NO PERECIBLE;2026-07-01;0;0;0;7
3611;HUEVO (58-64) GR UND;NO PERECIBLE;2026-01-01;2120.7651;935;16103;1
3611;HUEVO (58-64) GR UND;NO PERECIBLE;2026-02-01;1541.2851;868;11703;2
3611;HUEVO (58-64) GR UND;NO PERECIBLE;2026-03-01;2780.0553;973;21109;3
3611;HUEVO (58-64) GR UND;NO PERECIBLE;2026-04-01;2261.4207;1067;17171;4
3611;HUEVO (58-64) GR UND;NO PERECIBLE;2026-05-01;2528.1132;1074;19196;5
3611;HUEVO (58-64) GR UND;NO PERECIBLE;2026-06-01;3105.7494;1004;23582;6
3611;HUEVO (58-64) GR UND;NO PERECIBLE;2026-07-01;569.0757;168;4321;7
3613;COCA COLA ORIGINAL 2 LT;NO PERECIBLE;2026-01-01;1086.6618504;53;666;1
3613;COCA COLA ORIGINAL 2 LT;NO PERECIBLE;2026-02-01;957.7635228;42;587;2
3613;COCA COLA ORIGINAL 2 LT;NO PERECIBLE;2026-03-01;1029.5549964;60;631;3
3613;COCA COLA ORIGINAL 2 LT;NO PERECIBLE;2026-04-01;1393.4072376;68;854;4
3613;COCA COLA ORIGINAL 2 LT;NO PERECIBLE;2026-05-01;2196.1664424;60;1346;5
3613;COCA COLA ORIGINAL 2 LT;NO PERECIBLE;2026-06-01;2638.3366548;81;1617;6
3613;COCA COLA ORIGINAL 2 LT;NO PERECIBLE;2026-07-01;3344.83002;84;2050;7
3624;AGUA SIN GAS DASANI 1.2 LT;NO PERECIBLE;2026-01-01;3414.5136;28;7649;1
3624;AGUA SIN GAS DASANI 1.2 LT;NO PERECIBLE;2026-02-01;4508.64;26;10100;2
3624;AGUA SIN GAS DASANI 1.2 LT;NO PERECIBLE;2026-03-01;4935.3984;30;11056;3
3624;AGUA SIN GAS DASANI 1.2 LT;NO PERECIBLE;2026-04-01;4517.1216;26;10119;4
3624;AGUA SIN GAS DASANI 1.2 LT;NO PERECIBLE;2026-05-01;4209.1056;30;9429;5
3624;AGUA SIN GAS DASANI 1.2 LT;NO PERECIBLE;2026-06-01;4820.2272;31;10798;6
3624;AGUA SIN GAS DASANI 1.2 LT;NO PERECIBLE;2026-07-01;4473.8208;25;10022;7
3626;PASTELPAN LEVAPAN 2.5 KG;PERECIBLE;2026-01-01;4645.68954068;171;628;1
3626;PASTELPAN LEVAPAN 2.5 KG;PERECIBLE;2026-02-01;3854.14689601;170;521;2
3626;PASTELPAN LEVAPAN 2.5 KG;PERECIBLE;2026-03-01;4941.59333308;205;668;3
3626;PASTELPAN LEVAPAN 2.5 KG;PERECIBLE;2026-04-01;3994.7011974;184;540;4
3626;PASTELPAN LEVAPAN 2.5 KG;PERECIBLE;2026-05-01;4690.07510954;214;634;5
3626;PASTELPAN LEVAPAN 2.5 KG;PERECIBLE;2026-06-01;5222.70193586;211;706;6
3626;PASTELPAN LEVAPAN 2.5 KG;PERECIBLE;2026-07-01;5000.77409156;203;676;7
3647;DV SUPER ENZIDENT DETERGENTE POLVO DL53 20 KG;NO PERECIBLE;2026-01-01;311.52;9;12;1
3647;DV SUPER ENZIDENT DETERGENTE POLVO DL53 20 KG;NO PERECIBLE;2026-02-01;181.72;5;7;2
3647;DV SUPER ENZIDENT DETERGENTE POLVO DL53 20 KG;NO PERECIBLE;2026-03-01;311.52;9;12;3
3647;DV SUPER ENZIDENT DETERGENTE POLVO DL53 20 KG;NO PERECIBLE;2026-04-01;207.68;6;8;4
3647;DV SUPER ENZIDENT DETERGENTE POLVO DL53 20 KG;NO PERECIBLE;2026-05-01;233.64;7;9;5
3647;DV SUPER ENZIDENT DETERGENTE POLVO DL53 20 KG;NO PERECIBLE;2026-06-01;233.64;7;9;6
3647;DV SUPER ENZIDENT DETERGENTE POLVO DL53 20 KG;NO PERECIBLE;2026-07-01;207.68;6;8;7
3652;PAN ARABE NATURAL MINI PASTELO 300 GR;PERECIBLE;2026-01-01;0;0;0;1
3652;PAN ARABE NATURAL MINI PASTELO 300 GR;PERECIBLE;2026-02-01;23.88;1;12;2
3652;PAN ARABE NATURAL MINI PASTELO 300 GR;PERECIBLE;2026-03-01;25.87;1;13;3
3652;PAN ARABE NATURAL MINI PASTELO 300 GR;PERECIBLE;2026-04-01;1.99;1;1;4
3652;PAN ARABE NATURAL MINI PASTELO 300 GR;PERECIBLE;2026-05-01;0;0;0;5
3652;PAN ARABE NATURAL MINI PASTELO 300 GR;PERECIBLE;2026-06-01;0;0;0;6
3652;PAN ARABE NATURAL MINI PASTELO 300 GR;PERECIBLE;2026-07-01;3.98;2;2;7
3654;SET TRAPERO MICROFIBRA GR;NO PERECIBLE;2026-01-01;143.5;8;14;1
3654;SET TRAPERO MICROFIBRA GR;NO PERECIBLE;2026-02-01;153.75;6;15;2
3654;SET TRAPERO MICROFIBRA GR;NO PERECIBLE;2026-03-01;51.25;5;5;3
3654;SET TRAPERO MICROFIBRA GR;NO PERECIBLE;2026-04-01;184.5;7;18;4
3654;SET TRAPERO MICROFIBRA GR;NO PERECIBLE;2026-05-01;153.75;8;15;5
3654;SET TRAPERO MICROFIBRA GR;NO PERECIBLE;2026-06-01;30.75;2;3;6
3654;SET TRAPERO MICROFIBRA GR;NO PERECIBLE;2026-07-01;133.25;7;13;7
3665;CEREZAS ROJAS HELIOS 160 GR;NO PERECIBLE;2026-01-01;0;0;0;1
3665;CEREZAS ROJAS HELIOS 160 GR;NO PERECIBLE;2026-02-01;0;0;0;2
3665;CEREZAS ROJAS HELIOS 160 GR;NO PERECIBLE;2026-03-01;0;0;0;3
3665;CEREZAS ROJAS HELIOS 160 GR;NO PERECIBLE;2026-04-01;0;0;0;4
3665;CEREZAS ROJAS HELIOS 160 GR;NO PERECIBLE;2026-05-01;14.8716;5;9;5
3665;CEREZAS ROJAS HELIOS 160 GR;NO PERECIBLE;2026-06-01;16.524;3;10;6
3665;CEREZAS ROJAS HELIOS 160 GR;NO PERECIBLE;2026-07-01;38.0052;5;23;7
3666;ACEITE OLIVA ARBOLITO LATA 500 ML;NO PERECIBLE;2026-01-01;103.8;11;15;1
3666;ACEITE OLIVA ARBOLITO LATA 500 ML;NO PERECIBLE;2026-02-01;103.8;8;15;2
3666;ACEITE OLIVA ARBOLITO LATA 500 ML;NO PERECIBLE;2026-03-01;131.48;11;19;3
3666;ACEITE OLIVA ARBOLITO LATA 500 ML;NO PERECIBLE;2026-04-01;96.88;9;14;4
3666;ACEITE OLIVA ARBOLITO LATA 500 ML;NO PERECIBLE;2026-05-01;62.28;9;9;5
3666;ACEITE OLIVA ARBOLITO LATA 500 ML;NO PERECIBLE;2026-06-01;89.96;10;13;6
3666;ACEITE OLIVA ARBOLITO LATA 500 ML;NO PERECIBLE;2026-07-01;110.72;13;16;7
3667;DURAZNOS MITADES ALMIBAR LOS ANDES 820 GR;NO PERECIBLE;2026-01-01;505.7648;95;262;1
3667;DURAZNOS MITADES ALMIBAR LOS ANDES 820 GR;NO PERECIBLE;2026-02-01;505.7648;95;262;2
3667;DURAZNOS MITADES ALMIBAR LOS ANDES 820 GR;NO PERECIBLE;2026-03-01;737.4128;127;382;3
3667;DURAZNOS MITADES ALMIBAR LOS ANDES 820 GR;NO PERECIBLE;2026-04-01;646.684;98;335;4
3667;DURAZNOS MITADES ALMIBAR LOS ANDES 820 GR;NO PERECIBLE;2026-05-01;625.4496;100;324;5
3667;DURAZNOS MITADES ALMIBAR LOS ANDES 820 GR;NO PERECIBLE;2026-06-01;804.9768;104;417;6
3667;DURAZNOS MITADES ALMIBAR LOS ANDES 820 GR;NO PERECIBLE;2026-07-01;747.0648;124;387;7
3670;DV AIR PLUS NEW SENSE VAINILLA 4 KG;NO PERECIBLE;2026-01-01;151.2;19;20;1
3670;DV AIR PLUS NEW SENSE VAINILLA 4 KG;NO PERECIBLE;2026-02-01;113.4;15;15;2
3670;DV AIR PLUS NEW SENSE VAINILLA 4 KG;NO PERECIBLE;2026-03-01;166.32;22;22;3
3670;DV AIR PLUS NEW SENSE VAINILLA 4 KG;NO PERECIBLE;2026-04-01;113.4;14;15;4
3670;DV AIR PLUS NEW SENSE VAINILLA 4 KG;NO PERECIBLE;2026-05-01;120.96;16;16;5
3670;DV AIR PLUS NEW SENSE VAINILLA 4 KG;NO PERECIBLE;2026-06-01;166.32;21;22;6
3670;DV AIR PLUS NEW SENSE VAINILLA 4 KG;NO PERECIBLE;2026-07-01;113.4;15;15;7
3686;PAÑOS DE LIMPIEZA LIGERA WYPALL ROLLO JUMBO DESECHABLES L10 X 650 MTS (30243071);NO PERECIBLE;2026-01-01;5136.56;308;572;1
3686;PAÑOS DE LIMPIEZA LIGERA WYPALL ROLLO JUMBO DESECHABLES L10 X 650 MTS (30243071);NO PERECIBLE;2026-02-01;5073.7;294;565;2
3686;PAÑOS DE LIMPIEZA LIGERA WYPALL ROLLO JUMBO DESECHABLES L10 X 650 MTS (30243071);NO PERECIBLE;2026-03-01;5684.34;332;633;3
3686;PAÑOS DE LIMPIEZA LIGERA WYPALL ROLLO JUMBO DESECHABLES L10 X 650 MTS (30243071);NO PERECIBLE;2026-04-01;1679.26;101;187;4
3686;PAÑOS DE LIMPIEZA LIGERA WYPALL ROLLO JUMBO DESECHABLES L10 X 650 MTS (30243071);NO PERECIBLE;2026-05-01;6007.62;322;669;5
3686;PAÑOS DE LIMPIEZA LIGERA WYPALL ROLLO JUMBO DESECHABLES L10 X 650 MTS (30243071);NO PERECIBLE;2026-06-01;5899.86;329;657;6
3686;PAÑOS DE LIMPIEZA LIGERA WYPALL ROLLO JUMBO DESECHABLES L10 X 650 MTS (30243071);NO PERECIBLE;2026-07-01;5450.86;315;607;7
3695;SALCHICHA VIENESA ROJA T2 20X21 CASA GUILLO 1 KG;PERECIBLE;2026-01-01;1471.36;171;418;1
3695;SALCHICHA VIENESA ROJA T2 20X21 CASA GUILLO 1 KG;PERECIBLE;2026-02-01;1693.12;171;481;2
3695;SALCHICHA VIENESA ROJA T2 20X21 CASA GUILLO 1 KG;PERECIBLE;2026-03-01;1464.32;178;416;3
3695;SALCHICHA VIENESA ROJA T2 20X21 CASA GUILLO 1 KG;PERECIBLE;2026-04-01;1650.88;196;469;4
3695;SALCHICHA VIENESA ROJA T2 20X21 CASA GUILLO 1 KG;PERECIBLE;2026-05-01;1953.6;190;555;5
3695;SALCHICHA VIENESA ROJA T2 20X21 CASA GUILLO 1 KG;PERECIBLE;2026-06-01;1872.64;199;532;6
3695;SALCHICHA VIENESA ROJA T2 20X21 CASA GUILLO 1 KG;PERECIBLE;2026-07-01;1819.84;205;517;7
3697;MARGARINA INDUSTRIAL DANEC 453.6 GR;PERECIBLE;2026-01-01;3235.452;399;3810;1
3697;MARGARINA INDUSTRIAL DANEC 453.6 GR;PERECIBLE;2026-02-01;3373.0224;395;3972;2
3697;MARGARINA INDUSTRIAL DANEC 453.6 GR;PERECIBLE;2026-03-01;4179.7624;461;4922;3
3697;MARGARINA INDUSTRIAL DANEC 453.6 GR;PERECIBLE;2026-04-01;3359.4352;400;3956;4
3697;MARGARINA INDUSTRIAL DANEC 453.6 GR;PERECIBLE;2026-05-01;3694.02;408;4350;5
3697;MARGARINA INDUSTRIAL DANEC 453.6 GR;PERECIBLE;2026-06-01;4250.246;428;5005;6
3697;MARGARINA INDUSTRIAL DANEC 453.6 GR;PERECIBLE;2026-07-01;3599.7588;430;4239;7
3703;TORTILLINAS INTEGRALES BIMBO 320 GR X8;NO PERECIBLE;2026-01-01;12;2;6;1
3703;TORTILLINAS INTEGRALES BIMBO 320 GR X8;NO PERECIBLE;2026-02-01;10;3;5;2
3703;TORTILLINAS INTEGRALES BIMBO 320 GR X8;NO PERECIBLE;2026-03-01;10;1;5;3
3703;TORTILLINAS INTEGRALES BIMBO 320 GR X8;NO PERECIBLE;2026-04-01;20;3;10;4
3703;TORTILLINAS INTEGRALES BIMBO 320 GR X8;NO PERECIBLE;2026-05-01;10;1;5;5
3703;TORTILLINAS INTEGRALES BIMBO 320 GR X8;NO PERECIBLE;2026-06-01;10;1;5;6
3703;TORTILLINAS INTEGRALES BIMBO 320 GR X8;NO PERECIBLE;2026-07-01;24;3;12;7
3711;TE NEGRO MANZANA CANELA NATURES HEART 26 GR X20;NO PERECIBLE;2026-01-01;207.48;48;182;1
3711;TE NEGRO MANZANA CANELA NATURES HEART 26 GR X20;NO PERECIBLE;2026-02-01;372.78;43;327;2
3711;TE NEGRO MANZANA CANELA NATURES HEART 26 GR X20;NO PERECIBLE;2026-03-01;169.86;37;149;3
3711;TE NEGRO MANZANA CANELA NATURES HEART 26 GR X20;NO PERECIBLE;2026-04-01;250.8;47;220;4
3711;TE NEGRO MANZANA CANELA NATURES HEART 26 GR X20;NO PERECIBLE;2026-05-01;177.84;42;156;5
3711;TE NEGRO MANZANA CANELA NATURES HEART 26 GR X20;NO PERECIBLE;2026-06-01;185.82;39;163;6
3711;TE NEGRO MANZANA CANELA NATURES HEART 26 GR X20;NO PERECIBLE;2026-07-01;129.96;37;114;7
3714;AROMATICA FLOR JAMAICA NATURES HEART 26 GR X20;NO PERECIBLE;2026-01-01;1199.22;97;869;1
3714;AROMATICA FLOR JAMAICA NATURES HEART 26 GR X20;NO PERECIBLE;2026-02-01;1711.2;88;1240;2
3714;AROMATICA FLOR JAMAICA NATURES HEART 26 GR X20;NO PERECIBLE;2026-03-01;1367.58;105;991;3
3714;AROMATICA FLOR JAMAICA NATURES HEART 26 GR X20;NO PERECIBLE;2026-04-01;1242;111;900;4
3714;AROMATICA FLOR JAMAICA NATURES HEART 26 GR X20;NO PERECIBLE;2026-05-01;742.44;104;538;5
3714;AROMATICA FLOR JAMAICA NATURES HEART 26 GR X20;NO PERECIBLE;2026-06-01;1069.5;120;775;6
3714;AROMATICA FLOR JAMAICA NATURES HEART 26 GR X20;NO PERECIBLE;2026-07-01;763.14;109;553;7
3715;AROMATICA COCO TROPICAL NATURES HEART 35 GR X20;NO PERECIBLE;2026-01-01;65.1;21;42;1
3715;AROMATICA COCO TROPICAL NATURES HEART 35 GR X20;NO PERECIBLE;2026-02-01;114.7;20;74;2
3715;AROMATICA COCO TROPICAL NATURES HEART 35 GR X20;NO PERECIBLE;2026-03-01;97.65;24;63;3
3715;AROMATICA COCO TROPICAL NATURES HEART 35 GR X20;NO PERECIBLE;2026-04-01;79.05;17;51;4
3715;AROMATICA COCO TROPICAL NATURES HEART 35 GR X20;NO PERECIBLE;2026-05-01;65.1;20;42;5
3715;AROMATICA COCO TROPICAL NATURES HEART 35 GR X20;NO PERECIBLE;2026-06-01;62;20;40;6
3715;AROMATICA COCO TROPICAL NATURES HEART 35 GR X20;NO PERECIBLE;2026-07-01;80.6;27;52;7
3729;PICADITA EMBUTIDO CASA GUILLO 1 KG;PERECIBLE;2026-01-01;419.22;37;137;1
3729;PICADITA EMBUTIDO CASA GUILLO 1 KG;PERECIBLE;2026-02-01;474.3;42;155;2
3729;PICADITA EMBUTIDO CASA GUILLO 1 KG;PERECIBLE;2026-03-01;449.82;43;147;3
3729;PICADITA EMBUTIDO CASA GUILLO 1 KG;PERECIBLE;2026-04-01;465.12;43;152;4
3729;PICADITA EMBUTIDO CASA GUILLO 1 KG;PERECIBLE;2026-05-01;428.4;37;140;5
3729;PICADITA EMBUTIDO CASA GUILLO 1 KG;PERECIBLE;2026-06-01;569.16;50;186;6
3729;PICADITA EMBUTIDO CASA GUILLO 1 KG;PERECIBLE;2026-07-01;1018.98;53;333;7
3730;DV LV3 GLASS LIMPIA VIDRIOS 4 KG;NO PERECIBLE;2026-01-01;34.32;11;13;1
3730;DV LV3 GLASS LIMPIA VIDRIOS 4 KG;NO PERECIBLE;2026-02-01;47.52;16;18;2
3730;DV LV3 GLASS LIMPIA VIDRIOS 4 KG;NO PERECIBLE;2026-03-01;47.52;16;18;3
3730;DV LV3 GLASS LIMPIA VIDRIOS 4 KG;NO PERECIBLE;2026-04-01;50.16;17;19;4
3730;DV LV3 GLASS LIMPIA VIDRIOS 4 KG;NO PERECIBLE;2026-05-01;66;21;25;5
3730;DV LV3 GLASS LIMPIA VIDRIOS 4 KG;NO PERECIBLE;2026-06-01;73.92;26;28;6
3730;DV LV3 GLASS LIMPIA VIDRIOS 4 KG;NO PERECIBLE;2026-07-01;42.24;14;16;7
3750;AGUA SIN GAS DASANI 300 ML;NO PERECIBLE;2026-01-01;22.632;3;115;1
3750;AGUA SIN GAS DASANI 300 ML;NO PERECIBLE;2026-02-01;25.3872;4;129;2
3750;AGUA SIN GAS DASANI 300 ML;NO PERECIBLE;2026-03-01;13.5792;3;69;3
3750;AGUA SIN GAS DASANI 300 ML;NO PERECIBLE;2026-04-01;46.6416;4;237;4
3750;AGUA SIN GAS DASANI 300 ML;NO PERECIBLE;2026-05-01;49.2;3;250;5
3750;AGUA SIN GAS DASANI 300 ML;NO PERECIBLE;2026-06-01;18.1056;3;92;6
3750;AGUA SIN GAS DASANI 300 ML;NO PERECIBLE;2026-07-01;65.7312;5;334;7
3767;VASO TERMICO CON TAPA 8 ONZ X 25 UND;NO PERECIBLE;2026-01-01;363.93114963;10;177;1
3767;VASO TERMICO CON TAPA 8 ONZ X 25 UND;NO PERECIBLE;2026-02-01;178.88141253;11;87;2
3767;VASO TERMICO CON TAPA 8 ONZ X 25 UND;NO PERECIBLE;2026-03-01;287.8551466;11;140;3
3767;VASO TERMICO CON TAPA 8 ONZ X 25 UND;NO PERECIBLE;2026-04-01;359.81893325;11;175;4
3767;VASO TERMICO CON TAPA 8 ONZ X 25 UND;NO PERECIBLE;2026-05-01;411.221638;12;200;5
3767;VASO TERMICO CON TAPA 8 ONZ X 25 UND;NO PERECIBLE;2026-06-01;211.77914357;10;103;6
3767;VASO TERMICO CON TAPA 8 ONZ X 25 UND;NO PERECIBLE;2026-07-01;271.40628108;11;132;7
3778;AVENA LECHE FINESSE ALPINA VASO 250 GR;NO PERECIBLE;2026-01-01;60.48;7;84;1
3778;AVENA LECHE FINESSE ALPINA VASO 250 GR;NO PERECIBLE;2026-02-01;25.92;3;36;2
3778;AVENA LECHE FINESSE ALPINA VASO 250 GR;NO PERECIBLE;2026-03-01;17.28;2;24;3
3778;AVENA LECHE FINESSE ALPINA VASO 250 GR;NO PERECIBLE;2026-04-01;34.56;4;48;4
3778;AVENA LECHE FINESSE ALPINA VASO 250 GR;NO PERECIBLE;2026-05-01;8.64;1;12;5
3778;AVENA LECHE FINESSE ALPINA VASO 250 GR;NO PERECIBLE;2026-06-01;8.64;1;12;6
3778;AVENA LECHE FINESSE ALPINA VASO 250 GR;NO PERECIBLE;2026-07-01;0;0;0;7
3781;AVENA LECHE CANELA ALPINA VASO 250 GR;NO PERECIBLE;2026-01-01;17.28;2;24;1
3781;AVENA LECHE CANELA ALPINA VASO 250 GR;NO PERECIBLE;2026-02-01;8.64;1;12;2
3781;AVENA LECHE CANELA ALPINA VASO 250 GR;NO PERECIBLE;2026-03-01;25.92;3;36;3
3781;AVENA LECHE CANELA ALPINA VASO 250 GR;NO PERECIBLE;2026-04-01;29.52;4;41;4
3781;AVENA LECHE CANELA ALPINA VASO 250 GR;NO PERECIBLE;2026-05-01;0;0;0;5
3781;AVENA LECHE CANELA ALPINA VASO 250 GR;NO PERECIBLE;2026-06-01;0;0;0;6
3781;AVENA LECHE CANELA ALPINA VASO 250 GR;NO PERECIBLE;2026-07-01;0;0;0;7
3786;"GUANTE NIT INDUSTRIAL 330MM 13"" TALLA M";NO PERECIBLE;2026-01-01;14.88;6;16;1
3786;"GUANTE NIT INDUSTRIAL 330MM 13"" TALLA M";NO PERECIBLE;2026-02-01;18.6;7;20;2
3786;"GUANTE NIT INDUSTRIAL 330MM 13"" TALLA M";NO PERECIBLE;2026-03-01;14.88;7;16;3
3786;"GUANTE NIT INDUSTRIAL 330MM 13"" TALLA M";NO PERECIBLE;2026-04-01;19.53;11;21;4
3786;"GUANTE NIT INDUSTRIAL 330MM 13"" TALLA M";NO PERECIBLE;2026-05-01;14.88;5;16;5
3786;"GUANTE NIT INDUSTRIAL 330MM 13"" TALLA M";NO PERECIBLE;2026-06-01;14.88;6;16;6
3786;"GUANTE NIT INDUSTRIAL 330MM 13"" TALLA M";NO PERECIBLE;2026-07-01;13.02;5;14;7
3787;JUGO CITRUS PUNCH CIFRUT 400 ML;NO PERECIBLE;2026-01-01;1047.3588;31;5438;1
3787;JUGO CITRUS PUNCH CIFRUT 400 ML;NO PERECIBLE;2026-02-01;374.9922;28;1947;2
3787;JUGO CITRUS PUNCH CIFRUT 400 ML;NO PERECIBLE;2026-03-01;1158.6816;33;6016;3
3787;JUGO CITRUS PUNCH CIFRUT 400 ML;NO PERECIBLE;2026-04-01;951.444;40;4940;4
3787;JUGO CITRUS PUNCH CIFRUT 400 ML;NO PERECIBLE;2026-05-01;755.5698;37;3923;5
3787;JUGO CITRUS PUNCH CIFRUT 400 ML;NO PERECIBLE;2026-06-01;921.0132;36;4782;6
3787;JUGO CITRUS PUNCH CIFRUT 400 ML;NO PERECIBLE;2026-07-01;751.3326;32;3901;7
3790;PAN HOT DOG GIGANTE MODERNA 560 GR X8;NO PERECIBLE;2026-01-01;110.76;26;71;1
3790;PAN HOT DOG GIGANTE MODERNA 560 GR X8;NO PERECIBLE;2026-02-01;102.96;22;66;2
3790;PAN HOT DOG GIGANTE MODERNA 560 GR X8;NO PERECIBLE;2026-03-01;241.8;22;155;3
3790;PAN HOT DOG GIGANTE MODERNA 560 GR X8;NO PERECIBLE;2026-04-01;113.88;14;73;4
3790;PAN HOT DOG GIGANTE MODERNA 560 GR X8;NO PERECIBLE;2026-05-01;0;0;0;5
3790;PAN HOT DOG GIGANTE MODERNA 560 GR X8;NO PERECIBLE;2026-06-01;0;0;0;6
3790;PAN HOT DOG GIGANTE MODERNA 560 GR X8;NO PERECIBLE;2026-07-01;0;0;0;7
3795;JAMON AMERICANO T2 DON DIEGO 11X11 1 KG (401760);PERECIBLE;2026-01-01;1016.54;46;137;1
3795;JAMON AMERICANO T2 DON DIEGO 11X11 1 KG (401760);PERECIBLE;2026-02-01;667.8;36;90;2
3795;JAMON AMERICANO T2 DON DIEGO 11X11 1 KG (401760);PERECIBLE;2026-03-01;1046.22;49;141;3
3795;JAMON AMERICANO T2 DON DIEGO 11X11 1 KG (401760);PERECIBLE;2026-04-01;549.08;36;74;4
3795;JAMON AMERICANO T2 DON DIEGO 11X11 1 KG (401760);PERECIBLE;2026-05-01;1291.08;53;174;5
3795;JAMON AMERICANO T2 DON DIEGO 11X11 1 KG (401760);PERECIBLE;2026-06-01;1083.32;59;146;6
3795;JAMON AMERICANO T2 DON DIEGO 11X11 1 KG (401760);PERECIBLE;2026-07-01;764.26;50;103;7
3807;YOGURT DESCREMADO FRUTOS ROJOS FINESSE 180 GR;PERECIBLE;2026-01-01;5.1;3;6;1
3807;YOGURT DESCREMADO FRUTOS ROJOS FINESSE 180 GR;PERECIBLE;2026-02-01;10.2;3;12;2
3807;YOGURT DESCREMADO FRUTOS ROJOS FINESSE 180 GR;PERECIBLE;2026-03-01;0;0;0;3
3807;YOGURT DESCREMADO FRUTOS ROJOS FINESSE 180 GR;PERECIBLE;2026-04-01;170.85;6;201;4
3807;YOGURT DESCREMADO FRUTOS ROJOS FINESSE 180 GR;PERECIBLE;2026-05-01;84.15;12;99;5
3807;YOGURT DESCREMADO FRUTOS ROJOS FINESSE 180 GR;PERECIBLE;2026-06-01;159.8;11;188;6
3807;YOGURT DESCREMADO FRUTOS ROJOS FINESSE 180 GR;PERECIBLE;2026-07-01;120.7;12;142;7
3831;AGUA SIN GAS CIELO 1.2 LT;NO PERECIBLE;2026-01-01;1640.942;18;4913;1
3831;AGUA SIN GAS CIELO 1.2 LT;NO PERECIBLE;2026-02-01;1757.842;19;5263;2
3831;AGUA SIN GAS CIELO 1.2 LT;NO PERECIBLE;2026-03-01;2143.946;23;6419;3
3831;AGUA SIN GAS CIELO 1.2 LT;NO PERECIBLE;2026-04-01;1805.938;21;5407;4
3831;AGUA SIN GAS CIELO 1.2 LT;NO PERECIBLE;2026-05-01;1138.606;18;3409;5
3831;AGUA SIN GAS CIELO 1.2 LT;NO PERECIBLE;2026-06-01;1868.73;20;5595;6
3831;AGUA SIN GAS CIELO 1.2 LT;NO PERECIBLE;2026-07-01;1636.6;19;4900;7
3832;DV DESENGRASANTE DE HORNOS FORTY GRILL 4 KG;NO PERECIBLE;2026-01-01;2032.24;177;266;1
3832;DV DESENGRASANTE DE HORNOS FORTY GRILL 4 KG;NO PERECIBLE;2026-02-01;1787.76;153;234;2
3832;DV DESENGRASANTE DE HORNOS FORTY GRILL 4 KG;NO PERECIBLE;2026-03-01;2337.84;199;306;3
3832;DV DESENGRASANTE DE HORNOS FORTY GRILL 4 KG;NO PERECIBLE;2026-04-01;1963.48;178;257;4
3832;DV DESENGRASANTE DE HORNOS FORTY GRILL 4 KG;NO PERECIBLE;2026-05-01;2024.6;185;265;5
3832;DV DESENGRASANTE DE HORNOS FORTY GRILL 4 KG;NO PERECIBLE;2026-06-01;2123.92;189;278;6
3832;DV DESENGRASANTE DE HORNOS FORTY GRILL 4 KG;NO PERECIBLE;2026-07-01;2276.72;205;298;7
3839;RES MOLIDA PREMIUM CONGELADO PROCESADO 1 KG;PERECIBLE;2026-01-01;1699.412;113;297.1;1
3839;RES MOLIDA PREMIUM CONGELADO PROCESADO 1 KG;PERECIBLE;2026-02-01;1360.2732;93;237.81;2
3839;RES MOLIDA PREMIUM CONGELADO PROCESADO 1 KG;PERECIBLE;2026-03-01;1545.0864;117;270.12;3
3839;RES MOLIDA PREMIUM CONGELADO PROCESADO 1 KG;PERECIBLE;2026-04-01;1579.7496;117;276.18;4
3839;RES MOLIDA PREMIUM CONGELADO PROCESADO 1 KG;PERECIBLE;2026-05-01;1509.3936;108;263.88;5
3839;RES MOLIDA PREMIUM CONGELADO PROCESADO 1 KG;PERECIBLE;2026-06-01;1578.6056;110;275.98;6
3839;RES MOLIDA PREMIUM CONGELADO PROCESADO 1 KG;PERECIBLE;2026-07-01;874.9884;76;152.97;7
3840;RES MOLIDA PREMIUM CONGELADO PROCESADO 5 KG;PERECIBLE;2026-01-01;9103.952;100;1591.6;1
3840;RES MOLIDA PREMIUM CONGELADO PROCESADO 5 KG;PERECIBLE;2026-02-01;6129.838;75;1071.65;2
3840;RES MOLIDA PREMIUM CONGELADO PROCESADO 5 KG;PERECIBLE;2026-03-01;7675.3248;84;1341.84;3
3840;RES MOLIDA PREMIUM CONGELADO PROCESADO 5 KG;PERECIBLE;2026-04-01;8448.5544;75;1477.02;4
3840;RES MOLIDA PREMIUM CONGELADO PROCESADO 5 KG;PERECIBLE;2026-05-01;6370.078;69;1113.65;5
3840;RES MOLIDA PREMIUM CONGELADO PROCESADO 5 KG;PERECIBLE;2026-06-01;7070.206;82;1236.05;6
3840;RES MOLIDA PREMIUM CONGELADO PROCESADO 5 KG;PERECIBLE;2026-07-01;5405.8004;60;945.07;7
3844;PANELA WARYFOOD 500 GR;NO PERECIBLE;2026-01-01;1463.28;367;1876;1
3844;PANELA WARYFOOD 500 GR;NO PERECIBLE;2026-02-01;1455.48;378;1866;2
3844;PANELA WARYFOOD 500 GR;NO PERECIBLE;2026-03-01;1911.78;465;2451;3
3844;PANELA WARYFOOD 500 GR;NO PERECIBLE;2026-04-01;1545.96;417;1982;4
3844;PANELA WARYFOOD 500 GR;NO PERECIBLE;2026-05-01;1396.2;406;1790;5
3844;PANELA WARYFOOD 500 GR;NO PERECIBLE;2026-06-01;1521;416;1950;6
3844;PANELA WARYFOOD 500 GR;NO PERECIBLE;2026-07-01;1410.24;435;1808;7
3854;JUGO DE NARANJA/ZANAHORIA DHOY 355 ML;PERECIBLE;2026-01-01;734.86285488;31;792;1
3854;JUGO DE NARANJA/ZANAHORIA DHOY 355 ML;PERECIBLE;2026-02-01;445.3714272;20;480;2
3854;JUGO DE NARANJA/ZANAHORIA DHOY 355 ML;PERECIBLE;2026-03-01;367.43142744;18;396;3
3854;JUGO DE NARANJA/ZANAHORIA DHOY 355 ML;PERECIBLE;2026-04-01;467.63999856;25;504;4
3854;JUGO DE NARANJA/ZANAHORIA DHOY 355 ML;PERECIBLE;2026-05-01;523.31142696;32;564;5
3854;JUGO DE NARANJA/ZANAHORIA DHOY 355 ML;PERECIBLE;2026-06-01;345.16285608;22;372;6
3854;JUGO DE NARANJA/ZANAHORIA DHOY 355 ML;PERECIBLE;2026-07-01;155.87999952;10;168;7
3855;JUGO DE NARANJA/FRESA DHOY 355 ML;PERECIBLE;2026-01-01;1155.6;27;1284;1
3855;JUGO DE NARANJA/FRESA DHOY 355 ML;PERECIBLE;2026-02-01;745.2;21;828;2
3855;JUGO DE NARANJA/FRESA DHOY 355 ML;PERECIBLE;2026-03-01;669.6;25;744;3
3855;JUGO DE NARANJA/FRESA DHOY 355 ML;PERECIBLE;2026-04-01;799.2;24;888;4
3855;JUGO DE NARANJA/FRESA DHOY 355 ML;PERECIBLE;2026-05-01;615.6;26;684;5
3855;JUGO DE NARANJA/FRESA DHOY 355 ML;PERECIBLE;2026-06-01;313.2;15;348;6
3855;JUGO DE NARANJA/FRESA DHOY 355 ML;PERECIBLE;2026-07-01;0;0;0;7
3856;JUGO DE NARANJA DHOY 355 ML;PERECIBLE;2026-01-01;2883.6;54;3204;1
3856;JUGO DE NARANJA DHOY 355 ML;PERECIBLE;2026-02-01;1857.6;35;2064;2
3856;JUGO DE NARANJA DHOY 355 ML;PERECIBLE;2026-03-01;1717.2;40;1908;3
3856;JUGO DE NARANJA DHOY 355 ML;PERECIBLE;2026-04-01;3002.4;45;3336;4
3856;JUGO DE NARANJA DHOY 355 ML;PERECIBLE;2026-05-01;2818.8;57;3132;5
3856;JUGO DE NARANJA DHOY 355 ML;PERECIBLE;2026-06-01;1898.1;53;2109;6
3856;JUGO DE NARANJA DHOY 355 ML;PERECIBLE;2026-07-01;1037.7;22;1153;7
3857;JUGO DE NARANJA/MANGO DHOY 355 ML;PERECIBLE;2026-01-01;0;0;0;1
3857;JUGO DE NARANJA/MANGO DHOY 355 ML;PERECIBLE;2026-02-01;0;0;0;2
3857;JUGO DE NARANJA/MANGO DHOY 355 ML;PERECIBLE;2026-03-01;0;0;0;3
3857;JUGO DE NARANJA/MANGO DHOY 355 ML;PERECIBLE;2026-04-01;44.24000016;2;48;4
3857;JUGO DE NARANJA/MANGO DHOY 355 ML;PERECIBLE;2026-05-01;11.06000004;1;12;5
3857;JUGO DE NARANJA/MANGO DHOY 355 ML;PERECIBLE;2026-06-01;33.18000012;3;36;6
3857;JUGO DE NARANJA/MANGO DHOY 355 ML;PERECIBLE;2026-07-01;33.18000012;3;36;7
3867;AGUA DE COCO COCO FREEZE 355 ML;PERECIBLE;2026-01-01;2071.26;51;1866;1
3867;AGUA DE COCO COCO FREEZE 355 ML;PERECIBLE;2026-02-01;1431.9;36;1290;2
3867;AGUA DE COCO COCO FREEZE 355 ML;PERECIBLE;2026-03-01;1105.56;40;996;3
3867;AGUA DE COCO COCO FREEZE 355 ML;PERECIBLE;2026-04-01;1953.6;53;1760;4
3867;AGUA DE COCO COCO FREEZE 355 ML;PERECIBLE;2026-05-01;2373.18;62;2138;5
3867;AGUA DE COCO COCO FREEZE 355 ML;PERECIBLE;2026-06-01;1899.21;47;1711;6
3867;AGUA DE COCO COCO FREEZE 355 ML;PERECIBLE;2026-07-01;1595.07;36;1437;7
3880;CHOCHO/CHIFLE 111 GR;PERECIBLE;2026-01-01;0;0;0;1
3880;CHOCHO/CHIFLE 111 GR;PERECIBLE;2026-02-01;0;0;0;2
3880;CHOCHO/CHIFLE 111 GR;PERECIBLE;2026-03-01;0;0;0;3
3880;CHOCHO/CHIFLE 111 GR;PERECIBLE;2026-04-01;3.54;1;6;4
3880;CHOCHO/CHIFLE 111 GR;PERECIBLE;2026-05-01;0;0;0;5
3880;CHOCHO/CHIFLE 111 GR;PERECIBLE;2026-06-01;1.77;1;3;6
3880;CHOCHO/CHIFLE 111 GR;PERECIBLE;2026-07-01;4.13;1;7;7
3881;CHOCHO/CHIFLE 180 GR;PERECIBLE;2026-01-01;7.9;1;10;1
3881;CHOCHO/CHIFLE 180 GR;PERECIBLE;2026-02-01;0;0;0;2
3881;CHOCHO/CHIFLE 180 GR;PERECIBLE;2026-03-01;0;0;0;3
3881;CHOCHO/CHIFLE 180 GR;PERECIBLE;2026-04-01;3.16;1;4;4
3881;CHOCHO/CHIFLE 180 GR;PERECIBLE;2026-05-01;10.27;2;13;5
3881;CHOCHO/CHIFLE 180 GR;PERECIBLE;2026-06-01;10.27;2;13;6
3881;CHOCHO/CHIFLE 180 GR;PERECIBLE;2026-07-01;0;0;0;7
3885;CHOCHO/CHULPI 180 GR;PERECIBLE;2026-01-01;334.17;43;423;1
3885;CHOCHO/CHULPI 180 GR;PERECIBLE;2026-02-01;278.87;36;353;2
3885;CHOCHO/CHULPI 180 GR;PERECIBLE;2026-03-01;351.55;45;445;3
3885;CHOCHO/CHULPI 180 GR;PERECIBLE;2026-04-01;282.82;41;358;4
3885;CHOCHO/CHULPI 180 GR;PERECIBLE;2026-05-01;338.12;41;428;5
3885;CHOCHO/CHULPI 180 GR;PERECIBLE;2026-06-01;507.18;30;642;6
3885;CHOCHO/CHULPI 180 GR;PERECIBLE;2026-07-01;80.58;7;102;7
3905;GELATINA FRAMBUESA GELHADA 400 GR;NO PERECIBLE;2026-01-01;1702.7592;289;942;1
3905;GELATINA FRAMBUESA GELHADA 400 GR;NO PERECIBLE;2026-02-01;1625.0324;274;899;2
3905;GELATINA FRAMBUESA GELHADA 400 GR;NO PERECIBLE;2026-03-01;2035.3576;309;1126;3
3905;GELATINA FRAMBUESA GELHADA 400 GR;NO PERECIBLE;2026-04-01;1993.7828;311;1103;4
3905;GELATINA FRAMBUESA GELHADA 400 GR;NO PERECIBLE;2026-05-01;1776.8708;288;983;5
3905;GELATINA FRAMBUESA GELHADA 400 GR;NO PERECIBLE;2026-06-01;2109.4692;341;1167;6
3905;GELATINA FRAMBUESA GELHADA 400 GR;NO PERECIBLE;2026-07-01;1999.2056;315;1106;7
3906;GELATINA GELHADA LIMON 400 GR;NO PERECIBLE;2026-01-01;1102.636;160;610;1
3906;GELATINA GELHADA LIMON 400 GR;NO PERECIBLE;2026-02-01;742.9236;123;411;2
3906;GELATINA GELHADA LIMON 400 GR;NO PERECIBLE;2026-03-01;1030.332;167;570;3
3906;GELATINA GELHADA LIMON 400 GR;NO PERECIBLE;2026-04-01;981.5268;155;543;4
3906;GELATINA GELHADA LIMON 400 GR;NO PERECIBLE;2026-05-01;845.9568;135;468;5
3906;GELATINA GELHADA LIMON 400 GR;NO PERECIBLE;2026-06-01;905.6076;164;501;6
3906;GELATINA GELHADA LIMON 400 GR;NO PERECIBLE;2026-07-01;892.9544;144;494;7
3907;GELATINA MANZANA GELHADA 400 GR;NO PERECIBLE;2026-01-01;1028.5244;75;569;1
3907;GELATINA MANZANA GELHADA 400 GR;NO PERECIBLE;2026-02-01;578.432;78;320;2
3907;GELATINA MANZANA GELHADA 400 GR;NO PERECIBLE;2026-03-01;968.8736;81;536;3
3907;GELATINA MANZANA GELHADA 400 GR;NO PERECIBLE;2026-04-01;771.8452;89;427;4
3907;GELATINA MANZANA GELHADA 400 GR;NO PERECIBLE;2026-05-01;455.5152;64;252;5
3907;GELATINA MANZANA GELHADA 400 GR;NO PERECIBLE;2026-06-01;634.4676;77;351;6
3907;GELATINA MANZANA GELHADA 400 GR;NO PERECIBLE;2026-07-01;1061.0612;84;587;7
3908;GELATINA MORA GELHADA 400 GR;NO PERECIBLE;2026-01-01;178.9524;25;99;1
3908;GELATINA MORA GELHADA 400 GR;NO PERECIBLE;2026-02-01;175.3372;24;97;2
3908;GELATINA MORA GELHADA 400 GR;NO PERECIBLE;2026-03-01;233.1804;29;129;3
3908;GELATINA MORA GELHADA 400 GR;NO PERECIBLE;2026-04-01;137.3776;20;76;4
3908;GELATINA MORA GELHADA 400 GR;NO PERECIBLE;2026-05-01;209.6816;30;116;5
3908;GELATINA MORA GELHADA 400 GR;NO PERECIBLE;2026-06-01;169.9144;26;94;6
3908;GELATINA MORA GELHADA 400 GR;NO PERECIBLE;2026-07-01;175.3372;25;97;7
3909;GELATINA GELHADA NARANJA 400 GR;NO PERECIBLE;2026-01-01;558.5484;79;309;1
3909;GELATINA GELHADA NARANJA 400 GR;NO PERECIBLE;2026-02-01;515.166;81;285;2
3909;GELATINA GELHADA NARANJA 400 GR;NO PERECIBLE;2026-03-01;524.204;86;290;3
3909;GELATINA GELHADA NARANJA 400 GR;NO PERECIBLE;2026-04-01;526.0116;81;291;4
3909;GELATINA GELHADA NARANJA 400 GR;NO PERECIBLE;2026-05-01;565.7788;78;313;5
3909;GELATINA GELHADA NARANJA 400 GR;NO PERECIBLE;2026-06-01;529.6268;95;293;6
3909;GELATINA GELHADA NARANJA 400 GR;NO PERECIBLE;2026-07-01;506.128;73;280;7
3910;GELATINA PIÑA GELHADA 400 GR;NO PERECIBLE;2026-01-01;84.9572;13;47;1
3910;GELATINA PIÑA GELHADA 400 GR;NO PERECIBLE;2026-02-01;224.1424;22;124;2
3910;GELATINA PIÑA GELHADA 400 GR;NO PERECIBLE;2026-03-01;155.4536;21;86;3
3910;GELATINA PIÑA GELHADA 400 GR;NO PERECIBLE;2026-04-01;204.2588;28;113;4
3910;GELATINA PIÑA GELHADA 400 GR;NO PERECIBLE;2026-05-01;139.1852;28;77;5
3910;GELATINA PIÑA GELHADA 400 GR;NO PERECIBLE;2026-06-01;195.2208;28;108;6
3910;GELATINA PIÑA GELHADA 400 GR;NO PERECIBLE;2026-07-01;135.57;25;75;7
3911;GELATINA UVA GELHADA 400 GR;NO PERECIBLE;2026-01-01;307.292;45;170;1
3911;GELATINA UVA GELHADA 400 GR;NO PERECIBLE;2026-02-01;381.4036;49;211;2
3911;GELATINA UVA GELHADA 400 GR;NO PERECIBLE;2026-03-01;312.7148;46;173;3
3911;GELATINA UVA GELHADA 400 GR;NO PERECIBLE;2026-04-01;388.634;43;215;4
3911;GELATINA UVA GELHADA 400 GR;NO PERECIBLE;2026-05-01;323.5604;43;179;5
3911;GELATINA UVA GELHADA 400 GR;NO PERECIBLE;2026-06-01;348.8668;44;193;6
3911;GELATINA UVA GELHADA 400 GR;NO PERECIBLE;2026-07-01;386.8264;43;214;7
3913;CHOCOLATE GALAK NESTLE 20GR X21;NO PERECIBLE;2026-01-01;345.7844;15;58;1
3913;CHOCOLATE GALAK NESTLE 20GR X21;NO PERECIBLE;2026-02-01;304.0518;15;51;2
3913;CHOCOLATE GALAK NESTLE 20GR X21;NO PERECIBLE;2026-03-01;321.9372;18;54;3
3913;CHOCOLATE GALAK NESTLE 20GR X21;NO PERECIBLE;2026-04-01;476.944;21;80;4
3913;CHOCOLATE GALAK NESTLE 20GR X21;NO PERECIBLE;2026-05-01;447.135;16;75;5
3913;CHOCOLATE GALAK NESTLE 20GR X21;NO PERECIBLE;2026-06-01;220.5866;13;37;6
3913;CHOCOLATE GALAK NESTLE 20GR X21;NO PERECIBLE;2026-07-01;268.281;18;45;7
3919;COLA BIG NARANJA 300 ML;NO PERECIBLE;2026-01-01;11.1928;4;68;1
3919;COLA BIG NARANJA 300 ML;NO PERECIBLE;2026-02-01;13.991;3;85;2
3919;COLA BIG NARANJA 300 ML;NO PERECIBLE;2026-03-01;8.3946;4;51;3
3919;COLA BIG NARANJA 300 ML;NO PERECIBLE;2026-04-01;13.991;7;85;4
3919;COLA BIG NARANJA 300 ML;NO PERECIBLE;2026-05-01;16.46;6;100;5
3919;COLA BIG NARANJA 300 ML;NO PERECIBLE;2026-06-01;94.8096;6;576;6
3919;COLA BIG NARANJA 300 ML;NO PERECIBLE;2026-07-01;75.716;6;460;7
3920;COLA BIG NEGRA 300 ML;NO PERECIBLE;2026-01-01;328.0824;20;1992;1
3920;COLA BIG NEGRA 300 ML;NO PERECIBLE;2026-02-01;178.6995;14;1085;2
3920;COLA BIG NEGRA 300 ML;NO PERECIBLE;2026-03-01;268.9551;14;1633;3
3920;COLA BIG NEGRA 300 ML;NO PERECIBLE;2026-04-01;253.8027;17;1541;4
3920;COLA BIG NEGRA 300 ML;NO PERECIBLE;2026-05-01;122.3721;17;743;5
3920;COLA BIG NEGRA 300 ML;NO PERECIBLE;2026-06-01;403.8444;13;2452;6
3920;COLA BIG NEGRA 300 ML;NO PERECIBLE;2026-07-01;474.0066;22;2878;7
3921;COLA BIG FRESA 300 ML;NO PERECIBLE;2026-01-01;131.4352;14;712;1
3921;COLA BIG FRESA 300 ML;NO PERECIBLE;2026-02-01;75.8706;8;411;2
3921;COLA BIG FRESA 300 ML;NO PERECIBLE;2026-03-01;41.7196;6;226;3
3921;COLA BIG FRESA 300 ML;NO PERECIBLE;2026-04-01;151.1874;10;819;4
3921;COLA BIG FRESA 300 ML;NO PERECIBLE;2026-05-01;307.7282;12;1667;5
3921;COLA BIG FRESA 300 ML;NO PERECIBLE;2026-06-01;333.203;7;1805;6
3921;COLA BIG FRESA 300 ML;NO PERECIBLE;2026-07-01;167.2476;9;906;7
3922;COLA BIG LIMON 300 ML;NO PERECIBLE;2026-01-01;19.2582;8;117;1
3922;COLA BIG LIMON 300 ML;NO PERECIBLE;2026-02-01;46.4172;8;282;2
3922;COLA BIG LIMON 300 ML;NO PERECIBLE;2026-03-01;40.327;8;245;3
3922;COLA BIG LIMON 300 ML;NO PERECIBLE;2026-04-01;70.778;12;430;4
3922;COLA BIG LIMON 300 ML;NO PERECIBLE;2026-05-01;71.7656;9;436;5
3922;COLA BIG LIMON 300 ML;NO PERECIBLE;2026-06-01;36.0474;6;219;6
3922;COLA BIG LIMON 300 ML;NO PERECIBLE;2026-07-01;46.5818;9;283;7
3923;COLA BIG MANZANA 300 ML;NO PERECIBLE;2026-01-01;9.876;3;60;1
3923;COLA BIG MANZANA 300 ML;NO PERECIBLE;2026-02-01;35.389;6;215;2
3923;COLA BIG MANZANA 300 ML;NO PERECIBLE;2026-03-01;7.9008;2;48;3
3923;COLA BIG MANZANA 300 ML;NO PERECIBLE;2026-04-01;105.8378;10;643;4
3923;COLA BIG MANZANA 300 ML;NO PERECIBLE;2026-05-01;58.1038;8;353;5
3923;COLA BIG MANZANA 300 ML;NO PERECIBLE;2026-06-01;146.1648;4;888;6
3923;COLA BIG MANZANA 300 ML;NO PERECIBLE;2026-07-01;14.3202;3;87;7
3934;CAFE PASAR T&M TRADICIONAL SELLO ROJO 425 GR;NO PERECIBLE;2026-01-01;1497.333;68;327;1
3934;CAFE PASAR T&M TRADICIONAL SELLO ROJO 425 GR;NO PERECIBLE;2026-02-01;1781.231;73;389;2
3934;CAFE PASAR T&M TRADICIONAL SELLO ROJO 425 GR;NO PERECIBLE;2026-03-01;1946.075;85;425;3
3934;CAFE PASAR T&M TRADICIONAL SELLO ROJO 425 GR;NO PERECIBLE;2026-04-01;2101.761;74;459;4
3934;CAFE PASAR T&M TRADICIONAL SELLO ROJO 425 GR;NO PERECIBLE;2026-05-01;2005.602;80;438;5
3934;CAFE PASAR T&M TRADICIONAL SELLO ROJO 425 GR;NO PERECIBLE;2026-06-01;1973.549;82;431;6
3934;CAFE PASAR T&M TRADICIONAL SELLO ROJO 425 GR;NO PERECIBLE;2026-07-01;1964.391;78;429;7
3938;CINTA NEGRA EPSON ORIGINAL ERC-38B;NO PERECIBLE;2026-01-01;0;0;0;1
3938;CINTA NEGRA EPSON ORIGINAL ERC-38B;NO PERECIBLE;2026-02-01;1.45;1;1;2
3938;CINTA NEGRA EPSON ORIGINAL ERC-38B;NO PERECIBLE;2026-03-01;1.45;1;1;3
3938;CINTA NEGRA EPSON ORIGINAL ERC-38B;NO PERECIBLE;2026-04-01;1.45;1;1;4
3938;CINTA NEGRA EPSON ORIGINAL ERC-38B;NO PERECIBLE;2026-05-01;0;0;0;5
3938;CINTA NEGRA EPSON ORIGINAL ERC-38B;NO PERECIBLE;2026-06-01;0;0;0;6
3938;CINTA NEGRA EPSON ORIGINAL ERC-38B;NO PERECIBLE;2026-07-01;0;0;0;7
3955;PALMITOS CORAZONES SNOB 810 GR;NO PERECIBLE;2026-01-01;61.38;10;18;1
3955;PALMITOS CORAZONES SNOB 810 GR;NO PERECIBLE;2026-02-01;47.74;9;14;2
3955;PALMITOS CORAZONES SNOB 810 GR;NO PERECIBLE;2026-03-01;81.84;12;24;3
3955;PALMITOS CORAZONES SNOB 810 GR;NO PERECIBLE;2026-04-01;78.43;11;23;4
3955;PALMITOS CORAZONES SNOB 810 GR;NO PERECIBLE;2026-05-01;85.25;12;25;5
3955;PALMITOS CORAZONES SNOB 810 GR;NO PERECIBLE;2026-06-01;64.79;10;19;6
3955;PALMITOS CORAZONES SNOB 810 GR;NO PERECIBLE;2026-07-01;92.07;12;27;7
3957;ACHIOTE ILE EN PASTA 1 KG;NO PERECIBLE;2026-01-01;1001.92;132;202;1
3957;ACHIOTE ILE EN PASTA 1 KG;NO PERECIBLE;2026-02-01;996.96;128;201;2
3957;ACHIOTE ILE EN PASTA 1 KG;NO PERECIBLE;2026-03-01;1111.04;144;224;3
3957;ACHIOTE ILE EN PASTA 1 KG;NO PERECIBLE;2026-04-01;1230.08;157;248;4
3957;ACHIOTE ILE EN PASTA 1 KG;NO PERECIBLE;2026-05-01;927.52;116;187;5
3957;ACHIOTE ILE EN PASTA 1 KG;NO PERECIBLE;2026-06-01;1130.88;136;228;6
3957;ACHIOTE ILE EN PASTA 1 KG;NO PERECIBLE;2026-07-01;992;126;200;7
3958;ESCURRIDOR 55CM + BASTON ALUMINIO 140 CM;NO PERECIBLE;2026-01-01;897.6;26;44;1
3958;ESCURRIDOR 55CM + BASTON ALUMINIO 140 CM;NO PERECIBLE;2026-02-01;877.2;29;43;2
3958;ESCURRIDOR 55CM + BASTON ALUMINIO 140 CM;NO PERECIBLE;2026-03-01;856.8;29;42;3
3958;ESCURRIDOR 55CM + BASTON ALUMINIO 140 CM;NO PERECIBLE;2026-04-01;1285.2;42;63;4
3958;ESCURRIDOR 55CM + BASTON ALUMINIO 140 CM;NO PERECIBLE;2026-05-01;1530;41;75;5
3958;ESCURRIDOR 55CM + BASTON ALUMINIO 140 CM;NO PERECIBLE;2026-06-01;897.6;29;44;6
3958;ESCURRIDOR 55CM + BASTON ALUMINIO 140 CM;NO PERECIBLE;2026-07-01;1285.2;36;63;7
3985;MANZANA VERDE CALIBRE 150 GR UND;FRUVER;2026-01-01;203.58;43;754;1
3985;MANZANA VERDE CALIBRE 150 GR UND;FRUVER;2026-02-01;165.24;43;612;2
3985;MANZANA VERDE CALIBRE 150 GR UND;FRUVER;2026-03-01;211.95;52;785;3
3985;MANZANA VERDE CALIBRE 150 GR UND;FRUVER;2026-04-01;227.61;51;843;4
3985;MANZANA VERDE CALIBRE 150 GR UND;FRUVER;2026-05-01;248.4;51;920;5
3985;MANZANA VERDE CALIBRE 150 GR UND;FRUVER;2026-06-01;196.56;45;728;6
3985;MANZANA VERDE CALIBRE 150 GR UND;FRUVER;2026-07-01;194.13;47;719;7
4010;GALLETAS INTEGRAL MULTICEREAL CLUB SOCIAL 216 GR (9 X24 GR);NO PERECIBLE;2026-01-01;199.7994;22;122;1
4010;GALLETAS INTEGRAL MULTICEREAL CLUB SOCIAL 216 GR (9 X24 GR);NO PERECIBLE;2026-02-01;194.8863;18;119;2
4010;GALLETAS INTEGRAL MULTICEREAL CLUB SOCIAL 216 GR (9 X24 GR);NO PERECIBLE;2026-03-01;178.5093;20;109;3
4010;GALLETAS INTEGRAL MULTICEREAL CLUB SOCIAL 216 GR (9 X24 GR);NO PERECIBLE;2026-04-01;193.2486;24;118;4
4010;GALLETAS INTEGRAL MULTICEREAL CLUB SOCIAL 216 GR (9 X24 GR);NO PERECIBLE;2026-05-01;242.3796;29;148;5
4010;GALLETAS INTEGRAL MULTICEREAL CLUB SOCIAL 216 GR (9 X24 GR);NO PERECIBLE;2026-06-01;157.2192;21;96;6
4010;GALLETAS INTEGRAL MULTICEREAL CLUB SOCIAL 216 GR (9 X24 GR);NO PERECIBLE;2026-07-01;170.3208;25;104;7
4074;PORTA TORTA BASE + TAPA 28CM DIAM UND;NO PERECIBLE;2026-01-01;25.49732724;7;36;1
4074;PORTA TORTA BASE + TAPA 28CM DIAM UND;NO PERECIBLE;2026-02-01;26.20558633;7;37;2
4074;PORTA TORTA BASE + TAPA 28CM DIAM UND;NO PERECIBLE;2026-03-01;26.20558633;8;37;3
4074;PORTA TORTA BASE + TAPA 28CM DIAM UND;NO PERECIBLE;2026-04-01;26.20558633;6;37;4
4074;PORTA TORTA BASE + TAPA 28CM DIAM UND;NO PERECIBLE;2026-05-01;26.91384542;4;38;5
4074;PORTA TORTA BASE + TAPA 28CM DIAM UND;NO PERECIBLE;2026-06-01;28.3303636;9;40;6
4074;PORTA TORTA BASE + TAPA 28CM DIAM UND;NO PERECIBLE;2026-07-01;26.20558633;6;37;7
4084;ACEITE OLIVA EXTRA VIRGEN SNOB VIDRIO 150 ML;NO PERECIBLE;2026-01-01;77.72;4;29;1
4084;ACEITE OLIVA EXTRA VIRGEN SNOB VIDRIO 150 ML;NO PERECIBLE;2026-02-01;67;5;25;2
4084;ACEITE OLIVA EXTRA VIRGEN SNOB VIDRIO 150 ML;NO PERECIBLE;2026-03-01;80.4;6;30;3
4084;ACEITE OLIVA EXTRA VIRGEN SNOB VIDRIO 150 ML;NO PERECIBLE;2026-04-01;48.24;6;18;4
4084;ACEITE OLIVA EXTRA VIRGEN SNOB VIDRIO 150 ML;NO PERECIBLE;2026-05-01;67;8;25;5
4084;ACEITE OLIVA EXTRA VIRGEN SNOB VIDRIO 150 ML;NO PERECIBLE;2026-06-01;40.2;5;15;6
4084;ACEITE OLIVA EXTRA VIRGEN SNOB VIDRIO 150 ML;NO PERECIBLE;2026-07-01;53.6;7;20;7
4095;APANADURA DORADITA MODERNA 1 KG;NO PERECIBLE;2026-01-01;2455.18;510;1349;1
4095;APANADURA DORADITA MODERNA 1 KG;NO PERECIBLE;2026-02-01;2342.34;460;1287;2
4095;APANADURA DORADITA MODERNA 1 KG;NO PERECIBLE;2026-03-01;2613.52;547;1436;3
4095;APANADURA DORADITA MODERNA 1 KG;NO PERECIBLE;2026-04-01;2764.58;556;1519;4
4095;APANADURA DORADITA MODERNA 1 KG;NO PERECIBLE;2026-05-01;2739.1;517;1505;5
4095;APANADURA DORADITA MODERNA 1 KG;NO PERECIBLE;2026-06-01;2551.64;510;1402;6
4095;APANADURA DORADITA MODERNA 1 KG;NO PERECIBLE;2026-07-01;2355.08;468;1294;7
4096;AROMATICA FRUTOS ROJOS NATURES HEART 26 GR X20;NO PERECIBLE;2026-01-01;21.89999565;11;15;1
4096;AROMATICA FRUTOS ROJOS NATURES HEART 26 GR X20;NO PERECIBLE;2026-02-01;29.1999942;15;20;2
4096;AROMATICA FRUTOS ROJOS NATURES HEART 26 GR X20;NO PERECIBLE;2026-03-01;99.27998028;18;68;3
4096;AROMATICA FRUTOS ROJOS NATURES HEART 26 GR X20;NO PERECIBLE;2026-04-01;35.03999304;12;24;4
4096;AROMATICA FRUTOS ROJOS NATURES HEART 26 GR X20;NO PERECIBLE;2026-05-01;18.97999623;10;13;5
4096;AROMATICA FRUTOS ROJOS NATURES HEART 26 GR X20;NO PERECIBLE;2026-06-01;59.85998811;16;41;6
4096;AROMATICA FRUTOS ROJOS NATURES HEART 26 GR X20;NO PERECIBLE;2026-07-01;36.49999275;15;25;7
4098;AROMATICA FRUTAS TROPICALES NATURES HEART X20;NO PERECIBLE;2026-01-01;62.78;23;43;1
4098;AROMATICA FRUTAS TROPICALES NATURES HEART X20;NO PERECIBLE;2026-02-01;55.48;26;38;2
4098;AROMATICA FRUTAS TROPICALES NATURES HEART X20;NO PERECIBLE;2026-03-01;64.24;29;44;3
4098;AROMATICA FRUTAS TROPICALES NATURES HEART X20;NO PERECIBLE;2026-04-01;78.84;31;54;4
4098;AROMATICA FRUTAS TROPICALES NATURES HEART X20;NO PERECIBLE;2026-05-01;68.62;35;47;5
4098;AROMATICA FRUTAS TROPICALES NATURES HEART X20;NO PERECIBLE;2026-06-01;58.4;31;40;6
4098;AROMATICA FRUTAS TROPICALES NATURES HEART X20;NO PERECIBLE;2026-07-01;96.36;48;66;7
4105;FUNDA NEGRA 2MICRAS 61X40 X50;NO PERECIBLE;2026-01-01;203.5;8;11;1
4105;FUNDA NEGRA 2MICRAS 61X40 X50;NO PERECIBLE;2026-02-01;296;12;16;2
4105;FUNDA NEGRA 2MICRAS 61X40 X50;NO PERECIBLE;2026-03-01;296;12;16;3
4105;FUNDA NEGRA 2MICRAS 61X40 X50;NO PERECIBLE;2026-04-01;314.5;13;17;4
4105;FUNDA NEGRA 2MICRAS 61X40 X50;NO PERECIBLE;2026-05-01;259;10;14;5
4105;FUNDA NEGRA 2MICRAS 61X40 X50;NO PERECIBLE;2026-06-01;296;11;16;6
4105;FUNDA NEGRA 2MICRAS 61X40 X50;NO PERECIBLE;2026-07-01;333;12;18;7
4106;FUNDA VERDE 2MICRAS 34X10(FUELLE X54) X50;NO PERECIBLE;2026-01-01;136.5;7;7;1
4106;FUNDA VERDE 2MICRAS 34X10(FUELLE X54) X50;NO PERECIBLE;2026-02-01;117;6;6;2
4106;FUNDA VERDE 2MICRAS 34X10(FUELLE X54) X50;NO PERECIBLE;2026-03-01;156;8;8;3
4106;FUNDA VERDE 2MICRAS 34X10(FUELLE X54) X50;NO PERECIBLE;2026-04-01;117;6;6;4
4106;FUNDA VERDE 2MICRAS 34X10(FUELLE X54) X50;NO PERECIBLE;2026-05-01;136.5;7;7;5
4106;FUNDA VERDE 2MICRAS 34X10(FUELLE X54) X50;NO PERECIBLE;2026-06-01;136.5;7;7;6
4106;FUNDA VERDE 2MICRAS 34X10(FUELLE X54) X50;NO PERECIBLE;2026-07-01;175.5;7;9;7
4107;DV FREEBAC38 4KG;NO PERECIBLE;2026-01-01;3097.44;126;162;1
4107;DV FREEBAC38 4KG;NO PERECIBLE;2026-02-01;3135.68;127;164;2
4107;DV FREEBAC38 4KG;NO PERECIBLE;2026-03-01;3651.92;151;191;3
4107;DV FREEBAC38 4KG;NO PERECIBLE;2026-04-01;3441.6;143;180;4
4107;DV FREEBAC38 4KG;NO PERECIBLE;2026-05-01;3518.08;143;184;5
4107;DV FREEBAC38 4KG;NO PERECIBLE;2026-06-01;3479.84;146;182;6
4107;DV FREEBAC38 4KG;NO PERECIBLE;2026-07-01;3518.08;148;184;7
4115;YOGURT VAINILLA LIGHT TONI100 950 GR;PERECIBLE;2026-01-01;348.84;27;108;1
4115;YOGURT VAINILLA LIGHT TONI100 950 GR;PERECIBLE;2026-02-01;516.8;25;160;2
4115;YOGURT VAINILLA LIGHT TONI100 950 GR;PERECIBLE;2026-03-01;642.77;33;199;3
4115;YOGURT VAINILLA LIGHT TONI100 950 GR;PERECIBLE;2026-04-01;339.15;24;105;4
4115;YOGURT VAINILLA LIGHT TONI100 950 GR;PERECIBLE;2026-05-01;277.78;27;86;5
4115;YOGURT VAINILLA LIGHT TONI100 950 GR;PERECIBLE;2026-06-01;310.08;17;96;6
4115;YOGURT VAINILLA LIGHT TONI100 950 GR;PERECIBLE;2026-07-01;413.44;33;128;7
4124;YOGURT REY ROCKER PACK BTL 6 X145 ML;PERECIBLE;2026-01-01;53.724;12;24;1
4124;YOGURT REY ROCKER PACK BTL 6 X145 ML;PERECIBLE;2026-02-01;85.063;13;38;2
4124;YOGURT REY ROCKER PACK BTL 6 X145 ML;PERECIBLE;2026-03-01;62.678;12;28;3
4124;YOGURT REY ROCKER PACK BTL 6 X145 ML;PERECIBLE;2026-04-01;96.2555;15;43;4
4124;YOGURT REY ROCKER PACK BTL 6 X145 ML;PERECIBLE;2026-05-01;89.54;14;40;5
4124;YOGURT REY ROCKER PACK BTL 6 X145 ML;PERECIBLE;2026-06-01;53.724;12;24;6
4124;YOGURT REY ROCKER PACK BTL 6 X145 ML;PERECIBLE;2026-07-01;98.494;16;44;7
4129;PALMITOS SPAGUETTI GUSTADINA 400 GR;NO PERECIBLE;2026-01-01;185.5053;46;159;1
4129;PALMITOS SPAGUETTI GUSTADINA 400 GR;NO PERECIBLE;2026-02-01;119.0034;32;102;2
4129;PALMITOS SPAGUETTI GUSTADINA 400 GR;NO PERECIBLE;2026-03-01;187.8387;30;161;3
4129;PALMITOS SPAGUETTI GUSTADINA 400 GR;NO PERECIBLE;2026-04-01;145.8375;36;125;4
4129;PALMITOS SPAGUETTI GUSTADINA 400 GR;NO PERECIBLE;2026-05-01;161.0046;34;138;5
4129;PALMITOS SPAGUETTI GUSTADINA 400 GR;NO PERECIBLE;2026-06-01;99.1695;24;85;6
4129;PALMITOS SPAGUETTI GUSTADINA 400 GR;NO PERECIBLE;2026-07-01;163.338;32;140;7
4131;GELATINA GELHADA FRAMBUESA 5 KG;NO PERECIBLE;2026-01-01;1371.4272;33;74;1
4131;GELATINA GELHADA FRAMBUESA 5 KG;NO PERECIBLE;2026-02-01;1519.6896;37;82;2
4131;GELATINA GELHADA FRAMBUESA 5 KG;NO PERECIBLE;2026-03-01;1464.0912;29;79;3
4131;GELATINA GELHADA FRAMBUESA 5 KG;NO PERECIBLE;2026-04-01;2390.7312;42;129;4
4131;GELATINA GELHADA FRAMBUESA 5 KG;NO PERECIBLE;2026-05-01;1556.7552;51;84;5
4131;GELATINA GELHADA FRAMBUESA 5 KG;NO PERECIBLE;2026-06-01;2112.7392;43;114;6
4131;GELATINA GELHADA FRAMBUESA 5 KG;NO PERECIBLE;2026-07-01;2854.0512;54;154;7
4150;PORTA TORTA RECTANGULAR CON TAPA 41X30 CM;NO PERECIBLE;2026-01-01;154.5618;12;61;1
4150;PORTA TORTA RECTANGULAR CON TAPA 41X30 CM;NO PERECIBLE;2026-02-01;225.5082;24;89;2
4150;PORTA TORTA RECTANGULAR CON TAPA 41X30 CM;NO PERECIBLE;2026-03-01;200.1702;17;79;3
4150;PORTA TORTA RECTANGULAR CON TAPA 41X30 CM;NO PERECIBLE;2026-04-01;202.704;16;80;4
4150;PORTA TORTA RECTANGULAR CON TAPA 41X30 CM;NO PERECIBLE;2026-05-01;177.366;17;70;5
4150;PORTA TORTA RECTANGULAR CON TAPA 41X30 CM;NO PERECIBLE;2026-06-01;230.5758;23;91;6
4150;PORTA TORTA RECTANGULAR CON TAPA 41X30 CM;NO PERECIBLE;2026-07-01;243.2448;23;96;7
4167;POLLO SOPA 1 KG;PERECIBLE;2026-01-01;2820.8608;538;1264.96;1
4167;POLLO SOPA 1 KG;PERECIBLE;2026-02-01;3385.3853;528;1518.11;2
4167;POLLO SOPA 1 KG;PERECIBLE;2026-03-01;2977.719;296;1335.3;3
4167;POLLO SOPA 1 KG;PERECIBLE;2026-04-01;0;0;0;4
4167;POLLO SOPA 1 KG;PERECIBLE;2026-05-01;817.6072;15;366.64;5
4167;POLLO SOPA 1 KG;PERECIBLE;2026-06-01;752.4689;5;337.43;6
4167;POLLO SOPA 1 KG;PERECIBLE;2026-07-01;0;0;0;7
4168;POLLO SOPA 5 KG;PERECIBLE;2026-01-01;7543.421;263;3382.7;1
4168;POLLO SOPA 5 KG;PERECIBLE;2026-02-01;7061.0943;234;3166.41;2
4168;POLLO SOPA 5 KG;PERECIBLE;2026-03-01;5478.0619;223;2456.53;3
4168;POLLO SOPA 5 KG;PERECIBLE;2026-04-01;9152.0761;292;4104.07;4
4168;POLLO SOPA 5 KG;PERECIBLE;2026-05-01;8725.9454;293;3912.98;5
4168;POLLO SOPA 5 KG;PERECIBLE;2026-06-01;11517.3256;345;5164.72;6
4168;POLLO SOPA 5 KG;PERECIBLE;2026-07-01;9260.1865;316;4152.55;7
4174;FILTRO DE PAPEL PARA CAFE 24 CM X50;NO PERECIBLE;2026-01-01;67.21;22;47;1
4174;FILTRO DE PAPEL PARA CAFE 24 CM X50;NO PERECIBLE;2026-02-01;62.92;17;44;2
4174;FILTRO DE PAPEL PARA CAFE 24 CM X50;NO PERECIBLE;2026-03-01;105.82;26;74;3
4174;FILTRO DE PAPEL PARA CAFE 24 CM X50;NO PERECIBLE;2026-04-01;64.35;16;45;4
4174;FILTRO DE PAPEL PARA CAFE 24 CM X50;NO PERECIBLE;2026-05-01;88.66;21;62;5
4174;FILTRO DE PAPEL PARA CAFE 24 CM X50;NO PERECIBLE;2026-06-01;80.08;19;56;6
4174;FILTRO DE PAPEL PARA CAFE 24 CM X50;NO PERECIBLE;2026-07-01;71.5;17;50;7
4179;POLLO PIERNA Y MUSLO X 8 PRESAS PROCESADO;PERECIBLE;2026-01-01;3094.1242522641;610;1250.37;1
4179;POLLO PIERNA Y MUSLO X 8 PRESAS PROCESADO;PERECIBLE;2026-02-01;3143.1454231474;591;1270.18;2
4179;POLLO PIERNA Y MUSLO X 8 PRESAS PROCESADO;PERECIBLE;2026-03-01;4756.1423851293;676;1922.01;3
4179;POLLO PIERNA Y MUSLO X 8 PRESAS PROCESADO;PERECIBLE;2026-04-01;6670.4921078466;762;2695.62;4
4179;POLLO PIERNA Y MUSLO X 8 PRESAS PROCESADO;PERECIBLE;2026-05-01;8268.517939902;787;3341.4;5
4179;POLLO PIERNA Y MUSLO X 8 PRESAS PROCESADO;PERECIBLE;2026-06-01;7852.0730712523;812;3173.11;6
4179;POLLO PIERNA Y MUSLO X 8 PRESAS PROCESADO;PERECIBLE;2026-07-01;7331.5726631961;798;2962.77;7
4180;POLLO PIEZA DOS PIERNAS Y DOS MUSLOS CONGELADO X24 PRESAS PROCESADO;PERECIBLE;2026-01-01;23829.7388600029;443;10681.33;1
4180;POLLO PIEZA DOS PIERNAS Y DOS MUSLOS CONGELADO X24 PRESAS PROCESADO;PERECIBLE;2026-02-01;26492.6260007709;427;11874.93;2
4180;POLLO PIEZA DOS PIERNAS Y DOS MUSLOS CONGELADO X24 PRESAS PROCESADO;PERECIBLE;2026-03-01;28177.2769204565;493;12630.05;3
4180;POLLO PIEZA DOS PIERNAS Y DOS MUSLOS CONGELADO X24 PRESAS PROCESADO;PERECIBLE;2026-04-01;27962.5236394827;487;12533.79;4
4180;POLLO PIEZA DOS PIERNAS Y DOS MUSLOS CONGELADO X24 PRESAS PROCESADO;PERECIBLE;2026-05-01;33436.679810875;550;14987.5;5
4180;POLLO PIEZA DOS PIERNAS Y DOS MUSLOS CONGELADO X24 PRESAS PROCESADO;PERECIBLE;2026-06-01;46213.005278159;608;20714.3;6
4180;POLLO PIEZA DOS PIERNAS Y DOS MUSLOS CONGELADO X24 PRESAS PROCESADO;PERECIBLE;2026-07-01;38561.889787824;535;17284.8;7
4183;PAVO PRONACA PROCESADO KG;PERECIBLE;2026-01-01;40.7652;4;8.44;1
4183;PAVO PRONACA PROCESADO KG;PERECIBLE;2026-02-01;42.1176;4;8.72;2
4183;PAVO PRONACA PROCESADO KG;PERECIBLE;2026-03-01;46.9476;5;9.72;3
4183;PAVO PRONACA PROCESADO KG;PERECIBLE;2026-04-01;25.0194;4;5.18;4
4183;PAVO PRONACA PROCESADO KG;PERECIBLE;2026-05-01;40.7652;4;8.44;5
4183;PAVO PRONACA PROCESADO KG;PERECIBLE;2026-06-01;46.2714;5;9.58;6
4183;PAVO PRONACA PROCESADO KG;PERECIBLE;2026-07-01;41.3448;4;8.56;7
4185;CERDO DESHUESADO PROCESADO 3 KG;PERECIBLE;2026-01-01;102174.308;717;17616.26;1
4185;CERDO DESHUESADO PROCESADO 3 KG;PERECIBLE;2026-02-01;98541.188;686;16989.86;2
4185;CERDO DESHUESADO PROCESADO 3 KG;PERECIBLE;2026-03-01;126098.322;776;21741.09;3
4185;CERDO DESHUESADO PROCESADO 3 KG;PERECIBLE;2026-04-01;120572.314;776;20788.33;4
4185;CERDO DESHUESADO PROCESADO 3 KG;PERECIBLE;2026-05-01;119440.56;785;20593.2;5
4185;CERDO DESHUESADO PROCESADO 3 KG;PERECIBLE;2026-06-01;122867.142;803;21183.99;6
4185;CERDO DESHUESADO PROCESADO 3 KG;PERECIBLE;2026-07-01;122170.446;755;21063.87;7
4189;CREMA DE LECHE PARMALAT FUNDA 900 ML;NO PERECIBLE;2026-01-01;10839.3904;847;3869;1
4189;CREMA DE LECHE PARMALAT FUNDA 900 ML;NO PERECIBLE;2026-02-01;11175.5824;794;3989;2
4189;CREMA DE LECHE PARMALAT FUNDA 900 ML;NO PERECIBLE;2026-03-01;13313.2032;969;4752;3
4189;CREMA DE LECHE PARMALAT FUNDA 900 ML;NO PERECIBLE;2026-04-01;11721.8944;896;4184;4
4189;CREMA DE LECHE PARMALAT FUNDA 900 ML;NO PERECIBLE;2026-05-01;12545.5648;932;4478;5
4189;CREMA DE LECHE PARMALAT FUNDA 900 ML;NO PERECIBLE;2026-06-01;12892.9632;931;4602;6
4189;CREMA DE LECHE PARMALAT FUNDA 900 ML;NO PERECIBLE;2026-07-01;12834.1296;916;4581;7
4194;CONTENEDOR BLANCO CON TAPA PLASTI UTIL 5X5 X 25 UND;NO PERECIBLE;2026-01-01;628.125;95;670;1
4194;CONTENEDOR BLANCO CON TAPA PLASTI UTIL 5X5 X 25 UND;NO PERECIBLE;2026-02-01;589.6875;102;629;2
4194;CONTENEDOR BLANCO CON TAPA PLASTI UTIL 5X5 X 25 UND;NO PERECIBLE;2026-03-01;684.375;106;730;3
4194;CONTENEDOR BLANCO CON TAPA PLASTI UTIL 5X5 X 25 UND;NO PERECIBLE;2026-04-01;750.9375;116;801;4
4194;CONTENEDOR BLANCO CON TAPA PLASTI UTIL 5X5 X 25 UND;NO PERECIBLE;2026-05-01;665.625;107;710;5
4194;CONTENEDOR BLANCO CON TAPA PLASTI UTIL 5X5 X 25 UND;NO PERECIBLE;2026-06-01;617.8125;115;659;6
4194;CONTENEDOR BLANCO CON TAPA PLASTI UTIL 5X5 X 25 UND;NO PERECIBLE;2026-07-01;701.25;119;748;7
4195;CONTENEDOR TERMICO LLANO PLASTI UTIL 8X8 (X25);NO PERECIBLE;2026-01-01;3.6252;1;2;1
4195;CONTENEDOR TERMICO LLANO PLASTI UTIL 8X8 (X25);NO PERECIBLE;2026-02-01;0;0;0;2
4195;CONTENEDOR TERMICO LLANO PLASTI UTIL 8X8 (X25);NO PERECIBLE;2026-03-01;0;0;0;3
4195;CONTENEDOR TERMICO LLANO PLASTI UTIL 8X8 (X25);NO PERECIBLE;2026-04-01;14.5008;1;8;4
4195;CONTENEDOR TERMICO LLANO PLASTI UTIL 8X8 (X25);NO PERECIBLE;2026-05-01;3.6252;1;2;5
4195;CONTENEDOR TERMICO LLANO PLASTI UTIL 8X8 (X25);NO PERECIBLE;2026-06-01;45.315;3;25;6
4195;CONTENEDOR TERMICO LLANO PLASTI UTIL 8X8 (X25);NO PERECIBLE;2026-07-01;65.2536;4;36;7
4197;CONTENEDOR TERMICO COMPARTIDO 8 X8 (X25);NO PERECIBLE;2026-01-01;1080.3096;113;596;1
4197;CONTENEDOR TERMICO COMPARTIDO 8 X8 (X25);NO PERECIBLE;2026-02-01;1315.9476;112;726;2
4197;CONTENEDOR TERMICO COMPARTIDO 8 X8 (X25);NO PERECIBLE;2026-03-01;1364.8878;125;753;3
4197;CONTENEDOR TERMICO COMPARTIDO 8 X8 (X25);NO PERECIBLE;2026-04-01;1343.1366;129;741;4
4197;CONTENEDOR TERMICO COMPARTIDO 8 X8 (X25);NO PERECIBLE;2026-05-01;1259.757;122;695;5
4197;CONTENEDOR TERMICO COMPARTIDO 8 X8 (X25);NO PERECIBLE;2026-06-01;1477.269;124;815;6
4197;CONTENEDOR TERMICO COMPARTIDO 8 X8 (X25);NO PERECIBLE;2026-07-01;1230.7554;121;679;7
4198;FUNDA NEGRA REFORZADA LAVAZA 80MICRAS 30X46 X10;NO PERECIBLE;2026-01-01;518.52;41;174;1
4198;FUNDA NEGRA REFORZADA LAVAZA 80MICRAS 30X46 X10;NO PERECIBLE;2026-02-01;378.46;34;127;2
4198;FUNDA NEGRA REFORZADA LAVAZA 80MICRAS 30X46 X10;NO PERECIBLE;2026-03-01;315.88;37;106;3
4198;FUNDA NEGRA REFORZADA LAVAZA 80MICRAS 30X46 X10;NO PERECIBLE;2026-04-01;512.56;44;172;4
4198;FUNDA NEGRA REFORZADA LAVAZA 80MICRAS 30X46 X10;NO PERECIBLE;2026-05-01;321.84;37;108;5
4198;FUNDA NEGRA REFORZADA LAVAZA 80MICRAS 30X46 X10;NO PERECIBLE;2026-06-01;74.5;14;25;6
4198;FUNDA NEGRA REFORZADA LAVAZA 80MICRAS 30X46 X10;NO PERECIBLE;2026-07-01;29.8;8;10;7
4199;DV HF4 CLORHEX JABON ANT 4 KG;NO PERECIBLE;2026-01-01;942.56;112;137;1
4199;DV HF4 CLORHEX JABON ANT 4 KG;NO PERECIBLE;2026-02-01;860;104;125;2
4199;DV HF4 CLORHEX JABON ANT 4 KG;NO PERECIBLE;2026-03-01;942.56;110;137;3
4199;DV HF4 CLORHEX JABON ANT 4 KG;NO PERECIBLE;2026-04-01;976.96;115;142;4
4199;DV HF4 CLORHEX JABON ANT 4 KG;NO PERECIBLE;2026-05-01;983.84;116;143;5
4199;DV HF4 CLORHEX JABON ANT 4 KG;NO PERECIBLE;2026-06-01;983.84;119;143;6
4199;DV HF4 CLORHEX JABON ANT 4 KG;NO PERECIBLE;2026-07-01;956.32;115;139;7
4255;COCA COLA ORIGINAL 300 ML;NO PERECIBLE;2026-01-01;1171.6292;57;3164;1
4255;COCA COLA ORIGINAL 300 ML;NO PERECIBLE;2026-02-01;1069.0561;57;2887;2
4255;COCA COLA ORIGINAL 300 ML;NO PERECIBLE;2026-03-01;1700.4176;67;4592;3
4255;COCA COLA ORIGINAL 300 ML;NO PERECIBLE;2026-04-01;1763.3686;61;4762;4
4255;COCA COLA ORIGINAL 300 ML;NO PERECIBLE;2026-05-01;1476.3861;56;3987;5
4255;COCA COLA ORIGINAL 300 ML;NO PERECIBLE;2026-06-01;1504.1586;64;4062;6
4255;COCA COLA ORIGINAL 300 ML;NO PERECIBLE;2026-07-01;1484.5327;63;4009;7
4277;HABAS SUAVES POPIS 200 GR;NO PERECIBLE;2026-01-01;126;6;60;1
4277;HABAS SUAVES POPIS 200 GR;NO PERECIBLE;2026-02-01;233.1;8;111;2
4277;HABAS SUAVES POPIS 200 GR;NO PERECIBLE;2026-03-01;159.6;8;76;3
4277;HABAS SUAVES POPIS 200 GR;NO PERECIBLE;2026-04-01;155.4;7;74;4
4277;HABAS SUAVES POPIS 200 GR;NO PERECIBLE;2026-05-01;161.7;13;77;5
4277;HABAS SUAVES POPIS 200 GR;NO PERECIBLE;2026-06-01;151.2;9;72;6
4277;HABAS SUAVES POPIS 200 GR;NO PERECIBLE;2026-07-01;157.5;10;75;7
4300;DV DETERGENTE LIQUIDO NEUTRO JL21 TIG 4 KG;NO PERECIBLE;2026-01-01;8192.1;553;1410;1
4300;DV DETERGENTE LIQUIDO NEUTRO JL21 TIG 4 KG;NO PERECIBLE;2026-02-01;8256.01;533;1421;2
4300;DV DETERGENTE LIQUIDO NEUTRO JL21 TIG 4 KG;NO PERECIBLE;2026-03-01;9272.76;608;1596;3
4300;DV DETERGENTE LIQUIDO NEUTRO JL21 TIG 4 KG;NO PERECIBLE;2026-04-01;9586.5;617;1650;4
4300;DV DETERGENTE LIQUIDO NEUTRO JL21 TIG 4 KG;NO PERECIBLE;2026-05-01;9435.44;601;1624;5
4300;DV DETERGENTE LIQUIDO NEUTRO JL21 TIG 4 KG;NO PERECIBLE;2026-06-01;9743.37;593;1677;6
4300;DV DETERGENTE LIQUIDO NEUTRO JL21 TIG 4 KG;NO PERECIBLE;2026-07-01;9935.1;604;1710;7
4344;JUGO DE MORA DHOY 355 ML;PERECIBLE;2026-01-01;1058.4;47;1176;1
4344;JUGO DE MORA DHOY 355 ML;PERECIBLE;2026-02-01;702;26;780;2
4344;JUGO DE MORA DHOY 355 ML;PERECIBLE;2026-03-01;734.4;30;816;3
4344;JUGO DE MORA DHOY 355 ML;PERECIBLE;2026-04-01;1155.6;46;1284;4
4344;JUGO DE MORA DHOY 355 ML;PERECIBLE;2026-05-01;998.1;48;1109;5
4344;JUGO DE MORA DHOY 355 ML;PERECIBLE;2026-06-01;939.6;45;1044;6
4344;JUGO DE MORA DHOY 355 ML;PERECIBLE;2026-07-01;421.2;17;468;7
4360;TOCINO AHUMADO CASA GUILLO 1 KG;PERECIBLE;2026-01-01;113.4;9;12;1
4360;TOCINO AHUMADO CASA GUILLO 1 KG;PERECIBLE;2026-02-01;113.4;5;12;2
4360;TOCINO AHUMADO CASA GUILLO 1 KG;PERECIBLE;2026-03-01;0;0;0;3
4360;TOCINO AHUMADO CASA GUILLO 1 KG;PERECIBLE;2026-04-01;0;0;0;4
4360;TOCINO AHUMADO CASA GUILLO 1 KG;PERECIBLE;2026-05-01;47.25;4;5;5
4360;TOCINO AHUMADO CASA GUILLO 1 KG;PERECIBLE;2026-06-01;141.75;10;15;6
4360;TOCINO AHUMADO CASA GUILLO 1 KG;PERECIBLE;2026-07-01;368.55;25;39;7
4361;DISCOS EMPANADAS LA CHILENITA 900 GR X25;PERECIBLE;2026-01-01;1134;109;567;1
4361;DISCOS EMPANADAS LA CHILENITA 900 GR X25;PERECIBLE;2026-02-01;818;91;409;2
4361;DISCOS EMPANADAS LA CHILENITA 900 GR X25;PERECIBLE;2026-03-01;1278;95;639;3
4361;DISCOS EMPANADAS LA CHILENITA 900 GR X25;PERECIBLE;2026-04-01;1432;125;716;4
4361;DISCOS EMPANADAS LA CHILENITA 900 GR X25;PERECIBLE;2026-05-01;1380;121;690;5
4361;DISCOS EMPANADAS LA CHILENITA 900 GR X25;PERECIBLE;2026-06-01;1430;123;715;6
4361;DISCOS EMPANADAS LA CHILENITA 900 GR X25;PERECIBLE;2026-07-01;1310;104;655;7
4365;MERMELADA DE MELOCOTON HELIOS 15 GR;PERECIBLE;2026-01-01;189.76901741;36;1741;1
4365;MERMELADA DE MELOCOTON HELIOS 15 GR;PERECIBLE;2026-02-01;201.54101849;35;1849;2
4365;MERMELADA DE MELOCOTON HELIOS 15 GR;PERECIBLE;2026-03-01;267.15902451;42;2451;3
4365;MERMELADA DE MELOCOTON HELIOS 15 GR;PERECIBLE;2026-04-01;234.67702153;39;2153;4
4365;MERMELADA DE MELOCOTON HELIOS 15 GR;PERECIBLE;2026-05-01;275.66102529;44;2529;5
4365;MERMELADA DE MELOCOTON HELIOS 15 GR;PERECIBLE;2026-06-01;275.22502525;44;2525;6
4365;MERMELADA DE MELOCOTON HELIOS 15 GR;PERECIBLE;2026-07-01;193.91101779;42;1779;7
4385;AZUCAR BLANCA SACHET GENERICO (200 X5 GR);NO PERECIBLE;2026-01-01;244;31;61;1
4385;AZUCAR BLANCA SACHET GENERICO (200 X5 GR);NO PERECIBLE;2026-02-01;168;27;42;2
4385;AZUCAR BLANCA SACHET GENERICO (200 X5 GR);NO PERECIBLE;2026-03-01;236;34;59;3
4385;AZUCAR BLANCA SACHET GENERICO (200 X5 GR);NO PERECIBLE;2026-04-01;232;39;58;4
4385;AZUCAR BLANCA SACHET GENERICO (200 X5 GR);NO PERECIBLE;2026-05-01;240;40;60;5
4385;AZUCAR BLANCA SACHET GENERICO (200 X5 GR);NO PERECIBLE;2026-06-01;268;34;67;6
4385;AZUCAR BLANCA SACHET GENERICO (200 X5 GR);NO PERECIBLE;2026-07-01;280;35;70;7
4387;ADEREZO VINAGRETA ITALIAN HERBS MCCORMICK 3.35 LT;NO PERECIBLE;2026-01-01;15.62;2;2;1
4387;ADEREZO VINAGRETA ITALIAN HERBS MCCORMICK 3.35 LT;NO PERECIBLE;2026-02-01;15.62;2;2;2
4387;ADEREZO VINAGRETA ITALIAN HERBS MCCORMICK 3.35 LT;NO PERECIBLE;2026-03-01;7.81;1;1;3
4387;ADEREZO VINAGRETA ITALIAN HERBS MCCORMICK 3.35 LT;NO PERECIBLE;2026-04-01;0;0;0;4
4387;ADEREZO VINAGRETA ITALIAN HERBS MCCORMICK 3.35 LT;NO PERECIBLE;2026-05-01;7.81;1;1;5
4387;ADEREZO VINAGRETA ITALIAN HERBS MCCORMICK 3.35 LT;NO PERECIBLE;2026-06-01;0;0;0;6
4387;ADEREZO VINAGRETA ITALIAN HERBS MCCORMICK 3.35 LT;NO PERECIBLE;2026-07-01;15.62;1;2;7
4389;CARAT DECORCREM PURATOS 1 KG;NO PERECIBLE;2026-01-01;0;0;0;1
4389;CARAT DECORCREM PURATOS 1 KG;NO PERECIBLE;2026-02-01;21;1;3;2
4389;CARAT DECORCREM PURATOS 1 KG;NO PERECIBLE;2026-03-01;56;5;8;3
4389;CARAT DECORCREM PURATOS 1 KG;NO PERECIBLE;2026-04-01;49;3;7;4
4389;CARAT DECORCREM PURATOS 1 KG;NO PERECIBLE;2026-05-01;35;2;5;5
4389;CARAT DECORCREM PURATOS 1 KG;NO PERECIBLE;2026-06-01;63;4;9;6
4389;CARAT DECORCREM PURATOS 1 KG;NO PERECIBLE;2026-07-01;56;2;8;7
4400;PREMEZCLA QUEQUEX NARANJA 1KG;NO PERECIBLE;2026-01-01;26.73;4;9;1
4400;PREMEZCLA QUEQUEX NARANJA 1KG;NO PERECIBLE;2026-02-01;29.7;2;10;2
4400;PREMEZCLA QUEQUEX NARANJA 1KG;NO PERECIBLE;2026-03-01;29.7;2;10;3
4400;PREMEZCLA QUEQUEX NARANJA 1KG;NO PERECIBLE;2026-04-01;29.7;2;10;4
4400;PREMEZCLA QUEQUEX NARANJA 1KG;NO PERECIBLE;2026-05-01;23.76;2;8;5
4400;PREMEZCLA QUEQUEX NARANJA 1KG;NO PERECIBLE;2026-06-01;26.73;3;9;6
4400;PREMEZCLA QUEQUEX NARANJA 1KG;NO PERECIBLE;2026-07-01;23.76;2;8;7
4414;PREMEZCLA PAN YUCA FLEISCHMANN 1KG;NO PERECIBLE;2026-01-01;322.08;4;61;1
4414;PREMEZCLA PAN YUCA FLEISCHMANN 1KG;NO PERECIBLE;2026-02-01;322.08;6;61;2
4414;PREMEZCLA PAN YUCA FLEISCHMANN 1KG;NO PERECIBLE;2026-03-01;105.6;2;20;3
4414;PREMEZCLA PAN YUCA FLEISCHMANN 1KG;NO PERECIBLE;2026-04-01;0;0;0;4
4414;PREMEZCLA PAN YUCA FLEISCHMANN 1KG;NO PERECIBLE;2026-05-01;0;0;0;5
4414;PREMEZCLA PAN YUCA FLEISCHMANN 1KG;NO PERECIBLE;2026-06-01;0;0;0;6
4414;PREMEZCLA PAN YUCA FLEISCHMANN 1KG;NO PERECIBLE;2026-07-01;0;0;0;7
4442;AGUA MINERAL CON GAS IMPERIAL PET 550 ML;NO PERECIBLE;2026-01-01;135.8817;16;419;1
4442;AGUA MINERAL CON GAS IMPERIAL PET 550 ML;NO PERECIBLE;2026-02-01;66.4815;8;205;2
4442;AGUA MINERAL CON GAS IMPERIAL PET 550 ML;NO PERECIBLE;2026-03-01;105.0732;9;324;3
4442;AGUA MINERAL CON GAS IMPERIAL PET 550 ML;NO PERECIBLE;2026-04-01;120.6396;14;372;4
4442;AGUA MINERAL CON GAS IMPERIAL PET 550 ML;NO PERECIBLE;2026-05-01;153.7182;16;474;5
4442;AGUA MINERAL CON GAS IMPERIAL PET 550 ML;NO PERECIBLE;2026-06-01;196.5258;17;606;6
4442;AGUA MINERAL CON GAS IMPERIAL PET 550 ML;NO PERECIBLE;2026-07-01;112.8564;9;348;7
4443;COLA FRUIT FRESA 3 LT;NO PERECIBLE;2026-01-01;1478.0544;76;1464;1
4443;COLA FRUIT FRESA 3 LT;NO PERECIBLE;2026-02-01;1523.4864;76;1509;2
4443;COLA FRUIT FRESA 3 LT;NO PERECIBLE;2026-03-01;1725.4064;94;1709;3
4443;COLA FRUIT FRESA 3 LT;NO PERECIBLE;2026-04-01;1.0096;1;1;4
4443;COLA FRUIT FRESA 3 LT;NO PERECIBLE;2026-05-01;0;0;0;5
4443;COLA FRUIT FRESA 3 LT;NO PERECIBLE;2026-06-01;0;0;0;6
4443;COLA FRUIT FRESA 3 LT;NO PERECIBLE;2026-07-01;0;0;0;7
4444;COLA FRUIT MANZANA 3 LT;NO PERECIBLE;2026-01-01;668.4876;78;662;1
4444;COLA FRUIT MANZANA 3 LT;NO PERECIBLE;2026-02-01;667.4778;71;661;2
4444;COLA FRUIT MANZANA 3 LT;NO PERECIBLE;2026-03-01;1080.486;95;1070;3
4444;COLA FRUIT MANZANA 3 LT;NO PERECIBLE;2026-04-01;1242.054;80;1230;4
4444;COLA FRUIT MANZANA 3 LT;NO PERECIBLE;2026-05-01;0;0;0;5
4444;COLA FRUIT MANZANA 3 LT;NO PERECIBLE;2026-06-01;0;0;0;6
4444;COLA FRUIT MANZANA 3 LT;NO PERECIBLE;2026-07-01;0;0;0;7
4445;AGUA MINERAL CON GAS IMPERIAL PET 3 LT;NO PERECIBLE;2026-01-01;65.91;17;78;1
4445;AGUA MINERAL CON GAS IMPERIAL PET 3 LT;NO PERECIBLE;2026-02-01;59.995;15;71;2
4445;AGUA MINERAL CON GAS IMPERIAL PET 3 LT;NO PERECIBLE;2026-03-01;67.6;19;80;3
4445;AGUA MINERAL CON GAS IMPERIAL PET 3 LT;NO PERECIBLE;2026-04-01;70.98;21;84;4
4445;AGUA MINERAL CON GAS IMPERIAL PET 3 LT;NO PERECIBLE;2026-05-01;40.56;14;48;5
4445;AGUA MINERAL CON GAS IMPERIAL PET 3 LT;NO PERECIBLE;2026-06-01;71.825;21;85;6
4445;AGUA MINERAL CON GAS IMPERIAL PET 3 LT;NO PERECIBLE;2026-07-01;60.84;18;72;7
4452;COLA FIORAVANTI FRESA 300 ML;NO PERECIBLE;2026-01-01;0;0;0;1
4452;COLA FIORAVANTI FRESA 300 ML;NO PERECIBLE;2026-02-01;7.7883;4;39;2
4452;COLA FIORAVANTI FRESA 300 ML;NO PERECIBLE;2026-03-01;46.3304;15;232;3
4452;COLA FIORAVANTI FRESA 300 ML;NO PERECIBLE;2026-04-01;29.5556;15;148;4
4452;COLA FIORAVANTI FRESA 300 ML;NO PERECIBLE;2026-05-01;64.3034;15;322;5
4452;COLA FIORAVANTI FRESA 300 ML;NO PERECIBLE;2026-06-01;64.1037;18;321;6
4452;COLA FIORAVANTI FRESA 300 ML;NO PERECIBLE;2026-07-01;41.3379;19;207;7
4455;POLLO VACIO PRONACA (1.8-2.0)KG;PERECIBLE;2026-01-01;2789.77759437;19;563;1
4455;POLLO VACIO PRONACA (1.8-2.0)KG;PERECIBLE;2026-02-01;3176.28319359;17;641;2
4455;POLLO VACIO PRONACA (1.8-2.0)KG;PERECIBLE;2026-03-01;3151.50719364;14;636;3
4455;POLLO VACIO PRONACA (1.8-2.0)KG;PERECIBLE;2026-04-01;3275.38719339;15;661;4
4455;POLLO VACIO PRONACA (1.8-2.0)KG;PERECIBLE;2026-05-01;3617.2959927;16;730;5
4455;POLLO VACIO PRONACA (1.8-2.0)KG;PERECIBLE;2026-06-01;3483.50559297;16;703;6
4455;POLLO VACIO PRONACA (1.8-2.0)KG;PERECIBLE;2026-07-01;3270.4319934;15;660;7
4456;QUESO FRESCO FLORALP 500 GR;PERECIBLE;2026-01-01;627.92;12;188;1
4456;QUESO FRESCO FLORALP 500 GR;PERECIBLE;2026-02-01;136.94;2;41;2
4456;QUESO FRESCO FLORALP 500 GR;PERECIBLE;2026-03-01;0;0;0;3
4456;QUESO FRESCO FLORALP 500 GR;PERECIBLE;2026-04-01;0;0;0;4
4456;QUESO FRESCO FLORALP 500 GR;PERECIBLE;2026-05-01;0;0;0;5
4456;QUESO FRESCO FLORALP 500 GR;PERECIBLE;2026-06-01;0;0;0;6
4456;QUESO FRESCO FLORALP 500 GR;PERECIBLE;2026-07-01;0;0;0;7
4457;QUESO FRESCO FLORALP 430 GR;PERECIBLE;2026-01-01;0;0;0;1
4457;QUESO FRESCO FLORALP 430 GR;PERECIBLE;2026-02-01;266.91;7;93;2
4457;QUESO FRESCO FLORALP 430 GR;PERECIBLE;2026-03-01;622.79;8;217;3
4457;QUESO FRESCO FLORALP 430 GR;PERECIBLE;2026-04-01;505.12;12;176;4
4457;QUESO FRESCO FLORALP 430 GR;PERECIBLE;2026-05-01;637.14;18;222;5
4457;QUESO FRESCO FLORALP 430 GR;PERECIBLE;2026-06-01;743.33;23;259;6
4457;QUESO FRESCO FLORALP 430 GR;PERECIBLE;2026-07-01;559.65;14;195;7
4459;MANTEQUILLA LURPAK 8 GR;PERECIBLE;2026-01-01;445.2;67;3180;1
4459;MANTEQUILLA LURPAK 8 GR;PERECIBLE;2026-02-01;568.54;68;4061;2
4459;MANTEQUILLA LURPAK 8 GR;PERECIBLE;2026-03-01;585.34;74;4181;3
4459;MANTEQUILLA LURPAK 8 GR;PERECIBLE;2026-04-01;613.9;70;4385;4
4459;MANTEQUILLA LURPAK 8 GR;PERECIBLE;2026-05-01;484.96;63;3464;5
4459;MANTEQUILLA LURPAK 8 GR;PERECIBLE;2026-06-01;512.68;65;3662;6
4459;MANTEQUILLA LURPAK 8 GR;PERECIBLE;2026-07-01;636.02;74;4543;7
4462;HM MASA HOJALDRE MAXI 1 KG;PERECIBLE;2026-01-01;279.38305998;14;87;1
4462;HM MASA HOJALDRE MAXI 1 KG;PERECIBLE;2026-02-01;141.29717976;7;44;2
4462;HM MASA HOJALDRE MAXI 1 KG;PERECIBLE;2026-03-01;394.98984342;18;123;3
4462;HM MASA HOJALDRE MAXI 1 KG;PERECIBLE;2026-04-01;308.28475584;16;96;4
4462;HM MASA HOJALDRE MAXI 1 KG;PERECIBLE;2026-05-01;346.82035032;15;108;5
4462;HM MASA HOJALDRE MAXI 1 KG;PERECIBLE;2026-06-01;520.23052548;20;162;6
4462;HM MASA HOJALDRE MAXI 1 KG;PERECIBLE;2026-07-01;353.2429494;16;110;7
4466;ACEITE GIRASOL VIVI 1 LT;NO PERECIBLE;2026-01-01;1242.54;55;531;1
4466;ACEITE GIRASOL VIVI 1 LT;NO PERECIBLE;2026-02-01;1020.24;53;436;2
4466;ACEITE GIRASOL VIVI 1 LT;NO PERECIBLE;2026-03-01;1205.1;54;515;3
4466;ACEITE GIRASOL VIVI 1 LT;NO PERECIBLE;2026-04-01;947.7;51;405;4
4466;ACEITE GIRASOL VIVI 1 LT;NO PERECIBLE;2026-05-01;1048.32;50;448;5
4466;ACEITE GIRASOL VIVI 1 LT;NO PERECIBLE;2026-06-01;739.44;45;316;6
4466;ACEITE GIRASOL VIVI 1 LT;NO PERECIBLE;2026-07-01;767.52;40;328;7
4495;JALAPEÑO ROJOS Y VERDES OLE 200 GR;NO PERECIBLE;2026-01-01;144.58477383;20;63;1
4495;JALAPEÑO ROJOS Y VERDES OLE 200 GR;NO PERECIBLE;2026-02-01;110.15982768;16;48;2
4495;JALAPEÑO ROJOS Y VERDES OLE 200 GR;NO PERECIBLE;2026-03-01;169.82973434;16;74;3
4495;JALAPEÑO ROJOS Y VERDES OLE 200 GR;NO PERECIBLE;2026-04-01;121.63480973;18;53;4
4495;JALAPEÑO ROJOS Y VERDES OLE 200 GR;NO PERECIBLE;2026-05-01;119.33981332;20;52;5
4495;JALAPEÑO ROJOS Y VERDES OLE 200 GR;NO PERECIBLE;2026-06-01;50.48992102;13;22;6
4495;JALAPEÑO ROJOS Y VERDES OLE 200 GR;NO PERECIBLE;2026-07-01;39.01493897;12;17;7
4502;INFUSION MUYUKUNA FRUTOS ROJOS 10GR;NO PERECIBLE;2026-01-01;4.2;1;7;1
4502;INFUSION MUYUKUNA FRUTOS ROJOS 10GR;NO PERECIBLE;2026-02-01;0;0;0;2
4502;INFUSION MUYUKUNA FRUTOS ROJOS 10GR;NO PERECIBLE;2026-03-01;4.2;1;7;3
4502;INFUSION MUYUKUNA FRUTOS ROJOS 10GR;NO PERECIBLE;2026-04-01;4.8;1;8;4
4502;INFUSION MUYUKUNA FRUTOS ROJOS 10GR;NO PERECIBLE;2026-05-01;4.8;2;8;5
4502;INFUSION MUYUKUNA FRUTOS ROJOS 10GR;NO PERECIBLE;2026-06-01;0;0;0;6
4502;INFUSION MUYUKUNA FRUTOS ROJOS 10GR;NO PERECIBLE;2026-07-01;4.2;1;7;7
4505;INFUSION MUYUKUNA MANGO 10 GR;NO PERECIBLE;2026-01-01;2.4;1;4;1
4505;INFUSION MUYUKUNA MANGO 10 GR;NO PERECIBLE;2026-02-01;0;0;0;2
4505;INFUSION MUYUKUNA MANGO 10 GR;NO PERECIBLE;2026-03-01;3;1;5;3
4505;INFUSION MUYUKUNA MANGO 10 GR;NO PERECIBLE;2026-04-01;3;1;5;4
4505;INFUSION MUYUKUNA MANGO 10 GR;NO PERECIBLE;2026-05-01;1.8;2;3;5
4505;INFUSION MUYUKUNA MANGO 10 GR;NO PERECIBLE;2026-06-01;3;1;5;6
4505;INFUSION MUYUKUNA MANGO 10 GR;NO PERECIBLE;2026-07-01;2.4;1;4;7
4506;INFUSION MUYUKUNA MANZANA 10 GR;NO PERECIBLE;2026-01-01;2.4;1;4;1
4506;INFUSION MUYUKUNA MANZANA 10 GR;NO PERECIBLE;2026-02-01;0;0;0;2
4506;INFUSION MUYUKUNA MANZANA 10 GR;NO PERECIBLE;2026-03-01;3;1;5;3
4506;INFUSION MUYUKUNA MANZANA 10 GR;NO PERECIBLE;2026-04-01;3;1;5;4
4506;INFUSION MUYUKUNA MANZANA 10 GR;NO PERECIBLE;2026-05-01;2.4;2;4;5
4506;INFUSION MUYUKUNA MANZANA 10 GR;NO PERECIBLE;2026-06-01;3;1;5;6
4506;INFUSION MUYUKUNA MANZANA 10 GR;NO PERECIBLE;2026-07-01;2.4;1;4;7
4508;INFUSION MUYUKUNA PIÑA 10 GR;NO PERECIBLE;2026-01-01;0;0;0;1
4508;INFUSION MUYUKUNA PIÑA 10 GR;NO PERECIBLE;2026-02-01;3.6;1;6;2
4508;INFUSION MUYUKUNA PIÑA 10 GR;NO PERECIBLE;2026-03-01;0;0;0;3
4508;INFUSION MUYUKUNA PIÑA 10 GR;NO PERECIBLE;2026-04-01;3.6;1;6;4
4508;INFUSION MUYUKUNA PIÑA 10 GR;NO PERECIBLE;2026-05-01;0.6;1;1;5
4508;INFUSION MUYUKUNA PIÑA 10 GR;NO PERECIBLE;2026-06-01;3;1;5;6
4508;INFUSION MUYUKUNA PIÑA 10 GR;NO PERECIBLE;2026-07-01;0;0;0;7
4509;INFUSION MUYUKUNA JENGIBRE 10GR;NO PERECIBLE;2026-01-01;1.8;1;3;1
4509;INFUSION MUYUKUNA JENGIBRE 10GR;NO PERECIBLE;2026-02-01;1.2;1;2;2
4509;INFUSION MUYUKUNA JENGIBRE 10GR;NO PERECIBLE;2026-03-01;0;0;0;3
4509;INFUSION MUYUKUNA JENGIBRE 10GR;NO PERECIBLE;2026-04-01;3.6;1;6;4
4509;INFUSION MUYUKUNA JENGIBRE 10GR;NO PERECIBLE;2026-05-01;0;0;0;5
4509;INFUSION MUYUKUNA JENGIBRE 10GR;NO PERECIBLE;2026-06-01;0;0;0;6
4509;INFUSION MUYUKUNA JENGIBRE 10GR;NO PERECIBLE;2026-07-01;0;0;0;7
4511;SABORIZANTE TORANI AMARETTO 750 ML;NO PERECIBLE;2026-01-01;0;0;0;1
4511;SABORIZANTE TORANI AMARETTO 750 ML;NO PERECIBLE;2026-02-01;0;0;0;2
4511;SABORIZANTE TORANI AMARETTO 750 ML;NO PERECIBLE;2026-03-01;0;0;0;3
4511;SABORIZANTE TORANI AMARETTO 750 ML;NO PERECIBLE;2026-04-01;31.5;3;3;4
4511;SABORIZANTE TORANI AMARETTO 750 ML;NO PERECIBLE;2026-05-01;0;0;0;5
4511;SABORIZANTE TORANI AMARETTO 750 ML;NO PERECIBLE;2026-06-01;21;2;2;6
4511;SABORIZANTE TORANI AMARETTO 750 ML;NO PERECIBLE;2026-07-01;0;0;0;7
4546;QUESO PARMESANO RALLADO FLORALP 1 KG;PERECIBLE;2026-01-01;40;2;2;1
4546;QUESO PARMESANO RALLADO FLORALP 1 KG;PERECIBLE;2026-02-01;40;2;2;2
4546;QUESO PARMESANO RALLADO FLORALP 1 KG;PERECIBLE;2026-03-01;20;1;1;3
4546;QUESO PARMESANO RALLADO FLORALP 1 KG;PERECIBLE;2026-04-01;80;4;4;4
4546;QUESO PARMESANO RALLADO FLORALP 1 KG;PERECIBLE;2026-05-01;0;0;0;5
4546;QUESO PARMESANO RALLADO FLORALP 1 KG;PERECIBLE;2026-06-01;0;0;0;6
4546;QUESO PARMESANO RALLADO FLORALP 1 KG;PERECIBLE;2026-07-01;0;0;0;7
4547;QUESO REQUESON FLORALP 450 GR;PERECIBLE;2026-01-01;41.921;4;10;1
4547;QUESO REQUESON FLORALP 450 GR;PERECIBLE;2026-02-01;54.4973;5;13;2
4547;QUESO REQUESON FLORALP 450 GR;PERECIBLE;2026-03-01;33.5368;2;8;3
4547;QUESO REQUESON FLORALP 450 GR;PERECIBLE;2026-04-01;33.5368;2;8;4
4547;QUESO REQUESON FLORALP 450 GR;PERECIBLE;2026-05-01;41.921;3;10;5
4547;QUESO REQUESON FLORALP 450 GR;PERECIBLE;2026-06-01;75.4578;5;18;6
4547;QUESO REQUESON FLORALP 450 GR;PERECIBLE;2026-07-01;33.5368;2;8;7
4551;PULPA MARIA MORENA DURAZNO 1 KG;PERECIBLE;2026-01-01;66.7;4;23;1
4551;PULPA MARIA MORENA DURAZNO 1 KG;PERECIBLE;2026-02-01;72.5;4;25;2
4551;PULPA MARIA MORENA DURAZNO 1 KG;PERECIBLE;2026-03-01;72.5;4;25;3
4551;PULPA MARIA MORENA DURAZNO 1 KG;PERECIBLE;2026-04-01;58;4;20;4
4551;PULPA MARIA MORENA DURAZNO 1 KG;PERECIBLE;2026-05-01;95.7;5;33;5
4551;PULPA MARIA MORENA DURAZNO 1 KG;PERECIBLE;2026-06-01;84.1;4;29;6
4551;PULPA MARIA MORENA DURAZNO 1 KG;PERECIBLE;2026-07-01;116;5;40;7
4558;"FUNDA POLIFAN 30X12 5X12"" HMB X100";NO PERECIBLE;2026-01-01;43.37679802;9;46;1
4558;"FUNDA POLIFAN 30X12 5X12"" HMB X100";NO PERECIBLE;2026-02-01;62.23627542;9;66;2
4558;"FUNDA POLIFAN 30X12 5X12"" HMB X100";NO PERECIBLE;2026-03-01;76.38088347;9;81;3
4558;"FUNDA POLIFAN 30X12 5X12"" HMB X100";NO PERECIBLE;2026-04-01;58.46437994;11;62;4
4558;"FUNDA POLIFAN 30X12 5X12"" HMB X100";NO PERECIBLE;2026-05-01;101.84117796;11;108;5
4558;"FUNDA POLIFAN 30X12 5X12"" HMB X100";NO PERECIBLE;2026-06-01;89.58251765;8;95;6
4558;"FUNDA POLIFAN 30X12 5X12"" HMB X100";NO PERECIBLE;2026-07-01;81.09575282;10;86;7
4562;TAPA PLÁSTICO GELATINERO X100 UND;NO PERECIBLE;2026-01-01;646.48442627;95;269;1
4562;TAPA PLÁSTICO GELATINERO X100 UND;NO PERECIBLE;2026-02-01;612.83839665;79;255;2
4562;TAPA PLÁSTICO GELATINERO X100 UND;NO PERECIBLE;2026-03-01;684.93703155;98;285;3
4562;TAPA PLÁSTICO GELATINERO X100 UND;NO PERECIBLE;2026-04-01;769.0521056;101;320;4
4562;TAPA PLÁSTICO GELATINERO X100 UND;NO PERECIBLE;2026-05-01;550.35291307;94;229;5
4562;TAPA PLÁSTICO GELATINERO X100 UND;NO PERECIBLE;2026-06-01;687.34031938;91;286;6
4562;TAPA PLÁSTICO GELATINERO X100 UND;NO PERECIBLE;2026-07-01;656.09757759;97;273;7
4571;TARRINA PLÁSTICA OPAL SIN TAPA 1/2 LT X50 UND;NO PERECIBLE;2026-01-01;2.6993;1;1;1
4571;TARRINA PLÁSTICA OPAL SIN TAPA 1/2 LT X50 UND;NO PERECIBLE;2026-02-01;5.3986;1;2;2
4571;TARRINA PLÁSTICA OPAL SIN TAPA 1/2 LT X50 UND;NO PERECIBLE;2026-03-01;2.6993;1;1;3
4571;TARRINA PLÁSTICA OPAL SIN TAPA 1/2 LT X50 UND;NO PERECIBLE;2026-04-01;8.0979;2;3;4
4571;TARRINA PLÁSTICA OPAL SIN TAPA 1/2 LT X50 UND;NO PERECIBLE;2026-05-01;18.8951;1;7;5
4571;TARRINA PLÁSTICA OPAL SIN TAPA 1/2 LT X50 UND;NO PERECIBLE;2026-06-01;10.7972;1;4;6
4571;TARRINA PLÁSTICA OPAL SIN TAPA 1/2 LT X50 UND;NO PERECIBLE;2026-07-01;21.5944;3;8;7
4580;MURICO FILETE ENTERO CONGELADO 5 KG;PERECIBLE;2026-01-01;3902.05;43;780.41;1
4580;MURICO FILETE ENTERO CONGELADO 5 KG;PERECIBLE;2026-02-01;22768.55;241;4553.71;2
4580;MURICO FILETE ENTERO CONGELADO 5 KG;PERECIBLE;2026-03-01;29652.05;319;5930.41;3
4580;MURICO FILETE ENTERO CONGELADO 5 KG;PERECIBLE;2026-04-01;29785.85;299;5957.17;4
4580;MURICO FILETE ENTERO CONGELADO 5 KG;PERECIBLE;2026-05-01;29289.8;296;5857.96;5
4580;MURICO FILETE ENTERO CONGELADO 5 KG;PERECIBLE;2026-06-01;24095.2;257;4819.04;6
4580;MURICO FILETE ENTERO CONGELADO 5 KG;PERECIBLE;2026-07-01;7388.5;115;1477.7;7
4582;DORADO FILETE ENTERO 5 KG;PERECIBLE;2026-01-01;0;0;0;1
4582;DORADO FILETE ENTERO 5 KG;PERECIBLE;2026-02-01;0;0;0;2
4582;DORADO FILETE ENTERO 5 KG;PERECIBLE;2026-03-01;0;0;0;3
4582;DORADO FILETE ENTERO 5 KG;PERECIBLE;2026-04-01;0;0;0;4
4582;DORADO FILETE ENTERO 5 KG;PERECIBLE;2026-05-01;0;0;0;5
4582;DORADO FILETE ENTERO 5 KG;PERECIBLE;2026-06-01;0;0;0;6
4582;DORADO FILETE ENTERO 5 KG;PERECIBLE;2026-07-01;176.8102;1;30.59;7
4588;TAPA VASO BLANCO HMB 100 CC 3.5 ONZ X100 UND;NO PERECIBLE;2026-01-01;8.26319664;1;4;1
4588;TAPA VASO BLANCO HMB 100 CC 3.5 ONZ X100 UND;NO PERECIBLE;2026-02-01;0;0;0;2
4588;TAPA VASO BLANCO HMB 100 CC 3.5 ONZ X100 UND;NO PERECIBLE;2026-03-01;16.52639328;2;8;3
4588;TAPA VASO BLANCO HMB 100 CC 3.5 ONZ X100 UND;NO PERECIBLE;2026-04-01;33.05278656;4;16;4
4588;TAPA VASO BLANCO HMB 100 CC 3.5 ONZ X100 UND;NO PERECIBLE;2026-05-01;41.3159832;5;20;5
4588;TAPA VASO BLANCO HMB 100 CC 3.5 ONZ X100 UND;NO PERECIBLE;2026-06-01;33.05278656;4;16;6
4588;TAPA VASO BLANCO HMB 100 CC 3.5 ONZ X100 UND;NO PERECIBLE;2026-07-01;53.71077816;5;26;7
4589;TAPA PLÁSTICO TRANSPARENTE JARRA 200CC HMB X100;NO PERECIBLE;2026-01-01;90.48;4;29;1
4589;TAPA PLÁSTICO TRANSPARENTE JARRA 200CC HMB X100;NO PERECIBLE;2026-02-01;99.84;4;32;2
4589;TAPA PLÁSTICO TRANSPARENTE JARRA 200CC HMB X100;NO PERECIBLE;2026-03-01;99.84;4;32;3
4589;TAPA PLÁSTICO TRANSPARENTE JARRA 200CC HMB X100;NO PERECIBLE;2026-04-01;87.36;4;28;4
4589;TAPA PLÁSTICO TRANSPARENTE JARRA 200CC HMB X100;NO PERECIBLE;2026-05-01;109.2;5;35;5
4589;TAPA PLÁSTICO TRANSPARENTE JARRA 200CC HMB X100;NO PERECIBLE;2026-06-01;96.72;5;31;6
4589;TAPA PLÁSTICO TRANSPARENTE JARRA 200CC HMB X100;NO PERECIBLE;2026-07-01;156;7;50;7
4590;FUNDA ROLLO TRANSPARENTE HMB 10X16 X1KG;NO PERECIBLE;2026-01-01;46.14534927;6;27;1
4590;FUNDA ROLLO TRANSPARENTE HMB 10X16 X1KG;NO PERECIBLE;2026-02-01;59.81804535;7;35;2
4590;FUNDA ROLLO TRANSPARENTE HMB 10X16 X1KG;NO PERECIBLE;2026-03-01;73.49074143;9;43;3
4590;FUNDA ROLLO TRANSPARENTE HMB 10X16 X1KG;NO PERECIBLE;2026-04-01;59.81804535;9;35;4
4590;FUNDA ROLLO TRANSPARENTE HMB 10X16 X1KG;NO PERECIBLE;2026-05-01;71.78165442;10;42;5
4590;FUNDA ROLLO TRANSPARENTE HMB 10X16 X1KG;NO PERECIBLE;2026-06-01;73.49074143;7;43;6
4590;FUNDA ROLLO TRANSPARENTE HMB 10X16 X1KG;NO PERECIBLE;2026-07-01;90.58161153;7;53;7
4591;FUNDA ROLLO TRANSPARENTE HMB 18X24 X1KG;NO PERECIBLE;2026-01-01;0;0;0;1
4591;FUNDA ROLLO TRANSPARENTE HMB 18X24 X1KG;NO PERECIBLE;2026-02-01;54.6;2;2;2
4591;FUNDA ROLLO TRANSPARENTE HMB 18X24 X1KG;NO PERECIBLE;2026-03-01;27.3;1;1;3
4591;FUNDA ROLLO TRANSPARENTE HMB 18X24 X1KG;NO PERECIBLE;2026-04-01;27.3;1;1;4
4591;FUNDA ROLLO TRANSPARENTE HMB 18X24 X1KG;NO PERECIBLE;2026-05-01;81.9;3;3;5
4591;FUNDA ROLLO TRANSPARENTE HMB 18X24 X1KG;NO PERECIBLE;2026-06-01;27.3;1;1;6
4591;FUNDA ROLLO TRANSPARENTE HMB 18X24 X1KG;NO PERECIBLE;2026-07-01;54.6;2;2;7
4595;CAFE SACHET GENERICO 2 GR X200;NO PERECIBLE;2026-01-01;292.4;16;17;1
4595;CAFE SACHET GENERICO 2 GR X200;NO PERECIBLE;2026-02-01;206.4;12;12;2
4595;CAFE SACHET GENERICO 2 GR X200;NO PERECIBLE;2026-03-01;275.2;16;16;3
4595;CAFE SACHET GENERICO 2 GR X200;NO PERECIBLE;2026-04-01;258;13;15;4
4595;CAFE SACHET GENERICO 2 GR X200;NO PERECIBLE;2026-05-01;275.2;15;16;5
4595;CAFE SACHET GENERICO 2 GR X200;NO PERECIBLE;2026-06-01;240.8;10;14;6
4595;CAFE SACHET GENERICO 2 GR X200;NO PERECIBLE;2026-07-01;275.2;13;16;7
4598;ALMEJA CARNE 220 GR X 200;PERECIBLE;2026-01-01;400.89;38;249;1
4598;ALMEJA CARNE 220 GR X 200;PERECIBLE;2026-02-01;284.97;29;177;2
4598;ALMEJA CARNE 220 GR X 200;PERECIBLE;2026-03-01;379.96;40;236;3
4598;ALMEJA CARNE 220 GR X 200;PERECIBLE;2026-04-01;238.28;32;148;4
4598;ALMEJA CARNE 220 GR X 200;PERECIBLE;2026-05-01;305.9;38;190;5
4598;ALMEJA CARNE 220 GR X 200;PERECIBLE;2026-06-01;268.87;36;167;6
4598;ALMEJA CARNE 220 GR X 200;PERECIBLE;2026-07-01;222.18;26;138;7
4601;MEJILLON CARNE 310 GR X 200;PERECIBLE;2026-01-01;16.8;1;10;1
4601;MEJILLON CARNE 310 GR X 200;PERECIBLE;2026-02-01;8.4;2;5;2
4601;MEJILLON CARNE 310 GR X 200;PERECIBLE;2026-03-01;30.24;5;18;3
4601;MEJILLON CARNE 310 GR X 200;PERECIBLE;2026-04-01;10.08;2;6;4
4601;MEJILLON CARNE 310 GR X 200;PERECIBLE;2026-05-01;8.4;3;5;5
4601;MEJILLON CARNE 310 GR X 200;PERECIBLE;2026-06-01;10.08;3;6;6
4601;MEJILLON CARNE 310 GR X 200;PERECIBLE;2026-07-01;10.08;3;6;7
4611;AGUA MINERAL CON GAS GÜITIG 1.5 LT;NO PERECIBLE;2026-01-01;114.2815;8;155;1
4611;AGUA MINERAL CON GAS GÜITIG 1.5 LT;NO PERECIBLE;2026-02-01;78.8911;7;107;2
4611;AGUA MINERAL CON GAS GÜITIG 1.5 LT;NO PERECIBLE;2026-03-01;44.238;5;60;3
4611;AGUA MINERAL CON GAS GÜITIG 1.5 LT;NO PERECIBLE;2026-04-01;63.4078;6;86;4
4611;AGUA MINERAL CON GAS GÜITIG 1.5 LT;NO PERECIBLE;2026-05-01;43.5007;6;59;5
4611;AGUA MINERAL CON GAS GÜITIG 1.5 LT;NO PERECIBLE;2026-06-01;59.7213;9;81;6
4611;AGUA MINERAL CON GAS GÜITIG 1.5 LT;NO PERECIBLE;2026-07-01;33.1785;5;45;7
4617;SERVILLETA HANASKA 24X24 X100;NO PERECIBLE;2026-01-01;5996.95;333;19345;1
4617;SERVILLETA HANASKA 24X24 X100;NO PERECIBLE;2026-02-01;6006.87;320;19377;2
4617;SERVILLETA HANASKA 24X24 X100;NO PERECIBLE;2026-03-01;7008.48;389;22608;3
4617;SERVILLETA HANASKA 24X24 X100;NO PERECIBLE;2026-04-01;6804.5;358;21950;4
4617;SERVILLETA HANASKA 24X24 X100;NO PERECIBLE;2026-05-01;6895.33;373;22243;5
4617;SERVILLETA HANASKA 24X24 X100;NO PERECIBLE;2026-06-01;7255.55;394;23405;6
4617;SERVILLETA HANASKA 24X24 X100;NO PERECIBLE;2026-07-01;7272.91;372;23461;7
4619;CREMA PASTELERA CREMYVIT PURATOS 2 KG;NO PERECIBLE;2026-01-01;111.02;2;7;1
4619;CREMA PASTELERA CREMYVIT PURATOS 2 KG;NO PERECIBLE;2026-02-01;142.74;2;9;2
4619;CREMA PASTELERA CREMYVIT PURATOS 2 KG;NO PERECIBLE;2026-03-01;190.32;4;12;3
4619;CREMA PASTELERA CREMYVIT PURATOS 2 KG;NO PERECIBLE;2026-04-01;206.18;3;13;4
4619;CREMA PASTELERA CREMYVIT PURATOS 2 KG;NO PERECIBLE;2026-05-01;158.6;2;10;5
4619;CREMA PASTELERA CREMYVIT PURATOS 2 KG;NO PERECIBLE;2026-06-01;253.76;4;16;6
4619;CREMA PASTELERA CREMYVIT PURATOS 2 KG;NO PERECIBLE;2026-07-01;142.74;2;9;7
4622;BEBIDA AMARANTO MORA/FRESA AMATI TETRAPACK 200 ML;NO PERECIBLE;2026-01-01;77.6045626;3;116;1
4622;BEBIDA AMARANTO MORA/FRESA AMATI TETRAPACK 200 ML;NO PERECIBLE;2026-02-01;42.14730555;5;63;2
4622;BEBIDA AMARANTO MORA/FRESA AMATI TETRAPACK 200 ML;NO PERECIBLE;2026-03-01;0;0;0;3
4622;BEBIDA AMARANTO MORA/FRESA AMATI TETRAPACK 200 ML;NO PERECIBLE;2026-04-01;0;0;0;4
4622;BEBIDA AMARANTO MORA/FRESA AMATI TETRAPACK 200 ML;NO PERECIBLE;2026-05-01;0;0;0;5
4622;BEBIDA AMARANTO MORA/FRESA AMATI TETRAPACK 200 ML;NO PERECIBLE;2026-06-01;0;0;0;6
4622;BEBIDA AMARANTO MORA/FRESA AMATI TETRAPACK 200 ML;NO PERECIBLE;2026-07-01;0;0;0;7
4623;BEBIDA AMARANTO MARACUYA UVILLA AMATI TETRAPACK 200 ML;NO PERECIBLE;2026-01-01;55.61852868;7;82;1
4623;BEBIDA AMARANTO MARACUYA UVILLA AMATI TETRAPACK 200 ML;NO PERECIBLE;2026-02-01;0;0;0;2
4623;BEBIDA AMARANTO MARACUYA UVILLA AMATI TETRAPACK 200 ML;NO PERECIBLE;2026-03-01;0;0;0;3
4623;BEBIDA AMARANTO MARACUYA UVILLA AMATI TETRAPACK 200 ML;NO PERECIBLE;2026-04-01;0;0;0;4
4623;BEBIDA AMARANTO MARACUYA UVILLA AMATI TETRAPACK 200 ML;NO PERECIBLE;2026-05-01;0;0;0;5
4623;BEBIDA AMARANTO MARACUYA UVILLA AMATI TETRAPACK 200 ML;NO PERECIBLE;2026-06-01;0;0;0;6
4623;BEBIDA AMARANTO MARACUYA UVILLA AMATI TETRAPACK 200 ML;NO PERECIBLE;2026-07-01;0;0;0;7
4625;"BANDEJA TERMICA RECTANGULAR HMB 10X14"" X10";NO PERECIBLE;2026-01-01;0;0;0;1
4625;"BANDEJA TERMICA RECTANGULAR HMB 10X14"" X10";NO PERECIBLE;2026-02-01;15.408;2;12;2
4625;"BANDEJA TERMICA RECTANGULAR HMB 10X14"" X10";NO PERECIBLE;2026-03-01;34.668;4;27;3
4625;"BANDEJA TERMICA RECTANGULAR HMB 10X14"" X10";NO PERECIBLE;2026-04-01;12.84;2;10;4
4625;"BANDEJA TERMICA RECTANGULAR HMB 10X14"" X10";NO PERECIBLE;2026-05-01;2.568;1;2;5
4625;"BANDEJA TERMICA RECTANGULAR HMB 10X14"" X10";NO PERECIBLE;2026-06-01;0;0;0;6
4625;"BANDEJA TERMICA RECTANGULAR HMB 10X14"" X10";NO PERECIBLE;2026-07-01;24.396;4;19;7
4641;HOJUELA DE MAIZ CARSNACK 1 KG;NO PERECIBLE;2026-01-01;1262.6;48;236;1
4641;HOJUELA DE MAIZ CARSNACK 1 KG;NO PERECIBLE;2026-02-01;1070;42;200;2
4641;HOJUELA DE MAIZ CARSNACK 1 KG;NO PERECIBLE;2026-03-01;1219.8;45;228;3
4641;HOJUELA DE MAIZ CARSNACK 1 KG;NO PERECIBLE;2026-04-01;1562.2;49;292;4
4641;HOJUELA DE MAIZ CARSNACK 1 KG;NO PERECIBLE;2026-05-01;1615.7;59;302;5
4641;HOJUELA DE MAIZ CARSNACK 1 KG;NO PERECIBLE;2026-06-01;1107.45;39;207;6
4641;HOJUELA DE MAIZ CARSNACK 1 KG;NO PERECIBLE;2026-07-01;690.15;24;129;7
4643;MANTEPAN LEVAPAN 15 KG;NO PERECIBLE;2026-01-01;68.72;2;2;1
4643;MANTEPAN LEVAPAN 15 KG;NO PERECIBLE;2026-02-01;103.08;3;3;2
4643;MANTEPAN LEVAPAN 15 KG;NO PERECIBLE;2026-03-01;34.36;1;1;3
4643;MANTEPAN LEVAPAN 15 KG;NO PERECIBLE;2026-04-01;137.44;4;4;4
4643;MANTEPAN LEVAPAN 15 KG;NO PERECIBLE;2026-05-01;68.72;2;2;5
4643;MANTEPAN LEVAPAN 15 KG;NO PERECIBLE;2026-06-01;137.44;4;4;6
4643;MANTEPAN LEVAPAN 15 KG;NO PERECIBLE;2026-07-01;103.08;3;3;7
4669;SORBETE PAPEL BIO CON ENVOLTURA X100;NO PERECIBLE;2026-01-01;46.00002001;18;23;1
4669;SORBETE PAPEL BIO CON ENVOLTURA X100;NO PERECIBLE;2026-02-01;30.00001305;10;15;2
4669;SORBETE PAPEL BIO CON ENVOLTURA X100;NO PERECIBLE;2026-03-01;22.00000957;9;11;3
4669;SORBETE PAPEL BIO CON ENVOLTURA X100;NO PERECIBLE;2026-04-01;62.00002697;22;31;4
4669;SORBETE PAPEL BIO CON ENVOLTURA X100;NO PERECIBLE;2026-05-01;108.00004698;23;54;5
4669;SORBETE PAPEL BIO CON ENVOLTURA X100;NO PERECIBLE;2026-06-01;96.00004176;18;48;6
4669;SORBETE PAPEL BIO CON ENVOLTURA X100;NO PERECIBLE;2026-07-01;106.00004611;23;53;7
4671;JUGO DE NARANJA DEL VALLE 300 ML;NO PERECIBLE;2026-01-01;421.743;6;1510;1
4671;JUGO DE NARANJA DEL VALLE 300 ML;NO PERECIBLE;2026-02-01;111.72;6;400;2
4671;JUGO DE NARANJA DEL VALLE 300 ML;NO PERECIBLE;2026-03-01;429.8427;8;1539;3
4671;JUGO DE NARANJA DEL VALLE 300 ML;NO PERECIBLE;2026-04-01;188.2482;7;674;4
4671;JUGO DE NARANJA DEL VALLE 300 ML;NO PERECIBLE;2026-05-01;69.2664;3;248;5
4671;JUGO DE NARANJA DEL VALLE 300 ML;NO PERECIBLE;2026-06-01;103.8996;4;372;6
4671;JUGO DE NARANJA DEL VALLE 300 ML;NO PERECIBLE;2026-07-01;106.134;3;380;7
4672;AZUCAR MORENA VALDEZ 2 KG;NO PERECIBLE;2026-01-01;0;0;0;1
4672;AZUCAR MORENA VALDEZ 2 KG;NO PERECIBLE;2026-02-01;7.98170892;1;4;2
4672;AZUCAR MORENA VALDEZ 2 KG;NO PERECIBLE;2026-03-01;1.99542723;1;1;3
4672;AZUCAR MORENA VALDEZ 2 KG;NO PERECIBLE;2026-04-01;19.9542723;4;10;4
4672;AZUCAR MORENA VALDEZ 2 KG;NO PERECIBLE;2026-05-01;7.98170892;3;4;5
4672;AZUCAR MORENA VALDEZ 2 KG;NO PERECIBLE;2026-06-01;19.9542723;3;10;6
4672;AZUCAR MORENA VALDEZ 2 KG;NO PERECIBLE;2026-07-01;7.98170892;1;4;7
4706;ACEITE LA FAVORITA 1 LT;NO PERECIBLE;2026-01-01;1241.59699419;25;581;1
4706;ACEITE LA FAVORITA 1 LT;NO PERECIBLE;2026-02-01;1235.18599422;26;578;2
4706;ACEITE LA FAVORITA 1 LT;NO PERECIBLE;2026-03-01;1686.09299211;42;789;3
4706;ACEITE LA FAVORITA 1 LT;NO PERECIBLE;2026-04-01;1344.17299371;39;629;4
4706;ACEITE LA FAVORITA 1 LT;NO PERECIBLE;2026-05-01;1248.00799416;35;584;5
4706;ACEITE LA FAVORITA 1 LT;NO PERECIBLE;2026-06-01;1534.36599282;38;718;6
4706;ACEITE LA FAVORITA 1 LT;NO PERECIBLE;2026-07-01;1570.69499265;35;735;7
4761;ARROZ FLOR SUPERMAXI 5 KG;NO PERECIBLE;2026-01-01;54.52457144;2;8;1
4761;ARROZ FLOR SUPERMAXI 5 KG;NO PERECIBLE;2026-02-01;0;0;0;2
4761;ARROZ FLOR SUPERMAXI 5 KG;NO PERECIBLE;2026-03-01;0;0;0;3
4761;ARROZ FLOR SUPERMAXI 5 KG;NO PERECIBLE;2026-04-01;0;0;0;4
4761;ARROZ FLOR SUPERMAXI 5 KG;NO PERECIBLE;2026-05-01;0;0;0;5
4761;ARROZ FLOR SUPERMAXI 5 KG;NO PERECIBLE;2026-06-01;0;0;0;6
4761;ARROZ FLOR SUPERMAXI 5 KG;NO PERECIBLE;2026-07-01;0;0;0;7
4766;ARROZ JAPONES BOTAN 2.27 KG;NO PERECIBLE;2026-01-01;0;0;0;1
4766;ARROZ JAPONES BOTAN 2.27 KG;NO PERECIBLE;2026-02-01;0;0;0;2
4766;ARROZ JAPONES BOTAN 2.27 KG;NO PERECIBLE;2026-03-01;0;0;0;3
4766;ARROZ JAPONES BOTAN 2.27 KG;NO PERECIBLE;2026-04-01;0;0;0;4
4766;ARROZ JAPONES BOTAN 2.27 KG;NO PERECIBLE;2026-05-01;0;0;0;5
4766;ARROZ JAPONES BOTAN 2.27 KG;NO PERECIBLE;2026-06-01;18.745;1;2;6
4766;ARROZ JAPONES BOTAN 2.27 KG;NO PERECIBLE;2026-07-01;0;0;0;7
4796;AZUCAR BLANCA SUPERMAXI 2 KG;NO PERECIBLE;2026-01-01;0;0;0;1
4796;AZUCAR BLANCA SUPERMAXI 2 KG;NO PERECIBLE;2026-02-01;0;0;0;2
4796;AZUCAR BLANCA SUPERMAXI 2 KG;NO PERECIBLE;2026-03-01;0;0;0;3
4796;AZUCAR BLANCA SUPERMAXI 2 KG;NO PERECIBLE;2026-04-01;0;0;0;4
4796;AZUCAR BLANCA SUPERMAXI 2 KG;NO PERECIBLE;2026-05-01;0;0;0;5
4796;AZUCAR BLANCA SUPERMAXI 2 KG;NO PERECIBLE;2026-06-01;0;0;0;6
4796;AZUCAR BLANCA SUPERMAXI 2 KG;NO PERECIBLE;2026-07-01;19.7388;1;12;7
4797;AZUCAR BLANCA SUPERMAXI 5 KG;NO PERECIBLE;2026-01-01;0;0;0;1
4797;AZUCAR BLANCA SUPERMAXI 5 KG;NO PERECIBLE;2026-02-01;0;0;0;2
4797;AZUCAR BLANCA SUPERMAXI 5 KG;NO PERECIBLE;2026-03-01;0;0;0;3
4797;AZUCAR BLANCA SUPERMAXI 5 KG;NO PERECIBLE;2026-04-01;0;0;0;4
4797;AZUCAR BLANCA SUPERMAXI 5 KG;NO PERECIBLE;2026-05-01;97.5085;2;23;5
4797;AZUCAR BLANCA SUPERMAXI 5 KG;NO PERECIBLE;2026-06-01;84.79;9;20;6
4797;AZUCAR BLANCA SUPERMAXI 5 KG;NO PERECIBLE;2026-07-01;122.9455;12;29;7
4809;BEBIDA DE ALMENDRAS NATURES HEART TETRAPACK 946 ML;NO PERECIBLE;2026-01-01;27.82997261;5;11;1
4809;BEBIDA DE ALMENDRAS NATURES HEART TETRAPACK 946 ML;NO PERECIBLE;2026-02-01;65.77993526;8;26;2
4809;BEBIDA DE ALMENDRAS NATURES HEART TETRAPACK 946 ML;NO PERECIBLE;2026-03-01;40.47996016;6;16;3
4809;BEBIDA DE ALMENDRAS NATURES HEART TETRAPACK 946 ML;NO PERECIBLE;2026-04-01;116.37988546;12;46;4
4809;BEBIDA DE ALMENDRAS NATURES HEART TETRAPACK 946 ML;NO PERECIBLE;2026-05-01;80.95992032;9;32;5
4809;BEBIDA DE ALMENDRAS NATURES HEART TETRAPACK 946 ML;NO PERECIBLE;2026-06-01;37.94996265;3;15;6
4809;BEBIDA DE ALMENDRAS NATURES HEART TETRAPACK 946 ML;NO PERECIBLE;2026-07-01;78.42992281;9;31;7
4811;BEBIDA ENERGETICA ORIGINAL RED BULL 250 ML;NO PERECIBLE;2026-01-01;16.8919587;1;10;1
4811;BEBIDA ENERGETICA ORIGINAL RED BULL 250 ML;NO PERECIBLE;2026-02-01;0;0;0;2
4811;BEBIDA ENERGETICA ORIGINAL RED BULL 250 ML;NO PERECIBLE;2026-03-01;10.13517522;1;6;3
4811;BEBIDA ENERGETICA ORIGINAL RED BULL 250 ML;NO PERECIBLE;2026-04-01;0;0;0;4
4811;BEBIDA ENERGETICA ORIGINAL RED BULL 250 ML;NO PERECIBLE;2026-05-01;0;0;0;5
4811;BEBIDA ENERGETICA ORIGINAL RED BULL 250 ML;NO PERECIBLE;2026-06-01;0;0;0;6
4811;BEBIDA ENERGETICA ORIGINAL RED BULL 250 ML;NO PERECIBLE;2026-07-01;0;0;0;7
4827;CANGUIL AMARILLO SUPERMAXI 1 KG;NO PERECIBLE;2026-01-01;1404.64248525;465;1475;1
4827;CANGUIL AMARILLO SUPERMAXI 1 KG;NO PERECIBLE;2026-02-01;1250.36988687;448;1313;2
4827;CANGUIL AMARILLO SUPERMAXI 1 KG;NO PERECIBLE;2026-03-01;1432.25918496;506;1504;3
4827;CANGUIL AMARILLO SUPERMAXI 1 KG;NO PERECIBLE;2026-04-01;1375.12118556;493;1444;4
4827;CANGUIL AMARILLO SUPERMAXI 1 KG;NO PERECIBLE;2026-05-01;1369.40738562;507;1438;5
4827;CANGUIL AMARILLO SUPERMAXI 1 KG;NO PERECIBLE;2026-06-01;1622.71918296;551;1704;6
4827;CANGUIL AMARILLO SUPERMAXI 1 KG;NO PERECIBLE;2026-07-01;1468.44658458;495;1542;7
4837;CEREAL FROOT LOOPS KELLOGGS 370 GR;NO PERECIBLE;2026-01-01;94.7525926;12;20;1
4837;CEREAL FROOT LOOPS KELLOGGS 370 GR;NO PERECIBLE;2026-02-01;47.3762963;8;10;2
4837;CEREAL FROOT LOOPS KELLOGGS 370 GR;NO PERECIBLE;2026-03-01;108.96548149;15;23;3
4837;CEREAL FROOT LOOPS KELLOGGS 370 GR;NO PERECIBLE;2026-04-01;94.7525926;13;20;4
4837;CEREAL FROOT LOOPS KELLOGGS 370 GR;NO PERECIBLE;2026-05-01;80.53970371;8;17;5
4837;CEREAL FROOT LOOPS KELLOGGS 370 GR;NO PERECIBLE;2026-06-01;80.53970371;10;17;6
4837;CEREAL FROOT LOOPS KELLOGGS 370 GR;NO PERECIBLE;2026-07-01;80.53970371;10;17;7
4840;CEREZAS ROJAS ALFRESCO 500 GR;NO PERECIBLE;2026-01-01;0;0;0;1
4840;CEREZAS ROJAS ALFRESCO 500 GR;NO PERECIBLE;2026-02-01;0;0;0;2
4840;CEREZAS ROJAS ALFRESCO 500 GR;NO PERECIBLE;2026-03-01;3.73234458;1;1;3
4840;CEREZAS ROJAS ALFRESCO 500 GR;NO PERECIBLE;2026-04-01;0;0;0;4
4840;CEREZAS ROJAS ALFRESCO 500 GR;NO PERECIBLE;2026-05-01;0;0;0;5
4840;CEREZAS ROJAS ALFRESCO 500 GR;NO PERECIBLE;2026-06-01;0;0;0;6
4840;CEREZAS ROJAS ALFRESCO 500 GR;NO PERECIBLE;2026-07-01;0;0;0;7
4848;CERVEZA PILSENER LATA PACK 355 ML (X6);NO PERECIBLE;2026-01-01;685.131;99;159;1
4848;CERVEZA PILSENER LATA PACK 355 ML (X6);NO PERECIBLE;2026-02-01;715.294;88;166;2
4848;CERVEZA PILSENER LATA PACK 355 ML (X6);NO PERECIBLE;2026-03-01;814.401;114;189;3
4848;CERVEZA PILSENER LATA PACK 355 ML (X6);NO PERECIBLE;2026-04-01;805.783;111;187;4
4848;CERVEZA PILSENER LATA PACK 355 ML (X6);NO PERECIBLE;2026-05-01;1021.233;123;237;5
4848;CERVEZA PILSENER LATA PACK 355 ML (X6);NO PERECIBLE;2026-06-01;926.435;110;215;6
4848;CERVEZA PILSENER LATA PACK 355 ML (X6);NO PERECIBLE;2026-07-01;827.328;121;192;7
4867;COBERTURA CHOCOLATE NEGRO SEMIAMARGO BON AMI 500 GR;NO PERECIBLE;2026-01-01;90.3825;9;39;1
4867;COBERTURA CHOCOLATE NEGRO SEMIAMARGO BON AMI 500 GR;NO PERECIBLE;2026-02-01;122.8275;12;53;2
4867;COBERTURA CHOCOLATE NEGRO SEMIAMARGO BON AMI 500 GR;NO PERECIBLE;2026-03-01;81.1125;11;35;3
4867;COBERTURA CHOCOLATE NEGRO SEMIAMARGO BON AMI 500 GR;NO PERECIBLE;2026-04-01;97.335;8;42;4
4867;COBERTURA CHOCOLATE NEGRO SEMIAMARGO BON AMI 500 GR;NO PERECIBLE;2026-05-01;134.415;11;58;5
4867;COBERTURA CHOCOLATE NEGRO SEMIAMARGO BON AMI 500 GR;NO PERECIBLE;2026-06-01;76.4775;5;33;6
4867;COBERTURA CHOCOLATE NEGRO SEMIAMARGO BON AMI 500 GR;NO PERECIBLE;2026-07-01;53.3025;8;23;7
4872;COCOA SIN AZUCAR BIOS 500 GR;NO PERECIBLE;2026-01-01;0;0;0;1
4872;COCOA SIN AZUCAR BIOS 500 GR;NO PERECIBLE;2026-02-01;0;0;0;2
4872;COCOA SIN AZUCAR BIOS 500 GR;NO PERECIBLE;2026-03-01;88.065;4;18;3
4872;COCOA SIN AZUCAR BIOS 500 GR;NO PERECIBLE;2026-04-01;1218.2325;67;249;4
4872;COCOA SIN AZUCAR BIOS 500 GR;NO PERECIBLE;2026-05-01;1071.4575;77;219;5
4872;COCOA SIN AZUCAR BIOS 500 GR;NO PERECIBLE;2026-06-01;1399.255;76;286;6
4872;COCOA SIN AZUCAR BIOS 500 GR;NO PERECIBLE;2026-07-01;1061.6725;79;217;7
4897;DESINFECTANTE EUCALIPTO KALIPTO 1 GL;NO PERECIBLE;2026-01-01;55.563;5;10;1
4897;DESINFECTANTE EUCALIPTO KALIPTO 1 GL;NO PERECIBLE;2026-02-01;33.3378;6;6;2
4897;DESINFECTANTE EUCALIPTO KALIPTO 1 GL;NO PERECIBLE;2026-03-01;116.6823;11;21;3
4897;DESINFECTANTE EUCALIPTO KALIPTO 1 GL;NO PERECIBLE;2026-04-01;88.9008;9;16;4
4897;DESINFECTANTE EUCALIPTO KALIPTO 1 GL;NO PERECIBLE;2026-05-01;50.0067;7;9;5
4897;DESINFECTANTE EUCALIPTO KALIPTO 1 GL;NO PERECIBLE;2026-06-01;94.4571;8;17;6
4897;DESINFECTANTE EUCALIPTO KALIPTO 1 GL;NO PERECIBLE;2026-07-01;44.4504;7;8;7
4926;FIDEO ESPIRAL/TORNILLO DON VITTORIO 400 GR;NO PERECIBLE;2026-01-01;17.6336;5;16;1
4926;FIDEO ESPIRAL/TORNILLO DON VITTORIO 400 GR;NO PERECIBLE;2026-02-01;45.1861;9;41;2
4926;FIDEO ESPIRAL/TORNILLO DON VITTORIO 400 GR;NO PERECIBLE;2026-03-01;33.063;6;30;3
4926;FIDEO ESPIRAL/TORNILLO DON VITTORIO 400 GR;NO PERECIBLE;2026-04-01;42.9819;7;39;4
4926;FIDEO ESPIRAL/TORNILLO DON VITTORIO 400 GR;NO PERECIBLE;2026-05-01;50.6966;6;46;5
4926;FIDEO ESPIRAL/TORNILLO DON VITTORIO 400 GR;NO PERECIBLE;2026-06-01;36.3693;9;33;6
4926;FIDEO ESPIRAL/TORNILLO DON VITTORIO 400 GR;NO PERECIBLE;2026-07-01;28.6546;5;26;7
4933;FIDEO SPAGHETTI DON VITTORIO 400 GR;NO PERECIBLE;2026-01-01;439.55;27;295;1
4933;FIDEO SPAGHETTI DON VITTORIO 400 GR;NO PERECIBLE;2026-02-01;469.35;30;315;2
4933;FIDEO SPAGHETTI DON VITTORIO 400 GR;NO PERECIBLE;2026-03-01;633.25;37;425;3
4933;FIDEO SPAGHETTI DON VITTORIO 400 GR;NO PERECIBLE;2026-04-01;497.66;29;334;4
4933;FIDEO SPAGHETTI DON VITTORIO 400 GR;NO PERECIBLE;2026-05-01;528.95;27;355;5
4933;FIDEO SPAGHETTI DON VITTORIO 400 GR;NO PERECIBLE;2026-06-01;281.61;23;189;6
4933;FIDEO SPAGHETTI DON VITTORIO 400 GR;NO PERECIBLE;2026-07-01;211.58;26;142;7
4948;FREJOL BOLON ROJO SUPERMAXI 500 GR;NO PERECIBLE;2026-01-01;0;0;0;1
4948;FREJOL BOLON ROJO SUPERMAXI 500 GR;NO PERECIBLE;2026-02-01;0;0;0;2
4948;FREJOL BOLON ROJO SUPERMAXI 500 GR;NO PERECIBLE;2026-03-01;0;0;0;3
4948;FREJOL BOLON ROJO SUPERMAXI 500 GR;NO PERECIBLE;2026-04-01;0;0;0;4
4948;FREJOL BOLON ROJO SUPERMAXI 500 GR;NO PERECIBLE;2026-05-01;0;0;0;5
4948;FREJOL BOLON ROJO SUPERMAXI 500 GR;NO PERECIBLE;2026-06-01;9.0846;2;6;6
4948;FREJOL BOLON ROJO SUPERMAXI 500 GR;NO PERECIBLE;2026-07-01;13.6269;2;9;7
4959;FREJOL REFRITO FACUNDO 425 GR;NO PERECIBLE;2026-01-01;0;0;0;1
4959;FREJOL REFRITO FACUNDO 425 GR;NO PERECIBLE;2026-02-01;0;0;0;2
4959;FREJOL REFRITO FACUNDO 425 GR;NO PERECIBLE;2026-03-01;0;0;0;3
4959;FREJOL REFRITO FACUNDO 425 GR;NO PERECIBLE;2026-04-01;0;0;0;4
4959;FREJOL REFRITO FACUNDO 425 GR;NO PERECIBLE;2026-05-01;0;0;0;5
4959;FREJOL REFRITO FACUNDO 425 GR;NO PERECIBLE;2026-06-01;42.08112075;4;25;6
4959;FREJOL REFRITO FACUNDO 425 GR;NO PERECIBLE;2026-07-01;0;0;0;7
4961;FREJOL ROJO LA PRADERA 500 GR;NO PERECIBLE;2026-01-01;0;0;0;1
4961;FREJOL ROJO LA PRADERA 500 GR;NO PERECIBLE;2026-02-01;0;0;0;2
4961;FREJOL ROJO LA PRADERA 500 GR;NO PERECIBLE;2026-03-01;0;0;0;3
4961;FREJOL ROJO LA PRADERA 500 GR;NO PERECIBLE;2026-04-01;0;0;0;4
4961;FREJOL ROJO LA PRADERA 500 GR;NO PERECIBLE;2026-05-01;0;0;0;5
4961;FREJOL ROJO LA PRADERA 500 GR;NO PERECIBLE;2026-06-01;38.1276;4;17;6
4961;FREJOL ROJO LA PRADERA 500 GR;NO PERECIBLE;2026-07-01;0;0;0;7
4967;FRUTOS SECOS CIRUELAS SIN SEMILLAS SUPERMAXI 350 GR;NO PERECIBLE;2026-01-01;6.95059352;2;4;1
4967;FRUTOS SECOS CIRUELAS SIN SEMILLAS SUPERMAXI 350 GR;NO PERECIBLE;2026-02-01;17.3764838;5;10;2
4967;FRUTOS SECOS CIRUELAS SIN SEMILLAS SUPERMAXI 350 GR;NO PERECIBLE;2026-03-01;8.6882419;3;5;3
4967;FRUTOS SECOS CIRUELAS SIN SEMILLAS SUPERMAXI 350 GR;NO PERECIBLE;2026-04-01;10.42589028;4;6;4
4967;FRUTOS SECOS CIRUELAS SIN SEMILLAS SUPERMAXI 350 GR;NO PERECIBLE;2026-05-01;1.73764838;1;1;5
4967;FRUTOS SECOS CIRUELAS SIN SEMILLAS SUPERMAXI 350 GR;NO PERECIBLE;2026-06-01;1.73764838;1;1;6
4967;FRUTOS SECOS CIRUELAS SIN SEMILLAS SUPERMAXI 350 GR;NO PERECIBLE;2026-07-01;3.47529676;2;2;7
5047;AROMATICA ANIS HORNIMANS 32 GR X25;NO PERECIBLE;2026-01-01;28.36147008;10;32;1
5047;AROMATICA ANIS HORNIMANS 32 GR X25;NO PERECIBLE;2026-02-01;31.0203579;9;35;2
5047;AROMATICA ANIS HORNIMANS 32 GR X25;NO PERECIBLE;2026-03-01;31.90665384;10;36;3
5047;AROMATICA ANIS HORNIMANS 32 GR X25;NO PERECIBLE;2026-04-01;32.79294978;9;37;4
5047;AROMATICA ANIS HORNIMANS 32 GR X25;NO PERECIBLE;2026-05-01;39.8833173;12;45;5
5047;AROMATICA ANIS HORNIMANS 32 GR X25;NO PERECIBLE;2026-06-01;37.22442948;11;42;6
5047;AROMATICA ANIS HORNIMANS 32 GR X25;NO PERECIBLE;2026-07-01;29.24776602;9;33;7
5076;LECHE DE COCO GOYA 400 ML;NO PERECIBLE;2026-01-01;0;0;0;1
5076;LECHE DE COCO GOYA 400 ML;NO PERECIBLE;2026-02-01;20.8926;6;6;2
5076;LECHE DE COCO GOYA 400 ML;NO PERECIBLE;2026-03-01;0;0;0;3
5076;LECHE DE COCO GOYA 400 ML;NO PERECIBLE;2026-04-01;0;0;0;4
5076;LECHE DE COCO GOYA 400 ML;NO PERECIBLE;2026-05-01;0;0;0;5
5076;LECHE DE COCO GOYA 400 ML;NO PERECIBLE;2026-06-01;0;0;0;6
5076;LECHE DE COCO GOYA 400 ML;NO PERECIBLE;2026-07-01;0;0;0;7
5082;LECHE DESLACTOSADA SUPERMAXI TPK 1 LT;NO PERECIBLE;2026-01-01;0;0;0;1
5082;LECHE DESLACTOSADA SUPERMAXI TPK 1 LT;NO PERECIBLE;2026-02-01;0;0;0;2
5082;LECHE DESLACTOSADA SUPERMAXI TPK 1 LT;NO PERECIBLE;2026-03-01;0;0;0;3
5082;LECHE DESLACTOSADA SUPERMAXI TPK 1 LT;NO PERECIBLE;2026-04-01;0;0;0;4
5082;LECHE DESLACTOSADA SUPERMAXI TPK 1 LT;NO PERECIBLE;2026-05-01;0;0;0;5
5082;LECHE DESLACTOSADA SUPERMAXI TPK 1 LT;NO PERECIBLE;2026-06-01;239.074;9;220;6
5082;LECHE DESLACTOSADA SUPERMAXI TPK 1 LT;NO PERECIBLE;2026-07-01;411.8593;14;379;7
5097;LENTEJA ESPECIAL SUPERMAXI 1 KG;NO PERECIBLE;2026-01-01;6247.568;630;3568;1
5097;LENTEJA ESPECIAL SUPERMAXI 1 KG;NO PERECIBLE;2026-02-01;6028.693;601;3443;2
5097;LENTEJA ESPECIAL SUPERMAXI 1 KG;NO PERECIBLE;2026-03-01;8208.688;730;4688;3
5097;LENTEJA ESPECIAL SUPERMAXI 1 KG;NO PERECIBLE;2026-04-01;7184.353;681;4103;4
5097;LENTEJA ESPECIAL SUPERMAXI 1 KG;NO PERECIBLE;2026-05-01;7168.594;667;4094;5
5097;LENTEJA ESPECIAL SUPERMAXI 1 KG;NO PERECIBLE;2026-06-01;7868.994;719;4494;6
5097;LENTEJA ESPECIAL SUPERMAXI 1 KG;NO PERECIBLE;2026-07-01;7837.476;700;4476;7
5099;LENTEJA ESPECIAL SUPERMAXI 500 GR;NO PERECIBLE;2026-01-01;81.75909168;16;84;1
5099;LENTEJA ESPECIAL SUPERMAXI 500 GR;NO PERECIBLE;2026-02-01;38.9329008;16;40;2
5099;LENTEJA ESPECIAL SUPERMAXI 500 GR;NO PERECIBLE;2026-03-01;63.2659638;17;65;3
5099;LENTEJA ESPECIAL SUPERMAXI 500 GR;NO PERECIBLE;2026-04-01;71.05254396;18;73;4
5099;LENTEJA ESPECIAL SUPERMAXI 500 GR;NO PERECIBLE;2026-05-01;42.82619088;16;44;5
5099;LENTEJA ESPECIAL SUPERMAXI 500 GR;NO PERECIBLE;2026-06-01;36.01293324;13;37;6
5099;LENTEJA ESPECIAL SUPERMAXI 500 GR;NO PERECIBLE;2026-07-01;37.95957828;17;39;7
5108;AGUA MINERAL CON GAS IMPERIAL LIMONADA PET 550 ML;NO PERECIBLE;2026-01-01;1383.2;71;2912;1
5108;AGUA MINERAL CON GAS IMPERIAL LIMONADA PET 550 ML;NO PERECIBLE;2026-02-01;988.475;59;2081;2
5108;AGUA MINERAL CON GAS IMPERIAL LIMONADA PET 550 ML;NO PERECIBLE;2026-03-01;1020.775;59;2149;3
5108;AGUA MINERAL CON GAS IMPERIAL LIMONADA PET 550 ML;NO PERECIBLE;2026-04-01;1455.4;76;3064;4
5108;AGUA MINERAL CON GAS IMPERIAL LIMONADA PET 550 ML;NO PERECIBLE;2026-05-01;1891.925;76;3983;5
5108;AGUA MINERAL CON GAS IMPERIAL LIMONADA PET 550 ML;NO PERECIBLE;2026-06-01;1700.975;81;3581;6
5108;AGUA MINERAL CON GAS IMPERIAL LIMONADA PET 550 ML;NO PERECIBLE;2026-07-01;1304.35;59;2746;7
5125;MANTEQUILLA SIN SAL SUPERMAXI 250 GR;PERECIBLE;2026-01-01;0;0;0;1
5125;MANTEQUILLA SIN SAL SUPERMAXI 250 GR;PERECIBLE;2026-02-01;0;0;0;2
5125;MANTEQUILLA SIN SAL SUPERMAXI 250 GR;PERECIBLE;2026-03-01;0;0;0;3
5125;MANTEQUILLA SIN SAL SUPERMAXI 250 GR;PERECIBLE;2026-04-01;0;0;0;4
5125;MANTEQUILLA SIN SAL SUPERMAXI 250 GR;PERECIBLE;2026-05-01;3.296;1;2;5
5125;MANTEQUILLA SIN SAL SUPERMAXI 250 GR;PERECIBLE;2026-06-01;0;0;0;6
5125;MANTEQUILLA SIN SAL SUPERMAXI 250 GR;PERECIBLE;2026-07-01;0;0;0;7
5140;MAYONESA ALACENA DOYPACK 400 ML;NO PERECIBLE;2026-01-01;101.51679944;27;56;1
5140;MAYONESA ALACENA DOYPACK 400 ML;NO PERECIBLE;2026-02-01;68.88639962;19;38;2
5140;MAYONESA ALACENA DOYPACK 400 ML;NO PERECIBLE;2026-03-01;121.45759933;28;67;3
5140;MAYONESA ALACENA DOYPACK 400 ML;NO PERECIBLE;2026-04-01;125.08319931;27;69;4
5140;MAYONESA ALACENA DOYPACK 400 ML;NO PERECIBLE;2026-05-01;79.76319956;20;44;5
5140;MAYONESA ALACENA DOYPACK 400 ML;NO PERECIBLE;2026-06-01;103.32959943;24;57;6
5140;MAYONESA ALACENA DOYPACK 400 ML;NO PERECIBLE;2026-07-01;128.70879929;28;71;7
5176;PALMITOS CORAZONES CARLO 371 GR;NO PERECIBLE;2026-01-01;0;0;0;1
5176;PALMITOS CORAZONES CARLO 371 GR;NO PERECIBLE;2026-02-01;0;0;0;2
5176;PALMITOS CORAZONES CARLO 371 GR;NO PERECIBLE;2026-03-01;0;0;0;3
5176;PALMITOS CORAZONES CARLO 371 GR;NO PERECIBLE;2026-04-01;0;0;0;4
5176;PALMITOS CORAZONES CARLO 371 GR;NO PERECIBLE;2026-05-01;0;0;0;5
5176;PALMITOS CORAZONES CARLO 371 GR;NO PERECIBLE;2026-06-01;13.59373768;3;8;6
5176;PALMITOS CORAZONES CARLO 371 GR;NO PERECIBLE;2026-07-01;8.49608605;3;5;7
5178;PALMITOS CORAZONES GUSTADINA 800 GR;NO PERECIBLE;2026-01-01;0;0;0;1
5178;PALMITOS CORAZONES GUSTADINA 800 GR;NO PERECIBLE;2026-02-01;0;0;0;2
5178;PALMITOS CORAZONES GUSTADINA 800 GR;NO PERECIBLE;2026-03-01;0;0;0;3
5178;PALMITOS CORAZONES GUSTADINA 800 GR;NO PERECIBLE;2026-04-01;0;0;0;4
5178;PALMITOS CORAZONES GUSTADINA 800 GR;NO PERECIBLE;2026-05-01;0;0;0;5
5178;PALMITOS CORAZONES GUSTADINA 800 GR;NO PERECIBLE;2026-06-01;30.79019792;2;8;6
5178;PALMITOS CORAZONES GUSTADINA 800 GR;NO PERECIBLE;2026-07-01;0;0;0;7
5181;PAN BLANCO CLASICO SUPERMAXI 500 GR;NO PERECIBLE;2026-01-01;0;0;0;1
5181;PAN BLANCO CLASICO SUPERMAXI 500 GR;NO PERECIBLE;2026-02-01;8.9919;3;9;2
5181;PAN BLANCO CLASICO SUPERMAXI 500 GR;NO PERECIBLE;2026-03-01;0;0;0;3
5181;PAN BLANCO CLASICO SUPERMAXI 500 GR;NO PERECIBLE;2026-04-01;0;0;0;4
5181;PAN BLANCO CLASICO SUPERMAXI 500 GR;NO PERECIBLE;2026-05-01;0;0;0;5
5181;PAN BLANCO CLASICO SUPERMAXI 500 GR;NO PERECIBLE;2026-06-01;0;0;0;6
5181;PAN BLANCO CLASICO SUPERMAXI 500 GR;NO PERECIBLE;2026-07-01;0;0;0;7
5183;PAN BLANCO GIGANTE SANDUCHERO SUPERMAXI 800 GR;NO PERECIBLE;2026-01-01;0;0;0;1
5183;PAN BLANCO GIGANTE SANDUCHERO SUPERMAXI 800 GR;NO PERECIBLE;2026-02-01;18.2928;4;12;2
5183;PAN BLANCO GIGANTE SANDUCHERO SUPERMAXI 800 GR;NO PERECIBLE;2026-03-01;0;0;0;3
5183;PAN BLANCO GIGANTE SANDUCHERO SUPERMAXI 800 GR;NO PERECIBLE;2026-04-01;0;0;0;4
5183;PAN BLANCO GIGANTE SANDUCHERO SUPERMAXI 800 GR;NO PERECIBLE;2026-05-01;0;0;0;5
5183;PAN BLANCO GIGANTE SANDUCHERO SUPERMAXI 800 GR;NO PERECIBLE;2026-06-01;0;0;0;6
5183;PAN BLANCO GIGANTE SANDUCHERO SUPERMAXI 800 GR;NO PERECIBLE;2026-07-01;0;0;0;7
5184;PAN BLANCO HAMBURGUESA CYRANO 480 GR;NO PERECIBLE;2026-01-01;0;0;0;1
5184;PAN BLANCO HAMBURGUESA CYRANO 480 GR;NO PERECIBLE;2026-02-01;19.6833;4;13;2
5184;PAN BLANCO HAMBURGUESA CYRANO 480 GR;NO PERECIBLE;2026-03-01;4.5423;1;3;3
5184;PAN BLANCO HAMBURGUESA CYRANO 480 GR;NO PERECIBLE;2026-04-01;0;0;0;4
5184;PAN BLANCO HAMBURGUESA CYRANO 480 GR;NO PERECIBLE;2026-05-01;7.5705;1;5;5
5184;PAN BLANCO HAMBURGUESA CYRANO 480 GR;NO PERECIBLE;2026-06-01;0;0;0;6
5184;PAN BLANCO HAMBURGUESA CYRANO 480 GR;NO PERECIBLE;2026-07-01;0;0;0;7
5185;PAN BLANCO HAMBURGUESA GIGANTE SUPERMAXI 520 GR;NO PERECIBLE;2026-01-01;2.5338;1;2;1
5185;PAN BLANCO HAMBURGUESA GIGANTE SUPERMAXI 520 GR;NO PERECIBLE;2026-02-01;0;0;0;2
5185;PAN BLANCO HAMBURGUESA GIGANTE SUPERMAXI 520 GR;NO PERECIBLE;2026-03-01;0;0;0;3
5185;PAN BLANCO HAMBURGUESA GIGANTE SUPERMAXI 520 GR;NO PERECIBLE;2026-04-01;0;0;0;4
5185;PAN BLANCO HAMBURGUESA GIGANTE SUPERMAXI 520 GR;NO PERECIBLE;2026-05-01;0;0;0;5
5185;PAN BLANCO HAMBURGUESA GIGANTE SUPERMAXI 520 GR;NO PERECIBLE;2026-06-01;0;0;0;6
5185;PAN BLANCO HAMBURGUESA GIGANTE SUPERMAXI 520 GR;NO PERECIBLE;2026-07-01;0;0;0;7
5230;PASTILLA INODORO CEREZA TIPS 90 G (X 1);NO PERECIBLE;2026-01-01;126.862;26;137;1
5230;PASTILLA INODORO CEREZA TIPS 90 G (X 1);NO PERECIBLE;2026-02-01;161.124;21;174;2
5230;PASTILLA INODORO CEREZA TIPS 90 G (X 1);NO PERECIBLE;2026-03-01;132.418;23;143;3
5230;PASTILLA INODORO CEREZA TIPS 90 G (X 1);NO PERECIBLE;2026-04-01;125.936;20;136;4
5230;PASTILLA INODORO CEREZA TIPS 90 G (X 1);NO PERECIBLE;2026-05-01;140.752;27;152;5
5230;PASTILLA INODORO CEREZA TIPS 90 G (X 1);NO PERECIBLE;2026-06-01;78.71;19;85;6
5230;PASTILLA INODORO CEREZA TIPS 90 G (X 1);NO PERECIBLE;2026-07-01;150.012;28;162;7
5233;PIMIENTA MOLIDA ILE 500 GR;NO PERECIBLE;2026-01-01;0;0;0;1
5233;PIMIENTA MOLIDA ILE 500 GR;NO PERECIBLE;2026-02-01;0;0;0;2
5233;PIMIENTA MOLIDA ILE 500 GR;NO PERECIBLE;2026-03-01;0;0;0;3
5233;PIMIENTA MOLIDA ILE 500 GR;NO PERECIBLE;2026-04-01;0;0;0;4
5233;PIMIENTA MOLIDA ILE 500 GR;NO PERECIBLE;2026-05-01;0;0;0;5
5233;PIMIENTA MOLIDA ILE 500 GR;NO PERECIBLE;2026-06-01;56.034;4;11;6
5233;PIMIENTA MOLIDA ILE 500 GR;NO PERECIBLE;2026-07-01;0;0;0;7
5260;QUESO DAMBO SALINERITO 350 GR;PERECIBLE;2026-01-01;50.6832;2;12;1
5260;QUESO DAMBO SALINERITO 350 GR;PERECIBLE;2026-02-01;0;0;0;2
5260;QUESO DAMBO SALINERITO 350 GR;PERECIBLE;2026-03-01;8.4472;1;2;3
5260;QUESO DAMBO SALINERITO 350 GR;PERECIBLE;2026-04-01;0;0;0;4
5260;QUESO DAMBO SALINERITO 350 GR;PERECIBLE;2026-05-01;0;0;0;5
5260;QUESO DAMBO SALINERITO 350 GR;PERECIBLE;2026-06-01;88.6956;6;21;6
5260;QUESO DAMBO SALINERITO 350 GR;PERECIBLE;2026-07-01;0;0;0;7
5265;QUESO FRESCO SUPERMAXI 750 GR;PERECIBLE;2026-01-01;0;0;0;1
5265;QUESO FRESCO SUPERMAXI 750 GR;PERECIBLE;2026-02-01;12.91174803;1;3;2
5265;QUESO FRESCO SUPERMAXI 750 GR;PERECIBLE;2026-03-01;0;0;0;3
5265;QUESO FRESCO SUPERMAXI 750 GR;PERECIBLE;2026-04-01;0;0;0;4
5265;QUESO FRESCO SUPERMAXI 750 GR;PERECIBLE;2026-05-01;0;0;0;5
5265;QUESO FRESCO SUPERMAXI 750 GR;PERECIBLE;2026-06-01;0;0;0;6
5265;QUESO FRESCO SUPERMAXI 750 GR;PERECIBLE;2026-07-01;0;0;0;7
5266;QUESO GOUDA KIOSKO 350 GR;PERECIBLE;2026-01-01;0;0;0;1
5266;QUESO GOUDA KIOSKO 350 GR;PERECIBLE;2026-02-01;59.01294282;4;13;2
5266;QUESO GOUDA KIOSKO 350 GR;PERECIBLE;2026-03-01;0;0;0;3
5266;QUESO GOUDA KIOSKO 350 GR;PERECIBLE;2026-04-01;0;0;0;4
5266;QUESO GOUDA KIOSKO 350 GR;PERECIBLE;2026-05-01;0;0;0;5
5266;QUESO GOUDA KIOSKO 350 GR;PERECIBLE;2026-06-01;0;0;0;6
5266;QUESO GOUDA KIOSKO 350 GR;PERECIBLE;2026-07-01;0;0;0;7
5281;QUESO MANABA AUTENTICO LA HOLANDESA 400 GR;PERECIBLE;2026-01-01;20.7648;1;6;1
5281;QUESO MANABA AUTENTICO LA HOLANDESA 400 GR;PERECIBLE;2026-02-01;0;0;0;2
5281;QUESO MANABA AUTENTICO LA HOLANDESA 400 GR;PERECIBLE;2026-03-01;0;0;0;3
5281;QUESO MANABA AUTENTICO LA HOLANDESA 400 GR;PERECIBLE;2026-04-01;252.6384;9;73;4
5281;QUESO MANABA AUTENTICO LA HOLANDESA 400 GR;PERECIBLE;2026-05-01;0;0;0;5
5281;QUESO MANABA AUTENTICO LA HOLANDESA 400 GR;PERECIBLE;2026-06-01;0;0;0;6
5281;QUESO MANABA AUTENTICO LA HOLANDESA 400 GR;PERECIBLE;2026-07-01;0;0;0;7
5291;QUESO MOZZARELLA LA HOLANDESA 500 GR;PERECIBLE;2026-01-01;0;0;0;1
5291;QUESO MOZZARELLA LA HOLANDESA 500 GR;PERECIBLE;2026-02-01;29.1696;2;6;2
5291;QUESO MOZZARELLA LA HOLANDESA 500 GR;PERECIBLE;2026-03-01;0;0;0;3
5291;QUESO MOZZARELLA LA HOLANDESA 500 GR;PERECIBLE;2026-04-01;0;0;0;4
5291;QUESO MOZZARELLA LA HOLANDESA 500 GR;PERECIBLE;2026-05-01;0;0;0;5
5291;QUESO MOZZARELLA LA HOLANDESA 500 GR;PERECIBLE;2026-06-01;0;0;0;6
5291;QUESO MOZZARELLA LA HOLANDESA 500 GR;PERECIBLE;2026-07-01;0;0;0;7
5295;QUESO MOZZARELLA SALINERITO 500 GR;PERECIBLE;2026-01-01;0;0;0;1
5295;QUESO MOZZARELLA SALINERITO 500 GR;PERECIBLE;2026-02-01;481.4904;9;114;2
5295;QUESO MOZZARELLA SALINERITO 500 GR;PERECIBLE;2026-03-01;937.6392;20;222;3
5295;QUESO MOZZARELLA SALINERITO 500 GR;PERECIBLE;2026-04-01;916.5212;20;217;4
5295;QUESO MOZZARELLA SALINERITO 500 GR;PERECIBLE;2026-05-01;1115.0304;23;264;5
5295;QUESO MOZZARELLA SALINERITO 500 GR;PERECIBLE;2026-06-01;844.72;20;200;6
5295;QUESO MOZZARELLA SALINERITO 500 GR;PERECIBLE;2026-07-01;853.1672;18;202;7
5319;SAL MARINA SUPERMAXI 2 KG;NO PERECIBLE;2026-01-01;86.762;53;188;1
5319;SAL MARINA SUPERMAXI 2 KG;NO PERECIBLE;2026-02-01;97.838;56;212;2
5319;SAL MARINA SUPERMAXI 2 KG;NO PERECIBLE;2026-03-01;113.9905;62;247;3
5319;SAL MARINA SUPERMAXI 2 KG;NO PERECIBLE;2026-04-01;159.679;58;346;4
5319;SAL MARINA SUPERMAXI 2 KG;NO PERECIBLE;2026-05-01;120.913;58;262;5
5319;SAL MARINA SUPERMAXI 2 KG;NO PERECIBLE;2026-06-01;97.3765;61;211;6
5319;SAL MARINA SUPERMAXI 2 KG;NO PERECIBLE;2026-07-01;95.069;61;206;7
5331;SALSA DE SOYA BAJA EN SODIO KIKKOMAN 296 ML;NO PERECIBLE;2026-01-01;0;0;0;1
5331;SALSA DE SOYA BAJA EN SODIO KIKKOMAN 296 ML;NO PERECIBLE;2026-02-01;0;0;0;2
5331;SALSA DE SOYA BAJA EN SODIO KIKKOMAN 296 ML;NO PERECIBLE;2026-03-01;0;0;0;3
5331;SALSA DE SOYA BAJA EN SODIO KIKKOMAN 296 ML;NO PERECIBLE;2026-04-01;0;0;0;4
5331;SALSA DE SOYA BAJA EN SODIO KIKKOMAN 296 ML;NO PERECIBLE;2026-05-01;0;0;0;5
5331;SALSA DE SOYA BAJA EN SODIO KIKKOMAN 296 ML;NO PERECIBLE;2026-06-01;6.2624;1;1;6
5331;SALSA DE SOYA BAJA EN SODIO KIKKOMAN 296 ML;NO PERECIBLE;2026-07-01;0;0;0;7
5347;SAZONADOR AJINOMOTO 500 GR;NO PERECIBLE;2026-01-01;295.8;52;102;1
5347;SAZONADOR AJINOMOTO 500 GR;NO PERECIBLE;2026-02-01;336.4;49;116;2
5347;SAZONADOR AJINOMOTO 500 GR;NO PERECIBLE;2026-03-01;365.4;58;126;3
5347;SAZONADOR AJINOMOTO 500 GR;NO PERECIBLE;2026-04-01;348;62;120;4
5347;SAZONADOR AJINOMOTO 500 GR;NO PERECIBLE;2026-05-01;333.5;59;115;5
5347;SAZONADOR AJINOMOTO 500 GR;NO PERECIBLE;2026-06-01;391.5;64;135;6
5347;SAZONADOR AJINOMOTO 500 GR;NO PERECIBLE;2026-07-01;321.9;58;111;7
5386;VASO TERMICO BLANCO SUPERMAXI 6 OZ X 24 UND;NO PERECIBLE;2026-01-01;173.2768;25;313;1
5386;VASO TERMICO BLANCO SUPERMAXI 6 OZ X 24 UND;NO PERECIBLE;2026-02-01;190.992;25;345;2
5386;VASO TERMICO BLANCO SUPERMAXI 6 OZ X 24 UND;NO PERECIBLE;2026-03-01;235.28;31;425;3
5386;VASO TERMICO BLANCO SUPERMAXI 6 OZ X 24 UND;NO PERECIBLE;2026-04-01;267.9424;33;484;4
5386;VASO TERMICO BLANCO SUPERMAXI 6 OZ X 24 UND;NO PERECIBLE;2026-05-01;207.0464;25;374;5
5386;VASO TERMICO BLANCO SUPERMAXI 6 OZ X 24 UND;NO PERECIBLE;2026-06-01;217.0112;30;392;6
5386;VASO TERMICO BLANCO SUPERMAXI 6 OZ X 24 UND;NO PERECIBLE;2026-07-01;243.0304;29;439;7
5387;VASO TÉRMICO BLANCO SUPERMAXI 8 ONZ X 24 UND;NO PERECIBLE;2026-01-01;121.8096;40;176;1
5387;VASO TÉRMICO BLANCO SUPERMAXI 8 ONZ X 24 UND;NO PERECIBLE;2026-02-01;170.2566;39;246;2
5387;VASO TÉRMICO BLANCO SUPERMAXI 8 ONZ X 24 UND;NO PERECIBLE;2026-03-01;146.0331;52;211;3
5387;VASO TÉRMICO BLANCO SUPERMAXI 8 ONZ X 24 UND;NO PERECIBLE;2026-04-01;168.8724;45;244;4
5387;VASO TÉRMICO BLANCO SUPERMAXI 8 ONZ X 24 UND;NO PERECIBLE;2026-05-01;173.7171;45;251;5
5387;VASO TÉRMICO BLANCO SUPERMAXI 8 ONZ X 24 UND;NO PERECIBLE;2026-06-01;226.3167;56;327;6
5387;VASO TÉRMICO BLANCO SUPERMAXI 8 ONZ X 24 UND;NO PERECIBLE;2026-07-01;197.9406;55;286;7
5400;VINO BLANCO CHARDONNAY PEÑASOL 750 ML;NO PERECIBLE;2026-01-01;0;0;0;1
5400;VINO BLANCO CHARDONNAY PEÑASOL 750 ML;NO PERECIBLE;2026-02-01;0;0;0;2
5400;VINO BLANCO CHARDONNAY PEÑASOL 750 ML;NO PERECIBLE;2026-03-01;0;0;0;3
5400;VINO BLANCO CHARDONNAY PEÑASOL 750 ML;NO PERECIBLE;2026-04-01;0;0;0;4
5400;VINO BLANCO CHARDONNAY PEÑASOL 750 ML;NO PERECIBLE;2026-05-01;12.3843;1;3;5
5400;VINO BLANCO CHARDONNAY PEÑASOL 750 ML;NO PERECIBLE;2026-06-01;12.3843;1;3;6
5400;VINO BLANCO CHARDONNAY PEÑASOL 750 ML;NO PERECIBLE;2026-07-01;0;0;0;7
5425;VINO TINTO CABERNET SAUVIGNON CARMENERE CONCHA Y TORO 750 ML;NO PERECIBLE;2026-01-01;0;0;0;1
5425;VINO TINTO CABERNET SAUVIGNON CARMENERE CONCHA Y TORO 750 ML;NO PERECIBLE;2026-02-01;0;0;0;2
5425;VINO TINTO CABERNET SAUVIGNON CARMENERE CONCHA Y TORO 750 ML;NO PERECIBLE;2026-03-01;0;0;0;3
5425;VINO TINTO CABERNET SAUVIGNON CARMENERE CONCHA Y TORO 750 ML;NO PERECIBLE;2026-04-01;0;0;0;4
5425;VINO TINTO CABERNET SAUVIGNON CARMENERE CONCHA Y TORO 750 ML;NO PERECIBLE;2026-05-01;0;0;0;5
5425;VINO TINTO CABERNET SAUVIGNON CARMENERE CONCHA Y TORO 750 ML;NO PERECIBLE;2026-06-01;0;0;0;6
5425;VINO TINTO CABERNET SAUVIGNON CARMENERE CONCHA Y TORO 750 ML;NO PERECIBLE;2026-07-01;58.4184;1;12;7
5444;VINO TINTO SANTA LUCIA 1 LT;NO PERECIBLE;2026-01-01;0;0;0;1
5444;VINO TINTO SANTA LUCIA 1 LT;NO PERECIBLE;2026-02-01;0;0;0;2
5444;VINO TINTO SANTA LUCIA 1 LT;NO PERECIBLE;2026-03-01;0;0;0;3
5444;VINO TINTO SANTA LUCIA 1 LT;NO PERECIBLE;2026-04-01;0;0;0;4
5444;VINO TINTO SANTA LUCIA 1 LT;NO PERECIBLE;2026-05-01;0;0;0;5
5444;VINO TINTO SANTA LUCIA 1 LT;NO PERECIBLE;2026-06-01;47.586;1;12;6
5444;VINO TINTO SANTA LUCIA 1 LT;NO PERECIBLE;2026-07-01;0;0;0;7
5463;YOGURT ENTERO NATURAL SIN AZUCAR REY FUNDA 900 GR;PERECIBLE;2026-01-01;29.76;13;24;1
5463;YOGURT ENTERO NATURAL SIN AZUCAR REY FUNDA 900 GR;PERECIBLE;2026-02-01;24.8;16;20;2
5463;YOGURT ENTERO NATURAL SIN AZUCAR REY FUNDA 900 GR;PERECIBLE;2026-03-01;27.28;16;22;3
5463;YOGURT ENTERO NATURAL SIN AZUCAR REY FUNDA 900 GR;PERECIBLE;2026-04-01;18.6;13;15;4
5463;YOGURT ENTERO NATURAL SIN AZUCAR REY FUNDA 900 GR;PERECIBLE;2026-05-01;26.04;18;21;5
5463;YOGURT ENTERO NATURAL SIN AZUCAR REY FUNDA 900 GR;PERECIBLE;2026-06-01;31;15;25;6
5463;YOGURT ENTERO NATURAL SIN AZUCAR REY FUNDA 900 GR;PERECIBLE;2026-07-01;23.56;13;19;7
5469;YGT SEMIDESCREMADO FRESA DULACS 3500 GR;PERECIBLE;2026-01-01;0;0;0;1
5469;YGT SEMIDESCREMADO FRESA DULACS 3500 GR;PERECIBLE;2026-02-01;4.8436;1;1;2
5469;YGT SEMIDESCREMADO FRESA DULACS 3500 GR;PERECIBLE;2026-03-01;0;0;0;3
5469;YGT SEMIDESCREMADO FRESA DULACS 3500 GR;PERECIBLE;2026-04-01;0;0;0;4
5469;YGT SEMIDESCREMADO FRESA DULACS 3500 GR;PERECIBLE;2026-05-01;0;0;0;5
5469;YGT SEMIDESCREMADO FRESA DULACS 3500 GR;PERECIBLE;2026-06-01;0;0;0;6
5469;YGT SEMIDESCREMADO FRESA DULACS 3500 GR;PERECIBLE;2026-07-01;0;0;0;7
5473;YGT SEMIDESCREMADO MORA DULACS 3500 GR;PERECIBLE;2026-01-01;0;0;0;1
5473;YGT SEMIDESCREMADO MORA DULACS 3500 GR;PERECIBLE;2026-02-01;15.1119;1;3;2
5473;YGT SEMIDESCREMADO MORA DULACS 3500 GR;PERECIBLE;2026-03-01;0;0;0;3
5473;YGT SEMIDESCREMADO MORA DULACS 3500 GR;PERECIBLE;2026-04-01;0;0;0;4
5473;YGT SEMIDESCREMADO MORA DULACS 3500 GR;PERECIBLE;2026-05-01;0;0;0;5
5473;YGT SEMIDESCREMADO MORA DULACS 3500 GR;PERECIBLE;2026-06-01;0;0;0;6
5473;YGT SEMIDESCREMADO MORA DULACS 3500 GR;PERECIBLE;2026-07-01;0;0;0;7
5479;FUNDA NEGRA 37MICRAS 34X10(FUELLE X54) X10;NO PERECIBLE;2026-01-01;112.14;18;63;1
5479;FUNDA NEGRA 37MICRAS 34X10(FUELLE X54) X10;NO PERECIBLE;2026-02-01;121.04;14;68;2
5479;FUNDA NEGRA 37MICRAS 34X10(FUELLE X54) X10;NO PERECIBLE;2026-03-01;106.8;14;60;3
5479;FUNDA NEGRA 37MICRAS 34X10(FUELLE X54) X10;NO PERECIBLE;2026-04-01;153.08;30;86;4
5479;FUNDA NEGRA 37MICRAS 34X10(FUELLE X54) X10;NO PERECIBLE;2026-05-01;194.02;36;109;5
5479;FUNDA NEGRA 37MICRAS 34X10(FUELLE X54) X10;NO PERECIBLE;2026-06-01;172.66;31;97;6
5479;FUNDA NEGRA 37MICRAS 34X10(FUELLE X54) X10;NO PERECIBLE;2026-07-01;185.12;35;104;7
5482;ADEREZO HONEY MUSTARD 3.83 KG;NO PERECIBLE;2026-01-01;34.986;4;4;1
5482;ADEREZO HONEY MUSTARD 3.83 KG;NO PERECIBLE;2026-02-01;26.2395;3;3;2
5482;ADEREZO HONEY MUSTARD 3.83 KG;NO PERECIBLE;2026-03-01;43.7325;3;5;3
5482;ADEREZO HONEY MUSTARD 3.83 KG;NO PERECIBLE;2026-04-01;17.493;2;2;4
5482;ADEREZO HONEY MUSTARD 3.83 KG;NO PERECIBLE;2026-05-01;34.986;4;4;5
5482;ADEREZO HONEY MUSTARD 3.83 KG;NO PERECIBLE;2026-06-01;43.7325;5;5;6
5482;ADEREZO HONEY MUSTARD 3.83 KG;NO PERECIBLE;2026-07-01;78.7185;6;9;7
5557;MARCADOR TIZA LIQUIDA NEGRO PELIKAN;NO PERECIBLE;2026-01-01;9.00042606;7;18;1
5557;MARCADOR TIZA LIQUIDA NEGRO PELIKAN;NO PERECIBLE;2026-02-01;8.50040239;7;17;2
5557;MARCADOR TIZA LIQUIDA NEGRO PELIKAN;NO PERECIBLE;2026-03-01;26.50125451;18;53;3
5557;MARCADOR TIZA LIQUIDA NEGRO PELIKAN;NO PERECIBLE;2026-04-01;6.00028404;5;12;4
5557;MARCADOR TIZA LIQUIDA NEGRO PELIKAN;NO PERECIBLE;2026-05-01;10.50049707;12;21;5
5557;MARCADOR TIZA LIQUIDA NEGRO PELIKAN;NO PERECIBLE;2026-06-01;12.50059175;7;25;6
5557;MARCADOR TIZA LIQUIDA NEGRO PELIKAN;NO PERECIBLE;2026-07-01;17.50082845;11;35;7
5558;MARCADOR TIZA LIQUIDA ROJO PELIKAN;NO PERECIBLE;2026-01-01;3.5;4;7;1
5558;MARCADOR TIZA LIQUIDA ROJO PELIKAN;NO PERECIBLE;2026-02-01;3;4;6;2
5558;MARCADOR TIZA LIQUIDA ROJO PELIKAN;NO PERECIBLE;2026-03-01;7.5;11;15;3
5558;MARCADOR TIZA LIQUIDA ROJO PELIKAN;NO PERECIBLE;2026-04-01;2;2;4;4
5558;MARCADOR TIZA LIQUIDA ROJO PELIKAN;NO PERECIBLE;2026-05-01;4;6;8;5
5558;MARCADOR TIZA LIQUIDA ROJO PELIKAN;NO PERECIBLE;2026-06-01;8;4;16;6
5558;MARCADOR TIZA LIQUIDA ROJO PELIKAN;NO PERECIBLE;2026-07-01;4;4;8;7
5560;YUCA LAVADA 1 KG;FRUVER;2026-01-01;272;18;544;1
5560;YUCA LAVADA 1 KG;FRUVER;2026-02-01;316.665;19;633.33;2
5560;YUCA LAVADA 1 KG;FRUVER;2026-03-01;293.5;23;587;3
5560;YUCA LAVADA 1 KG;FRUVER;2026-04-01;344;26;688;4
5560;YUCA LAVADA 1 KG;FRUVER;2026-05-01;314;23;628;5
5560;YUCA LAVADA 1 KG;FRUVER;2026-06-01;296;18;592;6
5560;YUCA LAVADA 1 KG;FRUVER;2026-07-01;369;26;738;7
5562;MANDARINA GRANEL KG;FRUVER;2026-01-01;0;0;0;1
5562;MANDARINA GRANEL KG;FRUVER;2026-02-01;0;0;0;2
5562;MANDARINA GRANEL KG;FRUVER;2026-03-01;116;9;80;3
5562;MANDARINA GRANEL KG;FRUVER;2026-04-01;0;0;0;4
5562;MANDARINA GRANEL KG;FRUVER;2026-05-01;0;0;0;5
5562;MANDARINA GRANEL KG;FRUVER;2026-06-01;4.35;1;3;6
5562;MANDARINA GRANEL KG;FRUVER;2026-07-01;0.87;1;0.6;7
5578;PLATANO MADURO GRANEL KG;FRUVER;2026-01-01;114;15;120;1
5578;PLATANO MADURO GRANEL KG;FRUVER;2026-02-01;171.95;17;181;2
5578;PLATANO MADURO GRANEL KG;FRUVER;2026-03-01;152;18;160;3
5578;PLATANO MADURO GRANEL KG;FRUVER;2026-04-01;244.815;21;257.7;4
5578;PLATANO MADURO GRANEL KG;FRUVER;2026-05-01;246.05;25;259;5
5578;PLATANO MADURO GRANEL KG;FRUVER;2026-06-01;148.2;17;156;6
5578;PLATANO MADURO GRANEL KG;FRUVER;2026-07-01;209.95;25;221;7
5586;TOMATE RIÑON SELECCIONADO MADURO POR KG;FRUVER;2026-01-01;0;0;0;1
5586;TOMATE RIÑON SELECCIONADO MADURO POR KG;FRUVER;2026-02-01;0;0;0;2
5586;TOMATE RIÑON SELECCIONADO MADURO POR KG;FRUVER;2026-03-01;0;0;0;3
5586;TOMATE RIÑON SELECCIONADO MADURO POR KG;FRUVER;2026-04-01;0;0;0;4
5586;TOMATE RIÑON SELECCIONADO MADURO POR KG;FRUVER;2026-05-01;0;0;0;5
5586;TOMATE RIÑON SELECCIONADO MADURO POR KG;FRUVER;2026-06-01;0;0;0;6
5586;TOMATE RIÑON SELECCIONADO MADURO POR KG;FRUVER;2026-07-01;0;0;0;7
5602;MANZANA ROJA GRANEL CAJA KG;FRUVER;2026-01-01;0;0;0;1
5602;MANZANA ROJA GRANEL CAJA KG;FRUVER;2026-02-01;0;0;0;2
5602;MANZANA ROJA GRANEL CAJA KG;FRUVER;2026-03-01;14.78256;1;9.2;3
5602;MANZANA ROJA GRANEL CAJA KG;FRUVER;2026-04-01;0;0;0;4
5602;MANZANA ROJA GRANEL CAJA KG;FRUVER;2026-05-01;0;0;0;5
5602;MANZANA ROJA GRANEL CAJA KG;FRUVER;2026-06-01;0;0;0;6
5602;MANZANA ROJA GRANEL CAJA KG;FRUVER;2026-07-01;0;0;0;7
5604;MANZANA VERDE IMPORTADA GRANEL (200 - 240 GR);FRUVER;2026-01-01;0;0;0;1
5604;MANZANA VERDE IMPORTADA GRANEL (200 - 240 GR);FRUVER;2026-02-01;0.98;1;0.5;2
5604;MANZANA VERDE IMPORTADA GRANEL (200 - 240 GR);FRUVER;2026-03-01;0;0;0;3
5604;MANZANA VERDE IMPORTADA GRANEL (200 - 240 GR);FRUVER;2026-04-01;0;0;0;4
5604;MANZANA VERDE IMPORTADA GRANEL (200 - 240 GR);FRUVER;2026-05-01;1.96;1;1;5
5604;MANZANA VERDE IMPORTADA GRANEL (200 - 240 GR);FRUVER;2026-06-01;0;0;0;6
5604;MANZANA VERDE IMPORTADA GRANEL (200 - 240 GR);FRUVER;2026-07-01;0;0;0;7
5605;NARANJA NAVEL GRANEL KG;FRUVER;2026-01-01;0;0;0;1
5605;NARANJA NAVEL GRANEL KG;FRUVER;2026-02-01;0;0;0;2
5605;NARANJA NAVEL GRANEL KG;FRUVER;2026-03-01;0;0;0;3
5605;NARANJA NAVEL GRANEL KG;FRUVER;2026-04-01;12;2;4;4
5605;NARANJA NAVEL GRANEL KG;FRUVER;2026-05-01;0;0;0;5
5605;NARANJA NAVEL GRANEL KG;FRUVER;2026-06-01;9;1;3;6
5605;NARANJA NAVEL GRANEL KG;FRUVER;2026-07-01;0;0;0;7
5606;PERA VERDE IMPORTADA GRANEL (130 - 200 GR);FRUVER;2026-01-01;0;0;0;1
5606;PERA VERDE IMPORTADA GRANEL (130 - 200 GR);FRUVER;2026-02-01;0;0;0;2
5606;PERA VERDE IMPORTADA GRANEL (130 - 200 GR);FRUVER;2026-03-01;0;0;0;3
5606;PERA VERDE IMPORTADA GRANEL (130 - 200 GR);FRUVER;2026-04-01;8.1;1;3;4
5606;PERA VERDE IMPORTADA GRANEL (130 - 200 GR);FRUVER;2026-05-01;0;0;0;5
5606;PERA VERDE IMPORTADA GRANEL (130 - 200 GR);FRUVER;2026-06-01;0;0;0;6
5606;PERA VERDE IMPORTADA GRANEL (130 - 200 GR);FRUVER;2026-07-01;0;0;0;7
5613;PAPA SUPERCHOLA SUPERMAXI 3 KG;FRUVER;2026-01-01;75.8492;3;28;1
5613;PAPA SUPERCHOLA SUPERMAXI 3 KG;FRUVER;2026-02-01;48.7602;7;18;2
5613;PAPA SUPERCHOLA SUPERMAXI 3 KG;FRUVER;2026-03-01;59.5958;5;22;3
5613;PAPA SUPERCHOLA SUPERMAXI 3 KG;FRUVER;2026-04-01;81.267;5;30;4
5613;PAPA SUPERCHOLA SUPERMAXI 3 KG;FRUVER;2026-05-01;46.0513;4;17;5
5613;PAPA SUPERCHOLA SUPERMAXI 3 KG;FRUVER;2026-06-01;83.9759;5;31;6
5613;PAPA SUPERCHOLA SUPERMAXI 3 KG;FRUVER;2026-07-01;46.0513;4;17;7
5615;BANANO PINTON GRANEL (170 - 210 GR);FRUVER;2026-01-01;29.458;2;44;1
5615;BANANO PINTON GRANEL (170 - 210 GR);FRUVER;2026-02-01;49.543;5;74;2
5615;BANANO PINTON GRANEL (170 - 210 GR);FRUVER;2026-03-01;28.7885;5;43;3
5615;BANANO PINTON GRANEL (170 - 210 GR);FRUVER;2026-04-01;60.32195;7;90.1;4
5615;BANANO PINTON GRANEL (170 - 210 GR);FRUVER;2026-05-01;36.8225;5;55;5
5615;BANANO PINTON GRANEL (170 - 210 GR);FRUVER;2026-06-01;110.4675;15;165;6
5615;BANANO PINTON GRANEL (170 - 210 GR);FRUVER;2026-07-01;74.984;13;112;7
5654;RES LOMO DE FALDA SIN GRASA REFRIGERADO;PERECIBLE;2026-01-01;0;0;0;1
5654;RES LOMO DE FALDA SIN GRASA REFRIGERADO;PERECIBLE;2026-02-01;125.108712;1;3.28;2
5654;RES LOMO DE FALDA SIN GRASA REFRIGERADO;PERECIBLE;2026-03-01;0;0;0;3
5654;RES LOMO DE FALDA SIN GRASA REFRIGERADO;PERECIBLE;2026-04-01;0;0;0;4
5654;RES LOMO DE FALDA SIN GRASA REFRIGERADO;PERECIBLE;2026-05-01;0;0;0;5
5654;RES LOMO DE FALDA SIN GRASA REFRIGERADO;PERECIBLE;2026-06-01;126.634428;1;3.32;6
5654;RES LOMO DE FALDA SIN GRASA REFRIGERADO;PERECIBLE;2026-07-01;0;0;0;7
5655;RES LOMO FINO REFRIGERADO;PERECIBLE;2026-01-01;0;0;0;1
5655;RES LOMO FINO REFRIGERADO;PERECIBLE;2026-02-01;0;0;0;2
5655;RES LOMO FINO REFRIGERADO;PERECIBLE;2026-03-01;0;0;0;3
5655;RES LOMO FINO REFRIGERADO;PERECIBLE;2026-04-01;0;0;0;4
5655;RES LOMO FINO REFRIGERADO;PERECIBLE;2026-05-01;0;0;0;5
5655;RES LOMO FINO REFRIGERADO;PERECIBLE;2026-06-01;0;0;0;6
5655;RES LOMO FINO REFRIGERADO;PERECIBLE;2026-07-01;27.444816;1;1.44;7
5660;RES, CARNE MOLIDA 14 - 17% GRASA REFRIGERADO 2.5 KG;PERECIBLE;2026-01-01;0;0;0;1
5660;RES, CARNE MOLIDA 14 - 17% GRASA REFRIGERADO 2.5 KG;PERECIBLE;2026-02-01;0;0;0;2
5660;RES, CARNE MOLIDA 14 - 17% GRASA REFRIGERADO 2.5 KG;PERECIBLE;2026-03-01;0;0;0;3
5660;RES, CARNE MOLIDA 14 - 17% GRASA REFRIGERADO 2.5 KG;PERECIBLE;2026-04-01;0;0;0;4
5660;RES, CARNE MOLIDA 14 - 17% GRASA REFRIGERADO 2.5 KG;PERECIBLE;2026-05-01;0;0;0;5
5660;RES, CARNE MOLIDA 14 - 17% GRASA REFRIGERADO 2.5 KG;PERECIBLE;2026-06-01;696.28;11;257.5;6
5660;RES, CARNE MOLIDA 14 - 17% GRASA REFRIGERADO 2.5 KG;PERECIBLE;2026-07-01;608.48112;9;225.03;7
5670;RES PULPA REDONDA BLANCA REFRIGERADO;PERECIBLE;2026-01-01;1611.877398;8;51.06;1
5670;RES PULPA REDONDA BLANCA REFRIGERADO;PERECIBLE;2026-02-01;0;0;0;2
5670;RES PULPA REDONDA BLANCA REFRIGERADO;PERECIBLE;2026-03-01;0;0;0;3
5670;RES PULPA REDONDA BLANCA REFRIGERADO;PERECIBLE;2026-04-01;0;0;0;4
5670;RES PULPA REDONDA BLANCA REFRIGERADO;PERECIBLE;2026-05-01;0;0;0;5
5670;RES PULPA REDONDA BLANCA REFRIGERADO;PERECIBLE;2026-06-01;0;0;0;6
5670;RES PULPA REDONDA BLANCA REFRIGERADO;PERECIBLE;2026-07-01;0;0;0;7
5697;CERDO CHULETA CONGELADO 25 X (131 - 160 G);PERECIBLE;2026-01-01;0;0;0;1
5697;CERDO CHULETA CONGELADO 25 X (131 - 160 G);PERECIBLE;2026-02-01;0;0;0;2
5697;CERDO CHULETA CONGELADO 25 X (131 - 160 G);PERECIBLE;2026-03-01;0;0;0;3
5697;CERDO CHULETA CONGELADO 25 X (131 - 160 G);PERECIBLE;2026-04-01;63.083667;1;3.61;4
5697;CERDO CHULETA CONGELADO 25 X (131 - 160 G);PERECIBLE;2026-05-01;0;0;0;5
5697;CERDO CHULETA CONGELADO 25 X (131 - 160 G);PERECIBLE;2026-06-01;0;0;0;6
5697;CERDO CHULETA CONGELADO 25 X (131 - 160 G);PERECIBLE;2026-07-01;0;0;0;7
5735;CERDO LOMO DE FALDA REFRIGERADO;PERECIBLE;2026-01-01;0;0;0;1
5735;CERDO LOMO DE FALDA REFRIGERADO;PERECIBLE;2026-02-01;0;0;0;2
5735;CERDO LOMO DE FALDA REFRIGERADO;PERECIBLE;2026-03-01;90.675651;1;3.41;3
5735;CERDO LOMO DE FALDA REFRIGERADO;PERECIBLE;2026-04-01;0;0;0;4
5735;CERDO LOMO DE FALDA REFRIGERADO;PERECIBLE;2026-05-01;0;0;0;5
5735;CERDO LOMO DE FALDA REFRIGERADO;PERECIBLE;2026-06-01;0;0;0;6
5735;CERDO LOMO DE FALDA REFRIGERADO;PERECIBLE;2026-07-01;0;0;0;7
5738;CERDO, CARNE MOLIDA REFRIGERADO 2.5 KG;PERECIBLE;2026-01-01;0;0;0;1
5738;CERDO, CARNE MOLIDA REFRIGERADO 2.5 KG;PERECIBLE;2026-02-01;0;0;0;2
5738;CERDO, CARNE MOLIDA REFRIGERADO 2.5 KG;PERECIBLE;2026-03-01;102.375;1;10;3
5738;CERDO, CARNE MOLIDA REFRIGERADO 2.5 KG;PERECIBLE;2026-04-01;0;0;0;4
5738;CERDO, CARNE MOLIDA REFRIGERADO 2.5 KG;PERECIBLE;2026-05-01;0;0;0;5
5738;CERDO, CARNE MOLIDA REFRIGERADO 2.5 KG;PERECIBLE;2026-06-01;0;0;0;6
5738;CERDO, CARNE MOLIDA REFRIGERADO 2.5 KG;PERECIBLE;2026-07-01;0;0;0;7
5739;CERDO PANCETA REFRIGERADO;PERECIBLE;2026-01-01;0;0;0;1
5739;CERDO PANCETA REFRIGERADO;PERECIBLE;2026-02-01;0;0;0;2
5739;CERDO PANCETA REFRIGERADO;PERECIBLE;2026-03-01;0;0;0;3
5739;CERDO PANCETA REFRIGERADO;PERECIBLE;2026-04-01;0;0;0;4
5739;CERDO PANCETA REFRIGERADO;PERECIBLE;2026-05-01;153.414702;1;10.42;5
5739;CERDO PANCETA REFRIGERADO;PERECIBLE;2026-06-01;0;0;0;6
5739;CERDO PANCETA REFRIGERADO;PERECIBLE;2026-07-01;0;0;0;7
5748;CERDO STEAK SUIZO REFRIGERADO;PERECIBLE;2026-01-01;0;0;0;1
5748;CERDO STEAK SUIZO REFRIGERADO;PERECIBLE;2026-02-01;0;0;0;2
5748;CERDO STEAK SUIZO REFRIGERADO;PERECIBLE;2026-03-01;0;0;0;3
5748;CERDO STEAK SUIZO REFRIGERADO;PERECIBLE;2026-04-01;0;0;0;4
5748;CERDO STEAK SUIZO REFRIGERADO;PERECIBLE;2026-05-01;0;0;0;5
5748;CERDO STEAK SUIZO REFRIGERADO;PERECIBLE;2026-06-01;0;0;0;6
5748;CERDO STEAK SUIZO REFRIGERADO;PERECIBLE;2026-07-01;0;0;0;7
6016;CHORIZO PARRILLERO T1 AGROPESA 2.5 KG;PERECIBLE;2026-01-01;62.6652;2;4;1
6016;CHORIZO PARRILLERO T1 AGROPESA 2.5 KG;PERECIBLE;2026-02-01;0;0;0;2
6016;CHORIZO PARRILLERO T1 AGROPESA 2.5 KG;PERECIBLE;2026-03-01;31.3326;2;2;3
6016;CHORIZO PARRILLERO T1 AGROPESA 2.5 KG;PERECIBLE;2026-04-01;0;0;0;4
6016;CHORIZO PARRILLERO T1 AGROPESA 2.5 KG;PERECIBLE;2026-05-01;46.9989;2;3;5
6016;CHORIZO PARRILLERO T1 AGROPESA 2.5 KG;PERECIBLE;2026-06-01;0;0;0;6
6016;CHORIZO PARRILLERO T1 AGROPESA 2.5 KG;PERECIBLE;2026-07-01;0;0;0;7
6059;NECTAR DE MANZANA NATURA TPK 1 LT;NO PERECIBLE;2026-01-01;0;0;0;1
6059;NECTAR DE MANZANA NATURA TPK 1 LT;NO PERECIBLE;2026-02-01;0;0;0;2
6059;NECTAR DE MANZANA NATURA TPK 1 LT;NO PERECIBLE;2026-03-01;0;0;0;3
6059;NECTAR DE MANZANA NATURA TPK 1 LT;NO PERECIBLE;2026-04-01;0;0;0;4
6059;NECTAR DE MANZANA NATURA TPK 1 LT;NO PERECIBLE;2026-05-01;0;0;0;5
6059;NECTAR DE MANZANA NATURA TPK 1 LT;NO PERECIBLE;2026-06-01;4.91000012;2;4;6
6059;NECTAR DE MANZANA NATURA TPK 1 LT;NO PERECIBLE;2026-07-01;0;0;0;7
6069;SALCHICHA RANCHERA T1 FRITZ 300 GR;PERECIBLE;2026-01-01;0;0;0;1
6069;SALCHICHA RANCHERA T1 FRITZ 300 GR;PERECIBLE;2026-02-01;0;0;0;2
6069;SALCHICHA RANCHERA T1 FRITZ 300 GR;PERECIBLE;2026-03-01;0;0;0;3
6069;SALCHICHA RANCHERA T1 FRITZ 300 GR;PERECIBLE;2026-04-01;9.2826;2;3;4
6069;SALCHICHA RANCHERA T1 FRITZ 300 GR;PERECIBLE;2026-05-01;0;0;0;5
6069;SALCHICHA RANCHERA T1 FRITZ 300 GR;PERECIBLE;2026-06-01;0;0;0;6
6069;SALCHICHA RANCHERA T1 FRITZ 300 GR;PERECIBLE;2026-07-01;0;0;0;7
6090;JAMON FAMILIAR T3 LA CASTILLA 500 GR;PERECIBLE;2026-01-01;2233.8183;80;771;1
6090;JAMON FAMILIAR T3 LA CASTILLA 500 GR;PERECIBLE;2026-02-01;1523.9798;54;526;2
6090;JAMON FAMILIAR T3 LA CASTILLA 500 GR;PERECIBLE;2026-03-01;1781.8395;64;615;3
6090;JAMON FAMILIAR T3 LA CASTILLA 500 GR;PERECIBLE;2026-04-01;2262.7913;69;781;4
6090;JAMON FAMILIAR T3 LA CASTILLA 500 GR;PERECIBLE;2026-05-01;2312.0454;78;798;5
6090;JAMON FAMILIAR T3 LA CASTILLA 500 GR;PERECIBLE;2026-06-01;1639.8718;76;566;6
6090;JAMON FAMILIAR T3 LA CASTILLA 500 GR;PERECIBLE;2026-07-01;1124.1524;50;388;7
6093;CHORIZO PARRILLERO T1 DON DIEGO 1 KG;PERECIBLE;2026-01-01;35.226;2;6;1
6093;CHORIZO PARRILLERO T1 DON DIEGO 1 KG;PERECIBLE;2026-02-01;0;0;0;2
6093;CHORIZO PARRILLERO T1 DON DIEGO 1 KG;PERECIBLE;2026-03-01;0;0;0;3
6093;CHORIZO PARRILLERO T1 DON DIEGO 1 KG;PERECIBLE;2026-04-01;29.355;1;5;4
6093;CHORIZO PARRILLERO T1 DON DIEGO 1 KG;PERECIBLE;2026-05-01;0;0;0;5
6093;CHORIZO PARRILLERO T1 DON DIEGO 1 KG;PERECIBLE;2026-06-01;0;0;0;6
6093;CHORIZO PARRILLERO T1 DON DIEGO 1 KG;PERECIBLE;2026-07-01;0;0;0;7
6117;PEPPERONI T1 JURIS 200 GR;PERECIBLE;2026-01-01;10.28146252;2;4;1
6117;PEPPERONI T1 JURIS 200 GR;PERECIBLE;2026-02-01;0;0;0;2
6117;PEPPERONI T1 JURIS 200 GR;PERECIBLE;2026-03-01;0;0;0;3
6117;PEPPERONI T1 JURIS 200 GR;PERECIBLE;2026-04-01;0;0;0;4
6117;PEPPERONI T1 JURIS 200 GR;PERECIBLE;2026-05-01;0;0;0;5
6117;PEPPERONI T1 JURIS 200 GR;PERECIBLE;2026-06-01;0;0;0;6
6117;PEPPERONI T1 JURIS 200 GR;PERECIBLE;2026-07-01;0;0;0;7
6122;MORCILLA T1 JURIS 300 GR;PERECIBLE;2026-01-01;0;0;0;1
6122;MORCILLA T1 JURIS 300 GR;PERECIBLE;2026-02-01;0;0;0;2
6122;MORCILLA T1 JURIS 300 GR;PERECIBLE;2026-03-01;0;0;0;3
6122;MORCILLA T1 JURIS 300 GR;PERECIBLE;2026-04-01;0;0;0;4
6122;MORCILLA T1 JURIS 300 GR;PERECIBLE;2026-05-01;0;0;0;5
6122;MORCILLA T1 JURIS 300 GR;PERECIBLE;2026-06-01;2.1939;1;1;6
6122;MORCILLA T1 JURIS 300 GR;PERECIBLE;2026-07-01;0;0;0;7
6128;JAMON DE PIERNA T1 JURIS 200 GR;PERECIBLE;2026-01-01;11.536;2;4;1
6128;JAMON DE PIERNA T1 JURIS 200 GR;PERECIBLE;2026-02-01;0;0;0;2
6128;JAMON DE PIERNA T1 JURIS 200 GR;PERECIBLE;2026-03-01;11.536;4;4;3
6128;JAMON DE PIERNA T1 JURIS 200 GR;PERECIBLE;2026-04-01;0;0;0;4
6128;JAMON DE PIERNA T1 JURIS 200 GR;PERECIBLE;2026-05-01;23.072;4;8;5
6128;JAMON DE PIERNA T1 JURIS 200 GR;PERECIBLE;2026-06-01;0;0;0;6
6128;JAMON DE PIERNA T1 JURIS 200 GR;PERECIBLE;2026-07-01;0;0;0;7
6130;JAMON DE ESPALDA T1 JURIS 200 GR;PERECIBLE;2026-01-01;16.583;3;7;1
6130;JAMON DE ESPALDA T1 JURIS 200 GR;PERECIBLE;2026-02-01;21.321;4;9;2
6130;JAMON DE ESPALDA T1 JURIS 200 GR;PERECIBLE;2026-03-01;0;0;0;3
6130;JAMON DE ESPALDA T1 JURIS 200 GR;PERECIBLE;2026-04-01;0;0;0;4
6130;JAMON DE ESPALDA T1 JURIS 200 GR;PERECIBLE;2026-05-01;0;0;0;5
6130;JAMON DE ESPALDA T1 JURIS 200 GR;PERECIBLE;2026-06-01;0;0;0;6
6130;JAMON DE ESPALDA T1 JURIS 200 GR;PERECIBLE;2026-07-01;0;0;0;7
6133;JAMON DE PECHUGA DE PAVO T1 JURIS 200 GR;PERECIBLE;2026-01-01;3.1209;1;1;1
6133;JAMON DE PECHUGA DE PAVO T1 JURIS 200 GR;PERECIBLE;2026-02-01;0;0;0;2
6133;JAMON DE PECHUGA DE PAVO T1 JURIS 200 GR;PERECIBLE;2026-03-01;0;0;0;3
6133;JAMON DE PECHUGA DE PAVO T1 JURIS 200 GR;PERECIBLE;2026-04-01;0;0;0;4
6133;JAMON DE PECHUGA DE PAVO T1 JURIS 200 GR;PERECIBLE;2026-05-01;0;0;0;5
6133;JAMON DE PECHUGA DE PAVO T1 JURIS 200 GR;PERECIBLE;2026-06-01;0;0;0;6
6133;JAMON DE PECHUGA DE PAVO T1 JURIS 200 GR;PERECIBLE;2026-07-01;0;0;0;7
6175;CORVINA FILETES SUPERMAXI 910 GR;PERECIBLE;2026-01-01;0;0;0;1
6175;CORVINA FILETES SUPERMAXI 910 GR;PERECIBLE;2026-02-01;0;0;0;2
6175;CORVINA FILETES SUPERMAXI 910 GR;PERECIBLE;2026-03-01;0;0;0;3
6175;CORVINA FILETES SUPERMAXI 910 GR;PERECIBLE;2026-04-01;0;0;0;4
6175;CORVINA FILETES SUPERMAXI 910 GR;PERECIBLE;2026-05-01;0;0;0;5
6175;CORVINA FILETES SUPERMAXI 910 GR;PERECIBLE;2026-06-01;0;0;0;6
6175;CORVINA FILETES SUPERMAXI 910 GR;PERECIBLE;2026-07-01;35.1798;2;3;7
6264;RES HIGADO ENTERO CONGELADO;PERECIBLE;2026-01-01;0;0;0;1
6264;RES HIGADO ENTERO CONGELADO;PERECIBLE;2026-02-01;663.047814;6;53.79;2
6264;RES HIGADO ENTERO CONGELADO;PERECIBLE;2026-03-01;132.141152;1;10.72;3
6264;RES HIGADO ENTERO CONGELADO;PERECIBLE;2026-04-01;0;0;0;4
6264;RES HIGADO ENTERO CONGELADO;PERECIBLE;2026-05-01;0;0;0;5
6264;RES HIGADO ENTERO CONGELADO;PERECIBLE;2026-06-01;0;0;0;6
6264;RES HIGADO ENTERO CONGELADO;PERECIBLE;2026-07-01;0;0;0;7
6286;DV LIMPIADOR DESINFECTANTE SUMA BREAK UP CHLOR D3.4 BID 20LT;NO PERECIBLE;2026-01-01;0;0;0;1
6286;DV LIMPIADOR DESINFECTANTE SUMA BREAK UP CHLOR D3.4 BID 20LT;NO PERECIBLE;2026-02-01;88.8;1;1;2
6286;DV LIMPIADOR DESINFECTANTE SUMA BREAK UP CHLOR D3.4 BID 20LT;NO PERECIBLE;2026-03-01;88.8;1;1;3
6286;DV LIMPIADOR DESINFECTANTE SUMA BREAK UP CHLOR D3.4 BID 20LT;NO PERECIBLE;2026-04-01;88.8;1;1;4
6286;DV LIMPIADOR DESINFECTANTE SUMA BREAK UP CHLOR D3.4 BID 20LT;NO PERECIBLE;2026-05-01;0;0;0;5
6286;DV LIMPIADOR DESINFECTANTE SUMA BREAK UP CHLOR D3.4 BID 20LT;NO PERECIBLE;2026-06-01;88.8;1;1;6
6286;DV LIMPIADOR DESINFECTANTE SUMA BREAK UP CHLOR D3.4 BID 20LT;NO PERECIBLE;2026-07-01;88.8;1;1;7
6293;ATUN EN ACEITE GIRASOL DON SANCHO POUCH 1 KG;NO PERECIBLE;2026-01-01;5744.98638435;169;1149;1
6293;ATUN EN ACEITE GIRASOL DON SANCHO POUCH 1 KG;NO PERECIBLE;2026-02-01;6454.98470165;188;1291;2
6293;ATUN EN ACEITE GIRASOL DON SANCHO POUCH 1 KG;NO PERECIBLE;2026-03-01;9084.97846855;242;1817;3
6293;ATUN EN ACEITE GIRASOL DON SANCHO POUCH 1 KG;NO PERECIBLE;2026-04-01;6679.9841684;197;1336;4
6293;ATUN EN ACEITE GIRASOL DON SANCHO POUCH 1 KG;NO PERECIBLE;2026-05-01;7164.98301895;211;1433;5
6293;ATUN EN ACEITE GIRASOL DON SANCHO POUCH 1 KG;NO PERECIBLE;2026-06-01;6954.98351665;228;1391;6
6293;ATUN EN ACEITE GIRASOL DON SANCHO POUCH 1 KG;NO PERECIBLE;2026-07-01;6949.9835285;223;1390;7
6300;VASO 7ONZ CARTON IMPRESO HANASKA INSTITUCIONES X50 UND;NO PERECIBLE;2026-01-01;962;59;370;1
6300;VASO 7ONZ CARTON IMPRESO HANASKA INSTITUCIONES X50 UND;NO PERECIBLE;2026-02-01;1105;51;425;2
6300;VASO 7ONZ CARTON IMPRESO HANASKA INSTITUCIONES X50 UND;NO PERECIBLE;2026-03-01;1154.4;53;444;3
6300;VASO 7ONZ CARTON IMPRESO HANASKA INSTITUCIONES X50 UND;NO PERECIBLE;2026-04-01;1318.2;68;507;4
6300;VASO 7ONZ CARTON IMPRESO HANASKA INSTITUCIONES X50 UND;NO PERECIBLE;2026-05-01;1253.2;82;482;5
6300;VASO 7ONZ CARTON IMPRESO HANASKA INSTITUCIONES X50 UND;NO PERECIBLE;2026-06-01;1445.6;73;556;6
6300;VASO 7ONZ CARTON IMPRESO HANASKA INSTITUCIONES X50 UND;NO PERECIBLE;2026-07-01;1222;60;470;7
6301;VASO CARTON SIN TAPA IMPRESO HANASKA INSTITUCIONES 12 ONZ X 50 UND;NO PERECIBLE;2026-01-01;118.8;6;36;1
6301;VASO CARTON SIN TAPA IMPRESO HANASKA INSTITUCIONES 12 ONZ X 50 UND;NO PERECIBLE;2026-02-01;389.4;12;118;2
6301;VASO CARTON SIN TAPA IMPRESO HANASKA INSTITUCIONES 12 ONZ X 50 UND;NO PERECIBLE;2026-03-01;254.1;19;77;3
6301;VASO CARTON SIN TAPA IMPRESO HANASKA INSTITUCIONES 12 ONZ X 50 UND;NO PERECIBLE;2026-04-01;300.3;17;91;4
6301;VASO CARTON SIN TAPA IMPRESO HANASKA INSTITUCIONES 12 ONZ X 50 UND;NO PERECIBLE;2026-05-01;174.9;12;53;5
6301;VASO CARTON SIN TAPA IMPRESO HANASKA INSTITUCIONES 12 ONZ X 50 UND;NO PERECIBLE;2026-06-01;155.1;9;47;6
6301;VASO CARTON SIN TAPA IMPRESO HANASKA INSTITUCIONES 12 ONZ X 50 UND;NO PERECIBLE;2026-07-01;168.3;8;51;7
6303;LECHE SEMIDESCREMADA VITA FUNDA 900 ML;PERECIBLE;2026-01-01;614.55;45;723;1
6303;LECHE SEMIDESCREMADA VITA FUNDA 900 ML;PERECIBLE;2026-02-01;429.25;39;505;2
6303;LECHE SEMIDESCREMADA VITA FUNDA 900 ML;PERECIBLE;2026-03-01;501.5;49;590;3
6303;LECHE SEMIDESCREMADA VITA FUNDA 900 ML;PERECIBLE;2026-04-01;506.6;50;596;4
6303;LECHE SEMIDESCREMADA VITA FUNDA 900 ML;PERECIBLE;2026-05-01;480.25;49;565;5
6303;LECHE SEMIDESCREMADA VITA FUNDA 900 ML;PERECIBLE;2026-06-01;420.75;37;495;6
6303;LECHE SEMIDESCREMADA VITA FUNDA 900 ML;PERECIBLE;2026-07-01;374.85;39;441;7
6421;QUESO FETA FLORALP 250 GR;PERECIBLE;2026-01-01;0;0;0;1
6421;QUESO FETA FLORALP 250 GR;PERECIBLE;2026-02-01;0;0;0;2
6421;QUESO FETA FLORALP 250 GR;PERECIBLE;2026-03-01;18.3237;1;3;3
6421;QUESO FETA FLORALP 250 GR;PERECIBLE;2026-04-01;0;0;0;4
6421;QUESO FETA FLORALP 250 GR;PERECIBLE;2026-05-01;0;0;0;5
6421;QUESO FETA FLORALP 250 GR;PERECIBLE;2026-06-01;0;0;0;6
6421;QUESO FETA FLORALP 250 GR;PERECIBLE;2026-07-01;12.2158;2;2;7
6449;CHOCHOS SUPERMAXI 500 GR;FRUVER;2026-01-01;30.7661;5;29;1
6449;CHOCHOS SUPERMAXI 500 GR;FRUVER;2026-02-01;30.7661;7;29;2
6449;CHOCHOS SUPERMAXI 500 GR;FRUVER;2026-03-01;64.7149;13;61;3
6449;CHOCHOS SUPERMAXI 500 GR;FRUVER;2026-04-01;43.4969;7;41;4
6449;CHOCHOS SUPERMAXI 500 GR;FRUVER;2026-05-01;38.1924;10;36;5
6449;CHOCHOS SUPERMAXI 500 GR;FRUVER;2026-06-01;37.1315;9;35;6
6449;CHOCHOS SUPERMAXI 500 GR;FRUVER;2026-07-01;30.7661;9;29;7
6482;GALLETAS SANDUCHE GALAK NESTLE 87.5 GR;NO PERECIBLE;2026-01-01;169.505;8;290;1
6482;GALLETAS SANDUCHE GALAK NESTLE 87.5 GR;NO PERECIBLE;2026-02-01;73.0625;5;125;2
6482;GALLETAS SANDUCHE GALAK NESTLE 87.5 GR;NO PERECIBLE;2026-03-01;194.054;7;332;3
6482;GALLETAS SANDUCHE GALAK NESTLE 87.5 GR;NO PERECIBLE;2026-04-01;270.039;12;462;4
6482;GALLETAS SANDUCHE GALAK NESTLE 87.5 GR;NO PERECIBLE;2026-05-01;219.1875;14;375;5
6482;GALLETAS SANDUCHE GALAK NESTLE 87.5 GR;NO PERECIBLE;2026-06-01;469.938;12;804;6
6482;GALLETAS SANDUCHE GALAK NESTLE 87.5 GR;NO PERECIBLE;2026-07-01;487.473;20;834;7
6554;GALLETAS QUAKER AVENA Y PASAS 168 GR (6 X28 GR);NO PERECIBLE;2026-01-01;0;0;0;1
6554;GALLETAS QUAKER AVENA Y PASAS 168 GR (6 X28 GR);NO PERECIBLE;2026-02-01;12.3975;3;5;2
6554;GALLETAS QUAKER AVENA Y PASAS 168 GR (6 X28 GR);NO PERECIBLE;2026-03-01;29.754;4;12;3
6554;GALLETAS QUAKER AVENA Y PASAS 168 GR (6 X28 GR);NO PERECIBLE;2026-04-01;12.3975;3;5;4
6554;GALLETAS QUAKER AVENA Y PASAS 168 GR (6 X28 GR);NO PERECIBLE;2026-05-01;29.754;3;12;5
6554;GALLETAS QUAKER AVENA Y PASAS 168 GR (6 X28 GR);NO PERECIBLE;2026-06-01;24.795;4;10;6
6554;GALLETAS QUAKER AVENA Y PASAS 168 GR (6 X28 GR);NO PERECIBLE;2026-07-01;42.1515;4;17;7
6564;MARCADOR TIZA LIQUIDA VERDE PELIKAN;NO PERECIBLE;2026-01-01;4;5;8;1
6564;MARCADOR TIZA LIQUIDA VERDE PELIKAN;NO PERECIBLE;2026-02-01;0.5;1;1;2
6564;MARCADOR TIZA LIQUIDA VERDE PELIKAN;NO PERECIBLE;2026-03-01;7;10;14;3
6564;MARCADOR TIZA LIQUIDA VERDE PELIKAN;NO PERECIBLE;2026-04-01;4;4;8;4
6564;MARCADOR TIZA LIQUIDA VERDE PELIKAN;NO PERECIBLE;2026-05-01;3;6;6;5
6564;MARCADOR TIZA LIQUIDA VERDE PELIKAN;NO PERECIBLE;2026-06-01;7;4;14;6
6564;MARCADOR TIZA LIQUIDA VERDE PELIKAN;NO PERECIBLE;2026-07-01;3.5;4;7;7
6598;MINI ROSQUITAS TRENZADAS NATURALES SUPAN 40 GR;NO PERECIBLE;2026-01-01;117.78;7;302;1
6598;MINI ROSQUITAS TRENZADAS NATURALES SUPAN 40 GR;NO PERECIBLE;2026-02-01;48.75;5;125;2
6598;MINI ROSQUITAS TRENZADAS NATURALES SUPAN 40 GR;NO PERECIBLE;2026-03-01;231.66;10;594;3
6598;MINI ROSQUITAS TRENZADAS NATURALES SUPAN 40 GR;NO PERECIBLE;2026-04-01;113.88;6;292;4
6598;MINI ROSQUITAS TRENZADAS NATURALES SUPAN 40 GR;NO PERECIBLE;2026-05-01;179.79;9;461;5
6598;MINI ROSQUITAS TRENZADAS NATURALES SUPAN 40 GR;NO PERECIBLE;2026-06-01;69.42;4;178;6
6598;MINI ROSQUITAS TRENZADAS NATURALES SUPAN 40 GR;NO PERECIBLE;2026-07-01;135.33;8;347;7
6599;MINI ROSQUITAS INTEGRALES SUPAN 40 GR;NO PERECIBLE;2026-01-01;8.58;3;22;1
6599;MINI ROSQUITAS INTEGRALES SUPAN 40 GR;NO PERECIBLE;2026-02-01;9.75;2;25;2
6599;MINI ROSQUITAS INTEGRALES SUPAN 40 GR;NO PERECIBLE;2026-03-01;15.99;7;41;3
6599;MINI ROSQUITAS INTEGRALES SUPAN 40 GR;NO PERECIBLE;2026-04-01;14.04;8;36;4
6599;MINI ROSQUITAS INTEGRALES SUPAN 40 GR;NO PERECIBLE;2026-05-01;17.94;9;46;5
6599;MINI ROSQUITAS INTEGRALES SUPAN 40 GR;NO PERECIBLE;2026-06-01;20.28;7;52;6
6599;MINI ROSQUITAS INTEGRALES SUPAN 40 GR;NO PERECIBLE;2026-07-01;20.67;9;53;7
6611;PAPEL TOALLA DE MANOS HOJA SENCILLA INTERFOLIADA SCOTT ESSENTIAL X 150 (30228392);NO PERECIBLE;2026-01-01;579.6;79;483;1
6611;PAPEL TOALLA DE MANOS HOJA SENCILLA INTERFOLIADA SCOTT ESSENTIAL X 150 (30228392);NO PERECIBLE;2026-02-01;728.4;76;607;2
6611;PAPEL TOALLA DE MANOS HOJA SENCILLA INTERFOLIADA SCOTT ESSENTIAL X 150 (30228392);NO PERECIBLE;2026-03-01;756;80;630;3
6611;PAPEL TOALLA DE MANOS HOJA SENCILLA INTERFOLIADA SCOTT ESSENTIAL X 150 (30228392);NO PERECIBLE;2026-04-01;756;98;630;4
6611;PAPEL TOALLA DE MANOS HOJA SENCILLA INTERFOLIADA SCOTT ESSENTIAL X 150 (30228392);NO PERECIBLE;2026-05-01;704.4;84;587;5
6611;PAPEL TOALLA DE MANOS HOJA SENCILLA INTERFOLIADA SCOTT ESSENTIAL X 150 (30228392);NO PERECIBLE;2026-06-01;766.8;92;639;6
6611;PAPEL TOALLA DE MANOS HOJA SENCILLA INTERFOLIADA SCOTT ESSENTIAL X 150 (30228392);NO PERECIBLE;2026-07-01;846;98;705;7
6612;PAÑOS DE LIMPIEZA WYPALL AZUL REUTILIZABLES X80PLUS X 30 (30243107);NO PERECIBLE;2026-01-01;1115.1;166;189;1
6612;PAÑOS DE LIMPIEZA WYPALL AZUL REUTILIZABLES X80PLUS X 30 (30243107);NO PERECIBLE;2026-02-01;1056.1;159;179;2
6612;PAÑOS DE LIMPIEZA WYPALL AZUL REUTILIZABLES X80PLUS X 30 (30243107);NO PERECIBLE;2026-03-01;1180;165;200;3
6612;PAÑOS DE LIMPIEZA WYPALL AZUL REUTILIZABLES X80PLUS X 30 (30243107);NO PERECIBLE;2026-04-01;1221.3;181;207;4
6612;PAÑOS DE LIMPIEZA WYPALL AZUL REUTILIZABLES X80PLUS X 30 (30243107);NO PERECIBLE;2026-05-01;1333.4;191;226;5
6612;PAÑOS DE LIMPIEZA WYPALL AZUL REUTILIZABLES X80PLUS X 30 (30243107);NO PERECIBLE;2026-06-01;961.7;143;163;6
6612;PAÑOS DE LIMPIEZA WYPALL AZUL REUTILIZABLES X80PLUS X 30 (30243107);NO PERECIBLE;2026-07-01;1345.2;201;228;7
6613;PAÑOS DE LIMPIEZA ROJO REUTILIZABLES X80PLUS WYPALL X 30 (30243076);NO PERECIBLE;2026-01-01;1457.3;208;247;1
6613;PAÑOS DE LIMPIEZA ROJO REUTILIZABLES X80PLUS WYPALL X 30 (30243076);NO PERECIBLE;2026-02-01;1368.8;197;232;2
6613;PAÑOS DE LIMPIEZA ROJO REUTILIZABLES X80PLUS WYPALL X 30 (30243076);NO PERECIBLE;2026-03-01;1486.8;210;252;3
6613;PAÑOS DE LIMPIEZA ROJO REUTILIZABLES X80PLUS WYPALL X 30 (30243076);NO PERECIBLE;2026-04-01;1563.5;220;265;4
6613;PAÑOS DE LIMPIEZA ROJO REUTILIZABLES X80PLUS WYPALL X 30 (30243076);NO PERECIBLE;2026-05-01;1622.5;226;275;5
6613;PAÑOS DE LIMPIEZA ROJO REUTILIZABLES X80PLUS WYPALL X 30 (30243076);NO PERECIBLE;2026-06-01;1504.5;215;255;6
6613;PAÑOS DE LIMPIEZA ROJO REUTILIZABLES X80PLUS WYPALL X 30 (30243076);NO PERECIBLE;2026-07-01;713.9;100;121;7
6614;CHOCOLATE COBER N AMYEL 1 KG;NO PERECIBLE;2026-01-01;53.55;8;9;1
6614;CHOCOLATE COBER N AMYEL 1 KG;NO PERECIBLE;2026-02-01;29.75;4;5;2
6614;CHOCOLATE COBER N AMYEL 1 KG;NO PERECIBLE;2026-03-01;89.25;13;15;3
6614;CHOCOLATE COBER N AMYEL 1 KG;NO PERECIBLE;2026-04-01;113.05;12;19;4
6614;CHOCOLATE COBER N AMYEL 1 KG;NO PERECIBLE;2026-05-01;95.2;14;16;5
6614;CHOCOLATE COBER N AMYEL 1 KG;NO PERECIBLE;2026-06-01;101.15;13;17;6
6614;CHOCOLATE COBER N AMYEL 1 KG;NO PERECIBLE;2026-07-01;83.3;11;14;7
6615;CHAMPIÑON ENTERO BOTONCITO GUIPI LATA 180 GR;NO PERECIBLE;2026-01-01;50.61;5;30;1
6615;CHAMPIÑON ENTERO BOTONCITO GUIPI LATA 180 GR;NO PERECIBLE;2026-02-01;42.175;3;25;2
6615;CHAMPIÑON ENTERO BOTONCITO GUIPI LATA 180 GR;NO PERECIBLE;2026-03-01;53.984;4;32;3
6615;CHAMPIÑON ENTERO BOTONCITO GUIPI LATA 180 GR;NO PERECIBLE;2026-04-01;23.618;1;14;4
6615;CHAMPIÑON ENTERO BOTONCITO GUIPI LATA 180 GR;NO PERECIBLE;2026-05-01;28.679;3;17;5
6615;CHAMPIÑON ENTERO BOTONCITO GUIPI LATA 180 GR;NO PERECIBLE;2026-06-01;47.236;4;28;6
6615;CHAMPIÑON ENTERO BOTONCITO GUIPI LATA 180 GR;NO PERECIBLE;2026-07-01;0;0;0;7
6617;PASTEL MEXICANO REBANADO T1 C11 CASA GUILLO 1 KG;PERECIBLE;2026-01-01;39.06;3;7;1
6617;PASTEL MEXICANO REBANADO T1 C11 CASA GUILLO 1 KG;PERECIBLE;2026-02-01;27.9;3;5;2
6617;PASTEL MEXICANO REBANADO T1 C11 CASA GUILLO 1 KG;PERECIBLE;2026-03-01;33.48;3;6;3
6617;PASTEL MEXICANO REBANADO T1 C11 CASA GUILLO 1 KG;PERECIBLE;2026-04-01;5.58;1;1;4
6617;PASTEL MEXICANO REBANADO T1 C11 CASA GUILLO 1 KG;PERECIBLE;2026-05-01;22.32;3;4;5
6617;PASTEL MEXICANO REBANADO T1 C11 CASA GUILLO 1 KG;PERECIBLE;2026-06-01;33.48;5;6;6
6617;PASTEL MEXICANO REBANADO T1 C11 CASA GUILLO 1 KG;PERECIBLE;2026-07-01;22.32;3;4;7
6618;MORTADELA REBANADA T1 C11 CASA GUILLO 1KG;PERECIBLE;2026-01-01;214.13;12;49;1
6618;MORTADELA REBANADA T1 C11 CASA GUILLO 1KG;PERECIBLE;2026-02-01;253.46;16;58;2
6618;MORTADELA REBANADA T1 C11 CASA GUILLO 1KG;PERECIBLE;2026-03-01;275.31;18;63;3
6618;MORTADELA REBANADA T1 C11 CASA GUILLO 1KG;PERECIBLE;2026-04-01;279.68;18;64;4
6618;MORTADELA REBANADA T1 C11 CASA GUILLO 1KG;PERECIBLE;2026-05-01;240.35;15;55;5
6618;MORTADELA REBANADA T1 C11 CASA GUILLO 1KG;PERECIBLE;2026-06-01;332.12;18;76;6
6618;MORTADELA REBANADA T1 C11 CASA GUILLO 1KG;PERECIBLE;2026-07-01;292.79;19;67;7
6620;VINO ESPUMANTE FRUTAS MONT SANT 750 ML;NO PERECIBLE;2026-01-01;0;0;0;1
6620;VINO ESPUMANTE FRUTAS MONT SANT 750 ML;NO PERECIBLE;2026-02-01;0;0;0;2
6620;VINO ESPUMANTE FRUTAS MONT SANT 750 ML;NO PERECIBLE;2026-03-01;104.08920432;1;24;3
6620;VINO ESPUMANTE FRUTAS MONT SANT 750 ML;NO PERECIBLE;2026-04-01;0;0;0;4
6620;VINO ESPUMANTE FRUTAS MONT SANT 750 ML;NO PERECIBLE;2026-05-01;34.69640144;1;8;5
6620;VINO ESPUMANTE FRUTAS MONT SANT 750 ML;NO PERECIBLE;2026-06-01;43.3705018;2;10;6
6620;VINO ESPUMANTE FRUTAS MONT SANT 750 ML;NO PERECIBLE;2026-07-01;0;0;0;7
6649;CEREAL QUINOA MUNCH CHOCOLATE 30 GR;NO PERECIBLE;2026-01-01;57.6;8;144;1
6649;CEREAL QUINOA MUNCH CHOCOLATE 30 GR;NO PERECIBLE;2026-02-01;80.4;14;201;2
6649;CEREAL QUINOA MUNCH CHOCOLATE 30 GR;NO PERECIBLE;2026-03-01;167.6;17;419;3
6649;CEREAL QUINOA MUNCH CHOCOLATE 30 GR;NO PERECIBLE;2026-04-01;188.4;26;471;4
6649;CEREAL QUINOA MUNCH CHOCOLATE 30 GR;NO PERECIBLE;2026-05-01;88.4;17;221;5
6649;CEREAL QUINOA MUNCH CHOCOLATE 30 GR;NO PERECIBLE;2026-06-01;176.4;22;441;6
6649;CEREAL QUINOA MUNCH CHOCOLATE 30 GR;NO PERECIBLE;2026-07-01;218.4;28;546;7
6650;CEREAL QUINOA MUNCH CANELA 30 GR;NO PERECIBLE;2026-01-01;32.8;6;82;1
6650;CEREAL QUINOA MUNCH CANELA 30 GR;NO PERECIBLE;2026-02-01;12;3;30;2
6650;CEREAL QUINOA MUNCH CANELA 30 GR;NO PERECIBLE;2026-03-01;51.2;8;128;3
6650;CEREAL QUINOA MUNCH CANELA 30 GR;NO PERECIBLE;2026-04-01;27.2;5;68;4
6650;CEREAL QUINOA MUNCH CANELA 30 GR;NO PERECIBLE;2026-05-01;80.4;12;201;5
6650;CEREAL QUINOA MUNCH CANELA 30 GR;NO PERECIBLE;2026-06-01;87.2;11;218;6
6650;CEREAL QUINOA MUNCH CANELA 30 GR;NO PERECIBLE;2026-07-01;41.6;9;104;7
6651;CEREAL QUINOA MUNCH VAINILLA 30 GR;NO PERECIBLE;2026-01-01;38;4;95;1
6651;CEREAL QUINOA MUNCH VAINILLA 30 GR;NO PERECIBLE;2026-02-01;64;5;160;2
6651;CEREAL QUINOA MUNCH VAINILLA 30 GR;NO PERECIBLE;2026-03-01;47.2;8;118;3
6651;CEREAL QUINOA MUNCH VAINILLA 30 GR;NO PERECIBLE;2026-04-01;164.4;9;411;4
6651;CEREAL QUINOA MUNCH VAINILLA 30 GR;NO PERECIBLE;2026-05-01;184.4;14;461;5
6651;CEREAL QUINOA MUNCH VAINILLA 30 GR;NO PERECIBLE;2026-06-01;143.2;12;358;6
6651;CEREAL QUINOA MUNCH VAINILLA 30 GR;NO PERECIBLE;2026-07-01;145.2;15;363;7
6654;CEREZAS ROJAS HELIOS 410 GR;NO PERECIBLE;2026-01-01;108;9;27;1
6654;CEREZAS ROJAS HELIOS 410 GR;NO PERECIBLE;2026-02-01;1152;102;288;2
6654;CEREZAS ROJAS HELIOS 410 GR;NO PERECIBLE;2026-03-01;1712;116;428;3
6654;CEREZAS ROJAS HELIOS 410 GR;NO PERECIBLE;2026-04-01;1940;126;485;4
6654;CEREZAS ROJAS HELIOS 410 GR;NO PERECIBLE;2026-05-01;2208;122;552;5
6654;CEREZAS ROJAS HELIOS 410 GR;NO PERECIBLE;2026-06-01;1400;114;350;6
6654;CEREZAS ROJAS HELIOS 410 GR;NO PERECIBLE;2026-07-01;1112;103;278;7
6655;VASO PLASTICO CRISTALINO CON TAPA TIPO DOMO 12 ONZ X 100 UND;NO PERECIBLE;2026-01-01;171;16;18;1
6655;VASO PLASTICO CRISTALINO CON TAPA TIPO DOMO 12 ONZ X 100 UND;NO PERECIBLE;2026-02-01;152;15;16;2
6655;VASO PLASTICO CRISTALINO CON TAPA TIPO DOMO 12 ONZ X 100 UND;NO PERECIBLE;2026-03-01;171;15;18;3
6655;VASO PLASTICO CRISTALINO CON TAPA TIPO DOMO 12 ONZ X 100 UND;NO PERECIBLE;2026-04-01;142.5;15;15;4
6655;VASO PLASTICO CRISTALINO CON TAPA TIPO DOMO 12 ONZ X 100 UND;NO PERECIBLE;2026-05-01;123.5;11;13;5
6655;VASO PLASTICO CRISTALINO CON TAPA TIPO DOMO 12 ONZ X 100 UND;NO PERECIBLE;2026-06-01;123.5;10;13;6
6655;VASO PLASTICO CRISTALINO CON TAPA TIPO DOMO 12 ONZ X 100 UND;NO PERECIBLE;2026-07-01;19;2;2;7
6662;PAVO PECHUGA ENTERA CONGELADA POFASA (2-4) KG;PERECIBLE;2026-01-01;187.79201804;4;11;1
6662;PAVO PECHUGA ENTERA CONGELADA POFASA (2-4) KG;PERECIBLE;2026-02-01;307.29602952;6;18;2
6662;PAVO PECHUGA ENTERA CONGELADA POFASA (2-4) KG;PERECIBLE;2026-03-01;324.36803116;8;19;3
6662;PAVO PECHUGA ENTERA CONGELADA POFASA (2-4) KG;PERECIBLE;2026-04-01;34.14400328;1;2;4
6662;PAVO PECHUGA ENTERA CONGELADA POFASA (2-4) KG;PERECIBLE;2026-05-01;170.7200164;4;10;5
6662;PAVO PECHUGA ENTERA CONGELADA POFASA (2-4) KG;PERECIBLE;2026-06-01;170.7200164;6;10;6
6662;PAVO PECHUGA ENTERA CONGELADA POFASA (2-4) KG;PERECIBLE;2026-07-01;34.14400328;2;2;7
6664;ACEITE SABROFRITO 20 LT;NO PERECIBLE;2026-01-01;30030.5464074;404;902;1
6664;ACEITE SABROFRITO 20 LT;NO PERECIBLE;2026-02-01;29298.094056;389;880;2
6664;ACEITE SABROFRITO 20 LT;NO PERECIBLE;2026-03-01;30097.1329848;368;904;3
6664;ACEITE SABROFRITO 20 LT;NO PERECIBLE;2026-04-01;23105.5423578;217;694;4
6664;ACEITE SABROFRITO 20 LT;NO PERECIBLE;2026-05-01;22839.1960482;203;686;5
6664;ACEITE SABROFRITO 20 LT;NO PERECIBLE;2026-06-01;21673.9309437;156;651;6
6664;ACEITE SABROFRITO 20 LT;NO PERECIBLE;2026-07-01;21773.8108098;152;654;7
6677;ENERGIZANTE ORIGINAL V220 330 ML;NO PERECIBLE;2026-01-01;408.436;8;1006;1
6677;ENERGIZANTE ORIGINAL V220 330 ML;NO PERECIBLE;2026-02-01;354.032;6;872;2
6677;ENERGIZANTE ORIGINAL V220 330 ML;NO PERECIBLE;2026-03-01;555.408;9;1368;3
6677;ENERGIZANTE ORIGINAL V220 330 ML;NO PERECIBLE;2026-04-01;612.248;8;1508;4
6677;ENERGIZANTE ORIGINAL V220 330 ML;NO PERECIBLE;2026-05-01;807.94;10;1990;5
6677;ENERGIZANTE ORIGINAL V220 330 ML;NO PERECIBLE;2026-06-01;535.92;10;1320;6
6677;ENERGIZANTE ORIGINAL V220 330 ML;NO PERECIBLE;2026-07-01;654.472;10;1612;7
6680;CARAMELO SURTIDO EXTRA FUERTE JAAZZ 300 GR X100;NO PERECIBLE;2026-01-01;96.19437499;12;49;1
6680;CARAMELO SURTIDO EXTRA FUERTE JAAZZ 300 GR X100;NO PERECIBLE;2026-02-01;64.78396683;10;33;2
6680;CARAMELO SURTIDO EXTRA FUERTE JAAZZ 300 GR X100;NO PERECIBLE;2026-03-01;92.26807397;11;47;3
6680;CARAMELO SURTIDO EXTRA FUERTE JAAZZ 300 GR X100;NO PERECIBLE;2026-04-01;72.63656887;10;37;4
6680;CARAMELO SURTIDO EXTRA FUERTE JAAZZ 300 GR X100;NO PERECIBLE;2026-05-01;86.37862244;10;44;5
6680;CARAMELO SURTIDO EXTRA FUERTE JAAZZ 300 GR X100;NO PERECIBLE;2026-06-01;80.48917091;10;41;6
6680;CARAMELO SURTIDO EXTRA FUERTE JAAZZ 300 GR X100;NO PERECIBLE;2026-07-01;106.01012754;13;54;7
6745;TARRINA REDONDA SUPERMAXI (X 12);NO PERECIBLE;2026-01-01;0;0;0;1
6745;TARRINA REDONDA SUPERMAXI (X 12);NO PERECIBLE;2026-02-01;0;0;0;2
6745;TARRINA REDONDA SUPERMAXI (X 12);NO PERECIBLE;2026-03-01;0;0;0;3
6745;TARRINA REDONDA SUPERMAXI (X 12);NO PERECIBLE;2026-04-01;0;0;0;4
6745;TARRINA REDONDA SUPERMAXI (X 12);NO PERECIBLE;2026-05-01;0;0;0;5
6745;TARRINA REDONDA SUPERMAXI (X 12);NO PERECIBLE;2026-06-01;5.72727274;1;7;6
6745;TARRINA REDONDA SUPERMAXI (X 12);NO PERECIBLE;2026-07-01;0;0;0;7
6754;JAMON DE PAVO T1 SW JURIS 1 KG;PERECIBLE;2026-01-01;593.64;18;51;1
6754;JAMON DE PAVO T1 SW JURIS 1 KG;PERECIBLE;2026-02-01;582;17;50;2
6754;JAMON DE PAVO T1 SW JURIS 1 KG;PERECIBLE;2026-03-01;651.84;20;56;3
6754;JAMON DE PAVO T1 SW JURIS 1 KG;PERECIBLE;2026-04-01;640.2;22;55;4
6754;JAMON DE PAVO T1 SW JURIS 1 KG;PERECIBLE;2026-05-01;500.52;15;43;5
6754;JAMON DE PAVO T1 SW JURIS 1 KG;PERECIBLE;2026-06-01;1059.24;24;91;6
6754;JAMON DE PAVO T1 SW JURIS 1 KG;PERECIBLE;2026-07-01;512.16;14;44;7
6756;SALCHICHA RANCHERA T1 JURIS 1 KG X50;PERECIBLE;2026-01-01;86.16;10;12;1
6756;SALCHICHA RANCHERA T1 JURIS 1 KG X50;PERECIBLE;2026-02-01;100.52;10;14;2
6756;SALCHICHA RANCHERA T1 JURIS 1 KG X50;PERECIBLE;2026-03-01;64.62;9;9;3
6756;SALCHICHA RANCHERA T1 JURIS 1 KG X50;PERECIBLE;2026-04-01;64.62;7;9;4
6756;SALCHICHA RANCHERA T1 JURIS 1 KG X50;PERECIBLE;2026-05-01;57.44;6;8;5
6756;SALCHICHA RANCHERA T1 JURIS 1 KG X50;PERECIBLE;2026-06-01;100.52;10;14;6
6756;SALCHICHA RANCHERA T1 JURIS 1 KG X50;PERECIBLE;2026-07-01;57.44;8;8;7
6757;MANI CLASICO MANICRIS 168 GR (6 X28 GR);NO PERECIBLE;2026-01-01;193.75;19;155;1
6757;MANI CLASICO MANICRIS 168 GR (6 X28 GR);NO PERECIBLE;2026-02-01;353.75;24;283;2
6757;MANI CLASICO MANICRIS 168 GR (6 X28 GR);NO PERECIBLE;2026-03-01;357.5;34;286;3
6757;MANI CLASICO MANICRIS 168 GR (6 X28 GR);NO PERECIBLE;2026-04-01;292.5;35;234;4
6757;MANI CLASICO MANICRIS 168 GR (6 X28 GR);NO PERECIBLE;2026-05-01;343.75;36;275;5
6757;MANI CLASICO MANICRIS 168 GR (6 X28 GR);NO PERECIBLE;2026-06-01;290;34;232;6
6757;MANI CLASICO MANICRIS 168 GR (6 X28 GR);NO PERECIBLE;2026-07-01;378.75;37;303;7
6771;ACEITE DANOLIN MAY 20 LT;NO PERECIBLE;2026-01-01;179.4;5;5;1
6771;ACEITE DANOLIN MAY 20 LT;NO PERECIBLE;2026-02-01;143.52;4;4;2
6771;ACEITE DANOLIN MAY 20 LT;NO PERECIBLE;2026-03-01;143.52;4;4;3
6771;ACEITE DANOLIN MAY 20 LT;NO PERECIBLE;2026-04-01;107.64;3;3;4
6771;ACEITE DANOLIN MAY 20 LT;NO PERECIBLE;2026-05-01;143.52;4;4;5
6771;ACEITE DANOLIN MAY 20 LT;NO PERECIBLE;2026-06-01;143.52;4;4;6
6771;ACEITE DANOLIN MAY 20 LT;NO PERECIBLE;2026-07-01;71.76;2;2;7
6902;ARROZ ENVEJECIDO GOOD RICES MACAREÑO 45.36 KG;NO PERECIBLE;2026-01-01;0;0;0;1
6902;ARROZ ENVEJECIDO GOOD RICES MACAREÑO 45.36 KG;NO PERECIBLE;2026-02-01;0;0;0;2
6902;ARROZ ENVEJECIDO GOOD RICES MACAREÑO 45.36 KG;NO PERECIBLE;2026-03-01;4148;41;122;3
6902;ARROZ ENVEJECIDO GOOD RICES MACAREÑO 45.36 KG;NO PERECIBLE;2026-04-01;55658;486;1637;4
6902;ARROZ ENVEJECIDO GOOD RICES MACAREÑO 45.36 KG;NO PERECIBLE;2026-05-01;58684;501;1726;5
6902;ARROZ ENVEJECIDO GOOD RICES MACAREÑO 45.36 KG;NO PERECIBLE;2026-06-01;61914;523;1821;6
6902;ARROZ ENVEJECIDO GOOD RICES MACAREÑO 45.36 KG;NO PERECIBLE;2026-07-01;57358;473;1687;7
6904;YOGURT SEMI MORA DULACS VASO 150 GR;PERECIBLE;2026-01-01;28.12;5;76;1
6904;YOGURT SEMI MORA DULACS VASO 150 GR;PERECIBLE;2026-02-01;45.51;5;123;2
6904;YOGURT SEMI MORA DULACS VASO 150 GR;PERECIBLE;2026-03-01;69.19;7;187;3
6904;YOGURT SEMI MORA DULACS VASO 150 GR;PERECIBLE;2026-04-01;40.33;4;109;4
6904;YOGURT SEMI MORA DULACS VASO 150 GR;PERECIBLE;2026-05-01;12.21;2;33;5
6904;YOGURT SEMI MORA DULACS VASO 150 GR;PERECIBLE;2026-06-01;11.47;1;31;6
6904;YOGURT SEMI MORA DULACS VASO 150 GR;PERECIBLE;2026-07-01;91.02;5;246;7
6908;SERVILLETA SUAVE GOLD 1HOJA 33X34 X200;NO PERECIBLE;2026-01-01;93.72;7;33;1
6908;SERVILLETA SUAVE GOLD 1HOJA 33X34 X200;NO PERECIBLE;2026-02-01;150.52;8;53;2
6908;SERVILLETA SUAVE GOLD 1HOJA 33X34 X200;NO PERECIBLE;2026-03-01;110.76;6;39;3
6908;SERVILLETA SUAVE GOLD 1HOJA 33X34 X200;NO PERECIBLE;2026-04-01;99.4;8;35;4
6908;SERVILLETA SUAVE GOLD 1HOJA 33X34 X200;NO PERECIBLE;2026-05-01;79.52;8;28;5
6908;SERVILLETA SUAVE GOLD 1HOJA 33X34 X200;NO PERECIBLE;2026-06-01;34.08;5;12;6
6908;SERVILLETA SUAVE GOLD 1HOJA 33X34 X200;NO PERECIBLE;2026-07-01;0;0;0;7
6909;FIBRA VERDE LUSTRE;NO PERECIBLE;2026-01-01;332.28;700;3692;1
6909;FIBRA VERDE LUSTRE;NO PERECIBLE;2026-02-01;335.7;676;3730;2
6909;FIBRA VERDE LUSTRE;NO PERECIBLE;2026-03-01;400.23;762;4447;3
6909;FIBRA VERDE LUSTRE;NO PERECIBLE;2026-04-01;407.25;782;4525;4
6909;FIBRA VERDE LUSTRE;NO PERECIBLE;2026-05-01;388.62;751;4318;5
6909;FIBRA VERDE LUSTRE;NO PERECIBLE;2026-06-01;394.83;739;4387;6
6909;FIBRA VERDE LUSTRE;NO PERECIBLE;2026-07-01;394.47;764;4383;7
6910;ESPONJA DE ACERO LUSTRE X3;NO PERECIBLE;2026-01-01;33.77;143;307;1
6910;ESPONJA DE ACERO LUSTRE X3;NO PERECIBLE;2026-02-01;30.25;125;275;2
6910;ESPONJA DE ACERO LUSTRE X3;NO PERECIBLE;2026-03-01;32.23;131;293;3
6910;ESPONJA DE ACERO LUSTRE X3;NO PERECIBLE;2026-04-01;33.33;128;303;4
6910;ESPONJA DE ACERO LUSTRE X3;NO PERECIBLE;2026-05-01;35.75;130;325;5
6910;ESPONJA DE ACERO LUSTRE X3;NO PERECIBLE;2026-06-01;30.03;125;273;6
6910;ESPONJA DE ACERO LUSTRE X3;NO PERECIBLE;2026-07-01;31.24;133;284;7
6911;ESPONJA SALVAUÑAS LUSTRE;NO PERECIBLE;2026-01-01;327.18;358;1558;1
6911;ESPONJA SALVAUÑAS LUSTRE;NO PERECIBLE;2026-02-01;336.42;340;1602;2
6911;ESPONJA SALVAUÑAS LUSTRE;NO PERECIBLE;2026-03-01;425.25;377;2025;3
6911;ESPONJA SALVAUÑAS LUSTRE;NO PERECIBLE;2026-04-01;378.84;393;1804;4
6911;ESPONJA SALVAUÑAS LUSTRE;NO PERECIBLE;2026-05-01;389.76;395;1856;5
6911;ESPONJA SALVAUÑAS LUSTRE;NO PERECIBLE;2026-06-01;354.06;384;1686;6
6911;ESPONJA SALVAUÑAS LUSTRE;NO PERECIBLE;2026-07-01;378.21;428;1801;7
6967;KIT PLASTICO BLANCO / NEGRO CUCHARA + TENEDOR + CUCHILLO + SERVILLETA;NO PERECIBLE;2026-01-01;181.76;29;2272;1
6967;KIT PLASTICO BLANCO / NEGRO CUCHARA + TENEDOR + CUCHILLO + SERVILLETA;NO PERECIBLE;2026-02-01;252.24;33;3153;2
6967;KIT PLASTICO BLANCO / NEGRO CUCHARA + TENEDOR + CUCHILLO + SERVILLETA;NO PERECIBLE;2026-03-01;364.88;33;4561;3
6967;KIT PLASTICO BLANCO / NEGRO CUCHARA + TENEDOR + CUCHILLO + SERVILLETA;NO PERECIBLE;2026-04-01;480.56;50;6007;4
6967;KIT PLASTICO BLANCO / NEGRO CUCHARA + TENEDOR + CUCHILLO + SERVILLETA;NO PERECIBLE;2026-05-01;407.92;41;5099;5
6967;KIT PLASTICO BLANCO / NEGRO CUCHARA + TENEDOR + CUCHILLO + SERVILLETA;NO PERECIBLE;2026-06-01;344;47;4300;6
6967;KIT PLASTICO BLANCO / NEGRO CUCHARA + TENEDOR + CUCHILLO + SERVILLETA;NO PERECIBLE;2026-07-01;305.92;45;3824;7
6979;ALCOHOL INDUSTRIAL OZZ AL 72° GL;NO PERECIBLE;2026-01-01;73.28;6;8;1
6979;ALCOHOL INDUSTRIAL OZZ AL 72° GL;NO PERECIBLE;2026-02-01;164.88;12;18;2
6979;ALCOHOL INDUSTRIAL OZZ AL 72° GL;NO PERECIBLE;2026-03-01;73.28;8;8;3
6979;ALCOHOL INDUSTRIAL OZZ AL 72° GL;NO PERECIBLE;2026-04-01;155.72;9;17;4
6979;ALCOHOL INDUSTRIAL OZZ AL 72° GL;NO PERECIBLE;2026-05-01;174.04;12;19;5
6979;ALCOHOL INDUSTRIAL OZZ AL 72° GL;NO PERECIBLE;2026-06-01;100.76;8;11;6
6979;ALCOHOL INDUSTRIAL OZZ AL 72° GL;NO PERECIBLE;2026-07-01;183.2;14;20;7
6980;ARROZ CEBADA 500 GR;NO PERECIBLE;2026-01-01;507;199;845;1
6980;ARROZ CEBADA 500 GR;NO PERECIBLE;2026-02-01;528.6;178;881;2
6980;ARROZ CEBADA 500 GR;NO PERECIBLE;2026-03-01;543;211;905;3
6980;ARROZ CEBADA 500 GR;NO PERECIBLE;2026-04-01;543.6;212;906;4
6980;ARROZ CEBADA 500 GR;NO PERECIBLE;2026-05-01;93;42;155;5
6980;ARROZ CEBADA 500 GR;NO PERECIBLE;2026-06-01;0;0;0;6
6980;ARROZ CEBADA 500 GR;NO PERECIBLE;2026-07-01;164.4;82;274;7
6981;HARINA DE ARVEJA 500 GR;NO PERECIBLE;2026-01-01;120.45;40;219;1
6981;HARINA DE ARVEJA 500 GR;NO PERECIBLE;2026-02-01;127.05;40;231;2
6981;HARINA DE ARVEJA 500 GR;NO PERECIBLE;2026-03-01;116.05;40;211;3
6981;HARINA DE ARVEJA 500 GR;NO PERECIBLE;2026-04-01;92.95;41;169;4
6981;HARINA DE ARVEJA 500 GR;NO PERECIBLE;2026-05-01;103.95;43;189;5
6981;HARINA DE ARVEJA 500 GR;NO PERECIBLE;2026-06-01;90.2;35;164;6
6981;HARINA DE ARVEJA 500 GR;NO PERECIBLE;2026-07-01;144.1;43;262;7
6982;HARINA DE PLATANO 500 GR;NO PERECIBLE;2026-01-01;176.4;83;294;1
6982;HARINA DE PLATANO 500 GR;NO PERECIBLE;2026-02-01;173.4;77;289;2
6982;HARINA DE PLATANO 500 GR;NO PERECIBLE;2026-03-01;220.2;91;367;3
6982;HARINA DE PLATANO 500 GR;NO PERECIBLE;2026-04-01;234.6;84;391;4
6982;HARINA DE PLATANO 500 GR;NO PERECIBLE;2026-05-01;197.4;85;329;5
6982;HARINA DE PLATANO 500 GR;NO PERECIBLE;2026-06-01;252;93;420;6
6982;HARINA DE PLATANO 500 GR;NO PERECIBLE;2026-07-01;181.8;84;303;7
6983;MACHICA 500 GR;NO PERECIBLE;2026-01-01;224.64;94;416;1
6983;MACHICA 500 GR;NO PERECIBLE;2026-02-01;199.8;80;370;2
6983;MACHICA 500 GR;NO PERECIBLE;2026-03-01;251.1;100;465;3
6983;MACHICA 500 GR;NO PERECIBLE;2026-04-01;223.02;95;413;4
6983;MACHICA 500 GR;NO PERECIBLE;2026-05-01;165.24;76;306;5
6983;MACHICA 500 GR;NO PERECIBLE;2026-06-01;255.96;109;474;6
6983;MACHICA 500 GR;NO PERECIBLE;2026-07-01;237.6;90;440;7
6993;QUESO MOZZARELLA KIOSKO CORTADO BLOQUE 2.7 KG;PERECIBLE;2026-01-01;134.36;2;4;1
6993;QUESO MOZZARELLA KIOSKO CORTADO BLOQUE 2.7 KG;PERECIBLE;2026-02-01;167.95;3;5;2
6993;QUESO MOZZARELLA KIOSKO CORTADO BLOQUE 2.7 KG;PERECIBLE;2026-03-01;167.95;3;5;3
6993;QUESO MOZZARELLA KIOSKO CORTADO BLOQUE 2.7 KG;PERECIBLE;2026-04-01;167.95;3;5;4
6993;QUESO MOZZARELLA KIOSKO CORTADO BLOQUE 2.7 KG;PERECIBLE;2026-05-01;100.77;2;3;5
6993;QUESO MOZZARELLA KIOSKO CORTADO BLOQUE 2.7 KG;PERECIBLE;2026-06-01;33.59;1;1;6
6993;QUESO MOZZARELLA KIOSKO CORTADO BLOQUE 2.7 KG;PERECIBLE;2026-07-01;0;0;0;7
6994;NECTAR DE DURAZNO NATURA TETRAPACK 225 ML;NO PERECIBLE;2026-01-01;85.1781;8;329;1
6994;NECTAR DE DURAZNO NATURA TETRAPACK 225 ML;NO PERECIBLE;2026-02-01;37.5405;5;145;2
6994;NECTAR DE DURAZNO NATURA TETRAPACK 225 ML;NO PERECIBLE;2026-03-01;116.2461;8;449;3
6994;NECTAR DE DURAZNO NATURA TETRAPACK 225 ML;NO PERECIBLE;2026-04-01;76.1166;7;294;4
6994;NECTAR DE DURAZNO NATURA TETRAPACK 225 ML;NO PERECIBLE;2026-05-01;185.1135;14;715;5
6994;NECTAR DE DURAZNO NATURA TETRAPACK 225 ML;NO PERECIBLE;2026-06-01;121.1652;9;468;6
6994;NECTAR DE DURAZNO NATURA TETRAPACK 225 ML;NO PERECIBLE;2026-07-01;146.0196;9;564;7
6995;NECTAR DE NARANJA NATURA TETRAPACK 225 ML;NO PERECIBLE;2026-01-01;182.0067;14;703;1
6995;NECTAR DE NARANJA NATURA TETRAPACK 225 ML;NO PERECIBLE;2026-02-01;202.2009;12;781;2
6995;NECTAR DE NARANJA NATURA TETRAPACK 225 ML;NO PERECIBLE;2026-03-01;316.8936;20;1224;3
6995;NECTAR DE NARANJA NATURA TETRAPACK 225 ML;NO PERECIBLE;2026-04-01;453.5928;23;1752;4
6995;NECTAR DE NARANJA NATURA TETRAPACK 225 ML;NO PERECIBLE;2026-05-01;235.0812;18;908;5
6995;NECTAR DE NARANJA NATURA TETRAPACK 225 ML;NO PERECIBLE;2026-06-01;270.8094;18;1046;6
6995;NECTAR DE NARANJA NATURA TETRAPACK 225 ML;NO PERECIBLE;2026-07-01;257.0877;23;993;7
6997;CEREZAS ROJAS RUBINO 250 GR;NO PERECIBLE;2026-01-01;1244.06186496;121;512;1
6997;CEREZAS ROJAS RUBINO 250 GR;NO PERECIBLE;2026-02-01;148.21830813;16;61;2
6997;CEREZAS ROJAS RUBINO 250 GR;NO PERECIBLE;2026-03-01;0;0;0;3
6997;CEREZAS ROJAS RUBINO 250 GR;NO PERECIBLE;2026-04-01;0;0;0;4
6997;CEREZAS ROJAS RUBINO 250 GR;NO PERECIBLE;2026-05-01;0;0;0;5
6997;CEREZAS ROJAS RUBINO 250 GR;NO PERECIBLE;2026-06-01;0;0;0;6
6997;CEREZAS ROJAS RUBINO 250 GR;NO PERECIBLE;2026-07-01;0;0;0;7
7000;MASCARILLA DESECHABLE ART X 50;NO PERECIBLE;2026-01-01;478.59;237;371;1
7000;MASCARILLA DESECHABLE ART X 50;NO PERECIBLE;2026-02-01;398.61;201;309;2
7000;MASCARILLA DESECHABLE ART X 50;NO PERECIBLE;2026-03-01;506.97;243;393;3
7000;MASCARILLA DESECHABLE ART X 50;NO PERECIBLE;2026-04-01;544.38;268;422;4
7000;MASCARILLA DESECHABLE ART X 50;NO PERECIBLE;2026-05-01;539.22;260;418;5
7000;MASCARILLA DESECHABLE ART X 50;NO PERECIBLE;2026-06-01;525.03;260;407;6
7000;MASCARILLA DESECHABLE ART X 50;NO PERECIBLE;2026-07-01;521.16;254;404;7
7005;JAMON DE POLLO T1 16X13 CASA GUILLO 1 KG;PERECIBLE;2026-01-01;226.8;13;27;1
7005;JAMON DE POLLO T1 16X13 CASA GUILLO 1 KG;PERECIBLE;2026-02-01;310.8;19;37;2
7005;JAMON DE POLLO T1 16X13 CASA GUILLO 1 KG;PERECIBLE;2026-03-01;378;20;45;3
7005;JAMON DE POLLO T1 16X13 CASA GUILLO 1 KG;PERECIBLE;2026-04-01;403.2;24;48;4
7005;JAMON DE POLLO T1 16X13 CASA GUILLO 1 KG;PERECIBLE;2026-05-01;378;23;45;5
7005;JAMON DE POLLO T1 16X13 CASA GUILLO 1 KG;PERECIBLE;2026-06-01;579.6;29;69;6
7005;JAMON DE POLLO T1 16X13 CASA GUILLO 1 KG;PERECIBLE;2026-07-01;420;23;50;7
7006;VASO PLASTICO CON TAPA 8 ONZ X 100 UND;NO PERECIBLE;2026-01-01;174.77574208;9;32;1
7006;VASO PLASTICO CON TAPA 8 ONZ X 100 UND;NO PERECIBLE;2026-02-01;136.5435485;7;25;2
7006;VASO PLASTICO CON TAPA 8 ONZ X 100 UND;NO PERECIBLE;2026-03-01;158.39051626;12;29;3
7006;VASO PLASTICO CON TAPA 8 ONZ X 100 UND;NO PERECIBLE;2026-04-01;316.78103252;19;58;4
7006;VASO PLASTICO CON TAPA 8 ONZ X 100 UND;NO PERECIBLE;2026-05-01;169.31400014;14;31;5
7006;VASO PLASTICO CON TAPA 8 ONZ X 100 UND;NO PERECIBLE;2026-06-01;109.2348388;9;20;6
7006;VASO PLASTICO CON TAPA 8 ONZ X 100 UND;NO PERECIBLE;2026-07-01;27.3087097;3;5;7
7007;PAPEL HIGIENICO DOBLE HOJA 30 MT TORK;NO PERECIBLE;2026-01-01;0;0;0;1
7007;PAPEL HIGIENICO DOBLE HOJA 30 MT TORK;NO PERECIBLE;2026-02-01;0;0;0;2
7007;PAPEL HIGIENICO DOBLE HOJA 30 MT TORK;NO PERECIBLE;2026-03-01;0;0;0;3
7007;PAPEL HIGIENICO DOBLE HOJA 30 MT TORK;NO PERECIBLE;2026-04-01;1972.68;137;5802;4
7007;PAPEL HIGIENICO DOBLE HOJA 30 MT TORK;NO PERECIBLE;2026-05-01;1687.08;131;4962;5
7007;PAPEL HIGIENICO DOBLE HOJA 30 MT TORK;NO PERECIBLE;2026-06-01;310.42;49;913;6
7007;PAPEL HIGIENICO DOBLE HOJA 30 MT TORK;NO PERECIBLE;2026-07-01;114.24;23;336;7
7018;NECTAR DE DURAZNO DEL VALLE TETRAPACK 250 ML;NO PERECIBLE;2026-01-01;113.26512851;15;421;1
7018;NECTAR DE DURAZNO DEL VALLE TETRAPACK 250 ML;NO PERECIBLE;2026-02-01;150.6614536;12;560;2
7018;NECTAR DE DURAZNO DEL VALLE TETRAPACK 250 ML;NO PERECIBLE;2026-03-01;100.88936625;13;375;3
7018;NECTAR DE DURAZNO DEL VALLE TETRAPACK 250 ML;NO PERECIBLE;2026-04-01;242.67255562;12;902;4
7018;NECTAR DE DURAZNO DEL VALLE TETRAPACK 250 ML;NO PERECIBLE;2026-05-01;74.79265018;10;278;5
7018;NECTAR DE DURAZNO DEL VALLE TETRAPACK 250 ML;NO PERECIBLE;2026-06-01;146.35684064;13;544;6
7018;NECTAR DE DURAZNO DEL VALLE TETRAPACK 250 ML;NO PERECIBLE;2026-07-01;109.76763048;5;408;7
7019;NECTAR DE NARANJA DEL VALLE TPK 250 ML;NO PERECIBLE;2026-01-01;173.2329;7;639;1
7019;NECTAR DE NARANJA DEL VALLE TPK 250 ML;NO PERECIBLE;2026-02-01;120.3684;6;444;2
7019;NECTAR DE NARANJA DEL VALLE TPK 250 ML;NO PERECIBLE;2026-03-01;153.9848;8;568;3
7019;NECTAR DE NARANJA DEL VALLE TPK 250 ML;NO PERECIBLE;2026-04-01;29.0077;3;107;4
7019;NECTAR DE NARANJA DEL VALLE TPK 250 ML;NO PERECIBLE;2026-05-01;172.1485;9;635;5
7019;NECTAR DE NARANJA DEL VALLE TPK 250 ML;NO PERECIBLE;2026-06-01;239.1102;9;882;6
7019;NECTAR DE NARANJA DEL VALLE TPK 250 ML;NO PERECIBLE;2026-07-01;61.8108;5;228;7
7020;FUNDA HAMBURGUESA ANTIGRASA CUADROS 40MICRAS (18X18CM) X100;NO PERECIBLE;2026-01-01;60.27;8;35;1
7020;FUNDA HAMBURGUESA ANTIGRASA CUADROS 40MICRAS (18X18CM) X100;NO PERECIBLE;2026-02-01;6.888;4;4;2
7020;FUNDA HAMBURGUESA ANTIGRASA CUADROS 40MICRAS (18X18CM) X100;NO PERECIBLE;2026-03-01;3.444;2;2;3
7020;FUNDA HAMBURGUESA ANTIGRASA CUADROS 40MICRAS (18X18CM) X100;NO PERECIBLE;2026-04-01;41.328;12;24;4
7020;FUNDA HAMBURGUESA ANTIGRASA CUADROS 40MICRAS (18X18CM) X100;NO PERECIBLE;2026-05-01;65.436;17;38;5
7020;FUNDA HAMBURGUESA ANTIGRASA CUADROS 40MICRAS (18X18CM) X100;NO PERECIBLE;2026-06-01;94.71;20;55;6
7020;FUNDA HAMBURGUESA ANTIGRASA CUADROS 40MICRAS (18X18CM) X100;NO PERECIBLE;2026-07-01;123.984;21;72;7
7031;MOSTAZA MARCELLOS DOYPACK 200 GR;NO PERECIBLE;2026-01-01;37.03;21;46;1
7031;MOSTAZA MARCELLOS DOYPACK 200 GR;NO PERECIBLE;2026-02-01;55.545;19;69;2
7031;MOSTAZA MARCELLOS DOYPACK 200 GR;NO PERECIBLE;2026-03-01;127.19;32;158;3
7031;MOSTAZA MARCELLOS DOYPACK 200 GR;NO PERECIBLE;2026-04-01;87.745;27;109;4
7031;MOSTAZA MARCELLOS DOYPACK 200 GR;NO PERECIBLE;2026-05-01;103.04;35;128;5
7031;MOSTAZA MARCELLOS DOYPACK 200 GR;NO PERECIBLE;2026-06-01;119.945;27;149;6
7031;MOSTAZA MARCELLOS DOYPACK 200 GR;NO PERECIBLE;2026-07-01;105.455;30;131;7
7039;PAPA DE MESA LAVADA TIPO CHAUCHA 1 KG;FRUVER;2026-01-01;1750.4515;354;5001.29;1
7039;PAPA DE MESA LAVADA TIPO CHAUCHA 1 KG;FRUVER;2026-02-01;1540.0945;343;4400.27;2
7039;PAPA DE MESA LAVADA TIPO CHAUCHA 1 KG;FRUVER;2026-03-01;1602.636;366;4578.96;3
7039;PAPA DE MESA LAVADA TIPO CHAUCHA 1 KG;FRUVER;2026-04-01;1770.0585;359;5057.31;4
7039;PAPA DE MESA LAVADA TIPO CHAUCHA 1 KG;FRUVER;2026-05-01;1290.499;328;3687.14;5
7039;PAPA DE MESA LAVADA TIPO CHAUCHA 1 KG;FRUVER;2026-06-01;1732.829;372;4950.94;6
7039;PAPA DE MESA LAVADA TIPO CHAUCHA 1 KG;FRUVER;2026-07-01;1330.161;324;3800.46;7
7072;TAJAPAN BLANCO FAM MODERNA 550 GR X20;NO PERECIBLE;2026-01-01;176.66;24;121;1
7072;TAJAPAN BLANCO FAM MODERNA 550 GR X20;NO PERECIBLE;2026-02-01;163.52;27;112;2
7072;TAJAPAN BLANCO FAM MODERNA 550 GR X20;NO PERECIBLE;2026-03-01;210.24;37;144;3
7072;TAJAPAN BLANCO FAM MODERNA 550 GR X20;NO PERECIBLE;2026-04-01;192.72;33;132;4
7072;TAJAPAN BLANCO FAM MODERNA 550 GR X20;NO PERECIBLE;2026-05-01;316.82;25;217;5
7072;TAJAPAN BLANCO FAM MODERNA 550 GR X20;NO PERECIBLE;2026-06-01;226.3;29;155;6
7072;TAJAPAN BLANCO FAM MODERNA 550 GR X20;NO PERECIBLE;2026-07-01;86.14;19;59;7
7076;SALSA CHINA DE SOYA ORIENTAL 3.79 LT;NO PERECIBLE;2026-01-01;973.75;29;82;1
7076;SALSA CHINA DE SOYA ORIENTAL 3.79 LT;NO PERECIBLE;2026-02-01;558.125;25;47;2
7076;SALSA CHINA DE SOYA ORIENTAL 3.79 LT;NO PERECIBLE;2026-03-01;843.125;32;71;3
7076;SALSA CHINA DE SOYA ORIENTAL 3.79 LT;NO PERECIBLE;2026-04-01;712.5;40;60;4
7076;SALSA CHINA DE SOYA ORIENTAL 3.79 LT;NO PERECIBLE;2026-05-01;712.5;36;60;5
7076;SALSA CHINA DE SOYA ORIENTAL 3.79 LT;NO PERECIBLE;2026-06-01;748.125;35;63;6
7076;SALSA CHINA DE SOYA ORIENTAL 3.79 LT;NO PERECIBLE;2026-07-01;617.5;35;52;7
7100;FRUTILLA EN CAJA PLASTICA 1 KG;FRUVER;2026-01-01;90;20;50;1
7100;FRUTILLA EN CAJA PLASTICA 1 KG;FRUVER;2026-02-01;68.4;14;38;2
7100;FRUTILLA EN CAJA PLASTICA 1 KG;FRUVER;2026-03-01;93.6;15;52;3
7100;FRUTILLA EN CAJA PLASTICA 1 KG;FRUVER;2026-04-01;135;18;75;4
7100;FRUTILLA EN CAJA PLASTICA 1 KG;FRUVER;2026-05-01;158.4;17;88;5
7100;FRUTILLA EN CAJA PLASTICA 1 KG;FRUVER;2026-06-01;160.2;19;89;6
7100;FRUTILLA EN CAJA PLASTICA 1 KG;FRUVER;2026-07-01;165.6;20;92;7
7106;CONTENEDOR COMPARTIDO COMPOSTABLE 8X8 X200;NO PERECIBLE;2026-01-01;189.00000025;5;5;1
7106;CONTENEDOR COMPARTIDO COMPOSTABLE 8X8 X200;NO PERECIBLE;2026-02-01;113.40000015;3;3;2
7106;CONTENEDOR COMPARTIDO COMPOSTABLE 8X8 X200;NO PERECIBLE;2026-03-01;113.40000015;3;3;3
7106;CONTENEDOR COMPARTIDO COMPOSTABLE 8X8 X200;NO PERECIBLE;2026-04-01;189.00000025;5;5;4
7106;CONTENEDOR COMPARTIDO COMPOSTABLE 8X8 X200;NO PERECIBLE;2026-05-01;151.2000002;4;4;5
7106;CONTENEDOR COMPARTIDO COMPOSTABLE 8X8 X200;NO PERECIBLE;2026-06-01;75.6000001;2;2;6
7106;CONTENEDOR COMPARTIDO COMPOSTABLE 8X8 X200;NO PERECIBLE;2026-07-01;0;0;0;7
7109;LECHE DESLACTOSADA SEMI LA LECHERA TETRAPACK 946 ML;NO PERECIBLE;2026-01-01;158.4224;17;124;1
7109;LECHE DESLACTOSADA SEMI LA LECHERA TETRAPACK 946 ML;NO PERECIBLE;2026-02-01;106.0408;15;83;2
7109;LECHE DESLACTOSADA SEMI LA LECHERA TETRAPACK 946 ML;NO PERECIBLE;2026-03-01;149.4792;15;117;3
7109;LECHE DESLACTOSADA SEMI LA LECHERA TETRAPACK 946 ML;NO PERECIBLE;2026-04-01;169.9208;18;133;4
7109;LECHE DESLACTOSADA SEMI LA LECHERA TETRAPACK 946 ML;NO PERECIBLE;2026-05-01;192.9176;18;151;5
7109;LECHE DESLACTOSADA SEMI LA LECHERA TETRAPACK 946 ML;NO PERECIBLE;2026-06-01;86.8768;11;68;6
7109;LECHE DESLACTOSADA SEMI LA LECHERA TETRAPACK 946 ML;NO PERECIBLE;2026-07-01;169.9208;17;133;7
7118;DORADO FILETE ENTERO KG;PERECIBLE;2026-01-01;4625.752531675;219;715.1;1
7118;DORADO FILETE ENTERO KG;PERECIBLE;2026-02-01;1839.7570654925;110;284.41;2
7118;DORADO FILETE ENTERO KG;PERECIBLE;2026-03-01;3813.3511046675;202;589.51;3
7118;DORADO FILETE ENTERO KG;PERECIBLE;2026-04-01;65.2689736325;4;10.09;4
7118;DORADO FILETE ENTERO KG;PERECIBLE;2026-05-01;0;0;0;5
7118;DORADO FILETE ENTERO KG;PERECIBLE;2026-06-01;2172.311865735;108;335.82;6
7118;DORADO FILETE ENTERO KG;PERECIBLE;2026-07-01;2805.2721303475;164;433.67;7
7135;FUNDA HALAR BIODEGRADABLE BLANCA HANASKA 25 MICRAS 11X20 FL3 X100;NO PERECIBLE;2026-01-01;101.32;23;34;1
7135;FUNDA HALAR BIODEGRADABLE BLANCA HANASKA 25 MICRAS 11X20 FL3 X100;NO PERECIBLE;2026-02-01;80.46;25;27;2
7135;FUNDA HALAR BIODEGRADABLE BLANCA HANASKA 25 MICRAS 11X20 FL3 X100;NO PERECIBLE;2026-03-01;131.12;32;44;3
7135;FUNDA HALAR BIODEGRADABLE BLANCA HANASKA 25 MICRAS 11X20 FL3 X100;NO PERECIBLE;2026-04-01;151.98;30;51;4
7135;FUNDA HALAR BIODEGRADABLE BLANCA HANASKA 25 MICRAS 11X20 FL3 X100;NO PERECIBLE;2026-05-01;184.76;34;62;5
7135;FUNDA HALAR BIODEGRADABLE BLANCA HANASKA 25 MICRAS 11X20 FL3 X100;NO PERECIBLE;2026-06-01;107.28;28;36;6
7135;FUNDA HALAR BIODEGRADABLE BLANCA HANASKA 25 MICRAS 11X20 FL3 X100;NO PERECIBLE;2026-07-01;113.24;25;38;7
7147;INSECTICIDA SPRAY RAID 285CC;NO PERECIBLE;2026-01-01;54;8;18;1
7147;INSECTICIDA SPRAY RAID 285CC;NO PERECIBLE;2026-02-01;42;5;14;2
7147;INSECTICIDA SPRAY RAID 285CC;NO PERECIBLE;2026-03-01;57;9;19;3
7147;INSECTICIDA SPRAY RAID 285CC;NO PERECIBLE;2026-04-01;69;9;23;4
7147;INSECTICIDA SPRAY RAID 285CC;NO PERECIBLE;2026-05-01;84;8;28;5
7147;INSECTICIDA SPRAY RAID 285CC;NO PERECIBLE;2026-06-01;54;8;18;6
7147;INSECTICIDA SPRAY RAID 285CC;NO PERECIBLE;2026-07-01;117;13;39;7
7218;POLLO ENTERO VACIO CONGELADO FAVORITO (2.0 - 2.5 KG);PERECIBLE;2026-01-01;755.3304;4;132;1
7218;POLLO ENTERO VACIO CONGELADO FAVORITO (2.0 - 2.5 KG);PERECIBLE;2026-02-01;944.163;4;165;2
7218;POLLO ENTERO VACIO CONGELADO FAVORITO (2.0 - 2.5 KG);PERECIBLE;2026-03-01;1024.2738;5;179;3
7218;POLLO ENTERO VACIO CONGELADO FAVORITO (2.0 - 2.5 KG);PERECIBLE;2026-04-01;1018.5516;5;178;4
7218;POLLO ENTERO VACIO CONGELADO FAVORITO (2.0 - 2.5 KG);PERECIBLE;2026-05-01;1161.6066;6;203;5
7218;POLLO ENTERO VACIO CONGELADO FAVORITO (2.0 - 2.5 KG);PERECIBLE;2026-06-01;509.2758;5;89;6
7218;POLLO ENTERO VACIO CONGELADO FAVORITO (2.0 - 2.5 KG);PERECIBLE;2026-07-01;1155.8844;10;202;7
7222;PAPAS FRITAS NATURALES ARTESANAS LAYS 34 GR;NO PERECIBLE;2026-01-01;89.585;8;205;1
7222;PAPAS FRITAS NATURALES ARTESANAS LAYS 34 GR;NO PERECIBLE;2026-02-01;111.435;9;255;2
7222;PAPAS FRITAS NATURALES ARTESANAS LAYS 34 GR;NO PERECIBLE;2026-03-01;200.146;13;458;3
7222;PAPAS FRITAS NATURALES ARTESANAS LAYS 34 GR;NO PERECIBLE;2026-04-01;211.945;17;485;4
7222;PAPAS FRITAS NATURALES ARTESANAS LAYS 34 GR;NO PERECIBLE;2026-05-01;88.711;8;203;5
7222;PAPAS FRITAS NATURALES ARTESANAS LAYS 34 GR;NO PERECIBLE;2026-06-01;256.956;10;588;6
7222;PAPAS FRITAS NATURALES ARTESANAS LAYS 34 GR;NO PERECIBLE;2026-07-01;92.207;6;211;7
7228;SALSA BBQ GUSTADINA SQUEEZE 370 GR;NO PERECIBLE;2026-01-01;22;7;10;1
7228;SALSA BBQ GUSTADINA SQUEEZE 370 GR;NO PERECIBLE;2026-02-01;13.2;5;6;2
7228;SALSA BBQ GUSTADINA SQUEEZE 370 GR;NO PERECIBLE;2026-03-01;26.4;8;12;3
7228;SALSA BBQ GUSTADINA SQUEEZE 370 GR;NO PERECIBLE;2026-04-01;35.2;5;16;4
7228;SALSA BBQ GUSTADINA SQUEEZE 370 GR;NO PERECIBLE;2026-05-01;28.6;5;13;5
7228;SALSA BBQ GUSTADINA SQUEEZE 370 GR;NO PERECIBLE;2026-06-01;52.8;6;24;6
7228;SALSA BBQ GUSTADINA SQUEEZE 370 GR;NO PERECIBLE;2026-07-01;28.6;4;13;7
7276;CREMA DE LECHE LA LECHERA TETRAPACK 236 ML;NO PERECIBLE;2026-01-01;68.0821;11;61;1
7276;CREMA DE LECHE LA LECHERA TETRAPACK 236 ML;NO PERECIBLE;2026-02-01;78.127;10;70;2
7276;CREMA DE LECHE LA LECHERA TETRAPACK 236 ML;NO PERECIBLE;2026-03-01;54.6889;12;49;3
7276;CREMA DE LECHE LA LECHERA TETRAPACK 236 ML;NO PERECIBLE;2026-04-01;80.3592;10;72;4
7276;CREMA DE LECHE LA LECHERA TETRAPACK 236 ML;NO PERECIBLE;2026-05-01;64.7338;8;58;5
7276;CREMA DE LECHE LA LECHERA TETRAPACK 236 ML;NO PERECIBLE;2026-06-01;87.0558;12;78;6
7276;CREMA DE LECHE LA LECHERA TETRAPACK 236 ML;NO PERECIBLE;2026-07-01;60.2694;9;54;7
7287;POLLO, PECHUGA FILETE REFRIGERADO X 10;PERECIBLE;2026-01-01;0;0;0;1
7287;POLLO, PECHUGA FILETE REFRIGERADO X 10;PERECIBLE;2026-02-01;0;0;0;2
7287;POLLO, PECHUGA FILETE REFRIGERADO X 10;PERECIBLE;2026-03-01;0;0;0;3
7287;POLLO, PECHUGA FILETE REFRIGERADO X 10;PERECIBLE;2026-04-01;86.89584;1;4.63;4
7287;POLLO, PECHUGA FILETE REFRIGERADO X 10;PERECIBLE;2026-05-01;0;0;0;5
7287;POLLO, PECHUGA FILETE REFRIGERADO X 10;PERECIBLE;2026-06-01;0;0;0;6
7287;POLLO, PECHUGA FILETE REFRIGERADO X 10;PERECIBLE;2026-07-01;0;0;0;7
7297;COLA FRUIT MANZANA LATA 330 ML;NO PERECIBLE;2026-01-01;6.12;1;10;1
7297;COLA FRUIT MANZANA LATA 330 ML;NO PERECIBLE;2026-02-01;0;0;0;2
7297;COLA FRUIT MANZANA LATA 330 ML;NO PERECIBLE;2026-03-01;0;0;0;3
7297;COLA FRUIT MANZANA LATA 330 ML;NO PERECIBLE;2026-04-01;0;0;0;4
7297;COLA FRUIT MANZANA LATA 330 ML;NO PERECIBLE;2026-05-01;0;0;0;5
7297;COLA FRUIT MANZANA LATA 330 ML;NO PERECIBLE;2026-06-01;0;0;0;6
7297;COLA FRUIT MANZANA LATA 330 ML;NO PERECIBLE;2026-07-01;0;0;0;7
7299;COLA FRUIT NARANJA LATA 330 ML;NO PERECIBLE;2026-01-01;22.032;1;36;1
7299;COLA FRUIT NARANJA LATA 330 ML;NO PERECIBLE;2026-02-01;0;0;0;2
7299;COLA FRUIT NARANJA LATA 330 ML;NO PERECIBLE;2026-03-01;0;0;0;3
7299;COLA FRUIT NARANJA LATA 330 ML;NO PERECIBLE;2026-04-01;0;0;0;4
7299;COLA FRUIT NARANJA LATA 330 ML;NO PERECIBLE;2026-05-01;0;0;0;5
7299;COLA FRUIT NARANJA LATA 330 ML;NO PERECIBLE;2026-06-01;0;0;0;6
7299;COLA FRUIT NARANJA LATA 330 ML;NO PERECIBLE;2026-07-01;0;0;0;7
7314;AGUA MINERAL CON GAS IMPERIAL LIMONADA LATA 330 ML;NO PERECIBLE;2026-01-01;382.36920216;15;552;1
7314;AGUA MINERAL CON GAS IMPERIAL LIMONADA LATA 330 ML;NO PERECIBLE;2026-02-01;116.37323544;7;168;2
7314;AGUA MINERAL CON GAS IMPERIAL LIMONADA LATA 330 ML;NO PERECIBLE;2026-03-01;132.99798336;7;192;3
7314;AGUA MINERAL CON GAS IMPERIAL LIMONADA LATA 330 ML;NO PERECIBLE;2026-04-01;199.49697504;10;288;4
7314;AGUA MINERAL CON GAS IMPERIAL LIMONADA LATA 330 ML;NO PERECIBLE;2026-05-01;315.87021048;14;456;5
7314;AGUA MINERAL CON GAS IMPERIAL LIMONADA LATA 330 ML;NO PERECIBLE;2026-06-01;199.49697504;8;288;6
7314;AGUA MINERAL CON GAS IMPERIAL LIMONADA LATA 330 ML;NO PERECIBLE;2026-07-01;199.49697504;8;288;7
7315;AGUA MINERALCON GAS IMPERIAL TORONJA LATA 330 ML;NO PERECIBLE;2026-01-01;531.9168;22;768;1
7315;AGUA MINERALCON GAS IMPERIAL TORONJA LATA 330 ML;NO PERECIBLE;2026-02-01;149.6016;8;216;2
7315;AGUA MINERALCON GAS IMPERIAL TORONJA LATA 330 ML;NO PERECIBLE;2026-03-01;182.8464;9;264;3
7315;AGUA MINERALCON GAS IMPERIAL TORONJA LATA 330 ML;NO PERECIBLE;2026-04-01;374.004;20;540;4
7315;AGUA MINERALCON GAS IMPERIAL TORONJA LATA 330 ML;NO PERECIBLE;2026-05-01;523.6056;24;756;5
7315;AGUA MINERALCON GAS IMPERIAL TORONJA LATA 330 ML;NO PERECIBLE;2026-06-01;448.8048;17;648;6
7315;AGUA MINERALCON GAS IMPERIAL TORONJA LATA 330 ML;NO PERECIBLE;2026-07-01;448.8048;19;648;7
7316;AGUA MINERAL CON GAS IMPERIAL MANDARINA LATA 330 ML;NO PERECIBLE;2026-01-01;349.0704;15;504;1
7316;AGUA MINERAL CON GAS IMPERIAL MANDARINA LATA 330 ML;NO PERECIBLE;2026-02-01;49.8672;3;72;2
7316;AGUA MINERAL CON GAS IMPERIAL MANDARINA LATA 330 ML;NO PERECIBLE;2026-03-01;66.4896;4;96;3
7316;AGUA MINERAL CON GAS IMPERIAL MANDARINA LATA 330 ML;NO PERECIBLE;2026-04-01;224.4024;11;324;4
7316;AGUA MINERAL CON GAS IMPERIAL MANDARINA LATA 330 ML;NO PERECIBLE;2026-05-01;631.6512;20;912;5
7316;AGUA MINERAL CON GAS IMPERIAL MANDARINA LATA 330 ML;NO PERECIBLE;2026-06-01;332.448;13;480;6
7316;AGUA MINERAL CON GAS IMPERIAL MANDARINA LATA 330 ML;NO PERECIBLE;2026-07-01;390.6264;18;564;7
7321;UVA ROSADA IMPORTADA EN CAJA PLASTICA 1 KG;FRUVER;2026-01-01;8.8;2;2;1
7321;UVA ROSADA IMPORTADA EN CAJA PLASTICA 1 KG;FRUVER;2026-02-01;30.8;3;7;2
7321;UVA ROSADA IMPORTADA EN CAJA PLASTICA 1 KG;FRUVER;2026-03-01;44;4;10;3
7321;UVA ROSADA IMPORTADA EN CAJA PLASTICA 1 KG;FRUVER;2026-04-01;8.8;2;2;4
7321;UVA ROSADA IMPORTADA EN CAJA PLASTICA 1 KG;FRUVER;2026-05-01;8.8;2;2;5
7321;UVA ROSADA IMPORTADA EN CAJA PLASTICA 1 KG;FRUVER;2026-06-01;17.6;3;4;6
7321;UVA ROSADA IMPORTADA EN CAJA PLASTICA 1 KG;FRUVER;2026-07-01;8.8;2;2;7
7326;BAG BOX COCA SIN AZUCAR 10 LT;NO PERECIBLE;2026-01-01;139.0146;3;3;1
7326;BAG BOX COCA SIN AZUCAR 10 LT;NO PERECIBLE;2026-02-01;139.0146;3;3;2
7326;BAG BOX COCA SIN AZUCAR 10 LT;NO PERECIBLE;2026-03-01;139.0146;3;3;3
7326;BAG BOX COCA SIN AZUCAR 10 LT;NO PERECIBLE;2026-04-01;139.0146;3;3;4
7326;BAG BOX COCA SIN AZUCAR 10 LT;NO PERECIBLE;2026-05-01;185.3528;4;4;5
7326;BAG BOX COCA SIN AZUCAR 10 LT;NO PERECIBLE;2026-06-01;139.0146;3;3;6
7326;BAG BOX COCA SIN AZUCAR 10 LT;NO PERECIBLE;2026-07-01;185.3528;4;4;7
7329;TRES LECHES LA LECHERA TETRAPACK 1 LT;NO PERECIBLE;2026-01-01;113.56;7;40;1
7329;TRES LECHES LA LECHERA TETRAPACK 1 LT;NO PERECIBLE;2026-02-01;93.687;6;33;2
7329;TRES LECHES LA LECHERA TETRAPACK 1 LT;NO PERECIBLE;2026-03-01;116.399;6;41;3
7329;TRES LECHES LA LECHERA TETRAPACK 1 LT;NO PERECIBLE;2026-04-01;176.018;7;62;4
7329;TRES LECHES LA LECHERA TETRAPACK 1 LT;NO PERECIBLE;2026-05-01;93.687;2;33;5
7329;TRES LECHES LA LECHERA TETRAPACK 1 LT;NO PERECIBLE;2026-06-01;127.755;3;45;6
7329;TRES LECHES LA LECHERA TETRAPACK 1 LT;NO PERECIBLE;2026-07-01;144.789;4;51;7
7333;ETIQUETA ADHESIVA TERMICA PAPEL ZEBRA 6X4.95 X1000;NO PERECIBLE;2026-01-01;4.9;1;1;1
7333;ETIQUETA ADHESIVA TERMICA PAPEL ZEBRA 6X4.95 X1000;NO PERECIBLE;2026-02-01;0;0;0;2
7333;ETIQUETA ADHESIVA TERMICA PAPEL ZEBRA 6X4.95 X1000;NO PERECIBLE;2026-03-01;0;0;0;3
7333;ETIQUETA ADHESIVA TERMICA PAPEL ZEBRA 6X4.95 X1000;NO PERECIBLE;2026-04-01;9.8;1;2;4
7333;ETIQUETA ADHESIVA TERMICA PAPEL ZEBRA 6X4.95 X1000;NO PERECIBLE;2026-05-01;0;0;0;5
7333;ETIQUETA ADHESIVA TERMICA PAPEL ZEBRA 6X4.95 X1000;NO PERECIBLE;2026-06-01;0;0;0;6
7333;ETIQUETA ADHESIVA TERMICA PAPEL ZEBRA 6X4.95 X1000;NO PERECIBLE;2026-07-01;0;0;0;7
7339;AGUA ACQUA PANNA S/G 500 ML;NO PERECIBLE;2026-01-01;142.75712088;5;198;1
7339;AGUA ACQUA PANNA S/G 500 ML;NO PERECIBLE;2026-02-01;0;0;0;2
7339;AGUA ACQUA PANNA S/G 500 ML;NO PERECIBLE;2026-03-01;0;0;0;3
7339;AGUA ACQUA PANNA S/G 500 ML;NO PERECIBLE;2026-04-01;0;0;0;4
7339;AGUA ACQUA PANNA S/G 500 ML;NO PERECIBLE;2026-05-01;0;0;0;5
7339;AGUA ACQUA PANNA S/G 500 ML;NO PERECIBLE;2026-06-01;0;0;0;6
7339;AGUA ACQUA PANNA S/G 500 ML;NO PERECIBLE;2026-07-01;0;0;0;7
7347;BARRA DE CEREAL ARANDANOS Y NUECES TOSH 138 GR (6 X 23 GR);NO PERECIBLE;2026-01-01;358.14;8;141;1
7347;BARRA DE CEREAL ARANDANOS Y NUECES TOSH 138 GR (6 X 23 GR);NO PERECIBLE;2026-02-01;284.48;12;112;2
7347;BARRA DE CEREAL ARANDANOS Y NUECES TOSH 138 GR (6 X 23 GR);NO PERECIBLE;2026-03-01;294.64;9;116;3
7347;BARRA DE CEREAL ARANDANOS Y NUECES TOSH 138 GR (6 X 23 GR);NO PERECIBLE;2026-04-01;355.6;14;140;4
7347;BARRA DE CEREAL ARANDANOS Y NUECES TOSH 138 GR (6 X 23 GR);NO PERECIBLE;2026-05-01;345.44;13;136;5
7347;BARRA DE CEREAL ARANDANOS Y NUECES TOSH 138 GR (6 X 23 GR);NO PERECIBLE;2026-06-01;276.86;9;109;6
7347;BARRA DE CEREAL ARANDANOS Y NUECES TOSH 138 GR (6 X 23 GR);NO PERECIBLE;2026-07-01;266.7;15;105;7
7350;PILA ALKALINA MAX AAA X 8;NO PERECIBLE;2026-01-01;0;0;0;1
7350;PILA ALKALINA MAX AAA X 8;NO PERECIBLE;2026-02-01;5.64475472;1;1;2
7350;PILA ALKALINA MAX AAA X 8;NO PERECIBLE;2026-03-01;5.64475472;1;1;3
7350;PILA ALKALINA MAX AAA X 8;NO PERECIBLE;2026-04-01;0;0;0;4
7350;PILA ALKALINA MAX AAA X 8;NO PERECIBLE;2026-05-01;0;0;0;5
7350;PILA ALKALINA MAX AAA X 8;NO PERECIBLE;2026-06-01;0;0;0;6
7350;PILA ALKALINA MAX AAA X 8;NO PERECIBLE;2026-07-01;0;0;0;7
7380;DV SUPER ENZIDENT L DETERGENTE LIQUIDO 20 KG;NO PERECIBLE;2026-01-01;340.62;7;7;1
7380;DV SUPER ENZIDENT L DETERGENTE LIQUIDO 20 KG;NO PERECIBLE;2026-02-01;389.28;8;8;2
7380;DV SUPER ENZIDENT L DETERGENTE LIQUIDO 20 KG;NO PERECIBLE;2026-03-01;389.28;8;8;3
7380;DV SUPER ENZIDENT L DETERGENTE LIQUIDO 20 KG;NO PERECIBLE;2026-04-01;535.26;11;11;4
7380;DV SUPER ENZIDENT L DETERGENTE LIQUIDO 20 KG;NO PERECIBLE;2026-05-01;437.94;9;9;5
7380;DV SUPER ENZIDENT L DETERGENTE LIQUIDO 20 KG;NO PERECIBLE;2026-06-01;583.92;12;12;6
7380;DV SUPER ENZIDENT L DETERGENTE LIQUIDO 20 KG;NO PERECIBLE;2026-07-01;486.6;10;10;7
7382;PAÑOS DE LIMPIEZA WYPALL VERDE REUTILIZABLES X80PLUS X 30 (30243106);NO PERECIBLE;2026-01-01;23.6;4;4;1
7382;PAÑOS DE LIMPIEZA WYPALL VERDE REUTILIZABLES X80PLUS X 30 (30243106);NO PERECIBLE;2026-02-01;23.6;4;4;2
7382;PAÑOS DE LIMPIEZA WYPALL VERDE REUTILIZABLES X80PLUS X 30 (30243106);NO PERECIBLE;2026-03-01;23.6;4;4;3
7382;PAÑOS DE LIMPIEZA WYPALL VERDE REUTILIZABLES X80PLUS X 30 (30243106);NO PERECIBLE;2026-04-01;23.6;4;4;4
7382;PAÑOS DE LIMPIEZA WYPALL VERDE REUTILIZABLES X80PLUS X 30 (30243106);NO PERECIBLE;2026-05-01;29.5;5;5;5
7382;PAÑOS DE LIMPIEZA WYPALL VERDE REUTILIZABLES X80PLUS X 30 (30243106);NO PERECIBLE;2026-06-01;23.6;4;4;6
7382;PAÑOS DE LIMPIEZA WYPALL VERDE REUTILIZABLES X80PLUS X 30 (30243106);NO PERECIBLE;2026-07-01;35.4;6;6;7
7387;POLLO VACIO POFASA S/A PROCESADO (1.3-1.7 KG);PERECIBLE;2026-01-01;11366.8237060896;214;4495.16;1
7387;POLLO VACIO POFASA S/A PROCESADO (1.3-1.7 KG);PERECIBLE;2026-02-01;9863.0426638632;190;3900.47;2
7387;POLLO VACIO POFASA S/A PROCESADO (1.3-1.7 KG);PERECIBLE;2026-03-01;11238.9230433648;208;4444.58;3
7387;POLLO VACIO POFASA S/A PROCESADO (1.3-1.7 KG);PERECIBLE;2026-04-01;10902.7602497184;205;4311.64;4
7387;POLLO VACIO POFASA S/A PROCESADO (1.3-1.7 KG);PERECIBLE;2026-05-01;10013.8531724616;201;3960.11;5
7387;POLLO VACIO POFASA S/A PROCESADO (1.3-1.7 KG);PERECIBLE;2026-06-01;12734.5870209936;221;5036.06;6
7387;POLLO VACIO POFASA S/A PROCESADO (1.3-1.7 KG);PERECIBLE;2026-07-01;11853.0384041664;206;4687.44;7
7392;SALSA DE AJI MARCELLOS SACHET 5 GR X100 UND;NO PERECIBLE;2026-01-01;94.5;28;63;1
7392;SALSA DE AJI MARCELLOS SACHET 5 GR X100 UND;NO PERECIBLE;2026-02-01;84;27;56;2
7392;SALSA DE AJI MARCELLOS SACHET 5 GR X100 UND;NO PERECIBLE;2026-03-01;75;22;50;3
7392;SALSA DE AJI MARCELLOS SACHET 5 GR X100 UND;NO PERECIBLE;2026-04-01;79.5;27;53;4
7392;SALSA DE AJI MARCELLOS SACHET 5 GR X100 UND;NO PERECIBLE;2026-05-01;88.5;27;59;5
7392;SALSA DE AJI MARCELLOS SACHET 5 GR X100 UND;NO PERECIBLE;2026-06-01;85.5;26;57;6
7392;SALSA DE AJI MARCELLOS SACHET 5 GR X100 UND;NO PERECIBLE;2026-07-01;93;25;62;7
7584;RES LOMO FINO CONGELADO PROCESADO;PERECIBLE;2026-01-01;1963.741784364;37;161.01;1
7584;RES LOMO FINO CONGELADO PROCESADO;PERECIBLE;2026-02-01;2039.725333936;36;167.24;2
7584;RES LOMO FINO CONGELADO PROCESADO;PERECIBLE;2026-03-01;3062.027280184;43;251.06;3
7584;RES LOMO FINO CONGELADO PROCESADO;PERECIBLE;2026-04-01;2714.673910712;36;222.58;4
7584;RES LOMO FINO CONGELADO PROCESADO;PERECIBLE;2026-05-01;3393.159442444;43;278.21;5
7584;RES LOMO FINO CONGELADO PROCESADO;PERECIBLE;2026-06-01;2856.761928772;34;234.23;6
7584;RES LOMO FINO CONGELADO PROCESADO;PERECIBLE;2026-07-01;4508.275965296;56;369.64;7
7586;MANTEQUILLA INDUSTRIAL VITA 4 KG;PERECIBLE;2026-01-01;730.7944;19;37;1
7586;MANTEQUILLA INDUSTRIAL VITA 4 KG;PERECIBLE;2026-02-01;1125.8184;26;57;2
7586;MANTEQUILLA INDUSTRIAL VITA 4 KG;PERECIBLE;2026-03-01;1007.3112;30;51;3
7586;MANTEQUILLA INDUSTRIAL VITA 4 KG;PERECIBLE;2026-04-01;1086.316;29;55;4
7586;MANTEQUILLA INDUSTRIAL VITA 4 KG;PERECIBLE;2026-05-01;1046.8136;29;53;5
7586;MANTEQUILLA INDUSTRIAL VITA 4 KG;PERECIBLE;2026-06-01;1027.0624;27;52;6
7586;MANTEQUILLA INDUSTRIAL VITA 4 KG;PERECIBLE;2026-07-01;1165.3208;30;59;7
7588;ARROZ ENVEJECIDO MACAREÑO CASA DEL ARROZ 45.36 KG;NO PERECIBLE;2026-01-01;0;0;0;1
7588;ARROZ ENVEJECIDO MACAREÑO CASA DEL ARROZ 45.36 KG;NO PERECIBLE;2026-02-01;252.20526894;6;6;2
7588;ARROZ ENVEJECIDO MACAREÑO CASA DEL ARROZ 45.36 KG;NO PERECIBLE;2026-03-01;210.17105745;4;5;3
7588;ARROZ ENVEJECIDO MACAREÑO CASA DEL ARROZ 45.36 KG;NO PERECIBLE;2026-04-01;42.03421149;1;1;4
7588;ARROZ ENVEJECIDO MACAREÑO CASA DEL ARROZ 45.36 KG;NO PERECIBLE;2026-05-01;0;0;0;5
7588;ARROZ ENVEJECIDO MACAREÑO CASA DEL ARROZ 45.36 KG;NO PERECIBLE;2026-06-01;0;0;0;6
7588;ARROZ ENVEJECIDO MACAREÑO CASA DEL ARROZ 45.36 KG;NO PERECIBLE;2026-07-01;0;0;0;7
7613;TOMILLO NATURES HEART 110 GR;NO PERECIBLE;2026-01-01;0;0;0;1
7613;TOMILLO NATURES HEART 110 GR;NO PERECIBLE;2026-02-01;0;0;0;2
7613;TOMILLO NATURES HEART 110 GR;NO PERECIBLE;2026-03-01;0;0;0;3
7613;TOMILLO NATURES HEART 110 GR;NO PERECIBLE;2026-04-01;0;0;0;4
7613;TOMILLO NATURES HEART 110 GR;NO PERECIBLE;2026-05-01;0;0;0;5
7613;TOMILLO NATURES HEART 110 GR;NO PERECIBLE;2026-06-01;4.1707133;1;1;6
7613;TOMILLO NATURES HEART 110 GR;NO PERECIBLE;2026-07-01;0;0;0;7
7617;RES LOMO DE FALDA SIN GRASA CONGELADO PROCESADO;PERECIBLE;2026-01-01;22344.2341082373;191;2327.73;1
7617;RES LOMO DE FALDA SIN GRASA CONGELADO PROCESADO;PERECIBLE;2026-02-01;18734.2810118366;154;1951.66;2
7617;RES LOMO DE FALDA SIN GRASA CONGELADO PROCESADO;PERECIBLE;2026-03-01;19870.6286267804;194;2070.04;3
7617;RES LOMO DE FALDA SIN GRASA CONGELADO PROCESADO;PERECIBLE;2026-04-01;21473.7830039705;192;2237.05;4
7617;RES LOMO DE FALDA SIN GRASA CONGELADO PROCESADO;PERECIBLE;2026-05-01;17906.258159454;160;1865.4;5
7617;RES LOMO DE FALDA SIN GRASA CONGELADO PROCESADO;PERECIBLE;2026-06-01;14634.9631459661;154;1524.61;6
7617;RES LOMO DE FALDA SIN GRASA CONGELADO PROCESADO;PERECIBLE;2026-07-01;10381.5788903351;86;1081.51;7
7619;AGUA MINERAL CON GAS IMPERIAL MANDARINA PET 550 ML;NO PERECIBLE;2026-01-01;957.6;44;2016;1
7619;AGUA MINERAL CON GAS IMPERIAL MANDARINA PET 550 ML;NO PERECIBLE;2026-02-01;557.65;32;1174;2
7619;AGUA MINERAL CON GAS IMPERIAL MANDARINA PET 550 ML;NO PERECIBLE;2026-03-01;621.3;32;1308;3
7619;AGUA MINERAL CON GAS IMPERIAL MANDARINA PET 550 ML;NO PERECIBLE;2026-04-01;1117.2;44;2352;4
7619;AGUA MINERAL CON GAS IMPERIAL MANDARINA PET 550 ML;NO PERECIBLE;2026-05-01;1694.8;54;3568;5
7619;AGUA MINERAL CON GAS IMPERIAL MANDARINA PET 550 ML;NO PERECIBLE;2026-06-01;1423.1;53;2996;6
7619;AGUA MINERAL CON GAS IMPERIAL MANDARINA PET 550 ML;NO PERECIBLE;2026-07-01;1189.4;31;2504;7
7620;AGUA MINERAL CON GAS IMPERIAL TORONJA PET 550 ML;NO PERECIBLE;2026-01-01;2130.375;82;4485;1
7620;AGUA MINERAL CON GAS IMPERIAL TORONJA PET 550 ML;NO PERECIBLE;2026-02-01;1430.7;69;3012;2
7620;AGUA MINERAL CON GAS IMPERIAL TORONJA PET 550 ML;NO PERECIBLE;2026-03-01;1479.15;68;3114;3
7620;AGUA MINERAL CON GAS IMPERIAL TORONJA PET 550 ML;NO PERECIBLE;2026-04-01;1930.4;85;4064;4
7620;AGUA MINERAL CON GAS IMPERIAL TORONJA PET 550 ML;NO PERECIBLE;2026-05-01;2870.9;91;6044;5
7620;AGUA MINERAL CON GAS IMPERIAL TORONJA PET 550 ML;NO PERECIBLE;2026-06-01;2501.35;102;5266;6
7620;AGUA MINERAL CON GAS IMPERIAL TORONJA PET 550 ML;NO PERECIBLE;2026-07-01;2062.45;70;4342;7
7621;AGUA MINERAL CON GAS IMPERIAL LIMON MENTA PET 550 ML;NO PERECIBLE;2026-01-01;273.6;3;576;1
7621;AGUA MINERAL CON GAS IMPERIAL LIMON MENTA PET 550 ML;NO PERECIBLE;2026-02-01;413.25;4;870;2
7621;AGUA MINERAL CON GAS IMPERIAL LIMON MENTA PET 550 ML;NO PERECIBLE;2026-03-01;570;4;1200;3
7621;AGUA MINERAL CON GAS IMPERIAL LIMON MENTA PET 550 ML;NO PERECIBLE;2026-04-01;228;4;480;4
7621;AGUA MINERAL CON GAS IMPERIAL LIMON MENTA PET 550 ML;NO PERECIBLE;2026-05-01;298.3;5;628;5
7621;AGUA MINERAL CON GAS IMPERIAL LIMON MENTA PET 550 ML;NO PERECIBLE;2026-06-01;162.45;5;342;6
7621;AGUA MINERAL CON GAS IMPERIAL LIMON MENTA PET 550 ML;NO PERECIBLE;2026-07-01;254.6;5;536;7
7627;SALSA CHINA CHEF DANIEL 102 ML;NO PERECIBLE;2026-01-01;1670.4743;412;3421;1
7627;SALSA CHINA CHEF DANIEL 102 ML;NO PERECIBLE;2026-02-01;1346.7314;398;2758;2
7627;SALSA CHINA CHEF DANIEL 102 ML;NO PERECIBLE;2026-03-01;1789.1312;436;3664;3
7627;SALSA CHINA CHEF DANIEL 102 ML;NO PERECIBLE;2026-04-01;1781.3184;447;3648;4
7627;SALSA CHINA CHEF DANIEL 102 ML;NO PERECIBLE;2026-05-01;1748.114;436;3580;5
7627;SALSA CHINA CHEF DANIEL 102 ML;NO PERECIBLE;2026-06-01;2404.8775;470;4925;6
7627;SALSA CHINA CHEF DANIEL 102 ML;NO PERECIBLE;2026-07-01;1991.2874;480;4078;7
7630;TOMATE RIÑON SELECCIONADO PINTON POR KG;FRUVER;2026-01-01;3;1;3;1
7630;TOMATE RIÑON SELECCIONADO PINTON POR KG;FRUVER;2026-02-01;0;0;0;2
7630;TOMATE RIÑON SELECCIONADO PINTON POR KG;FRUVER;2026-03-01;0;0;0;3
7630;TOMATE RIÑON SELECCIONADO PINTON POR KG;FRUVER;2026-04-01;7.8;1;7.8;4
7630;TOMATE RIÑON SELECCIONADO PINTON POR KG;FRUVER;2026-05-01;0;0;0;5
7630;TOMATE RIÑON SELECCIONADO PINTON POR KG;FRUVER;2026-06-01;0;0;0;6
7630;TOMATE RIÑON SELECCIONADO PINTON POR KG;FRUVER;2026-07-01;0;0;0;7
7660;HELADO RON PASAS TOPSY 1 LT X6;PERECIBLE;2026-01-01;13.356;1;1;1
7660;HELADO RON PASAS TOPSY 1 LT X6;PERECIBLE;2026-02-01;26.712;2;2;2
7660;HELADO RON PASAS TOPSY 1 LT X6;PERECIBLE;2026-03-01;0;0;0;3
7660;HELADO RON PASAS TOPSY 1 LT X6;PERECIBLE;2026-04-01;26.712;2;2;4
7660;HELADO RON PASAS TOPSY 1 LT X6;PERECIBLE;2026-05-01;26.712;1;2;5
7660;HELADO RON PASAS TOPSY 1 LT X6;PERECIBLE;2026-06-01;13.356;1;1;6
7660;HELADO RON PASAS TOPSY 1 LT X6;PERECIBLE;2026-07-01;26.712;2;2;7
7661;HELADO SUNDAE MORA TOPSY 1 LT X6;PERECIBLE;2026-01-01;17.3634;1;1;1
7661;HELADO SUNDAE MORA TOPSY 1 LT X6;PERECIBLE;2026-02-01;34.7268;2;2;2
7661;HELADO SUNDAE MORA TOPSY 1 LT X6;PERECIBLE;2026-03-01;0;0;0;3
7661;HELADO SUNDAE MORA TOPSY 1 LT X6;PERECIBLE;2026-04-01;34.7268;2;2;4
7661;HELADO SUNDAE MORA TOPSY 1 LT X6;PERECIBLE;2026-05-01;52.0902;1;3;5
7661;HELADO SUNDAE MORA TOPSY 1 LT X6;PERECIBLE;2026-06-01;17.3634;1;1;6
7661;HELADO SUNDAE MORA TOPSY 1 LT X6;PERECIBLE;2026-07-01;0;0;0;7
7667;AGUA SIN GAS TRADICIONAL 20 LT;NO PERECIBLE;2026-01-01;2570;150;2570;1
7667;AGUA SIN GAS TRADICIONAL 20 LT;NO PERECIBLE;2026-02-01;2779;150;2779;2
7667;AGUA SIN GAS TRADICIONAL 20 LT;NO PERECIBLE;2026-03-01;3170;160;3170;3
7667;AGUA SIN GAS TRADICIONAL 20 LT;NO PERECIBLE;2026-04-01;2963;162;2963;4
7667;AGUA SIN GAS TRADICIONAL 20 LT;NO PERECIBLE;2026-05-01;2304;143;2304;5
7667;AGUA SIN GAS TRADICIONAL 20 LT;NO PERECIBLE;2026-06-01;2941;163;2941;6
7667;AGUA SIN GAS TRADICIONAL 20 LT;NO PERECIBLE;2026-07-01;2678;152;2678;7
7678;AGUA SIN GAS TRADICIONAL 400 ML;NO PERECIBLE;2026-01-01;6574.648;19;48343;1
7678;AGUA SIN GAS TRADICIONAL 400 ML;NO PERECIBLE;2026-02-01;5932.456;20;43621;2
7678;AGUA SIN GAS TRADICIONAL 400 ML;NO PERECIBLE;2026-03-01;5845.552;23;42982;3
7678;AGUA SIN GAS TRADICIONAL 400 ML;NO PERECIBLE;2026-04-01;6281.432;17;46187;4
7678;AGUA SIN GAS TRADICIONAL 400 ML;NO PERECIBLE;2026-05-01;6485.976;22;47691;5
7678;AGUA SIN GAS TRADICIONAL 400 ML;NO PERECIBLE;2026-06-01;6536.432;22;48062;6
7678;AGUA SIN GAS TRADICIONAL 400 ML;NO PERECIBLE;2026-07-01;7107.768;24;52263;7
7679;NARANJA SELECCIONADA VERDE POR KG;FRUVER;2026-01-01;22.5;4;45;1
7679;NARANJA SELECCIONADA VERDE POR KG;FRUVER;2026-02-01;0;0;0;2
7679;NARANJA SELECCIONADA VERDE POR KG;FRUVER;2026-03-01;0;0;0;3
7679;NARANJA SELECCIONADA VERDE POR KG;FRUVER;2026-04-01;0;0;0;4
7679;NARANJA SELECCIONADA VERDE POR KG;FRUVER;2026-05-01;0;0;0;5
7679;NARANJA SELECCIONADA VERDE POR KG;FRUVER;2026-06-01;0;0;0;6
7679;NARANJA SELECCIONADA VERDE POR KG;FRUVER;2026-07-01;0;0;0;7
7710;RES PICAÑA CONGELADO PROCESADO;PERECIBLE;2026-01-01;834.752737;15;66.43;1
7710;RES PICAÑA CONGELADO PROCESADO;PERECIBLE;2026-02-01;192.509588;6;15.32;2
7710;RES PICAÑA CONGELADO PROCESADO;PERECIBLE;2026-03-01;48.881351;3;3.89;3
7710;RES PICAÑA CONGELADO PROCESADO;PERECIBLE;2026-04-01;0;0;0;4
7710;RES PICAÑA CONGELADO PROCESADO;PERECIBLE;2026-05-01;0;0;0;5
7710;RES PICAÑA CONGELADO PROCESADO;PERECIBLE;2026-06-01;21.990325;2;1.75;6
7710;RES PICAÑA CONGELADO PROCESADO;PERECIBLE;2026-07-01;0;0;0;7
7725;CUERITOS CRONQUIS 25 GR;NO PERECIBLE;2026-01-01;87.9315;8;155;1
7725;CUERITOS CRONQUIS 25 GR;NO PERECIBLE;2026-02-01;114.0273;10;201;2
7725;CUERITOS CRONQUIS 25 GR;NO PERECIBLE;2026-03-01;124.806;13;220;3
7725;CUERITOS CRONQUIS 25 GR;NO PERECIBLE;2026-04-01;81.1239;7;143;4
7725;CUERITOS CRONQUIS 25 GR;NO PERECIBLE;2026-05-01;90.768;8;160;5
7725;CUERITOS CRONQUIS 25 GR;NO PERECIBLE;2026-06-01;97.0083;8;171;6
7725;CUERITOS CRONQUIS 25 GR;NO PERECIBLE;2026-07-01;142.3923;10;251;7
7729;NÉCTAR DE DURAZNO DEL VALLE 1 L;NO PERECIBLE;2026-01-01;0;0;0;1
7729;NÉCTAR DE DURAZNO DEL VALLE 1 L;NO PERECIBLE;2026-02-01;0;0;0;2
7729;NÉCTAR DE DURAZNO DEL VALLE 1 L;NO PERECIBLE;2026-03-01;0;0;0;3
7729;NÉCTAR DE DURAZNO DEL VALLE 1 L;NO PERECIBLE;2026-04-01;0;0;0;4
7729;NÉCTAR DE DURAZNO DEL VALLE 1 L;NO PERECIBLE;2026-05-01;0;0;0;5
7729;NÉCTAR DE DURAZNO DEL VALLE 1 L;NO PERECIBLE;2026-06-01;4.5516;3;6;6
7729;NÉCTAR DE DURAZNO DEL VALLE 1 L;NO PERECIBLE;2026-07-01;0;0;0;7
7752;TORTILLAS MEXICANAS DELMEXS 260 GR;PERECIBLE;2026-01-01;0;0;0;1
7752;TORTILLAS MEXICANAS DELMEXS 260 GR;PERECIBLE;2026-02-01;0;0;0;2
7752;TORTILLAS MEXICANAS DELMEXS 260 GR;PERECIBLE;2026-03-01;0;0;0;3
7752;TORTILLAS MEXICANAS DELMEXS 260 GR;PERECIBLE;2026-04-01;0;0;0;4
7752;TORTILLAS MEXICANAS DELMEXS 260 GR;PERECIBLE;2026-05-01;15.8532;2;12;5
7752;TORTILLAS MEXICANAS DELMEXS 260 GR;PERECIBLE;2026-06-01;0;0;0;6
7752;TORTILLAS MEXICANAS DELMEXS 260 GR;PERECIBLE;2026-07-01;0;0;0;7
7772;NECTAR DE NARANJA TRU TETRAPACK 200 ML;NO PERECIBLE;2026-01-01;136.8;2;456;1
7772;NECTAR DE NARANJA TRU TETRAPACK 200 ML;NO PERECIBLE;2026-02-01;14.4;1;48;2
7772;NECTAR DE NARANJA TRU TETRAPACK 200 ML;NO PERECIBLE;2026-03-01;232.8;5;776;3
7772;NECTAR DE NARANJA TRU TETRAPACK 200 ML;NO PERECIBLE;2026-04-01;21.6;3;72;4
7772;NECTAR DE NARANJA TRU TETRAPACK 200 ML;NO PERECIBLE;2026-05-01;125.1;6;417;5
7772;NECTAR DE NARANJA TRU TETRAPACK 200 ML;NO PERECIBLE;2026-06-01;118.8;4;396;6
7772;NECTAR DE NARANJA TRU TETRAPACK 200 ML;NO PERECIBLE;2026-07-01;46.5;4;155;7
7773;NECTAR DE DURAZNO TRU TETRAPACK 200 ML;NO PERECIBLE;2026-01-01;5.1;1;17;1
7773;NECTAR DE DURAZNO TRU TETRAPACK 200 ML;NO PERECIBLE;2026-02-01;5.1;1;17;2
7773;NECTAR DE DURAZNO TRU TETRAPACK 200 ML;NO PERECIBLE;2026-03-01;4.5;1;15;3
7773;NECTAR DE DURAZNO TRU TETRAPACK 200 ML;NO PERECIBLE;2026-04-01;11.1;2;37;4
7773;NECTAR DE DURAZNO TRU TETRAPACK 200 ML;NO PERECIBLE;2026-05-01;4.2;1;14;5
7773;NECTAR DE DURAZNO TRU TETRAPACK 200 ML;NO PERECIBLE;2026-06-01;4.2;1;14;6
7773;NECTAR DE DURAZNO TRU TETRAPACK 200 ML;NO PERECIBLE;2026-07-01;5.4;1;18;7
7779;SNACK QUINOA CHIA BBQ 40 GR;NO PERECIBLE;2026-01-01;19.32;6;46;1
7779;SNACK QUINOA CHIA BBQ 40 GR;NO PERECIBLE;2026-02-01;15.96;5;38;2
7779;SNACK QUINOA CHIA BBQ 40 GR;NO PERECIBLE;2026-03-01;26.04;6;62;3
7779;SNACK QUINOA CHIA BBQ 40 GR;NO PERECIBLE;2026-04-01;38.22;8;91;4
7779;SNACK QUINOA CHIA BBQ 40 GR;NO PERECIBLE;2026-05-01;30.66;7;73;5
7779;SNACK QUINOA CHIA BBQ 40 GR;NO PERECIBLE;2026-06-01;19.32;6;46;6
7779;SNACK QUINOA CHIA BBQ 40 GR;NO PERECIBLE;2026-07-01;13.44;5;32;7
7780;SNACK QUINOA CHAMPIÑONES 40 GR;NO PERECIBLE;2026-01-01;19.32;6;46;1
7780;SNACK QUINOA CHAMPIÑONES 40 GR;NO PERECIBLE;2026-02-01;13.86;4;33;2
7780;SNACK QUINOA CHAMPIÑONES 40 GR;NO PERECIBLE;2026-03-01;21;5;50;3
7780;SNACK QUINOA CHAMPIÑONES 40 GR;NO PERECIBLE;2026-04-01;13.02;5;31;4
7780;SNACK QUINOA CHAMPIÑONES 40 GR;NO PERECIBLE;2026-05-01;18.06;6;43;5
7780;SNACK QUINOA CHAMPIÑONES 40 GR;NO PERECIBLE;2026-06-01;17.22;5;41;6
7780;SNACK QUINOA CHAMPIÑONES 40 GR;NO PERECIBLE;2026-07-01;13.02;4;31;7
7781;SNACK QUINOA/TOMATE/ALBAHACA ANDINOS 40 GR;NO PERECIBLE;2026-01-01;21.84;8;52;1
7781;SNACK QUINOA/TOMATE/ALBAHACA ANDINOS 40 GR;NO PERECIBLE;2026-02-01;19.32;9;46;2
7781;SNACK QUINOA/TOMATE/ALBAHACA ANDINOS 40 GR;NO PERECIBLE;2026-03-01;42;15;100;3
7781;SNACK QUINOA/TOMATE/ALBAHACA ANDINOS 40 GR;NO PERECIBLE;2026-04-01;22.68;12;54;4
7781;SNACK QUINOA/TOMATE/ALBAHACA ANDINOS 40 GR;NO PERECIBLE;2026-05-01;29.82;15;71;5
7781;SNACK QUINOA/TOMATE/ALBAHACA ANDINOS 40 GR;NO PERECIBLE;2026-06-01;28.98;14;69;6
7781;SNACK QUINOA/TOMATE/ALBAHACA ANDINOS 40 GR;NO PERECIBLE;2026-07-01;31.92;14;76;7
7788;CERDO CHULETA PROCESADO (185-195) X10;PERECIBLE;2026-01-01;1125.7230767184;2;199.56;1
7788;CERDO CHULETA PROCESADO (185-195) X10;PERECIBLE;2026-02-01;2518.71794826;8;446.5;2
7788;CERDO CHULETA PROCESADO (185-195) X10;PERECIBLE;2026-03-01;3454.846153218;10;612.45;3
7788;CERDO CHULETA PROCESADO (185-195) X10;PERECIBLE;2026-04-01;1340.3641023204;5;237.61;4
7788;CERDO CHULETA PROCESADO (185-195) X10;PERECIBLE;2026-05-01;2727.717948222;7;483.55;5
7788;CERDO CHULETA PROCESADO (185-195) X10;PERECIBLE;2026-06-01;2386.435897002;6;423.05;6
7788;CERDO CHULETA PROCESADO (185-195) X10;PERECIBLE;2026-07-01;2051.6974355244;9;363.71;7
7795;AZUCAR IMPALPABLE MOCA 500 GR;NO PERECIBLE;2026-01-01;639.1;110;913;1
7795;AZUCAR IMPALPABLE MOCA 500 GR;NO PERECIBLE;2026-02-01;484.4;116;692;2
7795;AZUCAR IMPALPABLE MOCA 500 GR;NO PERECIBLE;2026-03-01;680.4;127;972;3
7795;AZUCAR IMPALPABLE MOCA 500 GR;NO PERECIBLE;2026-04-01;621.6;123;888;4
7795;AZUCAR IMPALPABLE MOCA 500 GR;NO PERECIBLE;2026-05-01;539;112;770;5
7795;AZUCAR IMPALPABLE MOCA 500 GR;NO PERECIBLE;2026-06-01;759.5;135;1085;6
7795;AZUCAR IMPALPABLE MOCA 500 GR;NO PERECIBLE;2026-07-01;604.8;135;864;7
7796;MAICENA MOCA 400 GR;NO PERECIBLE;2026-01-01;1735.8;588;2893;1
7796;MAICENA MOCA 400 GR;NO PERECIBLE;2026-02-01;1549.8;545;2583;2
7796;MAICENA MOCA 400 GR;NO PERECIBLE;2026-03-01;1971.6;658;3286;3
7796;MAICENA MOCA 400 GR;NO PERECIBLE;2026-04-01;1804.2;617;3007;4
7796;MAICENA MOCA 400 GR;NO PERECIBLE;2026-05-01;1839.6;667;3066;5
7796;MAICENA MOCA 400 GR;NO PERECIBLE;2026-06-01;1973.4;656;3289;6
7796;MAICENA MOCA 400 GR;NO PERECIBLE;2026-07-01;1744.2;657;2907;7
7804;AGUA SIN GAS TRADICIONAL 600 ML;NO PERECIBLE;2026-01-01;946.4425;23;5455;1
7804;AGUA SIN GAS TRADICIONAL 600 ML;NO PERECIBLE;2026-02-01;1083.8545;29;6247;2
7804;AGUA SIN GAS TRADICIONAL 600 ML;NO PERECIBLE;2026-03-01;1019.833;30;5878;3
7804;AGUA SIN GAS TRADICIONAL 600 ML;NO PERECIBLE;2026-04-01;1173.207;34;6762;4
7804;AGUA SIN GAS TRADICIONAL 600 ML;NO PERECIBLE;2026-05-01;1134.1695;28;6537;5
7804;AGUA SIN GAS TRADICIONAL 600 ML;NO PERECIBLE;2026-06-01;1317.7325;27;7595;6
7804;AGUA SIN GAS TRADICIONAL 600 ML;NO PERECIBLE;2026-07-01;1195.068;26;6888;7
7805;AGUA SIN GAS TRADICIONAL 1 LT;NO PERECIBLE;2026-01-01;129.585;5;489;1
7805;AGUA SIN GAS TRADICIONAL 1 LT;NO PERECIBLE;2026-02-01;79.5;5;300;2
7805;AGUA SIN GAS TRADICIONAL 1 LT;NO PERECIBLE;2026-03-01;101.76;6;384;3
7805;AGUA SIN GAS TRADICIONAL 1 LT;NO PERECIBLE;2026-04-01;53;1;200;4
7805;AGUA SIN GAS TRADICIONAL 1 LT;NO PERECIBLE;2026-05-01;56.71;1;214;5
7805;AGUA SIN GAS TRADICIONAL 1 LT;NO PERECIBLE;2026-06-01;23.85;1;90;6
7805;AGUA SIN GAS TRADICIONAL 1 LT;NO PERECIBLE;2026-07-01;87.45;3;330;7
7806;AGUA SIN GAS TRADICIONAL 6 LT;NO PERECIBLE;2026-01-01;266.22999663;14;337;1
7806;AGUA SIN GAS TRADICIONAL 6 LT;NO PERECIBLE;2026-02-01;24.48999969;6;31;2
7806;AGUA SIN GAS TRADICIONAL 6 LT;NO PERECIBLE;2026-03-01;70.30999911;8;89;3
7806;AGUA SIN GAS TRADICIONAL 6 LT;NO PERECIBLE;2026-04-01;264.64999665;18;335;4
7806;AGUA SIN GAS TRADICIONAL 6 LT;NO PERECIBLE;2026-05-01;237.78999699;14;301;5
7806;AGUA SIN GAS TRADICIONAL 6 LT;NO PERECIBLE;2026-06-01;259.90999671;19;329;6
7806;AGUA SIN GAS TRADICIONAL 6 LT;NO PERECIBLE;2026-07-01;235.41999702;17;298;7
7839;JABON LAVAR BLANCO FLORAL LAVATODO 230 GR;NO PERECIBLE;2026-01-01;2.5323958;1;5;1
7839;JABON LAVAR BLANCO FLORAL LAVATODO 230 GR;NO PERECIBLE;2026-02-01;1.01295832;1;2;2
7839;JABON LAVAR BLANCO FLORAL LAVATODO 230 GR;NO PERECIBLE;2026-03-01;2.5323958;1;5;3
7839;JABON LAVAR BLANCO FLORAL LAVATODO 230 GR;NO PERECIBLE;2026-04-01;5.0647916;2;10;4
7839;JABON LAVAR BLANCO FLORAL LAVATODO 230 GR;NO PERECIBLE;2026-05-01;4.05183328;2;8;5
7839;JABON LAVAR BLANCO FLORAL LAVATODO 230 GR;NO PERECIBLE;2026-06-01;0.50647916;1;1;6
7839;JABON LAVAR BLANCO FLORAL LAVATODO 230 GR;NO PERECIBLE;2026-07-01;3.54535412;2;7;7
7841;TOALLA PAÑO 2 EN 1 REUTILIZABLE DURAMAX 120HOJAS (20,6 X 27,5 CM);NO PERECIBLE;2026-01-01;5.54455556;1;1;1
7841;TOALLA PAÑO 2 EN 1 REUTILIZABLE DURAMAX 120HOJAS (20,6 X 27,5 CM);NO PERECIBLE;2026-02-01;0;0;0;2
7841;TOALLA PAÑO 2 EN 1 REUTILIZABLE DURAMAX 120HOJAS (20,6 X 27,5 CM);NO PERECIBLE;2026-03-01;5.54455556;1;1;3
7841;TOALLA PAÑO 2 EN 1 REUTILIZABLE DURAMAX 120HOJAS (20,6 X 27,5 CM);NO PERECIBLE;2026-04-01;11.08911112;2;2;4
7841;TOALLA PAÑO 2 EN 1 REUTILIZABLE DURAMAX 120HOJAS (20,6 X 27,5 CM);NO PERECIBLE;2026-05-01;0;0;0;5
7841;TOALLA PAÑO 2 EN 1 REUTILIZABLE DURAMAX 120HOJAS (20,6 X 27,5 CM);NO PERECIBLE;2026-06-01;5.54455556;1;1;6
7841;TOALLA PAÑO 2 EN 1 REUTILIZABLE DURAMAX 120HOJAS (20,6 X 27,5 CM);NO PERECIBLE;2026-07-01;11.08911112;2;2;7
7875;COCHINILLO PRONACA (4.28 - 5.45 KG);PERECIBLE;2026-01-01;436.46166669;6;7;1
7875;COCHINILLO PRONACA (4.28 - 5.45 KG);PERECIBLE;2026-02-01;498.81333336;5;8;2
7875;COCHINILLO PRONACA (4.28 - 5.45 KG);PERECIBLE;2026-03-01;436.46166669;5;7;3
7875;COCHINILLO PRONACA (4.28 - 5.45 KG);PERECIBLE;2026-04-01;0;0;0;4
7875;COCHINILLO PRONACA (4.28 - 5.45 KG);PERECIBLE;2026-05-01;0;0;0;5
7875;COCHINILLO PRONACA (4.28 - 5.45 KG);PERECIBLE;2026-06-01;0;0;0;6
7875;COCHINILLO PRONACA (4.28 - 5.45 KG);PERECIBLE;2026-07-01;0;0;0;7
7876;AZUCAR BLANCA TABABUELA 50 KG;NO PERECIBLE;2026-01-01;0;0;0;1
7876;AZUCAR BLANCA TABABUELA 50 KG;NO PERECIBLE;2026-02-01;0;0;0;2
7876;AZUCAR BLANCA TABABUELA 50 KG;NO PERECIBLE;2026-03-01;0;0;0;3
7876;AZUCAR BLANCA TABABUELA 50 KG;NO PERECIBLE;2026-04-01;108.00001671;1;3;4
7876;AZUCAR BLANCA TABABUELA 50 KG;NO PERECIBLE;2026-05-01;0;0;0;5
7876;AZUCAR BLANCA TABABUELA 50 KG;NO PERECIBLE;2026-06-01;0;0;0;6
7876;AZUCAR BLANCA TABABUELA 50 KG;NO PERECIBLE;2026-07-01;0;0;0;7
7883;TOMATE DULCE MADURO 1KG;FRUVER;2026-01-01;0;0;0;1
7883;TOMATE DULCE MADURO 1KG;FRUVER;2026-02-01;0;0;0;2
7883;TOMATE DULCE MADURO 1KG;FRUVER;2026-03-01;0;0;0;3
7883;TOMATE DULCE MADURO 1KG;FRUVER;2026-04-01;0;0;0;4
7883;TOMATE DULCE MADURO 1KG;FRUVER;2026-05-01;0;0;0;5
7883;TOMATE DULCE MADURO 1KG;FRUVER;2026-06-01;0;0;0;6
7883;TOMATE DULCE MADURO 1KG;FRUVER;2026-07-01;0.75;1;1;7
7889;CHORIZO ARGENTINO X6 T1 AL GUSTO 500 GR;PERECIBLE;2026-01-01;10089.6003;330;4329;1
7889;CHORIZO ARGENTINO X6 T1 AL GUSTO 500 GR;PERECIBLE;2026-02-01;10373.9457;312;4451;2
7889;CHORIZO ARGENTINO X6 T1 AL GUSTO 500 GR;PERECIBLE;2026-03-01;11189.6907;376;4801;3
7889;CHORIZO ARGENTINO X6 T1 AL GUSTO 500 GR;PERECIBLE;2026-04-01;14135.6955;373;6065;4
7889;CHORIZO ARGENTINO X6 T1 AL GUSTO 500 GR;PERECIBLE;2026-05-01;5055.2883;156;2169;5
7889;CHORIZO ARGENTINO X6 T1 AL GUSTO 500 GR;PERECIBLE;2026-06-01;15902.3661;388;6823;6
7889;CHORIZO ARGENTINO X6 T1 AL GUSTO 500 GR;PERECIBLE;2026-07-01;15839.4372;382;6796;7
7904;PICADITA MIX DE EMBUTIDOS T1 AL GUSTO 1 KG;PERECIBLE;2026-01-01;690.2;68;203;1
7904;PICADITA MIX DE EMBUTIDOS T1 AL GUSTO 1 KG;PERECIBLE;2026-02-01;829.6;71;244;2
7904;PICADITA MIX DE EMBUTIDOS T1 AL GUSTO 1 KG;PERECIBLE;2026-03-01;720.8;74;212;3
7904;PICADITA MIX DE EMBUTIDOS T1 AL GUSTO 1 KG;PERECIBLE;2026-04-01;935;84;275;4
7904;PICADITA MIX DE EMBUTIDOS T1 AL GUSTO 1 KG;PERECIBLE;2026-05-01;744.6;73;219;5
7904;PICADITA MIX DE EMBUTIDOS T1 AL GUSTO 1 KG;PERECIBLE;2026-06-01;989.4;82;291;6
7904;PICADITA MIX DE EMBUTIDOS T1 AL GUSTO 1 KG;PERECIBLE;2026-07-01;595;64;175;7
7906;JAMON SERRANO EL POZO 500 GR;PERECIBLE;2026-01-01;113.95;6;10;1
7906;JAMON SERRANO EL POZO 500 GR;PERECIBLE;2026-02-01;34.185;3;3;2
7906;JAMON SERRANO EL POZO 500 GR;PERECIBLE;2026-03-01;22.79;1;2;3
7906;JAMON SERRANO EL POZO 500 GR;PERECIBLE;2026-04-01;11.395;1;1;4
7906;JAMON SERRANO EL POZO 500 GR;PERECIBLE;2026-05-01;45.58;3;4;5
7906;JAMON SERRANO EL POZO 500 GR;PERECIBLE;2026-06-01;0;0;0;6
7906;JAMON SERRANO EL POZO 500 GR;PERECIBLE;2026-07-01;0;0;0;7
7924;LECHE CONDENSADA ITAMBE LATA 5 KG;NO PERECIBLE;2026-01-01;42.3;1;2;1
7924;LECHE CONDENSADA ITAMBE LATA 5 KG;NO PERECIBLE;2026-02-01;21.15;1;1;2
7924;LECHE CONDENSADA ITAMBE LATA 5 KG;NO PERECIBLE;2026-03-01;21.15;1;1;3
7924;LECHE CONDENSADA ITAMBE LATA 5 KG;NO PERECIBLE;2026-04-01;0;0;0;4
7924;LECHE CONDENSADA ITAMBE LATA 5 KG;NO PERECIBLE;2026-05-01;21.15;1;1;5
7924;LECHE CONDENSADA ITAMBE LATA 5 KG;NO PERECIBLE;2026-06-01;0;0;0;6
7924;LECHE CONDENSADA ITAMBE LATA 5 KG;NO PERECIBLE;2026-07-01;0;0;0;7
7987;"BANDEJA TERMICA HOT DOG BLANCA 4X8 1/2"" X 25";NO PERECIBLE;2026-01-01;0;0;0;1
7987;"BANDEJA TERMICA HOT DOG BLANCA 4X8 1/2"" X 25";NO PERECIBLE;2026-02-01;11.18280468;1;12;2
7987;"BANDEJA TERMICA HOT DOG BLANCA 4X8 1/2"" X 25";NO PERECIBLE;2026-03-01;22.36560936;2;24;3
7987;"BANDEJA TERMICA HOT DOG BLANCA 4X8 1/2"" X 25";NO PERECIBLE;2026-04-01;11.18280468;1;12;4
7987;"BANDEJA TERMICA HOT DOG BLANCA 4X8 1/2"" X 25";NO PERECIBLE;2026-05-01;0;0;0;5
7987;"BANDEJA TERMICA HOT DOG BLANCA 4X8 1/2"" X 25";NO PERECIBLE;2026-06-01;26.09321092;2;28;6
7987;"BANDEJA TERMICA HOT DOG BLANCA 4X8 1/2"" X 25";NO PERECIBLE;2026-07-01;7.45520312;1;8;7
7994;DORADO FILETE 5 KG;PERECIBLE;2026-01-01;8363.5075447839;140;1518.03;1
7994;DORADO FILETE 5 KG;PERECIBLE;2026-02-01;2593.6828961601;27;470.77;2
7994;DORADO FILETE 5 KG;PERECIBLE;2026-03-01;27.7676185752;1;5.04;3
7994;DORADO FILETE 5 KG;PERECIBLE;2026-04-01;0;0;0;4
7994;DORADO FILETE 5 KG;PERECIBLE;2026-05-01;0;0;0;5
7994;DORADO FILETE 5 KG;PERECIBLE;2026-06-01;8344.2795708102;61;1514.54;6
7994;DORADO FILETE 5 KG;PERECIBLE;2026-07-01;14013.1711296924;98;2543.48;7
8018;FUNDA AZUL 30MICRAS 35X47 X50;NO PERECIBLE;2026-01-01;0;0;0;1
8018;FUNDA AZUL 30MICRAS 35X47 X50;NO PERECIBLE;2026-02-01;0;0;0;2
8018;FUNDA AZUL 30MICRAS 35X47 X50;NO PERECIBLE;2026-03-01;0;0;0;3
8018;FUNDA AZUL 30MICRAS 35X47 X50;NO PERECIBLE;2026-04-01;13.86;2;2;4
8018;FUNDA AZUL 30MICRAS 35X47 X50;NO PERECIBLE;2026-05-01;0;0;0;5
8018;FUNDA AZUL 30MICRAS 35X47 X50;NO PERECIBLE;2026-06-01;0;0;0;6
8018;FUNDA AZUL 30MICRAS 35X47 X50;NO PERECIBLE;2026-07-01;0;0;0;7
8019;FIDEO FETTUCCINI SANTORINO 400 GR;NO PERECIBLE;2026-01-01;601.9;55;926;1
8019;FIDEO FETTUCCINI SANTORINO 400 GR;NO PERECIBLE;2026-02-01;518.05;58;797;2
8019;FIDEO FETTUCCINI SANTORINO 400 GR;NO PERECIBLE;2026-03-01;670.15;76;1031;3
8019;FIDEO FETTUCCINI SANTORINO 400 GR;NO PERECIBLE;2026-04-01;516.1;57;794;4
8019;FIDEO FETTUCCINI SANTORINO 400 GR;NO PERECIBLE;2026-05-01;942.5;92;1450;5
8019;FIDEO FETTUCCINI SANTORINO 400 GR;NO PERECIBLE;2026-06-01;552.5;61;850;6
8019;FIDEO FETTUCCINI SANTORINO 400 GR;NO PERECIBLE;2026-07-01;744.9;70;1146;7
8026;VASO TERMICO CON TAPA 12 ONZ X100 UND;NO PERECIBLE;2026-01-01;0;0;0;1
8026;VASO TERMICO CON TAPA 12 ONZ X100 UND;NO PERECIBLE;2026-02-01;83.24;2;8;2
8026;VASO TERMICO CON TAPA 12 ONZ X100 UND;NO PERECIBLE;2026-03-01;83.24;2;8;3
8026;VASO TERMICO CON TAPA 12 ONZ X100 UND;NO PERECIBLE;2026-04-01;41.62;1;4;4
8026;VASO TERMICO CON TAPA 12 ONZ X100 UND;NO PERECIBLE;2026-05-01;0;0;0;5
8026;VASO TERMICO CON TAPA 12 ONZ X100 UND;NO PERECIBLE;2026-06-01;0;0;0;6
8026;VASO TERMICO CON TAPA 12 ONZ X100 UND;NO PERECIBLE;2026-07-01;0;0;0;7
8039;LECHE CHOCOLATADA SEMI TONI TETRAPACK 1 LT;NO PERECIBLE;2026-01-01;197.49;1;116;1
8039;LECHE CHOCOLATADA SEMI TONI TETRAPACK 1 LT;NO PERECIBLE;2026-02-01;34.05;2;20;2
8039;LECHE CHOCOLATADA SEMI TONI TETRAPACK 1 LT;NO PERECIBLE;2026-03-01;35.7525;1;21;3
8039;LECHE CHOCOLATADA SEMI TONI TETRAPACK 1 LT;NO PERECIBLE;2026-04-01;66.3975;4;39;4
8039;LECHE CHOCOLATADA SEMI TONI TETRAPACK 1 LT;NO PERECIBLE;2026-05-01;0;0;0;5
8039;LECHE CHOCOLATADA SEMI TONI TETRAPACK 1 LT;NO PERECIBLE;2026-06-01;22.1325;2;13;6
8039;LECHE CHOCOLATADA SEMI TONI TETRAPACK 1 LT;NO PERECIBLE;2026-07-01;0;0;0;7
8057;ARROZ MACAREÑO ENVEJECIDO PREMIUM CASA DEL ARROZ 10 KG;NO PERECIBLE;2026-01-01;0;0;0;1
8057;ARROZ MACAREÑO ENVEJECIDO PREMIUM CASA DEL ARROZ 10 KG;NO PERECIBLE;2026-02-01;0;0;0;2
8057;ARROZ MACAREÑO ENVEJECIDO PREMIUM CASA DEL ARROZ 10 KG;NO PERECIBLE;2026-03-01;0;0;0;3
8057;ARROZ MACAREÑO ENVEJECIDO PREMIUM CASA DEL ARROZ 10 KG;NO PERECIBLE;2026-04-01;11.639;1;1;4
8057;ARROZ MACAREÑO ENVEJECIDO PREMIUM CASA DEL ARROZ 10 KG;NO PERECIBLE;2026-05-01;0;0;0;5
8057;ARROZ MACAREÑO ENVEJECIDO PREMIUM CASA DEL ARROZ 10 KG;NO PERECIBLE;2026-06-01;0;0;0;6
8057;ARROZ MACAREÑO ENVEJECIDO PREMIUM CASA DEL ARROZ 10 KG;NO PERECIBLE;2026-07-01;0;0;0;7
8069;AVENA HOJUELAS LA ORIGINAL 1 KG;NO PERECIBLE;2026-01-01;0;0;0;1
8069;AVENA HOJUELAS LA ORIGINAL 1 KG;NO PERECIBLE;2026-02-01;0;0;0;2
8069;AVENA HOJUELAS LA ORIGINAL 1 KG;NO PERECIBLE;2026-03-01;0;0;0;3
8069;AVENA HOJUELAS LA ORIGINAL 1 KG;NO PERECIBLE;2026-04-01;0;0;0;4
8069;AVENA HOJUELAS LA ORIGINAL 1 KG;NO PERECIBLE;2026-05-01;0;0;0;5
8069;AVENA HOJUELAS LA ORIGINAL 1 KG;NO PERECIBLE;2026-06-01;505.215;144;545;6
8069;AVENA HOJUELAS LA ORIGINAL 1 KG;NO PERECIBLE;2026-07-01;1723.293;516;1859;7
8093;SAL DE MESA LA ORIGINAL 1 KG;NO PERECIBLE;2026-01-01;34.29;18;180;1
8093;SAL DE MESA LA ORIGINAL 1 KG;NO PERECIBLE;2026-02-01;18.288;14;96;2
8093;SAL DE MESA LA ORIGINAL 1 KG;NO PERECIBLE;2026-03-01;17.7165;13;93;3
8093;SAL DE MESA LA ORIGINAL 1 KG;NO PERECIBLE;2026-04-01;22.479;13;118;4
8093;SAL DE MESA LA ORIGINAL 1 KG;NO PERECIBLE;2026-05-01;18.288;10;96;5
8093;SAL DE MESA LA ORIGINAL 1 KG;NO PERECIBLE;2026-06-01;52.7685;18;277;6
8093;SAL DE MESA LA ORIGINAL 1 KG;NO PERECIBLE;2026-07-01;17.526;15;92;7
8108;GUANTE AMARILLO DOMESTICO ESTRELLA C20 T8;NO PERECIBLE;2026-01-01;68.436;41;90;1
8108;GUANTE AMARILLO DOMESTICO ESTRELLA C20 T8;NO PERECIBLE;2026-02-01;44.8636;26;59;2
8108;GUANTE AMARILLO DOMESTICO ESTRELLA C20 T8;NO PERECIBLE;2026-03-01;70.7172;40;93;3
8108;GUANTE AMARILLO DOMESTICO ESTRELLA C20 T8;NO PERECIBLE;2026-04-01;47.9052;28;63;4
8108;GUANTE AMARILLO DOMESTICO ESTRELLA C20 T8;NO PERECIBLE;2026-05-01;58.5508;38;77;5
8108;GUANTE AMARILLO DOMESTICO ESTRELLA C20 T8;NO PERECIBLE;2026-06-01;50.1864;31;66;6
8108;GUANTE AMARILLO DOMESTICO ESTRELLA C20 T8;NO PERECIBLE;2026-07-01;72.238;42;95;7
8109;GUANTE AMARILLO DOMESTICO ESTRELLA C20 T9;NO PERECIBLE;2026-01-01;261.7152;155;344;1
8109;GUANTE AMARILLO DOMESTICO ESTRELLA C20 T9;NO PERECIBLE;2026-02-01;230.5224;146;303;2
8109;GUANTE AMARILLO DOMESTICO ESTRELLA C20 T9;NO PERECIBLE;2026-03-01;280.7352;183;369;3
8109;GUANTE AMARILLO DOMESTICO ESTRELLA C20 T9;NO PERECIBLE;2026-04-01;279.9744;174;368;4
8109;GUANTE AMARILLO DOMESTICO ESTRELLA C20 T9;NO PERECIBLE;2026-05-01;282.2568;173;371;5
8109;GUANTE AMARILLO DOMESTICO ESTRELLA C20 T9;NO PERECIBLE;2026-06-01;285.3;176;375;6
8109;GUANTE AMARILLO DOMESTICO ESTRELLA C20 T9;NO PERECIBLE;2026-07-01;288.3432;177;379;7
8111;GUANTE NEGRO PRACTICO ESTRELLA C22 T8.5;NO PERECIBLE;2026-01-01;20.35469722;15;22;1
8111;GUANTE NEGRO PRACTICO ESTRELLA C22 T8.5;NO PERECIBLE;2026-02-01;21.27991073;17;23;2
8111;GUANTE NEGRO PRACTICO ESTRELLA C22 T8.5;NO PERECIBLE;2026-03-01;15.72862967;12;17;3
8111;GUANTE NEGRO PRACTICO ESTRELLA C22 T8.5;NO PERECIBLE;2026-04-01;13.87820265;10;15;4
8111;GUANTE NEGRO PRACTICO ESTRELLA C22 T8.5;NO PERECIBLE;2026-05-01;19.42948371;15;21;5
8111;GUANTE NEGRO PRACTICO ESTRELLA C22 T8.5;NO PERECIBLE;2026-06-01;10.17734861;9;11;6
8111;GUANTE NEGRO PRACTICO ESTRELLA C22 T8.5;NO PERECIBLE;2026-07-01;15.72862967;14;17;7
8112;GUANTE NEGRO PRACTICO ESTRELLA C22 T9;NO PERECIBLE;2026-01-01;31.8190082;22;35;1
8112;GUANTE NEGRO PRACTICO ESTRELLA C22 T9;NO PERECIBLE;2026-02-01;34.54635176;20;38;2
8112;GUANTE NEGRO PRACTICO ESTRELLA C22 T9;NO PERECIBLE;2026-03-01;33.63723724;22;37;3
8112;GUANTE NEGRO PRACTICO ESTRELLA C22 T9;NO PERECIBLE;2026-04-01;23.63697752;19;26;4
8112;GUANTE NEGRO PRACTICO ESTRELLA C22 T9;NO PERECIBLE;2026-05-01;24.54609204;16;27;5
8112;GUANTE NEGRO PRACTICO ESTRELLA C22 T9;NO PERECIBLE;2026-06-01;34.54635176;20;38;6
8112;GUANTE NEGRO PRACTICO ESTRELLA C22 T9;NO PERECIBLE;2026-07-01;17.27317588;14;19;7
8120;CACAO EN POLVO CHOCOLISTO 1000 G;NO PERECIBLE;2026-01-01;0;0;0;1
8120;CACAO EN POLVO CHOCOLISTO 1000 G;NO PERECIBLE;2026-02-01;7.568655;1;1;2
8120;CACAO EN POLVO CHOCOLISTO 1000 G;NO PERECIBLE;2026-03-01;0;0;0;3
8120;CACAO EN POLVO CHOCOLISTO 1000 G;NO PERECIBLE;2026-04-01;0;0;0;4
8120;CACAO EN POLVO CHOCOLISTO 1000 G;NO PERECIBLE;2026-05-01;0;0;0;5
8120;CACAO EN POLVO CHOCOLISTO 1000 G;NO PERECIBLE;2026-06-01;0;0;0;6
8120;CACAO EN POLVO CHOCOLISTO 1000 G;NO PERECIBLE;2026-07-01;0;0;0;7
8134;COLA FIORAVANTI MANZANA 300 ML;NO PERECIBLE;2026-01-01;0;0;0;1
8134;COLA FIORAVANTI MANZANA 300 ML;NO PERECIBLE;2026-02-01;0;0;0;2
8134;COLA FIORAVANTI MANZANA 300 ML;NO PERECIBLE;2026-03-01;0;0;0;3
8134;COLA FIORAVANTI MANZANA 300 ML;NO PERECIBLE;2026-04-01;0;0;0;4
8134;COLA FIORAVANTI MANZANA 300 ML;NO PERECIBLE;2026-05-01;0;0;0;5
8134;COLA FIORAVANTI MANZANA 300 ML;NO PERECIBLE;2026-06-01;0;0;0;6
8134;COLA FIORAVANTI MANZANA 300 ML;NO PERECIBLE;2026-07-01;2.4228;1;12;7
8169;SALCHICHA VIENESA LA EUROPEA 400 GR;PERECIBLE;2026-01-01;10.31031199;3;11;1
8169;SALCHICHA VIENESA LA EUROPEA 400 GR;PERECIBLE;2026-02-01;0;0;0;2
8169;SALCHICHA VIENESA LA EUROPEA 400 GR;PERECIBLE;2026-03-01;0;0;0;3
8169;SALCHICHA VIENESA LA EUROPEA 400 GR;PERECIBLE;2026-04-01;0;0;0;4
8169;SALCHICHA VIENESA LA EUROPEA 400 GR;PERECIBLE;2026-05-01;0;0;0;5
8169;SALCHICHA VIENESA LA EUROPEA 400 GR;PERECIBLE;2026-06-01;0;0;0;6
8169;SALCHICHA VIENESA LA EUROPEA 400 GR;PERECIBLE;2026-07-01;0;0;0;7
8173;DETERGENTE EN POLVO FRUTAL XTRA POWER CICLON 5 KG;NO PERECIBLE;2026-01-01;0;0;0;1
8173;DETERGENTE EN POLVO FRUTAL XTRA POWER CICLON 5 KG;NO PERECIBLE;2026-02-01;0;0;0;2
8173;DETERGENTE EN POLVO FRUTAL XTRA POWER CICLON 5 KG;NO PERECIBLE;2026-03-01;0;0;0;3
8173;DETERGENTE EN POLVO FRUTAL XTRA POWER CICLON 5 KG;NO PERECIBLE;2026-04-01;0;0;0;4
8173;DETERGENTE EN POLVO FRUTAL XTRA POWER CICLON 5 KG;NO PERECIBLE;2026-05-01;0;0;0;5
8173;DETERGENTE EN POLVO FRUTAL XTRA POWER CICLON 5 KG;NO PERECIBLE;2026-06-01;11.48724;1;1;6
8173;DETERGENTE EN POLVO FRUTAL XTRA POWER CICLON 5 KG;NO PERECIBLE;2026-07-01;0;0;0;7
8179;LIMPION INDUSTRIAL GENERACION VERDE 200 MT;NO PERECIBLE;2026-01-01;252.35;30;70;1
8179;LIMPION INDUSTRIAL GENERACION VERDE 200 MT;NO PERECIBLE;2026-02-01;216.3;32;60;2
8179;LIMPION INDUSTRIAL GENERACION VERDE 200 MT;NO PERECIBLE;2026-03-01;245.14;36;68;3
8179;LIMPION INDUSTRIAL GENERACION VERDE 200 MT;NO PERECIBLE;2026-04-01;245.14;30;68;4
8179;LIMPION INDUSTRIAL GENERACION VERDE 200 MT;NO PERECIBLE;2026-05-01;255.955;34;71;5
8179;LIMPION INDUSTRIAL GENERACION VERDE 200 MT;NO PERECIBLE;2026-06-01;281.19;33;78;6
8179;LIMPION INDUSTRIAL GENERACION VERDE 200 MT;NO PERECIBLE;2026-07-01;292.005;39;81;7
8223;RES LOMO DE FALDA ASADO CON GRASA SUPERMAXI REFRIGERADO (2.09 - 2.68 KG);PERECIBLE;2026-01-01;0;0;0;1
8223;RES LOMO DE FALDA ASADO CON GRASA SUPERMAXI REFRIGERADO (2.09 - 2.68 KG);PERECIBLE;2026-02-01;0;0;0;2
8223;RES LOMO DE FALDA ASADO CON GRASA SUPERMAXI REFRIGERADO (2.09 - 2.68 KG);PERECIBLE;2026-03-01;29.1033397116;1;2.12;3
8223;RES LOMO DE FALDA ASADO CON GRASA SUPERMAXI REFRIGERADO (2.09 - 2.68 KG);PERECIBLE;2026-04-01;0;0;0;4
8223;RES LOMO DE FALDA ASADO CON GRASA SUPERMAXI REFRIGERADO (2.09 - 2.68 KG);PERECIBLE;2026-05-01;0;0;0;5
8223;RES LOMO DE FALDA ASADO CON GRASA SUPERMAXI REFRIGERADO (2.09 - 2.68 KG);PERECIBLE;2026-06-01;164.73588516;4;12;6
8223;RES LOMO DE FALDA ASADO CON GRASA SUPERMAXI REFRIGERADO (2.09 - 2.68 KG);PERECIBLE;2026-07-01;112.7068014303;2;8.21;7
8228;BOTELLA PET TRANSPARENTE CON TAPA 300 ML X100 UND;NO PERECIBLE;2026-01-01;976.7432144;17;76;1
8228;BOTELLA PET TRANSPARENTE CON TAPA 300 ML X100 UND;NO PERECIBLE;2026-02-01;1105.2620584;18;86;2
8228;BOTELLA PET TRANSPARENTE CON TAPA 300 ML X100 UND;NO PERECIBLE;2026-03-01;1760.7081628;28;137;3
8228;BOTELLA PET TRANSPARENTE CON TAPA 300 ML X100 UND;NO PERECIBLE;2026-04-01;1927.78266;26;150;4
8228;BOTELLA PET TRANSPARENTE CON TAPA 300 ML X100 UND;NO PERECIBLE;2026-05-01;1683.5968564;28;131;5
8228;BOTELLA PET TRANSPARENTE CON TAPA 300 ML X100 UND;NO PERECIBLE;2026-06-01;1824.9675848;32;142;6
8228;BOTELLA PET TRANSPARENTE CON TAPA 300 ML X100 UND;NO PERECIBLE;2026-07-01;2120.560926;37;165;7
8233;ESTRAGON ENTERO MCCORMICK 7 GR;NO PERECIBLE;2026-01-01;10.14;4;6;1
8233;ESTRAGON ENTERO MCCORMICK 7 GR;NO PERECIBLE;2026-02-01;8.45;3;5;2
8233;ESTRAGON ENTERO MCCORMICK 7 GR;NO PERECIBLE;2026-03-01;21.97;6;13;3
8233;ESTRAGON ENTERO MCCORMICK 7 GR;NO PERECIBLE;2026-04-01;38.87;12;23;4
8233;ESTRAGON ENTERO MCCORMICK 7 GR;NO PERECIBLE;2026-05-01;15.21;5;9;5
8233;ESTRAGON ENTERO MCCORMICK 7 GR;NO PERECIBLE;2026-06-01;40.56;14;24;6
8233;ESTRAGON ENTERO MCCORMICK 7 GR;NO PERECIBLE;2026-07-01;5.07;2;3;7
8235;YOGURT MIX CEREAL TONI 180 GR;PERECIBLE;2026-01-01;165.12;4;192;1
8235;YOGURT MIX CEREAL TONI 180 GR;PERECIBLE;2026-02-01;170.28;5;198;2
8235;YOGURT MIX CEREAL TONI 180 GR;PERECIBLE;2026-03-01;206.4;5;240;3
8235;YOGURT MIX CEREAL TONI 180 GR;PERECIBLE;2026-04-01;206.4;5;240;4
8235;YOGURT MIX CEREAL TONI 180 GR;PERECIBLE;2026-05-01;168.56;5;196;5
8235;YOGURT MIX CEREAL TONI 180 GR;PERECIBLE;2026-06-01;165.12;4;192;6
8235;YOGURT MIX CEREAL TONI 180 GR;PERECIBLE;2026-07-01;227.04;5;264;7
8236;FIDEO FETTUCCINI DON VITTORIO 400 GR;NO PERECIBLE;2026-01-01;42.34786844;8;41;1
8236;FIDEO FETTUCCINI DON VITTORIO 400 GR;NO PERECIBLE;2026-02-01;13.42737292;3;13;2
8236;FIDEO FETTUCCINI DON VITTORIO 400 GR;NO PERECIBLE;2026-03-01;0;0;0;3
8236;FIDEO FETTUCCINI DON VITTORIO 400 GR;NO PERECIBLE;2026-04-01;0;0;0;4
8236;FIDEO FETTUCCINI DON VITTORIO 400 GR;NO PERECIBLE;2026-05-01;0;0;0;5
8236;FIDEO FETTUCCINI DON VITTORIO 400 GR;NO PERECIBLE;2026-06-01;0;0;0;6
8236;FIDEO FETTUCCINI DON VITTORIO 400 GR;NO PERECIBLE;2026-07-01;0;0;0;7
8264;PROTEINA DE TRIGO FORMA DE FRITADA 5 CEREALES CORDON GREEN X4 250 GR;PERECIBLE;2026-01-01;10.4;3;5;1
8264;PROTEINA DE TRIGO FORMA DE FRITADA 5 CEREALES CORDON GREEN X4 250 GR;PERECIBLE;2026-02-01;0;0;0;2
8264;PROTEINA DE TRIGO FORMA DE FRITADA 5 CEREALES CORDON GREEN X4 250 GR;PERECIBLE;2026-03-01;0;0;0;3
8264;PROTEINA DE TRIGO FORMA DE FRITADA 5 CEREALES CORDON GREEN X4 250 GR;PERECIBLE;2026-04-01;0;0;0;4
8264;PROTEINA DE TRIGO FORMA DE FRITADA 5 CEREALES CORDON GREEN X4 250 GR;PERECIBLE;2026-05-01;2.08;1;1;5
8264;PROTEINA DE TRIGO FORMA DE FRITADA 5 CEREALES CORDON GREEN X4 250 GR;PERECIBLE;2026-06-01;18.72;2;9;6
8264;PROTEINA DE TRIGO FORMA DE FRITADA 5 CEREALES CORDON GREEN X4 250 GR;PERECIBLE;2026-07-01;12.48;1;6;7
8267;PROTEINA DE SOYA FORMA DE JAMON CORDON GREEN X15 250 GR;PERECIBLE;2026-01-01;5.94;1;3;1
8267;PROTEINA DE SOYA FORMA DE JAMON CORDON GREEN X15 250 GR;PERECIBLE;2026-02-01;0;0;0;2
8267;PROTEINA DE SOYA FORMA DE JAMON CORDON GREEN X15 250 GR;PERECIBLE;2026-03-01;0;0;0;3
8267;PROTEINA DE SOYA FORMA DE JAMON CORDON GREEN X15 250 GR;PERECIBLE;2026-04-01;0;0;0;4
8267;PROTEINA DE SOYA FORMA DE JAMON CORDON GREEN X15 250 GR;PERECIBLE;2026-05-01;0;0;0;5
8267;PROTEINA DE SOYA FORMA DE JAMON CORDON GREEN X15 250 GR;PERECIBLE;2026-06-01;63.36;2;32;6
8267;PROTEINA DE SOYA FORMA DE JAMON CORDON GREEN X15 250 GR;PERECIBLE;2026-07-01;9.9;1;5;7
8268;PROTEINA DE SOYA FORMA DE HAMBURGUESA CRISPY CON QUINUA CORDON GREEN X2 180 GR;PERECIBLE;2026-01-01;6.28;2;4;1
8268;PROTEINA DE SOYA FORMA DE HAMBURGUESA CRISPY CON QUINUA CORDON GREEN X2 180 GR;PERECIBLE;2026-02-01;4.71;1;3;2
8268;PROTEINA DE SOYA FORMA DE HAMBURGUESA CRISPY CON QUINUA CORDON GREEN X2 180 GR;PERECIBLE;2026-03-01;0;0;0;3
8268;PROTEINA DE SOYA FORMA DE HAMBURGUESA CRISPY CON QUINUA CORDON GREEN X2 180 GR;PERECIBLE;2026-04-01;0;0;0;4
8268;PROTEINA DE SOYA FORMA DE HAMBURGUESA CRISPY CON QUINUA CORDON GREEN X2 180 GR;PERECIBLE;2026-05-01;0;0;0;5
8268;PROTEINA DE SOYA FORMA DE HAMBURGUESA CRISPY CON QUINUA CORDON GREEN X2 180 GR;PERECIBLE;2026-06-01;36.11;2;23;6
8268;PROTEINA DE SOYA FORMA DE HAMBURGUESA CRISPY CON QUINUA CORDON GREEN X2 180 GR;PERECIBLE;2026-07-01;12.56;1;8;7
8269;PROTEINA DE TRIGO FORMA DE MILANESA CON 5 CEREALES CORDON GREEN X4 250GR;PERECIBLE;2026-01-01;7.96;3;4;1
8269;PROTEINA DE TRIGO FORMA DE MILANESA CON 5 CEREALES CORDON GREEN X4 250GR;PERECIBLE;2026-02-01;1.99;1;1;2
8269;PROTEINA DE TRIGO FORMA DE MILANESA CON 5 CEREALES CORDON GREEN X4 250GR;PERECIBLE;2026-03-01;25.87;2;13;3
8269;PROTEINA DE TRIGO FORMA DE MILANESA CON 5 CEREALES CORDON GREEN X4 250GR;PERECIBLE;2026-04-01;0;0;0;4
8269;PROTEINA DE TRIGO FORMA DE MILANESA CON 5 CEREALES CORDON GREEN X4 250GR;PERECIBLE;2026-05-01;0;0;0;5
8269;PROTEINA DE TRIGO FORMA DE MILANESA CON 5 CEREALES CORDON GREEN X4 250GR;PERECIBLE;2026-06-01;17.91;2;9;6
8269;PROTEINA DE TRIGO FORMA DE MILANESA CON 5 CEREALES CORDON GREEN X4 250GR;PERECIBLE;2026-07-01;7.96;1;4;7
8274;CERDO GRASA CONGELADO 5 KG;PERECIBLE;2026-01-01;0;0;0;1
8274;CERDO GRASA CONGELADO 5 KG;PERECIBLE;2026-02-01;0;0;0;2
8274;CERDO GRASA CONGELADO 5 KG;PERECIBLE;2026-03-01;0;0;0;3
8274;CERDO GRASA CONGELADO 5 KG;PERECIBLE;2026-04-01;0;0;0;4
8274;CERDO GRASA CONGELADO 5 KG;PERECIBLE;2026-05-01;0;0;0;5
8274;CERDO GRASA CONGELADO 5 KG;PERECIBLE;2026-06-01;62.23;1;5.08;6
8274;CERDO GRASA CONGELADO 5 KG;PERECIBLE;2026-07-01;0;0;0;7
8281;RES, CARNE MOLIDA TACO 14 -15% GRASA TIPO 1 REFRIGERADO SUPERMAXI;PERECIBLE;2026-01-01;0;0;0;1
8281;RES, CARNE MOLIDA TACO 14 -15% GRASA TIPO 1 REFRIGERADO SUPERMAXI;PERECIBLE;2026-02-01;0;0;0;2
8281;RES, CARNE MOLIDA TACO 14 -15% GRASA TIPO 1 REFRIGERADO SUPERMAXI;PERECIBLE;2026-03-01;0;0;0;3
8281;RES, CARNE MOLIDA TACO 14 -15% GRASA TIPO 1 REFRIGERADO SUPERMAXI;PERECIBLE;2026-04-01;0;0;0;4
8281;RES, CARNE MOLIDA TACO 14 -15% GRASA TIPO 1 REFRIGERADO SUPERMAXI;PERECIBLE;2026-05-01;0;0;0;5
8281;RES, CARNE MOLIDA TACO 14 -15% GRASA TIPO 1 REFRIGERADO SUPERMAXI;PERECIBLE;2026-06-01;7.6824;1;1.98;6
8281;RES, CARNE MOLIDA TACO 14 -15% GRASA TIPO 1 REFRIGERADO SUPERMAXI;PERECIBLE;2026-07-01;0;0;0;7
8296;LASAÑA PRECOCIDA SANTORINO 500 GR X36 UND;NO PERECIBLE;2026-01-01;2821.65;268;1447;1
8296;LASAÑA PRECOCIDA SANTORINO 500 GR X36 UND;NO PERECIBLE;2026-02-01;2488.2;235;1276;2
8296;LASAÑA PRECOCIDA SANTORINO 500 GR X36 UND;NO PERECIBLE;2026-03-01;2570.1;282;1318;3
8296;LASAÑA PRECOCIDA SANTORINO 500 GR X36 UND;NO PERECIBLE;2026-04-01;2730;253;1400;4
8296;LASAÑA PRECOCIDA SANTORINO 500 GR X36 UND;NO PERECIBLE;2026-05-01;2613;271;1340;5
8296;LASAÑA PRECOCIDA SANTORINO 500 GR X36 UND;NO PERECIBLE;2026-06-01;2382.9;229;1222;6
8296;LASAÑA PRECOCIDA SANTORINO 500 GR X36 UND;NO PERECIBLE;2026-07-01;2956.2;248;1516;7
8297;PREMEZCLA TEGRAL BISCUIT PURATOS 5 KG;NO PERECIBLE;2026-01-01;58.36;3;4;1
8297;PREMEZCLA TEGRAL BISCUIT PURATOS 5 KG;NO PERECIBLE;2026-02-01;29.18;2;2;2
8297;PREMEZCLA TEGRAL BISCUIT PURATOS 5 KG;NO PERECIBLE;2026-03-01;29.18;2;2;3
8297;PREMEZCLA TEGRAL BISCUIT PURATOS 5 KG;NO PERECIBLE;2026-04-01;29.18;1;2;4
8297;PREMEZCLA TEGRAL BISCUIT PURATOS 5 KG;NO PERECIBLE;2026-05-01;0;0;0;5
8297;PREMEZCLA TEGRAL BISCUIT PURATOS 5 KG;NO PERECIBLE;2026-06-01;0;0;0;6
8297;PREMEZCLA TEGRAL BISCUIT PURATOS 5 KG;NO PERECIBLE;2026-07-01;0;0;0;7
8299;ATUN EN ACEITE GIRASOL DON SANCHO ABRE FACIL 160 GR;NO PERECIBLE;2026-01-01;705.282;205;915;1
8299;ATUN EN ACEITE GIRASOL DON SANCHO ABRE FACIL 160 GR;NO PERECIBLE;2026-02-01;780.8204;221;1013;2
8299;ATUN EN ACEITE GIRASOL DON SANCHO ABRE FACIL 160 GR;NO PERECIBLE;2026-03-01;915.7104;264;1188;3
8299;ATUN EN ACEITE GIRASOL DON SANCHO ABRE FACIL 160 GR;NO PERECIBLE;2026-04-01;877.1704;245;1138;4
8299;ATUN EN ACEITE GIRASOL DON SANCHO ABRE FACIL 160 GR;NO PERECIBLE;2026-05-01;783.1328;224;1016;5
8299;ATUN EN ACEITE GIRASOL DON SANCHO ABRE FACIL 160 GR;NO PERECIBLE;2026-06-01;974.2912;277;1264;6
8299;ATUN EN ACEITE GIRASOL DON SANCHO ABRE FACIL 160 GR;NO PERECIBLE;2026-07-01;873.3164;270;1133;7
8300;ATUN EN ACEITE GIRASOL DON SANCHO ABRE FACIL PB 160 GR;NO PERECIBLE;2026-01-01;115.62;34;150;1
8300;ATUN EN ACEITE GIRASOL DON SANCHO ABRE FACIL PB 160 GR;NO PERECIBLE;2026-02-01;101.7456;33;132;2
8300;ATUN EN ACEITE GIRASOL DON SANCHO ABRE FACIL PB 160 GR;NO PERECIBLE;2026-03-01;176.5132;45;229;3
8300;ATUN EN ACEITE GIRASOL DON SANCHO ABRE FACIL PB 160 GR;NO PERECIBLE;2026-04-01;153.3892;44;199;4
8300;ATUN EN ACEITE GIRASOL DON SANCHO ABRE FACIL PB 160 GR;NO PERECIBLE;2026-05-01;122.5572;37;159;5
8300;ATUN EN ACEITE GIRASOL DON SANCHO ABRE FACIL PB 160 GR;NO PERECIBLE;2026-06-01;148.7644;38;193;6
8300;ATUN EN ACEITE GIRASOL DON SANCHO ABRE FACIL PB 160 GR;NO PERECIBLE;2026-07-01;141.0564;39;183;7
8311;CHOCLITO BABY CORN SNOB DOYPACK 190 GR;NO PERECIBLE;2026-01-01;255.56481522;106;302;1
8311;CHOCLITO BABY CORN SNOB DOYPACK 190 GR;NO PERECIBLE;2026-02-01;214.94524194;106;254;2
8311;CHOCLITO BABY CORN SNOB DOYPACK 190 GR;NO PERECIBLE;2026-03-01;198.86666085;84;235;3
8311;CHOCLITO BABY CORN SNOB DOYPACK 190 GR;NO PERECIBLE;2026-04-01;225.10013526;105;266;4
8311;CHOCLITO BABY CORN SNOB DOYPACK 190 GR;NO PERECIBLE;2026-05-01;237.79375191;101;281;5
8311;CHOCLITO BABY CORN SNOB DOYPACK 190 GR;NO PERECIBLE;2026-06-01;180.24935643;99;213;6
8311;CHOCLITO BABY CORN SNOB DOYPACK 190 GR;NO PERECIBLE;2026-07-01;204.79034862;102;242;7
8322;FIDEO SPAGHETTI N5 INTEGRAL AVENA LINAZA SILUET 400 GR;NO PERECIBLE;2026-01-01;50.16;6;22;1
8322;FIDEO SPAGHETTI N5 INTEGRAL AVENA LINAZA SILUET 400 GR;NO PERECIBLE;2026-02-01;109.44;20;48;2
8322;FIDEO SPAGHETTI N5 INTEGRAL AVENA LINAZA SILUET 400 GR;NO PERECIBLE;2026-03-01;38.76;8;17;3
8322;FIDEO SPAGHETTI N5 INTEGRAL AVENA LINAZA SILUET 400 GR;NO PERECIBLE;2026-04-01;79.8;16;35;4
8322;FIDEO SPAGHETTI N5 INTEGRAL AVENA LINAZA SILUET 400 GR;NO PERECIBLE;2026-05-01;31.92;7;14;5
8322;FIDEO SPAGHETTI N5 INTEGRAL AVENA LINAZA SILUET 400 GR;NO PERECIBLE;2026-06-01;75.24;15;33;6
8322;FIDEO SPAGHETTI N5 INTEGRAL AVENA LINAZA SILUET 400 GR;NO PERECIBLE;2026-07-01;91.2;12;40;7
8359;AROMATICA TORONJIL ILE 37.5GR X25;NO PERECIBLE;2026-01-01;0;0;0;1
8359;AROMATICA TORONJIL ILE 37.5GR X25;NO PERECIBLE;2026-02-01;0;0;0;2
8359;AROMATICA TORONJIL ILE 37.5GR X25;NO PERECIBLE;2026-03-01;0;0;0;3
8359;AROMATICA TORONJIL ILE 37.5GR X25;NO PERECIBLE;2026-04-01;0;0;0;4
8359;AROMATICA TORONJIL ILE 37.5GR X25;NO PERECIBLE;2026-05-01;4.3005;3;5;5
8359;AROMATICA TORONJIL ILE 37.5GR X25;NO PERECIBLE;2026-06-01;10.3212;4;12;6
8359;AROMATICA TORONJIL ILE 37.5GR X25;NO PERECIBLE;2026-07-01;4.3005;2;5;7
8424;FLOR DE JAMAICA DESHIDRATADA 30 GR;NO PERECIBLE;2026-01-01;2461.6176;372;2298;1
8424;FLOR DE JAMAICA DESHIDRATADA 30 GR;NO PERECIBLE;2026-02-01;2643.7216;412;2468;2
8424;FLOR DE JAMAICA DESHIDRATADA 30 GR;NO PERECIBLE;2026-03-01;3046.4928;448;2844;3
8424;FLOR DE JAMAICA DESHIDRATADA 30 GR;NO PERECIBLE;2026-04-01;2799.0456;434;2613;4
8424;FLOR DE JAMAICA DESHIDRATADA 30 GR;NO PERECIBLE;2026-05-01;3168.6096;429;2958;5
8424;FLOR DE JAMAICA DESHIDRATADA 30 GR;NO PERECIBLE;2026-06-01;2941.5152;455;2746;6
8424;FLOR DE JAMAICA DESHIDRATADA 30 GR;NO PERECIBLE;2026-07-01;2911.5216;452;2718;7
8428;LECHE POLVO EL ORDEÑO 400 GR;NO PERECIBLE;2026-01-01;0;0;0;1
8428;LECHE POLVO EL ORDEÑO 400 GR;NO PERECIBLE;2026-02-01;36.3384;2;12;2
8428;LECHE POLVO EL ORDEÑO 400 GR;NO PERECIBLE;2026-03-01;63.5922;3;21;3
8428;LECHE POLVO EL ORDEÑO 400 GR;NO PERECIBLE;2026-04-01;6.0564;1;2;4
8428;LECHE POLVO EL ORDEÑO 400 GR;NO PERECIBLE;2026-05-01;72.6768;2;24;5
8428;LECHE POLVO EL ORDEÑO 400 GR;NO PERECIBLE;2026-06-01;48.4512;5;16;6
8428;LECHE POLVO EL ORDEÑO 400 GR;NO PERECIBLE;2026-07-01;0;0;0;7
8546;DISPENSADOR PAPEL TOALLA ESSENTIAL KIMBERLY (30217684) COMOD;NO PERECIBLE;2026-01-01;0;0;0;1
8546;DISPENSADOR PAPEL TOALLA ESSENTIAL KIMBERLY (30217684) COMOD;NO PERECIBLE;2026-02-01;4e-04;1;4;2
8546;DISPENSADOR PAPEL TOALLA ESSENTIAL KIMBERLY (30217684) COMOD;NO PERECIBLE;2026-03-01;0;0;0;3
8546;DISPENSADOR PAPEL TOALLA ESSENTIAL KIMBERLY (30217684) COMOD;NO PERECIBLE;2026-04-01;0;0;0;4
8546;DISPENSADOR PAPEL TOALLA ESSENTIAL KIMBERLY (30217684) COMOD;NO PERECIBLE;2026-05-01;0;0;0;5
8546;DISPENSADOR PAPEL TOALLA ESSENTIAL KIMBERLY (30217684) COMOD;NO PERECIBLE;2026-06-01;0;0;0;6
8546;DISPENSADOR PAPEL TOALLA ESSENTIAL KIMBERLY (30217684) COMOD;NO PERECIBLE;2026-07-01;0;0;0;7
8547;DISPENSADOR PAPEL TOALLA INTERFOLIADA KIMBERLY (30217686) COMOD;NO PERECIBLE;2026-01-01;0;0;0;1
8547;DISPENSADOR PAPEL TOALLA INTERFOLIADA KIMBERLY (30217686) COMOD;NO PERECIBLE;2026-02-01;0;0;0;2
8547;DISPENSADOR PAPEL TOALLA INTERFOLIADA KIMBERLY (30217686) COMOD;NO PERECIBLE;2026-03-01;0;0;0;3
8547;DISPENSADOR PAPEL TOALLA INTERFOLIADA KIMBERLY (30217686) COMOD;NO PERECIBLE;2026-04-01;0;0;0;4
8547;DISPENSADOR PAPEL TOALLA INTERFOLIADA KIMBERLY (30217686) COMOD;NO PERECIBLE;2026-05-01;0;0;0;5
8547;DISPENSADOR PAPEL TOALLA INTERFOLIADA KIMBERLY (30217686) COMOD;NO PERECIBLE;2026-06-01;1e-04;1;1;6
8547;DISPENSADOR PAPEL TOALLA INTERFOLIADA KIMBERLY (30217686) COMOD;NO PERECIBLE;2026-07-01;0;0;0;7
8561;YOGURT DURAZNO REGENERIS 1.75 LT;PERECIBLE;2026-01-01;699.09;63;175;1
8561;YOGURT DURAZNO REGENERIS 1.75 LT;PERECIBLE;2026-02-01;767.0016;60;192;2
8561;YOGURT DURAZNO REGENERIS 1.75 LT;PERECIBLE;2026-03-01;751.0224;65;188;3
8561;YOGURT DURAZNO REGENERIS 1.75 LT;PERECIBLE;2026-04-01;878.856;68;220;4
8561;YOGURT DURAZNO REGENERIS 1.75 LT;PERECIBLE;2026-05-01;727.0536;65;182;5
8561;YOGURT DURAZNO REGENERIS 1.75 LT;PERECIBLE;2026-06-01;806.9496;60;202;6
8561;YOGURT DURAZNO REGENERIS 1.75 LT;PERECIBLE;2026-07-01;719.064;69;180;7
8562;YOGURT FRESA REGENERIS 1.75 LT;PERECIBLE;2026-01-01;403.4647;43;101;1
8562;YOGURT FRESA REGENERIS 1.75 LT;PERECIBLE;2026-02-01;423.4382;40;106;2
8562;YOGURT FRESA REGENERIS 1.75 LT;PERECIBLE;2026-03-01;475.3693;47;119;3
8562;YOGURT FRESA REGENERIS 1.75 LT;PERECIBLE;2026-04-01;479.364;44;120;4
8562;YOGURT FRESA REGENERIS 1.75 LT;PERECIBLE;2026-05-01;403.4647;46;101;5
8562;YOGURT FRESA REGENERIS 1.75 LT;PERECIBLE;2026-06-01;523.3057;48;131;6
8562;YOGURT FRESA REGENERIS 1.75 LT;PERECIBLE;2026-07-01;411.4541;46;103;7
8563;YOGURT MORA REGENERIS 1.75 LT;PERECIBLE;2026-01-01;567.2332;48;142;1
8563;YOGURT MORA REGENERIS 1.75 LT;PERECIBLE;2026-02-01;459.379;40;115;2
8563;YOGURT MORA REGENERIS 1.75 LT;PERECIBLE;2026-03-01;643.1306;49;161;3
8563;YOGURT MORA REGENERIS 1.75 LT;PERECIBLE;2026-04-01;607.1792;53;152;4
8563;YOGURT MORA REGENERIS 1.75 LT;PERECIBLE;2026-05-01;531.2818;49;133;5
8563;YOGURT MORA REGENERIS 1.75 LT;PERECIBLE;2026-06-01;579.217;48;145;6
8563;YOGURT MORA REGENERIS 1.75 LT;PERECIBLE;2026-07-01;667.0982;59;167;7
8583;FIDEO TALLARIN SEMOLA DE TRIGO SUMESA 400GR;NO PERECIBLE;2026-01-01;0;0;0;1
8583;FIDEO TALLARIN SEMOLA DE TRIGO SUMESA 400GR;NO PERECIBLE;2026-02-01;0;0;0;2
8583;FIDEO TALLARIN SEMOLA DE TRIGO SUMESA 400GR;NO PERECIBLE;2026-03-01;0;0;0;3
8583;FIDEO TALLARIN SEMOLA DE TRIGO SUMESA 400GR;NO PERECIBLE;2026-04-01;0;0;0;4
8583;FIDEO TALLARIN SEMOLA DE TRIGO SUMESA 400GR;NO PERECIBLE;2026-05-01;0;0;0;5
8583;FIDEO TALLARIN SEMOLA DE TRIGO SUMESA 400GR;NO PERECIBLE;2026-06-01;7.818;3;6;6
8583;FIDEO TALLARIN SEMOLA DE TRIGO SUMESA 400GR;NO PERECIBLE;2026-07-01;0;0;0;7
8647;SAL YODADA SUPERMAXI 1 KG;NO PERECIBLE;2026-01-01;4185.9365;1080;13765;1
8647;SAL YODADA SUPERMAXI 1 KG;NO PERECIBLE;2026-02-01;3859.6372;1014;12692;2
8647;SAL YODADA SUPERMAXI 1 KG;NO PERECIBLE;2026-03-01;4555.418;1142;14980;3
8647;SAL YODADA SUPERMAXI 1 KG;NO PERECIBLE;2026-04-01;4612.8929;1140;15169;4
8647;SAL YODADA SUPERMAXI 1 KG;NO PERECIBLE;2026-05-01;4659.4202;1152;15322;5
8647;SAL YODADA SUPERMAXI 1 KG;NO PERECIBLE;2026-06-01;4581.2665;1149;15065;6
8647;SAL YODADA SUPERMAXI 1 KG;NO PERECIBLE;2026-07-01;4854.0442;1096;15962;7
8688;PAPEL ALUMINIO DIAMOND 60.9 M;NO PERECIBLE;2026-01-01;0;0;0;1
8688;PAPEL ALUMINIO DIAMOND 60.9 M;NO PERECIBLE;2026-02-01;0;0;0;2
8688;PAPEL ALUMINIO DIAMOND 60.9 M;NO PERECIBLE;2026-03-01;0;0;0;3
8688;PAPEL ALUMINIO DIAMOND 60.9 M;NO PERECIBLE;2026-04-01;0;0;0;4
8688;PAPEL ALUMINIO DIAMOND 60.9 M;NO PERECIBLE;2026-05-01;0;0;0;5
8688;PAPEL ALUMINIO DIAMOND 60.9 M;NO PERECIBLE;2026-06-01;26.9448;2;3;6
8688;PAPEL ALUMINIO DIAMOND 60.9 M;NO PERECIBLE;2026-07-01;53.8896;3;6;7
8710;AGUA SIN GAS DASANI 3.8 LT;NO PERECIBLE;2026-01-01;140.7603;5;141;1
8710;AGUA SIN GAS DASANI 3.8 LT;NO PERECIBLE;2026-02-01;125.7858;5;126;2
8710;AGUA SIN GAS DASANI 3.8 LT;NO PERECIBLE;2026-03-01;185.6838;5;186;3
8710;AGUA SIN GAS DASANI 3.8 LT;NO PERECIBLE;2026-04-01;208.6447;5;209;4
8710;AGUA SIN GAS DASANI 3.8 LT;NO PERECIBLE;2026-05-01;148.7467;6;149;5
8710;AGUA SIN GAS DASANI 3.8 LT;NO PERECIBLE;2026-06-01;152.7399;5;153;6
8710;AGUA SIN GAS DASANI 3.8 LT;NO PERECIBLE;2026-07-01;182.6889;6;183;7
8733;PAN GOURMET MORAS Y NUECES MODERNA 500 GR;NO PERECIBLE;2026-01-01;0;0;0;1
8733;PAN GOURMET MORAS Y NUECES MODERNA 500 GR;NO PERECIBLE;2026-02-01;0;0;0;2
8733;PAN GOURMET MORAS Y NUECES MODERNA 500 GR;NO PERECIBLE;2026-03-01;0;0;0;3
8733;PAN GOURMET MORAS Y NUECES MODERNA 500 GR;NO PERECIBLE;2026-04-01;0;0;0;4
8733;PAN GOURMET MORAS Y NUECES MODERNA 500 GR;NO PERECIBLE;2026-05-01;0;0;0;5
8733;PAN GOURMET MORAS Y NUECES MODERNA 500 GR;NO PERECIBLE;2026-06-01;0;0;0;6
8733;PAN GOURMET MORAS Y NUECES MODERNA 500 GR;NO PERECIBLE;2026-07-01;2.4411;1;1;7
8761;YOGURT VAINILLA FINESSE ALPINA 180 GR;PERECIBLE;2026-01-01;86.4;14;96;1
8761;YOGURT VAINILLA FINESSE ALPINA 180 GR;PERECIBLE;2026-02-01;75.6;11;84;2
8761;YOGURT VAINILLA FINESSE ALPINA 180 GR;PERECIBLE;2026-03-01;86.4;13;96;3
8761;YOGURT VAINILLA FINESSE ALPINA 180 GR;PERECIBLE;2026-04-01;70.2;11;78;4
8761;YOGURT VAINILLA FINESSE ALPINA 180 GR;PERECIBLE;2026-05-01;75.6;13;84;5
8761;YOGURT VAINILLA FINESSE ALPINA 180 GR;PERECIBLE;2026-06-01;27;5;30;6
8761;YOGURT VAINILLA FINESSE ALPINA 180 GR;PERECIBLE;2026-07-01;0;0;0;7
8762;QUESO AMERICANO REBANADO KIOSKO 1.6 KG;PERECIBLE;2026-01-01;0;0;0;1
8762;QUESO AMERICANO REBANADO KIOSKO 1.6 KG;PERECIBLE;2026-02-01;38.352;3;3;2
8762;QUESO AMERICANO REBANADO KIOSKO 1.6 KG;PERECIBLE;2026-03-01;51.136;4;4;3
8762;QUESO AMERICANO REBANADO KIOSKO 1.6 KG;PERECIBLE;2026-04-01;460.224;6;36;4
8762;QUESO AMERICANO REBANADO KIOSKO 1.6 KG;PERECIBLE;2026-05-01;76.704;5;6;5
8762;QUESO AMERICANO REBANADO KIOSKO 1.6 KG;PERECIBLE;2026-06-01;25.568;2;2;6
8762;QUESO AMERICANO REBANADO KIOSKO 1.6 KG;PERECIBLE;2026-07-01;0;0;0;7
8774;FREJOL ROJO LA ORIGINAL 500 GR;NO PERECIBLE;2026-01-01;4219.79444253;326;2787;1
8774;FREJOL ROJO LA ORIGINAL 500 GR;NO PERECIBLE;2026-02-01;3920.00280291;308;2589;2
8774;FREJOL ROJO LA ORIGINAL 500 GR;NO PERECIBLE;2026-03-01;4695.22158819;369;3101;3
8774;FREJOL ROJO LA ORIGINAL 500 GR;NO PERECIBLE;2026-04-01;1844.17281342;155;1218;4
8774;FREJOL ROJO LA ORIGINAL 500 GR;NO PERECIBLE;2026-05-01;0;0;0;5
8774;FREJOL ROJO LA ORIGINAL 500 GR;NO PERECIBLE;2026-06-01;0;0;0;6
8774;FREJOL ROJO LA ORIGINAL 500 GR;NO PERECIBLE;2026-07-01;0;0;0;7
8775;NATURES HEART GO NUTS 35 GR;NO PERECIBLE;2026-01-01;31.03660464;4;48;1
8775;NATURES HEART GO NUTS 35 GR;NO PERECIBLE;2026-02-01;23.92404941;3;37;2
8775;NATURES HEART GO NUTS 35 GR;NO PERECIBLE;2026-03-01;46.55490696;6;72;3
8775;NATURES HEART GO NUTS 35 GR;NO PERECIBLE;2026-04-01;55.60724998;6;86;4
8775;NATURES HEART GO NUTS 35 GR;NO PERECIBLE;2026-05-01;38.7957558;3;60;5
8775;NATURES HEART GO NUTS 35 GR;NO PERECIBLE;2026-06-01;15.51830232;2;24;6
8775;NATURES HEART GO NUTS 35 GR;NO PERECIBLE;2026-07-01;46.55490696;3;72;7
8776;NATURES HEART FRUTAS Y CHOCOLATE 35 GR;NO PERECIBLE;2026-01-01;31.2;4;48;1
8776;NATURES HEART FRUTAS Y CHOCOLATE 35 GR;NO PERECIBLE;2026-02-01;15.6;2;24;2
8776;NATURES HEART FRUTAS Y CHOCOLATE 35 GR;NO PERECIBLE;2026-03-01;15.6;2;24;3
8776;NATURES HEART FRUTAS Y CHOCOLATE 35 GR;NO PERECIBLE;2026-04-01;15.6;2;24;4
8776;NATURES HEART FRUTAS Y CHOCOLATE 35 GR;NO PERECIBLE;2026-05-01;0;0;0;5
8776;NATURES HEART FRUTAS Y CHOCOLATE 35 GR;NO PERECIBLE;2026-06-01;0;0;0;6
8776;NATURES HEART FRUTAS Y CHOCOLATE 35 GR;NO PERECIBLE;2026-07-01;0;0;0;7
8777;NATURES HEART ANTIOXIDANTE 35 GR;NO PERECIBLE;2026-01-01;105.56;17;203;1
8777;NATURES HEART ANTIOXIDANTE 35 GR;NO PERECIBLE;2026-02-01;107.12;14;206;2
8777;NATURES HEART ANTIOXIDANTE 35 GR;NO PERECIBLE;2026-03-01;107.12;13;206;3
8777;NATURES HEART ANTIOXIDANTE 35 GR;NO PERECIBLE;2026-04-01;103.48;14;199;4
8777;NATURES HEART ANTIOXIDANTE 35 GR;NO PERECIBLE;2026-05-01;98.28;15;189;5
8777;NATURES HEART ANTIOXIDANTE 35 GR;NO PERECIBLE;2026-06-01;92.56;11;178;6
8777;NATURES HEART ANTIOXIDANTE 35 GR;NO PERECIBLE;2026-07-01;119.6;15;230;7
8795;PAPA HASH BROWN LUTOSA 2.5 KG X23 UND;PERECIBLE;2026-01-01;17.35;1;2;1
8795;PAPA HASH BROWN LUTOSA 2.5 KG X23 UND;PERECIBLE;2026-02-01;17.35;1;2;2
8795;PAPA HASH BROWN LUTOSA 2.5 KG X23 UND;PERECIBLE;2026-03-01;34.7;2;4;3
8795;PAPA HASH BROWN LUTOSA 2.5 KG X23 UND;PERECIBLE;2026-04-01;52.05;3;6;4
8795;PAPA HASH BROWN LUTOSA 2.5 KG X23 UND;PERECIBLE;2026-05-01;26.025;1;3;5
8795;PAPA HASH BROWN LUTOSA 2.5 KG X23 UND;PERECIBLE;2026-06-01;17.35;1;2;6
8795;PAPA HASH BROWN LUTOSA 2.5 KG X23 UND;PERECIBLE;2026-07-01;52.05;4;6;7
8820;GALLETAS SALTICAS 252 GR (4 X63 GR);NO PERECIBLE;2026-01-01;887.76;35;548;1
8820;GALLETAS SALTICAS 252 GR (4 X63 GR);NO PERECIBLE;2026-02-01;858.6;32;530;2
8820;GALLETAS SALTICAS 252 GR (4 X63 GR);NO PERECIBLE;2026-03-01;552.42;35;341;3
8820;GALLETAS SALTICAS 252 GR (4 X63 GR);NO PERECIBLE;2026-04-01;539.46;29;333;4
8820;GALLETAS SALTICAS 252 GR (4 X63 GR);NO PERECIBLE;2026-05-01;779.22;34;481;5
8820;GALLETAS SALTICAS 252 GR (4 X63 GR);NO PERECIBLE;2026-06-01;756.54;39;467;6
8820;GALLETAS SALTICAS 252 GR (4 X63 GR);NO PERECIBLE;2026-07-01;1287.9;37;795;7
8848;LECHE FRESA SEMI TONI TETRAPACK 200 ML;NO PERECIBLE;2026-01-01;9.1824;2;12;1
8848;LECHE FRESA SEMI TONI TETRAPACK 200 ML;NO PERECIBLE;2026-02-01;27.5472;7;36;2
8848;LECHE FRESA SEMI TONI TETRAPACK 200 ML;NO PERECIBLE;2026-03-01;0;0;0;3
8848;LECHE FRESA SEMI TONI TETRAPACK 200 ML;NO PERECIBLE;2026-04-01;36.7296;2;48;4
8848;LECHE FRESA SEMI TONI TETRAPACK 200 ML;NO PERECIBLE;2026-05-01;0;0;0;5
8848;LECHE FRESA SEMI TONI TETRAPACK 200 ML;NO PERECIBLE;2026-06-01;0;0;0;6
8848;LECHE FRESA SEMI TONI TETRAPACK 200 ML;NO PERECIBLE;2026-07-01;0;0;0;7
8854;COBERTOR ZAPATO PLASTICO X100 UND;NO PERECIBLE;2026-01-01;0;0;0;1
8854;COBERTOR ZAPATO PLASTICO X100 UND;NO PERECIBLE;2026-02-01;0;0;0;2
8854;COBERTOR ZAPATO PLASTICO X100 UND;NO PERECIBLE;2026-03-01;2.5;1;1;3
8854;COBERTOR ZAPATO PLASTICO X100 UND;NO PERECIBLE;2026-04-01;0;0;0;4
8854;COBERTOR ZAPATO PLASTICO X100 UND;NO PERECIBLE;2026-05-01;0;0;0;5
8854;COBERTOR ZAPATO PLASTICO X100 UND;NO PERECIBLE;2026-06-01;0;0;0;6
8854;COBERTOR ZAPATO PLASTICO X100 UND;NO PERECIBLE;2026-07-01;0;0;0;7
8865;DISPENSADOR PAPEL HIGIENICO KIMBERLY ROLLO JUMBO (30217689) COMOD;NO PERECIBLE;2026-01-01;1e-04;1;1;1
8865;DISPENSADOR PAPEL HIGIENICO KIMBERLY ROLLO JUMBO (30217689) COMOD;NO PERECIBLE;2026-02-01;0;0;0;2
8865;DISPENSADOR PAPEL HIGIENICO KIMBERLY ROLLO JUMBO (30217689) COMOD;NO PERECIBLE;2026-03-01;1e-04;1;1;3
8865;DISPENSADOR PAPEL HIGIENICO KIMBERLY ROLLO JUMBO (30217689) COMOD;NO PERECIBLE;2026-04-01;0;0;0;4
8865;DISPENSADOR PAPEL HIGIENICO KIMBERLY ROLLO JUMBO (30217689) COMOD;NO PERECIBLE;2026-05-01;0;0;0;5
8865;DISPENSADOR PAPEL HIGIENICO KIMBERLY ROLLO JUMBO (30217689) COMOD;NO PERECIBLE;2026-06-01;0;0;0;6
8865;DISPENSADOR PAPEL HIGIENICO KIMBERLY ROLLO JUMBO (30217689) COMOD;NO PERECIBLE;2026-07-01;1e-04;1;1;7
8901;POLLO ESPALDILLA 5 KG;PERECIBLE;2026-01-01;0;0;0;1
8901;POLLO ESPALDILLA 5 KG;PERECIBLE;2026-02-01;0;0;0;2
8901;POLLO ESPALDILLA 5 KG;PERECIBLE;2026-03-01;0;0;0;3
8901;POLLO ESPALDILLA 5 KG;PERECIBLE;2026-04-01;24.808;2;35.44;4
8901;POLLO ESPALDILLA 5 KG;PERECIBLE;2026-05-01;0;0;0;5
8901;POLLO ESPALDILLA 5 KG;PERECIBLE;2026-06-01;0;0;0;6
8901;POLLO ESPALDILLA 5 KG;PERECIBLE;2026-07-01;0;0;0;7
8908;PAPAS PREFRITAS RIZADAS ULTRACONGELADAS AVIKO 2.5 KG (CALIBRE 9.5MM);PERECIBLE;2026-01-01;8526.375;78;1287;1
8908;PAPAS PREFRITAS RIZADAS ULTRACONGELADAS AVIKO 2.5 KG (CALIBRE 9.5MM);PERECIBLE;2026-02-01;5326.5;64;804;2
8908;PAPAS PREFRITAS RIZADAS ULTRACONGELADAS AVIKO 2.5 KG (CALIBRE 9.5MM);PERECIBLE;2026-03-01;5505.375;61;831;3
8908;PAPAS PREFRITAS RIZADAS ULTRACONGELADAS AVIKO 2.5 KG (CALIBRE 9.5MM);PERECIBLE;2026-04-01;6201;66;936;4
8908;PAPAS PREFRITAS RIZADAS ULTRACONGELADAS AVIKO 2.5 KG (CALIBRE 9.5MM);PERECIBLE;2026-05-01;4173.75;39;630;5
8908;PAPAS PREFRITAS RIZADAS ULTRACONGELADAS AVIKO 2.5 KG (CALIBRE 9.5MM);PERECIBLE;2026-06-01;0;0;0;6
8908;PAPAS PREFRITAS RIZADAS ULTRACONGELADAS AVIKO 2.5 KG (CALIBRE 9.5MM);PERECIBLE;2026-07-01;0;0;0;7
8909;PAPAS PREFRITAS CON PIEL ULTRACONGELADAS AVIKO 2.5 KG;PERECIBLE;2026-01-01;0;0;0;1
8909;PAPAS PREFRITAS CON PIEL ULTRACONGELADAS AVIKO 2.5 KG;PERECIBLE;2026-02-01;37.51502142;1;6;2
8909;PAPAS PREFRITAS CON PIEL ULTRACONGELADAS AVIKO 2.5 KG;PERECIBLE;2026-03-01;0;0;0;3
8909;PAPAS PREFRITAS CON PIEL ULTRACONGELADAS AVIKO 2.5 KG;PERECIBLE;2026-04-01;0;0;0;4
8909;PAPAS PREFRITAS CON PIEL ULTRACONGELADAS AVIKO 2.5 KG;PERECIBLE;2026-05-01;43.76752499;1;7;5
8909;PAPAS PREFRITAS CON PIEL ULTRACONGELADAS AVIKO 2.5 KG;PERECIBLE;2026-06-01;43.76752499;1;7;6
8909;PAPAS PREFRITAS CON PIEL ULTRACONGELADAS AVIKO 2.5 KG;PERECIBLE;2026-07-01;0;0;0;7
8914;RES, CARNE MOLIDA 14 - 17% GRASA CONGELADO 2.5 KG;PERECIBLE;2026-01-01;0;0;0;1
8914;RES, CARNE MOLIDA 14 - 17% GRASA CONGELADO 2.5 KG;PERECIBLE;2026-02-01;0;0;0;2
8914;RES, CARNE MOLIDA 14 - 17% GRASA CONGELADO 2.5 KG;PERECIBLE;2026-03-01;0;0;0;3
8914;RES, CARNE MOLIDA 14 - 17% GRASA CONGELADO 2.5 KG;PERECIBLE;2026-04-01;0;0;0;4
8914;RES, CARNE MOLIDA 14 - 17% GRASA CONGELADO 2.5 KG;PERECIBLE;2026-05-01;0;0;0;5
8914;RES, CARNE MOLIDA 14 - 17% GRASA CONGELADO 2.5 KG;PERECIBLE;2026-06-01;0;0;0;6
8914;RES, CARNE MOLIDA 14 - 17% GRASA CONGELADO 2.5 KG;PERECIBLE;2026-07-01;354.9;1;52.5;7
8947;AGUA SIN GAS TRU TETRAPACK 1 LT;NO PERECIBLE;2026-01-01;8.04;1;12;1
8947;AGUA SIN GAS TRU TETRAPACK 1 LT;NO PERECIBLE;2026-02-01;0;0;0;2
8947;AGUA SIN GAS TRU TETRAPACK 1 LT;NO PERECIBLE;2026-03-01;8.04;1;12;3
8947;AGUA SIN GAS TRU TETRAPACK 1 LT;NO PERECIBLE;2026-04-01;0;0;0;4
8947;AGUA SIN GAS TRU TETRAPACK 1 LT;NO PERECIBLE;2026-05-01;0;0;0;5
8947;AGUA SIN GAS TRU TETRAPACK 1 LT;NO PERECIBLE;2026-06-01;0;0;0;6
8947;AGUA SIN GAS TRU TETRAPACK 1 LT;NO PERECIBLE;2026-07-01;0;0;0;7
8948;GALLETAS INTEGRAL SALTICAS (3X66 GR);NO PERECIBLE;2026-01-01;7.4375;2;25;1
8948;GALLETAS INTEGRAL SALTICAS (3X66 GR);NO PERECIBLE;2026-02-01;2.975;3;10;2
8948;GALLETAS INTEGRAL SALTICAS (3X66 GR);NO PERECIBLE;2026-03-01;0.2975;1;1;3
8948;GALLETAS INTEGRAL SALTICAS (3X66 GR);NO PERECIBLE;2026-04-01;0;0;0;4
8948;GALLETAS INTEGRAL SALTICAS (3X66 GR);NO PERECIBLE;2026-05-01;0;0;0;5
8948;GALLETAS INTEGRAL SALTICAS (3X66 GR);NO PERECIBLE;2026-06-01;14.28;1;48;6
8948;GALLETAS INTEGRAL SALTICAS (3X66 GR);NO PERECIBLE;2026-07-01;0;0;0;7
8966;FILETE APANADO DE CARNE DE PIERNA/MUSLO DE POLLO 70GR X 25;PERECIBLE;2026-01-01;1470;15;147;1
8966;FILETE APANADO DE CARNE DE PIERNA/MUSLO DE POLLO 70GR X 25;PERECIBLE;2026-02-01;880;18;88;2
8966;FILETE APANADO DE CARNE DE PIERNA/MUSLO DE POLLO 70GR X 25;PERECIBLE;2026-03-01;1110;19;111;3
8966;FILETE APANADO DE CARNE DE PIERNA/MUSLO DE POLLO 70GR X 25;PERECIBLE;2026-04-01;1350;23;135;4
8966;FILETE APANADO DE CARNE DE PIERNA/MUSLO DE POLLO 70GR X 25;PERECIBLE;2026-05-01;1150;17;115;5
8966;FILETE APANADO DE CARNE DE PIERNA/MUSLO DE POLLO 70GR X 25;PERECIBLE;2026-06-01;1340;21;134;6
8966;FILETE APANADO DE CARNE DE PIERNA/MUSLO DE POLLO 70GR X 25;PERECIBLE;2026-07-01;1800;22;180;7
8967;FILETE APANADO DE CARNE DE PIERNA/MUSLO DE POLLO 90GR X 25;PERECIBLE;2026-01-01;796.25;23;65;1
8967;FILETE APANADO DE CARNE DE PIERNA/MUSLO DE POLLO 90GR X 25;PERECIBLE;2026-02-01;820.75;25;67;2
8967;FILETE APANADO DE CARNE DE PIERNA/MUSLO DE POLLO 90GR X 25;PERECIBLE;2026-03-01;710.5;25;58;3
8967;FILETE APANADO DE CARNE DE PIERNA/MUSLO DE POLLO 90GR X 25;PERECIBLE;2026-04-01;894.25;22;73;4
8967;FILETE APANADO DE CARNE DE PIERNA/MUSLO DE POLLO 90GR X 25;PERECIBLE;2026-05-01;428.75;18;35;5
8967;FILETE APANADO DE CARNE DE PIERNA/MUSLO DE POLLO 90GR X 25;PERECIBLE;2026-06-01;833;27;68;6
8967;FILETE APANADO DE CARNE DE PIERNA/MUSLO DE POLLO 90GR X 25;PERECIBLE;2026-07-01;649.25;24;53;7
8968;FILETE APANADO DE CARNE DE CERDO 70 GR X 25;PERECIBLE;2026-01-01;750.5;19;79;1
8968;FILETE APANADO DE CARNE DE CERDO 70 GR X 25;PERECIBLE;2026-02-01;845.5;19;89;2
8968;FILETE APANADO DE CARNE DE CERDO 70 GR X 25;PERECIBLE;2026-03-01;636.5;17;67;3
8968;FILETE APANADO DE CARNE DE CERDO 70 GR X 25;PERECIBLE;2026-04-01;503.5;13;53;4
8968;FILETE APANADO DE CARNE DE CERDO 70 GR X 25;PERECIBLE;2026-05-01;731.5;20;77;5
8968;FILETE APANADO DE CARNE DE CERDO 70 GR X 25;PERECIBLE;2026-06-01;323;12;34;6
8968;FILETE APANADO DE CARNE DE CERDO 70 GR X 25;PERECIBLE;2026-07-01;712.5;23;75;7
8969;FILETE APANADO DE CARNE DE CERDO 90 GR X 25;PERECIBLE;2026-01-01;1680.25;25;143;1
8969;FILETE APANADO DE CARNE DE CERDO 90 GR X 25;PERECIBLE;2026-02-01;998.75;23;85;2
8969;FILETE APANADO DE CARNE DE CERDO 90 GR X 25;PERECIBLE;2026-03-01;916.5;27;78;3
8969;FILETE APANADO DE CARNE DE CERDO 90 GR X 25;PERECIBLE;2026-04-01;1186.75;28;101;4
8969;FILETE APANADO DE CARNE DE CERDO 90 GR X 25;PERECIBLE;2026-05-01;35.25;1;3;5
8969;FILETE APANADO DE CARNE DE CERDO 90 GR X 25;PERECIBLE;2026-06-01;1034;24;88;6
8969;FILETE APANADO DE CARNE DE CERDO 90 GR X 25;PERECIBLE;2026-07-01;2338.25;37;199;7
8974;LECHE EVAPORADA SEMI LA LECHERA TETRAPACK 450 ML;NO PERECIBLE;2026-01-01;284.0424;59;152;1
8974;LECHE EVAPORADA SEMI LA LECHERA TETRAPACK 450 ML;NO PERECIBLE;2026-02-01;358.7904;65;192;2
8974;LECHE EVAPORADA SEMI LA LECHERA TETRAPACK 450 ML;NO PERECIBLE;2026-03-01;302.7294;58;162;3
8974;LECHE EVAPORADA SEMI LA LECHERA TETRAPACK 450 ML;NO PERECIBLE;2026-04-01;327.0225;58;175;4
8974;LECHE EVAPORADA SEMI LA LECHERA TETRAPACK 450 ML;NO PERECIBLE;2026-05-01;330.7599;63;177;5
8974;LECHE EVAPORADA SEMI LA LECHERA TETRAPACK 450 ML;NO PERECIBLE;2026-06-01;343.8408;57;184;6
8974;LECHE EVAPORADA SEMI LA LECHERA TETRAPACK 450 ML;NO PERECIBLE;2026-07-01;209.2944;60;112;7
8978;GALLETAS AVENA QUAKER FRUTOS ROJOS 192 GR (6 X32 GR);NO PERECIBLE;2026-01-01;395.46;20;169;1
8978;GALLETAS AVENA QUAKER FRUTOS ROJOS 192 GR (6 X32 GR);NO PERECIBLE;2026-02-01;351;23;150;2
8978;GALLETAS AVENA QUAKER FRUTOS ROJOS 192 GR (6 X32 GR);NO PERECIBLE;2026-03-01;386.1;26;165;3
8978;GALLETAS AVENA QUAKER FRUTOS ROJOS 192 GR (6 X32 GR);NO PERECIBLE;2026-04-01;393.12;27;168;4
8978;GALLETAS AVENA QUAKER FRUTOS ROJOS 192 GR (6 X32 GR);NO PERECIBLE;2026-05-01;432.9;32;185;5
8978;GALLETAS AVENA QUAKER FRUTOS ROJOS 192 GR (6 X32 GR);NO PERECIBLE;2026-06-01;273.78;20;117;6
8978;GALLETAS AVENA QUAKER FRUTOS ROJOS 192 GR (6 X32 GR);NO PERECIBLE;2026-07-01;421.2;31;180;7
8979;GALLETAS AVENA QUAKER MANZANA Y CANELA 168 GR (6 X28 GR);NO PERECIBLE;2026-01-01;72.54;4;31;1
8979;GALLETAS AVENA QUAKER MANZANA Y CANELA 168 GR (6 X28 GR);NO PERECIBLE;2026-02-01;168.48;13;72;2
8979;GALLETAS AVENA QUAKER MANZANA Y CANELA 168 GR (6 X28 GR);NO PERECIBLE;2026-03-01;215.28;15;92;3
8979;GALLETAS AVENA QUAKER MANZANA Y CANELA 168 GR (6 X28 GR);NO PERECIBLE;2026-04-01;159.12;13;68;4
8979;GALLETAS AVENA QUAKER MANZANA Y CANELA 168 GR (6 X28 GR);NO PERECIBLE;2026-05-01;121.68;4;52;5
8979;GALLETAS AVENA QUAKER MANZANA Y CANELA 168 GR (6 X28 GR);NO PERECIBLE;2026-06-01;234;16;100;6
8979;GALLETAS AVENA QUAKER MANZANA Y CANELA 168 GR (6 X28 GR);NO PERECIBLE;2026-07-01;311.22;19;133;7
9012;ATUN EN AGUA VAN CAMPS ABRE FACIL 184 GR;NO PERECIBLE;2026-01-01;60.71999472;10;44;1
9012;ATUN EN AGUA VAN CAMPS ABRE FACIL 184 GR;NO PERECIBLE;2026-02-01;113.15999016;11;82;2
9012;ATUN EN AGUA VAN CAMPS ABRE FACIL 184 GR;NO PERECIBLE;2026-03-01;62.0999946;12;45;3
9012;ATUN EN AGUA VAN CAMPS ABRE FACIL 184 GR;NO PERECIBLE;2026-04-01;89.6999922;11;65;4
9012;ATUN EN AGUA VAN CAMPS ABRE FACIL 184 GR;NO PERECIBLE;2026-05-01;84.17999268;13;61;5
9012;ATUN EN AGUA VAN CAMPS ABRE FACIL 184 GR;NO PERECIBLE;2026-06-01;160.07998608;11;116;6
9012;ATUN EN AGUA VAN CAMPS ABRE FACIL 184 GR;NO PERECIBLE;2026-07-01;114.53999004;10;83;7
9061;TOCINETA REBANADA LA EUROPEA 100 GR;PERECIBLE;2026-01-01;0;0;0;1
9061;TOCINETA REBANADA LA EUROPEA 100 GR;PERECIBLE;2026-02-01;4.3878;5;6;2
9061;TOCINETA REBANADA LA EUROPEA 100 GR;PERECIBLE;2026-03-01;0;0;0;3
9061;TOCINETA REBANADA LA EUROPEA 100 GR;PERECIBLE;2026-04-01;0;0;0;4
9061;TOCINETA REBANADA LA EUROPEA 100 GR;PERECIBLE;2026-05-01;0;0;0;5
9061;TOCINETA REBANADA LA EUROPEA 100 GR;PERECIBLE;2026-06-01;0;0;0;6
9061;TOCINETA REBANADA LA EUROPEA 100 GR;PERECIBLE;2026-07-01;0;0;0;7
9082;YOGURT DURAZNO TONI B 190 ML;PERECIBLE;2026-01-01;64.5;5;75;1
9082;YOGURT DURAZNO TONI B 190 ML;PERECIBLE;2026-02-01;43.86;4;51;2
9082;YOGURT DURAZNO TONI B 190 ML;PERECIBLE;2026-03-01;53.32;11;62;3
9082;YOGURT DURAZNO TONI B 190 ML;PERECIBLE;2026-04-01;46.44;4;54;4
9082;YOGURT DURAZNO TONI B 190 ML;PERECIBLE;2026-05-01;63.64;6;74;5
9082;YOGURT DURAZNO TONI B 190 ML;PERECIBLE;2026-06-01;67.08;5;78;6
9082;YOGURT DURAZNO TONI B 190 ML;PERECIBLE;2026-07-01;61.92;6;72;7
9091;PAN BLANCO HAMBURGUESA MODERNA 520 GR X 8;NO PERECIBLE;2026-01-01;949.58;67;601;1
9091;PAN BLANCO HAMBURGUESA MODERNA 520 GR X 8;NO PERECIBLE;2026-02-01;729.96;54;462;2
9091;PAN BLANCO HAMBURGUESA MODERNA 520 GR X 8;NO PERECIBLE;2026-03-01;753.66;53;477;3
9091;PAN BLANCO HAMBURGUESA MODERNA 520 GR X 8;NO PERECIBLE;2026-04-01;992.24;64;628;4
9091;PAN BLANCO HAMBURGUESA MODERNA 520 GR X 8;NO PERECIBLE;2026-05-01;960.64;74;608;5
9091;PAN BLANCO HAMBURGUESA MODERNA 520 GR X 8;NO PERECIBLE;2026-06-01;1319.3;72;835;6
9091;PAN BLANCO HAMBURGUESA MODERNA 520 GR X 8;NO PERECIBLE;2026-07-01;823.18;61;521;7
9095;YOGURT GRIEGO NATURAL ZEUS REY 900 ML;PERECIBLE;2026-01-01;136.56;14;24;1
9095;YOGURT GRIEGO NATURAL ZEUS REY 900 ML;PERECIBLE;2026-02-01;119.49;15;21;2
9095;YOGURT GRIEGO NATURAL ZEUS REY 900 ML;PERECIBLE;2026-03-01;113.8;15;20;3
9095;YOGURT GRIEGO NATURAL ZEUS REY 900 ML;PERECIBLE;2026-04-01;119.49;14;21;4
9095;YOGURT GRIEGO NATURAL ZEUS REY 900 ML;PERECIBLE;2026-05-01;113.8;14;20;5
9095;YOGURT GRIEGO NATURAL ZEUS REY 900 ML;PERECIBLE;2026-06-01;187.77;13;33;6
9095;YOGURT GRIEGO NATURAL ZEUS REY 900 ML;PERECIBLE;2026-07-01;165.01;18;29;7
9137;ARROZ ENVEJECIDO 1 KG;NO PERECIBLE;2026-01-01;79496.9556407078;846;84846.82;1
9137;ARROZ ENVEJECIDO 1 KG;NO PERECIBLE;2026-02-01;74946.3362542284;798;79989.96;2
9137;ARROZ ENVEJECIDO 1 KG;NO PERECIBLE;2026-03-01;78700.9256479238;880;83997.22;3
9137;ARROZ ENVEJECIDO 1 KG;NO PERECIBLE;2026-04-01;14299.6444311084;751;15261.96;4
9137;ARROZ ENVEJECIDO 1 KG;NO PERECIBLE;2026-05-01;0;0;0;5
9137;ARROZ ENVEJECIDO 1 KG;NO PERECIBLE;2026-06-01;0;0;0;6
9137;ARROZ ENVEJECIDO 1 KG;NO PERECIBLE;2026-07-01;0;0;0;7
9142;FUNDA ZIPPER DELBAK 16.5 X 14.90 X50;NO PERECIBLE;2026-01-01;1846.46;459;1694;1
9142;FUNDA ZIPPER DELBAK 16.5 X 14.90 X50;NO PERECIBLE;2026-02-01;1612.11;433;1479;2
9142;FUNDA ZIPPER DELBAK 16.5 X 14.90 X50;NO PERECIBLE;2026-03-01;2065.55;495;1895;3
9142;FUNDA ZIPPER DELBAK 16.5 X 14.90 X50;NO PERECIBLE;2026-04-01;1870.44;491;1716;4
9142;FUNDA ZIPPER DELBAK 16.5 X 14.90 X50;NO PERECIBLE;2026-05-01;1888.97;481;1733;5
9142;FUNDA ZIPPER DELBAK 16.5 X 14.90 X50;NO PERECIBLE;2026-06-01;1948.92;464;1788;6
9142;FUNDA ZIPPER DELBAK 16.5 X 14.90 X50;NO PERECIBLE;2026-07-01;1938.02;466;1778;7
9146;COLA SPRITE 500 ML;NO PERECIBLE;2026-01-01;410.3352;31;968;1
9146;COLA SPRITE 500 ML;NO PERECIBLE;2026-02-01;508.68;37;1200;2
9146;COLA SPRITE 500 ML;NO PERECIBLE;2026-03-01;615.0789;44;1451;3
9146;COLA SPRITE 500 ML;NO PERECIBLE;2026-04-01;663.4035;42;1565;4
9146;COLA SPRITE 500 ML;NO PERECIBLE;2026-05-01;548.5266;42;1294;5
9146;COLA SPRITE 500 ML;NO PERECIBLE;2026-06-01;423.4761;39;999;6
9146;COLA SPRITE 500 ML;NO PERECIBLE;2026-07-01;424.7478;35;1002;7
9147;TAPA PS PARA VASO DE CARTON 7 ONZ X100 UND;NO PERECIBLE;2026-01-01;0;0;0;1
9147;TAPA PS PARA VASO DE CARTON 7 ONZ X100 UND;NO PERECIBLE;2026-02-01;0;0;0;2
9147;TAPA PS PARA VASO DE CARTON 7 ONZ X100 UND;NO PERECIBLE;2026-03-01;45.5;1;10;3
9147;TAPA PS PARA VASO DE CARTON 7 ONZ X100 UND;NO PERECIBLE;2026-04-01;0;0;0;4
9147;TAPA PS PARA VASO DE CARTON 7 ONZ X100 UND;NO PERECIBLE;2026-05-01;0;0;0;5
9147;TAPA PS PARA VASO DE CARTON 7 ONZ X100 UND;NO PERECIBLE;2026-06-01;0;0;0;6
9147;TAPA PS PARA VASO DE CARTON 7 ONZ X100 UND;NO PERECIBLE;2026-07-01;0;0;0;7
9152;MERMELADA DE FRUTILLA SIN AZUCAR SNOB 285 GR;NO PERECIBLE;2026-01-01;8.5;5;5;1
9152;MERMELADA DE FRUTILLA SIN AZUCAR SNOB 285 GR;NO PERECIBLE;2026-02-01;10.2;6;6;2
9152;MERMELADA DE FRUTILLA SIN AZUCAR SNOB 285 GR;NO PERECIBLE;2026-03-01;6.8;4;4;3
9152;MERMELADA DE FRUTILLA SIN AZUCAR SNOB 285 GR;NO PERECIBLE;2026-04-01;6.8;4;4;4
9152;MERMELADA DE FRUTILLA SIN AZUCAR SNOB 285 GR;NO PERECIBLE;2026-05-01;3.4;2;2;5
9152;MERMELADA DE FRUTILLA SIN AZUCAR SNOB 285 GR;NO PERECIBLE;2026-06-01;8.5;5;5;6
9152;MERMELADA DE FRUTILLA SIN AZUCAR SNOB 285 GR;NO PERECIBLE;2026-07-01;10.2;6;6;7
9167;SALSA DE AJI CON AJO SRIRACHA BADIA 500 ML;NO PERECIBLE;2026-01-01;10.815;2;3;1
9167;SALSA DE AJI CON AJO SRIRACHA BADIA 500 ML;NO PERECIBLE;2026-02-01;0;0;0;2
9167;SALSA DE AJI CON AJO SRIRACHA BADIA 500 ML;NO PERECIBLE;2026-03-01;0;0;0;3
9167;SALSA DE AJI CON AJO SRIRACHA BADIA 500 ML;NO PERECIBLE;2026-04-01;0;0;0;4
9167;SALSA DE AJI CON AJO SRIRACHA BADIA 500 ML;NO PERECIBLE;2026-05-01;0;0;0;5
9167;SALSA DE AJI CON AJO SRIRACHA BADIA 500 ML;NO PERECIBLE;2026-06-01;0;0;0;6
9167;SALSA DE AJI CON AJO SRIRACHA BADIA 500 ML;NO PERECIBLE;2026-07-01;7.21;1;2;7
9189;MASA DE HOJALDRE LA CANASTA 500 GR;PERECIBLE;2026-01-01;0;0;0;1
9189;MASA DE HOJALDRE LA CANASTA 500 GR;PERECIBLE;2026-02-01;238.5915;7;93;2
9189;MASA DE HOJALDRE LA CANASTA 500 GR;PERECIBLE;2026-03-01;0;0;0;3
9189;MASA DE HOJALDRE LA CANASTA 500 GR;PERECIBLE;2026-04-01;0;0;0;4
9189;MASA DE HOJALDRE LA CANASTA 500 GR;PERECIBLE;2026-05-01;0;0;0;5
9189;MASA DE HOJALDRE LA CANASTA 500 GR;PERECIBLE;2026-06-01;0;0;0;6
9189;MASA DE HOJALDRE LA CANASTA 500 GR;PERECIBLE;2026-07-01;0;0;0;7
9194;ARROZ ENVEJECIDO MACAREÑO 1 KG;NO PERECIBLE;2026-01-01;0;0;0;1
9194;ARROZ ENVEJECIDO MACAREÑO 1 KG;NO PERECIBLE;2026-02-01;0;0;0;2
9194;ARROZ ENVEJECIDO MACAREÑO 1 KG;NO PERECIBLE;2026-03-01;0;0;0;3
9194;ARROZ ENVEJECIDO MACAREÑO 1 KG;NO PERECIBLE;2026-04-01;6.7467024;8;9;4
9194;ARROZ ENVEJECIDO MACAREÑO 1 KG;NO PERECIBLE;2026-05-01;366.5708304;418;489;5
9194;ARROZ ENVEJECIDO MACAREÑO 1 KG;NO PERECIBLE;2026-06-01;375.5664336;427;501;6
9194;ARROZ ENVEJECIDO MACAREÑO 1 KG;NO PERECIBLE;2026-07-01;349.3292576;385;466;7
9200;ARROZ ENVEJECIDO MACAREÑO 2 KG;NO PERECIBLE;2026-01-01;0;0;0;1
9200;ARROZ ENVEJECIDO MACAREÑO 2 KG;NO PERECIBLE;2026-02-01;0;0;0;2
9200;ARROZ ENVEJECIDO MACAREÑO 2 KG;NO PERECIBLE;2026-03-01;0;0;0;3
9200;ARROZ ENVEJECIDO MACAREÑO 2 KG;NO PERECIBLE;2026-04-01;281.63094472;15;188;4
9200;ARROZ ENVEJECIDO MACAREÑO 2 KG;NO PERECIBLE;2026-05-01;9533.50708616;666;6364;5
9200;ARROZ ENVEJECIDO MACAREÑO 2 KG;NO PERECIBLE;2026-06-01;9939.4750969;680;6635;6
9200;ARROZ ENVEJECIDO MACAREÑO 2 KG;NO PERECIBLE;2026-07-01;14104.0177901;628;9415;7
9273;AGUACATE SEMI MADURO KG;FRUVER;2026-01-01;6.75;1;4.5;1
9273;AGUACATE SEMI MADURO KG;FRUVER;2026-02-01;0;0;0;2
9273;AGUACATE SEMI MADURO KG;FRUVER;2026-03-01;0;0;0;3
9273;AGUACATE SEMI MADURO KG;FRUVER;2026-04-01;0;0;0;4
9273;AGUACATE SEMI MADURO KG;FRUVER;2026-05-01;0;0;0;5
9273;AGUACATE SEMI MADURO KG;FRUVER;2026-06-01;1.5;1;1;6
9273;AGUACATE SEMI MADURO KG;FRUVER;2026-07-01;0;0;0;7
9278;CILANTRO ATADO KG;FRUVER;2026-01-01;0;0;0;1
9278;CILANTRO ATADO KG;FRUVER;2026-02-01;0;0;0;2
9278;CILANTRO ATADO KG;FRUVER;2026-03-01;0;0;0;3
9278;CILANTRO ATADO KG;FRUVER;2026-04-01;0;0;0;4
9278;CILANTRO ATADO KG;FRUVER;2026-05-01;0;0;0;5
9278;CILANTRO ATADO KG;FRUVER;2026-06-01;5.5;1;5;6
9278;CILANTRO ATADO KG;FRUVER;2026-07-01;0;0;0;7
9291;CHOCLO SELECCIONADO UND;FRUVER;2026-01-01;2.1;1;6;1
9291;CHOCLO SELECCIONADO UND;FRUVER;2026-02-01;250.95;4;717;2
9291;CHOCLO SELECCIONADO UND;FRUVER;2026-03-01;22.75;4;65;3
9291;CHOCLO SELECCIONADO UND;FRUVER;2026-04-01;36.75;2;105;4
9291;CHOCLO SELECCIONADO UND;FRUVER;2026-05-01;72.8;7;208;5
9291;CHOCLO SELECCIONADO UND;FRUVER;2026-06-01;6.65;2;19;6
9291;CHOCLO SELECCIONADO UND;FRUVER;2026-07-01;0;0;0;7
9294;LECHUGA CRESPA BOHEMIA 200 GR;FRUVER;2026-01-01;0;0;0;1
9294;LECHUGA CRESPA BOHEMIA 200 GR;FRUVER;2026-02-01;0;0;0;2
9294;LECHUGA CRESPA BOHEMIA 200 GR;FRUVER;2026-03-01;0;0;0;3
9294;LECHUGA CRESPA BOHEMIA 200 GR;FRUVER;2026-04-01;0;0;0;4
9294;LECHUGA CRESPA BOHEMIA 200 GR;FRUVER;2026-05-01;4.5;2;10;5
9294;LECHUGA CRESPA BOHEMIA 200 GR;FRUVER;2026-06-01;0;0;0;6
9294;LECHUGA CRESPA BOHEMIA 200 GR;FRUVER;2026-07-01;0;0;0;7
9295;RES, CARNE MOLIDA TACO 14 - 15% CONGELADO TIPO 1 SUPERMAXI (1.24 - 1.54 KG);PERECIBLE;2026-01-01;0;0;0;1
9295;RES, CARNE MOLIDA TACO 14 - 15% CONGELADO TIPO 1 SUPERMAXI (1.24 - 1.54 KG);PERECIBLE;2026-02-01;0;0;0;2
9295;RES, CARNE MOLIDA TACO 14 - 15% CONGELADO TIPO 1 SUPERMAXI (1.24 - 1.54 KG);PERECIBLE;2026-03-01;44.9899085376;5;11.94;3
9295;RES, CARNE MOLIDA TACO 14 - 15% CONGELADO TIPO 1 SUPERMAXI (1.24 - 1.54 KG);PERECIBLE;2026-04-01;0;0;0;4
9295;RES, CARNE MOLIDA TACO 14 - 15% CONGELADO TIPO 1 SUPERMAXI (1.24 - 1.54 KG);PERECIBLE;2026-05-01;0;0;0;5
9295;RES, CARNE MOLIDA TACO 14 - 15% CONGELADO TIPO 1 SUPERMAXI (1.24 - 1.54 KG);PERECIBLE;2026-06-01;0;0;0;6
9295;RES, CARNE MOLIDA TACO 14 - 15% CONGELADO TIPO 1 SUPERMAXI (1.24 - 1.54 KG);PERECIBLE;2026-07-01;0;0;0;7
9319;FUNDAS DE BASURA PARA COCINA AZUL SUPERMAXI X10 UND;NO PERECIBLE;2026-01-01;5.8384;1;8;1
9319;FUNDAS DE BASURA PARA COCINA AZUL SUPERMAXI X10 UND;NO PERECIBLE;2026-02-01;3.649;1;5;2
9319;FUNDAS DE BASURA PARA COCINA AZUL SUPERMAXI X10 UND;NO PERECIBLE;2026-03-01;0;0;0;3
9319;FUNDAS DE BASURA PARA COCINA AZUL SUPERMAXI X10 UND;NO PERECIBLE;2026-04-01;0;0;0;4
9319;FUNDAS DE BASURA PARA COCINA AZUL SUPERMAXI X10 UND;NO PERECIBLE;2026-05-01;0;0;0;5
9319;FUNDAS DE BASURA PARA COCINA AZUL SUPERMAXI X10 UND;NO PERECIBLE;2026-06-01;0;0;0;6
9319;FUNDAS DE BASURA PARA COCINA AZUL SUPERMAXI X10 UND;NO PERECIBLE;2026-07-01;0;0;0;7
9393;GALLETAS ORIGINAL CHIPS AHOY 222 GR (6 X37 GR);NO PERECIBLE;2026-01-01;830.28;55;407;1
9393;GALLETAS ORIGINAL CHIPS AHOY 222 GR (6 X37 GR);NO PERECIBLE;2026-02-01;558.96;45;274;2
9393;GALLETAS ORIGINAL CHIPS AHOY 222 GR (6 X37 GR);NO PERECIBLE;2026-03-01;722.16;52;354;3
9393;GALLETAS ORIGINAL CHIPS AHOY 222 GR (6 X37 GR);NO PERECIBLE;2026-04-01;558.96;43;274;4
9393;GALLETAS ORIGINAL CHIPS AHOY 222 GR (6 X37 GR);NO PERECIBLE;2026-05-01;538.56;44;264;5
9393;GALLETAS ORIGINAL CHIPS AHOY 222 GR (6 X37 GR);NO PERECIBLE;2026-06-01;620.16;44;304;6
9393;GALLETAS ORIGINAL CHIPS AHOY 222 GR (6 X37 GR);NO PERECIBLE;2026-07-01;658.92;50;323;7
9411;OREGANO EN HOJAS LA ORIGINAL 300 GR;NO PERECIBLE;2026-01-01;964.08;191;312;1
9411;OREGANO EN HOJAS LA ORIGINAL 300 GR;NO PERECIBLE;2026-02-01;859.02;184;278;2
9411;OREGANO EN HOJAS LA ORIGINAL 300 GR;NO PERECIBLE;2026-03-01;1050.6;221;340;3
9411;OREGANO EN HOJAS LA ORIGINAL 300 GR;NO PERECIBLE;2026-04-01;1069.14;229;346;4
9411;OREGANO EN HOJAS LA ORIGINAL 300 GR;NO PERECIBLE;2026-05-01;960.99;213;311;5
9411;OREGANO EN HOJAS LA ORIGINAL 300 GR;NO PERECIBLE;2026-06-01;1174.2;233;380;6
9411;OREGANO EN HOJAS LA ORIGINAL 300 GR;NO PERECIBLE;2026-07-01;1248.36;227;404;7
9430;QUESO BURRATA ROSSI 300 GR;PERECIBLE;2026-01-01;3.8316;1;1;1
9430;QUESO BURRATA ROSSI 300 GR;PERECIBLE;2026-02-01;0;0;0;2
9430;QUESO BURRATA ROSSI 300 GR;PERECIBLE;2026-03-01;0;0;0;3
9430;QUESO BURRATA ROSSI 300 GR;PERECIBLE;2026-04-01;0;0;0;4
9430;QUESO BURRATA ROSSI 300 GR;PERECIBLE;2026-05-01;0;0;0;5
9430;QUESO BURRATA ROSSI 300 GR;PERECIBLE;2026-06-01;0;0;0;6
9430;QUESO BURRATA ROSSI 300 GR;PERECIBLE;2026-07-01;137.9376;9;36;7
9435;CAMARON APANADO 2.1 KG (75 X28 GR);PERECIBLE;2026-01-01;0;0;0;1
9435;CAMARON APANADO 2.1 KG (75 X28 GR);PERECIBLE;2026-02-01;0;0;0;2
9435;CAMARON APANADO 2.1 KG (75 X28 GR);PERECIBLE;2026-03-01;0;0;0;3
9435;CAMARON APANADO 2.1 KG (75 X28 GR);PERECIBLE;2026-04-01;139.44;1;8;4
9435;CAMARON APANADO 2.1 KG (75 X28 GR);PERECIBLE;2026-05-01;993.51;19;57;5
9435;CAMARON APANADO 2.1 KG (75 X28 GR);PERECIBLE;2026-06-01;784.35;10;45;6
9435;CAMARON APANADO 2.1 KG (75 X28 GR);PERECIBLE;2026-07-01;1254.96;11;72;7
9459;MASA PARA EMPANADAS YUB 450 GR;PERECIBLE;2026-01-01;0;0;0;1
9459;MASA PARA EMPANADAS YUB 450 GR;PERECIBLE;2026-02-01;0;0;0;2
9459;MASA PARA EMPANADAS YUB 450 GR;PERECIBLE;2026-03-01;1.236;1;1;3
9459;MASA PARA EMPANADAS YUB 450 GR;PERECIBLE;2026-04-01;0;0;0;4
9459;MASA PARA EMPANADAS YUB 450 GR;PERECIBLE;2026-05-01;25.956;6;21;5
9459;MASA PARA EMPANADAS YUB 450 GR;PERECIBLE;2026-06-01;9.888;1;8;6
9459;MASA PARA EMPANADAS YUB 450 GR;PERECIBLE;2026-07-01;0;0;0;7
9507;MARGARINA DE MESA BONELLA 490 GR;NO PERECIBLE;2026-01-01;4.1176109;2;2;1
9507;MARGARINA DE MESA BONELLA 490 GR;NO PERECIBLE;2026-02-01;0;0;0;2
9507;MARGARINA DE MESA BONELLA 490 GR;NO PERECIBLE;2026-03-01;0;0;0;3
9507;MARGARINA DE MESA BONELLA 490 GR;NO PERECIBLE;2026-04-01;0;0;0;4
9507;MARGARINA DE MESA BONELLA 490 GR;NO PERECIBLE;2026-05-01;0;0;0;5
9507;MARGARINA DE MESA BONELLA 490 GR;NO PERECIBLE;2026-06-01;0;0;0;6
9507;MARGARINA DE MESA BONELLA 490 GR;NO PERECIBLE;2026-07-01;0;0;0;7
9517;LECHUGA CRIOLLA EMPACADA 1 KG;FRUVER;2026-01-01;2.25;1;5;1
9517;LECHUGA CRIOLLA EMPACADA 1 KG;FRUVER;2026-02-01;3.15;1;7;2
9517;LECHUGA CRIOLLA EMPACADA 1 KG;FRUVER;2026-03-01;0.9;1;2;3
9517;LECHUGA CRIOLLA EMPACADA 1 KG;FRUVER;2026-04-01;0;0;0;4
9517;LECHUGA CRIOLLA EMPACADA 1 KG;FRUVER;2026-05-01;0;0;0;5
9517;LECHUGA CRIOLLA EMPACADA 1 KG;FRUVER;2026-06-01;2.7;2;6;6
9517;LECHUGA CRIOLLA EMPACADA 1 KG;FRUVER;2026-07-01;18.45;2;41;7
9548;POLLO ALAS PRONACA (0.6 - 1.3 KG);PERECIBLE;2026-01-01;0;0;0;1
9548;POLLO ALAS PRONACA (0.6 - 1.3 KG);PERECIBLE;2026-02-01;0;0;0;2
9548;POLLO ALAS PRONACA (0.6 - 1.3 KG);PERECIBLE;2026-03-01;0;0;0;3
9548;POLLO ALAS PRONACA (0.6 - 1.3 KG);PERECIBLE;2026-04-01;348.27519936;16;64;4
9548;POLLO ALAS PRONACA (0.6 - 1.3 KG);PERECIBLE;2026-05-01;2220.25439592;55;408;5
9548;POLLO ALAS PRONACA (0.6 - 1.3 KG);PERECIBLE;2026-06-01;1823.00299665;51;335;6
9548;POLLO ALAS PRONACA (0.6 - 1.3 KG);PERECIBLE;2026-07-01;2127.74379609;47;391;7
9552;CINTA DOBLE FAZ ABRO 18MM X5MT X1MM;NO PERECIBLE;2026-01-01;7.98;3;3;1
9552;CINTA DOBLE FAZ ABRO 18MM X5MT X1MM;NO PERECIBLE;2026-02-01;7.98;3;3;2
9552;CINTA DOBLE FAZ ABRO 18MM X5MT X1MM;NO PERECIBLE;2026-03-01;26.6;9;10;3
9552;CINTA DOBLE FAZ ABRO 18MM X5MT X1MM;NO PERECIBLE;2026-04-01;18.62;7;7;4
9552;CINTA DOBLE FAZ ABRO 18MM X5MT X1MM;NO PERECIBLE;2026-05-01;5.32;2;2;5
9552;CINTA DOBLE FAZ ABRO 18MM X5MT X1MM;NO PERECIBLE;2026-06-01;15.96;3;6;6
9552;CINTA DOBLE FAZ ABRO 18MM X5MT X1MM;NO PERECIBLE;2026-07-01;13.3;5;5;7
9618;LECHE DESCREMADA TRU TETRAPACK 1 LT;NO PERECIBLE;2026-01-01;964.85;67;839;1
9618;LECHE DESCREMADA TRU TETRAPACK 1 LT;NO PERECIBLE;2026-02-01;997.05;61;867;2
9618;LECHE DESCREMADA TRU TETRAPACK 1 LT;NO PERECIBLE;2026-03-01;1193.7;65;1038;3
9618;LECHE DESCREMADA TRU TETRAPACK 1 LT;NO PERECIBLE;2026-04-01;1489.25;71;1295;4
9618;LECHE DESCREMADA TRU TETRAPACK 1 LT;NO PERECIBLE;2026-05-01;1139.65;72;991;5
9618;LECHE DESCREMADA TRU TETRAPACK 1 LT;NO PERECIBLE;2026-06-01;1003.95;64;873;6
9618;LECHE DESCREMADA TRU TETRAPACK 1 LT;NO PERECIBLE;2026-07-01;1237.4;82;1076;7
9624;HUEVOS GRANJA INTEGRAL CUBETA (58-64) GR X30;NO PERECIBLE;2026-01-01;32370.25;284;8195;1
9624;HUEVOS GRANJA INTEGRAL CUBETA (58-64) GR X30;NO PERECIBLE;2026-02-01;33883.1;339;8578;2
9624;HUEVOS GRANJA INTEGRAL CUBETA (58-64) GR X30;NO PERECIBLE;2026-03-01;39582.95;281;10021;3
9624;HUEVOS GRANJA INTEGRAL CUBETA (58-64) GR X30;NO PERECIBLE;2026-04-01;21938.3;134;5554;4
9624;HUEVOS GRANJA INTEGRAL CUBETA (58-64) GR X30;NO PERECIBLE;2026-05-01;20911.3;109;5294;5
9624;HUEVOS GRANJA INTEGRAL CUBETA (58-64) GR X30;NO PERECIBLE;2026-06-01;28278.05;227;7159;6
9624;HUEVOS GRANJA INTEGRAL CUBETA (58-64) GR X30;NO PERECIBLE;2026-07-01;26307;151;6660;7
9641;AZUCAR MORENA MONTERREY 2 KG;NO PERECIBLE;2026-01-01;0;0;0;1
9641;AZUCAR MORENA MONTERREY 2 KG;NO PERECIBLE;2026-02-01;0;0;0;2
9641;AZUCAR MORENA MONTERREY 2 KG;NO PERECIBLE;2026-03-01;0;0;0;3
9641;AZUCAR MORENA MONTERREY 2 KG;NO PERECIBLE;2026-04-01;0;0;0;4
9641;AZUCAR MORENA MONTERREY 2 KG;NO PERECIBLE;2026-05-01;9.064;1;5;5
9641;AZUCAR MORENA MONTERREY 2 KG;NO PERECIBLE;2026-06-01;0;0;0;6
9641;AZUCAR MORENA MONTERREY 2 KG;NO PERECIBLE;2026-07-01;0;0;0;7
9642;AZUCAR BLANCA 2 KG;NO PERECIBLE;2026-01-01;37872.21894088;1203;24844;1
9642;AZUCAR BLANCA 2 KG;NO PERECIBLE;2026-02-01;36795.686940556;1151;24137.8;2
9642;AZUCAR BLANCA 2 KG;NO PERECIBLE;2026-03-01;43635.9791975;1316;28625;3
9642;AZUCAR BLANCA 2 KG;NO PERECIBLE;2026-04-01;42393.5923662;1295;27810;4
9642;AZUCAR BLANCA 2 KG;NO PERECIBLE;2026-05-01;43042.98720072;1295;28236;5
9642;AZUCAR BLANCA 2 KG;NO PERECIBLE;2026-06-01;43712.1992485;1322;28675;6
9642;AZUCAR BLANCA 2 KG;NO PERECIBLE;2026-07-01;45605.50531534;1243;29917;7
9646;AZUCAR MORENA SAN CARLOS 1 KG;NO PERECIBLE;2026-01-01;236.78670291;43;291;1
9646;AZUCAR MORENA SAN CARLOS 1 KG;NO PERECIBLE;2026-02-01;356.40060438;49;438;2
9646;AZUCAR MORENA SAN CARLOS 1 KG;NO PERECIBLE;2026-03-01;266.07990327;53;327;3
9646;AZUCAR MORENA SAN CARLOS 1 KG;NO PERECIBLE;2026-04-01;288.04980354;53;354;4
9646;AZUCAR MORENA SAN CARLOS 1 KG;NO PERECIBLE;2026-05-01;441.83910543;58;543;5
9646;AZUCAR MORENA SAN CARLOS 1 KG;NO PERECIBLE;2026-06-01;327.92110403;50;403;6
9646;AZUCAR MORENA SAN CARLOS 1 KG;NO PERECIBLE;2026-07-01;340.94030419;55;419;7
9648;BATA AZUL DE AISLAMIENTO DE PAPEL TELA DESECHABLE X 10;NO PERECIBLE;2026-01-01;0;0;0;1
9648;BATA AZUL DE AISLAMIENTO DE PAPEL TELA DESECHABLE X 10;NO PERECIBLE;2026-02-01;0;0;0;2
9648;BATA AZUL DE AISLAMIENTO DE PAPEL TELA DESECHABLE X 10;NO PERECIBLE;2026-03-01;15;1;2;3
9648;BATA AZUL DE AISLAMIENTO DE PAPEL TELA DESECHABLE X 10;NO PERECIBLE;2026-04-01;0;0;0;4
9648;BATA AZUL DE AISLAMIENTO DE PAPEL TELA DESECHABLE X 10;NO PERECIBLE;2026-05-01;0;0;0;5
9648;BATA AZUL DE AISLAMIENTO DE PAPEL TELA DESECHABLE X 10;NO PERECIBLE;2026-06-01;15;2;2;6
9648;BATA AZUL DE AISLAMIENTO DE PAPEL TELA DESECHABLE X 10;NO PERECIBLE;2026-07-01;0;0;0;7
9657;LECHE ENTERA TONI TPK 1 LT;NO PERECIBLE;2026-01-01;0;0;0;1
9657;LECHE ENTERA TONI TPK 1 LT;NO PERECIBLE;2026-02-01;19.434;2;15;2
9657;LECHE ENTERA TONI TPK 1 LT;NO PERECIBLE;2026-03-01;0;0;0;3
9657;LECHE ENTERA TONI TPK 1 LT;NO PERECIBLE;2026-04-01;0;0;0;4
9657;LECHE ENTERA TONI TPK 1 LT;NO PERECIBLE;2026-05-01;0;0;0;5
9657;LECHE ENTERA TONI TPK 1 LT;NO PERECIBLE;2026-06-01;0;0;0;6
9657;LECHE ENTERA TONI TPK 1 LT;NO PERECIBLE;2026-07-01;1.2956;1;1;7
9668;AZUCAR 5 KG;NO PERECIBLE;2026-01-01;103.824;7;24;1
9668;AZUCAR 5 KG;NO PERECIBLE;2026-02-01;186.018;12;43;2
9668;AZUCAR 5 KG;NO PERECIBLE;2026-03-01;142.758;4;33;3
9668;AZUCAR 5 KG;NO PERECIBLE;2026-04-01;588.336;13;136;4
9668;AZUCAR 5 KG;NO PERECIBLE;2026-05-01;324.45;8;75;5
9668;AZUCAR 5 KG;NO PERECIBLE;2026-06-01;17.304;2;4;6
9668;AZUCAR 5 KG;NO PERECIBLE;2026-07-01;0;0;0;7
9682;PEPPERONI T1 C40 GRANDES FOODS 1 KG;PERECIBLE;2026-01-01;63;6;7;1
9682;PEPPERONI T1 C40 GRANDES FOODS 1 KG;PERECIBLE;2026-02-01;126;9;14;2
9682;PEPPERONI T1 C40 GRANDES FOODS 1 KG;PERECIBLE;2026-03-01;63;6;7;3
9682;PEPPERONI T1 C40 GRANDES FOODS 1 KG;PERECIBLE;2026-04-01;162;11;18;4
9682;PEPPERONI T1 C40 GRANDES FOODS 1 KG;PERECIBLE;2026-05-01;72;6;8;5
9682;PEPPERONI T1 C40 GRANDES FOODS 1 KG;PERECIBLE;2026-06-01;108;11;12;6
9682;PEPPERONI T1 C40 GRANDES FOODS 1 KG;PERECIBLE;2026-07-01;54;5;6;7
9684;JAMON AMERICANO TIPO I GRANDES FOODS 500 GR;PERECIBLE;2026-01-01;24;4;6;1
9684;JAMON AMERICANO TIPO I GRANDES FOODS 500 GR;PERECIBLE;2026-02-01;0;0;0;2
9684;JAMON AMERICANO TIPO I GRANDES FOODS 500 GR;PERECIBLE;2026-03-01;8;2;2;3
9684;JAMON AMERICANO TIPO I GRANDES FOODS 500 GR;PERECIBLE;2026-04-01;20;3;5;4
9684;JAMON AMERICANO TIPO I GRANDES FOODS 500 GR;PERECIBLE;2026-05-01;20;4;5;5
9684;JAMON AMERICANO TIPO I GRANDES FOODS 500 GR;PERECIBLE;2026-06-01;20;4;5;6
9684;JAMON AMERICANO TIPO I GRANDES FOODS 500 GR;PERECIBLE;2026-07-01;40;6;10;7
9685;MORCILLA DE SANGRE T1 GRANDES FOODS 1 KG;PERECIBLE;2026-01-01;305;20;61;1
9685;MORCILLA DE SANGRE T1 GRANDES FOODS 1 KG;PERECIBLE;2026-02-01;455;22;91;2
9685;MORCILLA DE SANGRE T1 GRANDES FOODS 1 KG;PERECIBLE;2026-03-01;335;24;67;3
9685;MORCILLA DE SANGRE T1 GRANDES FOODS 1 KG;PERECIBLE;2026-04-01;480;24;96;4
9685;MORCILLA DE SANGRE T1 GRANDES FOODS 1 KG;PERECIBLE;2026-05-01;195;13;39;5
9685;MORCILLA DE SANGRE T1 GRANDES FOODS 1 KG;PERECIBLE;2026-06-01;230;17;46;6
9685;MORCILLA DE SANGRE T1 GRANDES FOODS 1 KG;PERECIBLE;2026-07-01;450;25;90;7
9741;PAPEL HIGIENICO INTERFOLIADO ELITE EXCELLENCE DOBLE HOJA 250HOJAS;NO PERECIBLE;2026-01-01;55.9;1;50;1
9741;PAPEL HIGIENICO INTERFOLIADO ELITE EXCELLENCE DOBLE HOJA 250HOJAS;NO PERECIBLE;2026-02-01;55.9;1;50;2
9741;PAPEL HIGIENICO INTERFOLIADO ELITE EXCELLENCE DOBLE HOJA 250HOJAS;NO PERECIBLE;2026-03-01;55.9;1;50;3
9741;PAPEL HIGIENICO INTERFOLIADO ELITE EXCELLENCE DOBLE HOJA 250HOJAS;NO PERECIBLE;2026-04-01;55.9;1;50;4
9741;PAPEL HIGIENICO INTERFOLIADO ELITE EXCELLENCE DOBLE HOJA 250HOJAS;NO PERECIBLE;2026-05-01;55.9;2;50;5
9741;PAPEL HIGIENICO INTERFOLIADO ELITE EXCELLENCE DOBLE HOJA 250HOJAS;NO PERECIBLE;2026-06-01;0;0;0;6
9741;PAPEL HIGIENICO INTERFOLIADO ELITE EXCELLENCE DOBLE HOJA 250HOJAS;NO PERECIBLE;2026-07-01;111.8;3;100;7
9755;GALLETA INTEGRAL TRADICIONAL CLUB SOCIAL 216 GR (9 X24 GR);NO PERECIBLE;2026-01-01;490.90619733;49;267;1
9755;GALLETA INTEGRAL TRADICIONAL CLUB SOCIAL 216 GR (9 X24 GR);NO PERECIBLE;2026-02-01;417.36219773;40;227;2
9755;GALLETA INTEGRAL TRADICIONAL CLUB SOCIAL 216 GR (9 X24 GR);NO PERECIBLE;2026-03-01;398.97619783;46;217;3
9755;GALLETA INTEGRAL TRADICIONAL CLUB SOCIAL 216 GR (9 X24 GR);NO PERECIBLE;2026-04-01;490.90619733;50;267;4
9755;GALLETA INTEGRAL TRADICIONAL CLUB SOCIAL 216 GR (9 X24 GR);NO PERECIBLE;2026-05-01;378.75159794;40;206;5
9755;GALLETA INTEGRAL TRADICIONAL CLUB SOCIAL 216 GR (9 X24 GR);NO PERECIBLE;2026-06-01;479.87459739;50;261;6
9755;GALLETA INTEGRAL TRADICIONAL CLUB SOCIAL 216 GR (9 X24 GR);NO PERECIBLE;2026-07-01;500.09919728;59;272;7
9758;FUNDA SANDUCHE ANTIGRASO KRAFT 35GR 11X25 + FUELLE 3CM IMPRESO HANASKA X100;NO PERECIBLE;2026-01-01;399.84;64;168;1
9758;FUNDA SANDUCHE ANTIGRASO KRAFT 35GR 11X25 + FUELLE 3CM IMPRESO HANASKA X100;NO PERECIBLE;2026-02-01;211.82;45;89;2
9758;FUNDA SANDUCHE ANTIGRASO KRAFT 35GR 11X25 + FUELLE 3CM IMPRESO HANASKA X100;NO PERECIBLE;2026-03-01;357;53;150;3
9758;FUNDA SANDUCHE ANTIGRASO KRAFT 35GR 11X25 + FUELLE 3CM IMPRESO HANASKA X100;NO PERECIBLE;2026-04-01;547.4;87;230;4
9758;FUNDA SANDUCHE ANTIGRASO KRAFT 35GR 11X25 + FUELLE 3CM IMPRESO HANASKA X100;NO PERECIBLE;2026-05-01;604.52;80;254;5
9758;FUNDA SANDUCHE ANTIGRASO KRAFT 35GR 11X25 + FUELLE 3CM IMPRESO HANASKA X100;NO PERECIBLE;2026-06-01;464.1;68;195;6
9758;FUNDA SANDUCHE ANTIGRASO KRAFT 35GR 11X25 + FUELLE 3CM IMPRESO HANASKA X100;NO PERECIBLE;2026-07-01;364.14;51;153;7
9759;FUNDA BOLSILLO ANTIGRASO KRAFT IMPRESO HANASKA 45GR 18X18 X100 UND;NO PERECIBLE;2026-01-01;99.88;33;44;1
9759;FUNDA BOLSILLO ANTIGRASO KRAFT IMPRESO HANASKA 45GR 18X18 X100 UND;NO PERECIBLE;2026-02-01;43.13;18;19;2
9759;FUNDA BOLSILLO ANTIGRASO KRAFT IMPRESO HANASKA 45GR 18X18 X100 UND;NO PERECIBLE;2026-03-01;49.94;19;22;3
9759;FUNDA BOLSILLO ANTIGRASO KRAFT IMPRESO HANASKA 45GR 18X18 X100 UND;NO PERECIBLE;2026-04-01;61.29;24;27;4
9759;FUNDA BOLSILLO ANTIGRASO KRAFT IMPRESO HANASKA 45GR 18X18 X100 UND;NO PERECIBLE;2026-05-01;59.02;20;26;5
9759;FUNDA BOLSILLO ANTIGRASO KRAFT IMPRESO HANASKA 45GR 18X18 X100 UND;NO PERECIBLE;2026-06-01;18.16;4;8;6
9759;FUNDA BOLSILLO ANTIGRASO KRAFT IMPRESO HANASKA 45GR 18X18 X100 UND;NO PERECIBLE;2026-07-01;11.35;2;5;7
9761;FRUTAS DESHIDRATADAS Y NUECES NUTTY BERRY MIX NATURES HEART 35 GR;NO PERECIBLE;2026-01-01;28.32;4;48;1
9761;FRUTAS DESHIDRATADAS Y NUECES NUTTY BERRY MIX NATURES HEART 35 GR;NO PERECIBLE;2026-02-01;0;0;0;2
9761;FRUTAS DESHIDRATADAS Y NUECES NUTTY BERRY MIX NATURES HEART 35 GR;NO PERECIBLE;2026-03-01;28.32;4;48;3
9761;FRUTAS DESHIDRATADAS Y NUECES NUTTY BERRY MIX NATURES HEART 35 GR;NO PERECIBLE;2026-04-01;14.16;2;24;4
9761;FRUTAS DESHIDRATADAS Y NUECES NUTTY BERRY MIX NATURES HEART 35 GR;NO PERECIBLE;2026-05-01;1.18;1;2;5
9761;FRUTAS DESHIDRATADAS Y NUECES NUTTY BERRY MIX NATURES HEART 35 GR;NO PERECIBLE;2026-06-01;0;0;0;6
9761;FRUTAS DESHIDRATADAS Y NUECES NUTTY BERRY MIX NATURES HEART 35 GR;NO PERECIBLE;2026-07-01;14.75;1;25;7
9762;FRUTAS DESH ARANDANO NUTS NATURES HEART 35 GR;NO PERECIBLE;2026-01-01;23.39951688;3;36;1
9762;FRUTAS DESH ARANDANO NUTS NATURES HEART 35 GR;NO PERECIBLE;2026-02-01;7.79983896;1;12;2
9762;FRUTAS DESH ARANDANO NUTS NATURES HEART 35 GR;NO PERECIBLE;2026-03-01;23.39951688;3;36;3
9762;FRUTAS DESH ARANDANO NUTS NATURES HEART 35 GR;NO PERECIBLE;2026-04-01;31.19935584;4;48;4
9762;FRUTAS DESH ARANDANO NUTS NATURES HEART 35 GR;NO PERECIBLE;2026-05-01;23.39951688;3;36;5
9762;FRUTAS DESH ARANDANO NUTS NATURES HEART 35 GR;NO PERECIBLE;2026-06-01;0;0;0;6
9762;FRUTAS DESH ARANDANO NUTS NATURES HEART 35 GR;NO PERECIBLE;2026-07-01;0;0;0;7
9763;FRUTOS SECOS RED FRUITS VANILLA NUTS NATURES HEART 35 GR;NO PERECIBLE;2026-01-01;0;0;0;1
9763;FRUTOS SECOS RED FRUITS VANILLA NUTS NATURES HEART 35 GR;NO PERECIBLE;2026-02-01;5.9984;1;8;2
9763;FRUTOS SECOS RED FRUITS VANILLA NUTS NATURES HEART 35 GR;NO PERECIBLE;2026-03-01;0;0;0;3
9763;FRUTOS SECOS RED FRUITS VANILLA NUTS NATURES HEART 35 GR;NO PERECIBLE;2026-04-01;0;0;0;4
9763;FRUTOS SECOS RED FRUITS VANILLA NUTS NATURES HEART 35 GR;NO PERECIBLE;2026-05-01;0;0;0;5
9763;FRUTOS SECOS RED FRUITS VANILLA NUTS NATURES HEART 35 GR;NO PERECIBLE;2026-06-01;0;0;0;6
9763;FRUTOS SECOS RED FRUITS VANILLA NUTS NATURES HEART 35 GR;NO PERECIBLE;2026-07-01;0;0;0;7
9768;JAMON AMERICANO 13X13 T2 GRANDES FOODS 1 KG;PERECIBLE;2026-01-01;1237.5;78;275;1
9768;JAMON AMERICANO 13X13 T2 GRANDES FOODS 1 KG;PERECIBLE;2026-02-01;1183.5;79;263;2
9768;JAMON AMERICANO 13X13 T2 GRANDES FOODS 1 KG;PERECIBLE;2026-03-01;1633.5;101;363;3
9768;JAMON AMERICANO 13X13 T2 GRANDES FOODS 1 KG;PERECIBLE;2026-04-01;1336.5;92;297;4
9768;JAMON AMERICANO 13X13 T2 GRANDES FOODS 1 KG;PERECIBLE;2026-05-01;1431;88;318;5
9768;JAMON AMERICANO 13X13 T2 GRANDES FOODS 1 KG;PERECIBLE;2026-06-01;1386;88;308;6
9768;JAMON AMERICANO 13X13 T2 GRANDES FOODS 1 KG;PERECIBLE;2026-07-01;1282.5;103;285;7
9773;SORBETON OXOBIODEGRADABLE PARA BUBBLES TEAS X150;NO PERECIBLE;2026-01-01;110.6;10;28;1
9773;SORBETON OXOBIODEGRADABLE PARA BUBBLES TEAS X150;NO PERECIBLE;2026-02-01;31.6;3;8;2
9773;SORBETON OXOBIODEGRADABLE PARA BUBBLES TEAS X150;NO PERECIBLE;2026-03-01;19.75;2;5;3
9773;SORBETON OXOBIODEGRADABLE PARA BUBBLES TEAS X150;NO PERECIBLE;2026-04-01;0;0;0;4
9773;SORBETON OXOBIODEGRADABLE PARA BUBBLES TEAS X150;NO PERECIBLE;2026-05-01;39.5;3;10;5
9773;SORBETON OXOBIODEGRADABLE PARA BUBBLES TEAS X150;NO PERECIBLE;2026-06-01;23.7;2;6;6
9773;SORBETON OXOBIODEGRADABLE PARA BUBBLES TEAS X150;NO PERECIBLE;2026-07-01;0;0;0;7
9791;Z3 MERMELADA DE FRUTILLA CHIVERIA 1.35 KG;NO PERECIBLE;2026-01-01;45.36;9;12;1
9791;Z3 MERMELADA DE FRUTILLA CHIVERIA 1.35 KG;NO PERECIBLE;2026-02-01;3.78;1;1;2
9791;Z3 MERMELADA DE FRUTILLA CHIVERIA 1.35 KG;NO PERECIBLE;2026-03-01;15.12;4;4;3
9791;Z3 MERMELADA DE FRUTILLA CHIVERIA 1.35 KG;NO PERECIBLE;2026-04-01;26.46;7;7;4
9791;Z3 MERMELADA DE FRUTILLA CHIVERIA 1.35 KG;NO PERECIBLE;2026-05-01;49.14;9;13;5
9791;Z3 MERMELADA DE FRUTILLA CHIVERIA 1.35 KG;NO PERECIBLE;2026-06-01;79.38;11;21;6
9791;Z3 MERMELADA DE FRUTILLA CHIVERIA 1.35 KG;NO PERECIBLE;2026-07-01;98.28;17;26;7
9792;Z3 MERMELADA DE MORA CHIVERIA 1.35 KG;NO PERECIBLE;2026-01-01;64.26;17;17;1
9792;Z3 MERMELADA DE MORA CHIVERIA 1.35 KG;NO PERECIBLE;2026-02-01;45.36;12;12;2
9792;Z3 MERMELADA DE MORA CHIVERIA 1.35 KG;NO PERECIBLE;2026-03-01;52.92;11;14;3
9792;Z3 MERMELADA DE MORA CHIVERIA 1.35 KG;NO PERECIBLE;2026-04-01;68.04;14;18;4
9792;Z3 MERMELADA DE MORA CHIVERIA 1.35 KG;NO PERECIBLE;2026-05-01;83.16;19;22;5
9792;Z3 MERMELADA DE MORA CHIVERIA 1.35 KG;NO PERECIBLE;2026-06-01;45.36;10;12;6
9792;Z3 MERMELADA DE MORA CHIVERIA 1.35 KG;NO PERECIBLE;2026-07-01;30.24;8;8;7
9793;Z3 YOGURT PARA GRANIZAR CHIVERIA 1 GL;PERECIBLE;2026-01-01;2517.64;56;226;1
9793;Z3 YOGURT PARA GRANIZAR CHIVERIA 1 GL;PERECIBLE;2026-02-01;1470.48;46;132;2
9793;Z3 YOGURT PARA GRANIZAR CHIVERIA 1 GL;PERECIBLE;2026-03-01;1269.96;44;114;3
9793;Z3 YOGURT PARA GRANIZAR CHIVERIA 1 GL;PERECIBLE;2026-04-01;2539.92;60;228;4
9793;Z3 YOGURT PARA GRANIZAR CHIVERIA 1 GL;PERECIBLE;2026-05-01;3776.46;63;339;5
9793;Z3 YOGURT PARA GRANIZAR CHIVERIA 1 GL;PERECIBLE;2026-06-01;3275.16;43;294;6
9793;Z3 YOGURT PARA GRANIZAR CHIVERIA 1 GL;PERECIBLE;2026-07-01;3743.04;26;336;7
9805;AGUA MINERAL IMPERIAL LIMON MENTA LATA 330 ML;NO PERECIBLE;2026-01-01;0;0;0;1
9805;AGUA MINERAL IMPERIAL LIMON MENTA LATA 330 ML;NO PERECIBLE;2026-02-01;0;0;0;2
9805;AGUA MINERAL IMPERIAL LIMON MENTA LATA 330 ML;NO PERECIBLE;2026-03-01;10.0875;4;15;3
9805;AGUA MINERAL IMPERIAL LIMON MENTA LATA 330 ML;NO PERECIBLE;2026-04-01;0;0;0;4
9805;AGUA MINERAL IMPERIAL LIMON MENTA LATA 330 ML;NO PERECIBLE;2026-05-01;0;0;0;5
9805;AGUA MINERAL IMPERIAL LIMON MENTA LATA 330 ML;NO PERECIBLE;2026-06-01;0;0;0;6
9805;AGUA MINERAL IMPERIAL LIMON MENTA LATA 330 ML;NO PERECIBLE;2026-07-01;0;0;0;7
9806;AGUA MINERAL IMPERIAL LIMONADA PET 330 ML;NO PERECIBLE;2026-01-01;107.52;12;384;1
9806;AGUA MINERAL IMPERIAL LIMONADA PET 330 ML;NO PERECIBLE;2026-02-01;104.72;8;374;2
9806;AGUA MINERAL IMPERIAL LIMONADA PET 330 ML;NO PERECIBLE;2026-03-01;81.76;11;292;3
9806;AGUA MINERAL IMPERIAL LIMONADA PET 330 ML;NO PERECIBLE;2026-04-01;134.4;13;480;4
9806;AGUA MINERAL IMPERIAL LIMONADA PET 330 ML;NO PERECIBLE;2026-05-01;96.32;13;344;5
9806;AGUA MINERAL IMPERIAL LIMONADA PET 330 ML;NO PERECIBLE;2026-06-01;67.2;9;240;6
9806;AGUA MINERAL IMPERIAL LIMONADA PET 330 ML;NO PERECIBLE;2026-07-01;41.44;6;148;7
9807;AGUA MINERAL CON GAS IMPERIAL MANDARINA PET 330 ML;NO PERECIBLE;2026-01-01;128.8;10;460;1
9807;AGUA MINERAL CON GAS IMPERIAL MANDARINA PET 330 ML;NO PERECIBLE;2026-02-01;107.24;9;383;2
9807;AGUA MINERAL CON GAS IMPERIAL MANDARINA PET 330 ML;NO PERECIBLE;2026-03-01;94.64;9;338;3
9807;AGUA MINERAL CON GAS IMPERIAL MANDARINA PET 330 ML;NO PERECIBLE;2026-04-01;89.6;8;320;4
9807;AGUA MINERAL CON GAS IMPERIAL MANDARINA PET 330 ML;NO PERECIBLE;2026-05-01;95.2;9;340;5
9807;AGUA MINERAL CON GAS IMPERIAL MANDARINA PET 330 ML;NO PERECIBLE;2026-06-01;121.52;10;434;6
9807;AGUA MINERAL CON GAS IMPERIAL MANDARINA PET 330 ML;NO PERECIBLE;2026-07-01;34.16;2;122;7
9810;COLA FRUIT MORA LATA 330 ML;NO PERECIBLE;2026-01-01;13.5936;1;24;1
9810;COLA FRUIT MORA LATA 330 ML;NO PERECIBLE;2026-02-01;0;0;0;2
9810;COLA FRUIT MORA LATA 330 ML;NO PERECIBLE;2026-03-01;0;0;0;3
9810;COLA FRUIT MORA LATA 330 ML;NO PERECIBLE;2026-04-01;0;0;0;4
9810;COLA FRUIT MORA LATA 330 ML;NO PERECIBLE;2026-05-01;0;0;0;5
9810;COLA FRUIT MORA LATA 330 ML;NO PERECIBLE;2026-06-01;0;0;0;6
9810;COLA FRUIT MORA LATA 330 ML;NO PERECIBLE;2026-07-01;0;0;0;7
9822;YOGURT GRIEGO NATURAL KIOSKO 120 GR;PERECIBLE;2026-01-01;102.46;24;94;1
9822;YOGURT GRIEGO NATURAL KIOSKO 120 GR;PERECIBLE;2026-02-01;128.62;25;118;2
9822;YOGURT GRIEGO NATURAL KIOSKO 120 GR;PERECIBLE;2026-03-01;146.06;28;134;3
9822;YOGURT GRIEGO NATURAL KIOSKO 120 GR;PERECIBLE;2026-04-01;180.94;28;166;4
9822;YOGURT GRIEGO NATURAL KIOSKO 120 GR;PERECIBLE;2026-05-01;191.84;25;176;5
9822;YOGURT GRIEGO NATURAL KIOSKO 120 GR;PERECIBLE;2026-06-01;186.39;26;171;6
9822;YOGURT GRIEGO NATURAL KIOSKO 120 GR;PERECIBLE;2026-07-01;237.62;26;218;7
9823;YOGURT GRIEGO MORA Y ARANDANOS KIOSKO 120 GR;PERECIBLE;2026-01-01;371.69;36;341;1
9823;YOGURT GRIEGO MORA Y ARANDANOS KIOSKO 120 GR;PERECIBLE;2026-02-01;362.97;33;333;2
9823;YOGURT GRIEGO MORA Y ARANDANOS KIOSKO 120 GR;PERECIBLE;2026-03-01;386.95;37;355;3
9823;YOGURT GRIEGO MORA Y ARANDANOS KIOSKO 120 GR;PERECIBLE;2026-04-01;536.28;42;492;4
9823;YOGURT GRIEGO MORA Y ARANDANOS KIOSKO 120 GR;PERECIBLE;2026-05-01;401.12;41;368;5
9823;YOGURT GRIEGO MORA Y ARANDANOS KIOSKO 120 GR;PERECIBLE;2026-06-01;433.82;42;398;6
9823;YOGURT GRIEGO MORA Y ARANDANOS KIOSKO 120 GR;PERECIBLE;2026-07-01;501.4;41;460;7
9824;YOGURT GRIEGO FRUTOS ROJOS KIOSKO 120 GR;PERECIBLE;2026-01-01;359.7;34;330;1
9824;YOGURT GRIEGO FRUTOS ROJOS KIOSKO 120 GR;PERECIBLE;2026-02-01;333.54;30;306;2
9824;YOGURT GRIEGO FRUTOS ROJOS KIOSKO 120 GR;PERECIBLE;2026-03-01;360.79;31;331;3
9824;YOGURT GRIEGO FRUTOS ROJOS KIOSKO 120 GR;PERECIBLE;2026-04-01;428.37;35;393;4
9824;YOGURT GRIEGO FRUTOS ROJOS KIOSKO 120 GR;PERECIBLE;2026-05-01;361.88;36;332;5
9824;YOGURT GRIEGO FRUTOS ROJOS KIOSKO 120 GR;PERECIBLE;2026-06-01;385.86;38;354;6
9824;YOGURT GRIEGO FRUTOS ROJOS KIOSKO 120 GR;PERECIBLE;2026-07-01;419.65;35;385;7
9850;TARRINA DE PAPEL 16 ONZ ECOPAC X25;NO PERECIBLE;2026-01-01;97.395;10;43;1
9850;TARRINA DE PAPEL 16 ONZ ECOPAC X25;NO PERECIBLE;2026-02-01;172.14;10;76;2
9850;TARRINA DE PAPEL 16 ONZ ECOPAC X25;NO PERECIBLE;2026-03-01;126.84;9;56;3
9850;TARRINA DE PAPEL 16 ONZ ECOPAC X25;NO PERECIBLE;2026-04-01;126.84;15;56;4
9850;TARRINA DE PAPEL 16 ONZ ECOPAC X25;NO PERECIBLE;2026-05-01;122.31;14;54;5
9850;TARRINA DE PAPEL 16 ONZ ECOPAC X25;NO PERECIBLE;2026-06-01;86.07;8;38;6
9850;TARRINA DE PAPEL 16 ONZ ECOPAC X25;NO PERECIBLE;2026-07-01;0;0;0;7
9865;TORTILLA DE MAIZ SABOR A LA MEXICANA 275 GR;PERECIBLE;2026-01-01;0;0;0;1
9865;TORTILLA DE MAIZ SABOR A LA MEXICANA 275 GR;PERECIBLE;2026-02-01;15.862;4;10;2
9865;TORTILLA DE MAIZ SABOR A LA MEXICANA 275 GR;PERECIBLE;2026-03-01;0;0;0;3
9865;TORTILLA DE MAIZ SABOR A LA MEXICANA 275 GR;PERECIBLE;2026-04-01;0;0;0;4
9865;TORTILLA DE MAIZ SABOR A LA MEXICANA 275 GR;PERECIBLE;2026-05-01;0;0;0;5
9865;TORTILLA DE MAIZ SABOR A LA MEXICANA 275 GR;PERECIBLE;2026-06-01;0;0;0;6
9865;TORTILLA DE MAIZ SABOR A LA MEXICANA 275 GR;PERECIBLE;2026-07-01;0;0;0;7
9871;BIMBOLETE GOTA CHOCOLATE 76 GR X2;NO PERECIBLE;2026-01-01;9.35;1;17;1
9871;BIMBOLETE GOTA CHOCOLATE 76 GR X2;NO PERECIBLE;2026-02-01;88;3;160;2
9871;BIMBOLETE GOTA CHOCOLATE 76 GR X2;NO PERECIBLE;2026-03-01;42.35;2;77;3
9871;BIMBOLETE GOTA CHOCOLATE 76 GR X2;NO PERECIBLE;2026-04-01;6.6;1;12;4
9871;BIMBOLETE GOTA CHOCOLATE 76 GR X2;NO PERECIBLE;2026-05-01;63.8;3;116;5
9871;BIMBOLETE GOTA CHOCOLATE 76 GR X2;NO PERECIBLE;2026-06-01;70.95;3;129;6
9871;BIMBOLETE GOTA CHOCOLATE 76 GR X2;NO PERECIBLE;2026-07-01;19.8;1;36;7
9872;BIMBOLETE GOTA VAINILLA 76 GR X2;NO PERECIBLE;2026-01-01;94.6;12;172;1
9872;BIMBOLETE GOTA VAINILLA 76 GR X2;NO PERECIBLE;2026-02-01;78.65;2;143;2
9872;BIMBOLETE GOTA VAINILLA 76 GR X2;NO PERECIBLE;2026-03-01;86.9;5;158;3
9872;BIMBOLETE GOTA VAINILLA 76 GR X2;NO PERECIBLE;2026-04-01;147.4;4;268;4
9872;BIMBOLETE GOTA VAINILLA 76 GR X2;NO PERECIBLE;2026-05-01;206.8;8;376;5
9872;BIMBOLETE GOTA VAINILLA 76 GR X2;NO PERECIBLE;2026-06-01;203.5;6;370;6
9872;BIMBOLETE GOTA VAINILLA 76 GR X2;NO PERECIBLE;2026-07-01;27.5;1;50;7
9905;CAFE PASAR T&M ZARUMA SWEET & COFFEE 400 GR;NO PERECIBLE;2026-01-01;811.125;8;105;1
9905;CAFE PASAR T&M ZARUMA SWEET & COFFEE 400 GR;NO PERECIBLE;2026-02-01;1050.6;6;136;2
9905;CAFE PASAR T&M ZARUMA SWEET & COFFEE 400 GR;NO PERECIBLE;2026-03-01;1429.125;11;185;3
9905;CAFE PASAR T&M ZARUMA SWEET & COFFEE 400 GR;NO PERECIBLE;2026-04-01;1274.625;7;165;4
9905;CAFE PASAR T&M ZARUMA SWEET & COFFEE 400 GR;NO PERECIBLE;2026-05-01;1305.525;7;169;5
9905;CAFE PASAR T&M ZARUMA SWEET & COFFEE 400 GR;NO PERECIBLE;2026-06-01;965.625;5;125;6
9905;CAFE PASAR T&M ZARUMA SWEET & COFFEE 400 GR;NO PERECIBLE;2026-07-01;1236;6;160;7
9908;ESCOBILLON CERDA SUAVE 42.5 CM CON TUBO METALICO;NO PERECIBLE;2026-01-01;27;1;2;1
9908;ESCOBILLON CERDA SUAVE 42.5 CM CON TUBO METALICO;NO PERECIBLE;2026-02-01;27;1;2;2
9908;ESCOBILLON CERDA SUAVE 42.5 CM CON TUBO METALICO;NO PERECIBLE;2026-03-01;67.5;3;5;3
9908;ESCOBILLON CERDA SUAVE 42.5 CM CON TUBO METALICO;NO PERECIBLE;2026-04-01;27;1;2;4
9908;ESCOBILLON CERDA SUAVE 42.5 CM CON TUBO METALICO;NO PERECIBLE;2026-05-01;27;1;2;5
9908;ESCOBILLON CERDA SUAVE 42.5 CM CON TUBO METALICO;NO PERECIBLE;2026-06-01;27;1;2;6
9908;ESCOBILLON CERDA SUAVE 42.5 CM CON TUBO METALICO;NO PERECIBLE;2026-07-01;67.5;2;5;7
9922;MARGARINA DE MESA GIRASOL 490 GR;NO PERECIBLE;2026-01-01;0;0;0;1
9922;MARGARINA DE MESA GIRASOL 490 GR;NO PERECIBLE;2026-02-01;30.7872;4;18;2
9922;MARGARINA DE MESA GIRASOL 490 GR;NO PERECIBLE;2026-03-01;0;0;0;3
9922;MARGARINA DE MESA GIRASOL 490 GR;NO PERECIBLE;2026-04-01;0;0;0;4
9922;MARGARINA DE MESA GIRASOL 490 GR;NO PERECIBLE;2026-05-01;0;0;0;5
9922;MARGARINA DE MESA GIRASOL 490 GR;NO PERECIBLE;2026-06-01;0;0;0;6
9922;MARGARINA DE MESA GIRASOL 490 GR;NO PERECIBLE;2026-07-01;0;0;0;7
9930;COCA COLA LATA 350 ML;NO PERECIBLE;2026-01-01;0;0;0;1
9930;COCA COLA LATA 350 ML;NO PERECIBLE;2026-02-01;3.386;1;4;2
9930;COCA COLA LATA 350 ML;NO PERECIBLE;2026-03-01;5.9255;3;7;3
9930;COCA COLA LATA 350 ML;NO PERECIBLE;2026-04-01;0;0;0;4
9930;COCA COLA LATA 350 ML;NO PERECIBLE;2026-05-01;0;0;0;5
9930;COCA COLA LATA 350 ML;NO PERECIBLE;2026-06-01;20.316;1;24;6
9930;COCA COLA LATA 350 ML;NO PERECIBLE;2026-07-01;0;0;0;7
9940;RES PULPA DE BRAZO SUPERMAXI REFRIGERADO;PERECIBLE;2026-01-01;0;0;0;1
9940;RES PULPA DE BRAZO SUPERMAXI REFRIGERADO;PERECIBLE;2026-02-01;0;0;0;2
9940;RES PULPA DE BRAZO SUPERMAXI REFRIGERADO;PERECIBLE;2026-03-01;0;0;0;3
9940;RES PULPA DE BRAZO SUPERMAXI REFRIGERADO;PERECIBLE;2026-04-01;0;0;0;4
9940;RES PULPA DE BRAZO SUPERMAXI REFRIGERADO;PERECIBLE;2026-05-01;0;0;0;5
9940;RES PULPA DE BRAZO SUPERMAXI REFRIGERADO;PERECIBLE;2026-06-01;0;0;0;6
9940;RES PULPA DE BRAZO SUPERMAXI REFRIGERADO;PERECIBLE;2026-07-01;33.20090726;2;2;7
9941;JAMON VIRGINIA ARTESANAL DON DIEGO 200 GR;PERECIBLE;2026-01-01;88.8;4;30;1
9941;JAMON VIRGINIA ARTESANAL DON DIEGO 200 GR;PERECIBLE;2026-02-01;118.4;3;40;2
9941;JAMON VIRGINIA ARTESANAL DON DIEGO 200 GR;PERECIBLE;2026-03-01;106.56;3;36;3
9941;JAMON VIRGINIA ARTESANAL DON DIEGO 200 GR;PERECIBLE;2026-04-01;50.32;2;17;4
9941;JAMON VIRGINIA ARTESANAL DON DIEGO 200 GR;PERECIBLE;2026-05-01;35.52;2;12;5
9941;JAMON VIRGINIA ARTESANAL DON DIEGO 200 GR;PERECIBLE;2026-06-01;56.24;5;19;6
9941;JAMON VIRGINIA ARTESANAL DON DIEGO 200 GR;PERECIBLE;2026-07-01;35.52;3;12;7
9956;PAPEL TOALLA DE MANOS HOJA SENCILLA NATURAL SCOTT ESSENTIAL (1 ROLLO X 250 MTS) (30240064);NO PERECIBLE;2026-01-01;80.06857136;4;16;1
9956;PAPEL TOALLA DE MANOS HOJA SENCILLA NATURAL SCOTT ESSENTIAL (1 ROLLO X 250 MTS) (30240064);NO PERECIBLE;2026-02-01;90.07714278;4;18;2
9956;PAPEL TOALLA DE MANOS HOJA SENCILLA NATURAL SCOTT ESSENTIAL (1 ROLLO X 250 MTS) (30240064);NO PERECIBLE;2026-03-01;85.07285707;3;17;3
9956;PAPEL TOALLA DE MANOS HOJA SENCILLA NATURAL SCOTT ESSENTIAL (1 ROLLO X 250 MTS) (30240064);NO PERECIBLE;2026-04-01;80.06857136;3;16;4
9956;PAPEL TOALLA DE MANOS HOJA SENCILLA NATURAL SCOTT ESSENTIAL (1 ROLLO X 250 MTS) (30240064);NO PERECIBLE;2026-05-01;30.02571426;1;6;5
9956;PAPEL TOALLA DE MANOS HOJA SENCILLA NATURAL SCOTT ESSENTIAL (1 ROLLO X 250 MTS) (30240064);NO PERECIBLE;2026-06-01;140.11999988;5;28;6
9956;PAPEL TOALLA DE MANOS HOJA SENCILLA NATURAL SCOTT ESSENTIAL (1 ROLLO X 250 MTS) (30240064);NO PERECIBLE;2026-07-01;40.03428568;4;8;7
9960;PAPEL HIGIENICO DOBLE HOJA SCOTT 25 MTS (30243341);NO PERECIBLE;2026-01-01;1594.872;130;5212;1
9960;PAPEL HIGIENICO DOBLE HOJA SCOTT 25 MTS (30243341);NO PERECIBLE;2026-02-01;1547.442;121;5057;2
9960;PAPEL HIGIENICO DOBLE HOJA SCOTT 25 MTS (30243341);NO PERECIBLE;2026-03-01;1987.47;149;6495;3
9960;PAPEL HIGIENICO DOBLE HOJA SCOTT 25 MTS (30243341);NO PERECIBLE;2026-04-01;32.436;9;106;4
9960;PAPEL HIGIENICO DOBLE HOJA SCOTT 25 MTS (30243341);NO PERECIBLE;2026-05-01;0;0;0;5
9960;PAPEL HIGIENICO DOBLE HOJA SCOTT 25 MTS (30243341);NO PERECIBLE;2026-06-01;0;0;0;6
9960;PAPEL HIGIENICO DOBLE HOJA SCOTT 25 MTS (30243341);NO PERECIBLE;2026-07-01;0;0;0;7
9961;SERVILLETA DISPENSADA SCOTT ECONOMICA HOJA SENCILLA X 120HOJAS (30209601);NO PERECIBLE;2026-01-01;220.02;28;600;1
9961;SERVILLETA DISPENSADA SCOTT ECONOMICA HOJA SENCILLA X 120HOJAS (30209601);NO PERECIBLE;2026-02-01;195.4511;31;533;2
9961;SERVILLETA DISPENSADA SCOTT ECONOMICA HOJA SENCILLA X 120HOJAS (30209601);NO PERECIBLE;2026-03-01;282.359;38;770;3
9961;SERVILLETA DISPENSADA SCOTT ECONOMICA HOJA SENCILLA X 120HOJAS (30209601);NO PERECIBLE;2026-04-01;243.1221;38;663;4
9961;SERVILLETA DISPENSADA SCOTT ECONOMICA HOJA SENCILLA X 120HOJAS (30209601);NO PERECIBLE;2026-05-01;270.2579;37;737;5
9961;SERVILLETA DISPENSADA SCOTT ECONOMICA HOJA SENCILLA X 120HOJAS (30209601);NO PERECIBLE;2026-06-01;265.8575;35;725;6
9961;SERVILLETA DISPENSADA SCOTT ECONOMICA HOJA SENCILLA X 120HOJAS (30209601);NO PERECIBLE;2026-07-01;278.3253;42;759;7
9962;SERVILLETA DISPENSADA AIRFLEX SCOTT MEGA HOJA SENCILLA X 200HOJAS (30209703);NO PERECIBLE;2026-01-01;203.9226;17;322;1
9962;SERVILLETA DISPENSADA AIRFLEX SCOTT MEGA HOJA SENCILLA X 200HOJAS (30209703);NO PERECIBLE;2026-02-01;208.3557;16;329;2
9962;SERVILLETA DISPENSADA AIRFLEX SCOTT MEGA HOJA SENCILLA X 200HOJAS (30209703);NO PERECIBLE;2026-03-01;258.3864;20;408;3
9962;SERVILLETA DISPENSADA AIRFLEX SCOTT MEGA HOJA SENCILLA X 200HOJAS (30209703);NO PERECIBLE;2026-04-01;223.5549;17;353;4
9962;SERVILLETA DISPENSADA AIRFLEX SCOTT MEGA HOJA SENCILLA X 200HOJAS (30209703);NO PERECIBLE;2026-05-01;250.7868;17;396;5
9962;SERVILLETA DISPENSADA AIRFLEX SCOTT MEGA HOJA SENCILLA X 200HOJAS (30209703);NO PERECIBLE;2026-06-01;282.4518;19;446;6
9962;SERVILLETA DISPENSADA AIRFLEX SCOTT MEGA HOJA SENCILLA X 200HOJAS (30209703);NO PERECIBLE;2026-07-01;319.8165;20;505;7
9976;QUESO MOZZARELLA REBANADO SUPERMAXI 300 GR;PERECIBLE;2026-01-01;0;0;0;1
9976;QUESO MOZZARELLA REBANADO SUPERMAXI 300 GR;PERECIBLE;2026-02-01;0;0;0;2
9976;QUESO MOZZARELLA REBANADO SUPERMAXI 300 GR;PERECIBLE;2026-03-01;21.2695;4;7;3
9976;QUESO MOZZARELLA REBANADO SUPERMAXI 300 GR;PERECIBLE;2026-04-01;0;0;0;4
9976;QUESO MOZZARELLA REBANADO SUPERMAXI 300 GR;PERECIBLE;2026-05-01;0;0;0;5
9976;QUESO MOZZARELLA REBANADO SUPERMAXI 300 GR;PERECIBLE;2026-06-01;0;0;0;6
9976;QUESO MOZZARELLA REBANADO SUPERMAXI 300 GR;PERECIBLE;2026-07-01;0;0;0;7
9987;AVENA HOJUELAS ENTERAS LA ORIGINAL 1 KG;NO PERECIBLE;2026-01-01;2116.341;578;2283;1
9987;AVENA HOJUELAS ENTERAS LA ORIGINAL 1 KG;NO PERECIBLE;2026-02-01;2009.736;548;2168;2
9987;AVENA HOJUELAS ENTERAS LA ORIGINAL 1 KG;NO PERECIBLE;2026-03-01;2342.529;653;2527;3
9987;AVENA HOJUELAS ENTERAS LA ORIGINAL 1 KG;NO PERECIBLE;2026-04-01;2179.377;610;2351;4
9987;AVENA HOJUELAS ENTERAS LA ORIGINAL 1 KG;NO PERECIBLE;2026-05-01;2480.652;631;2676;5
9987;AVENA HOJUELAS ENTERAS LA ORIGINAL 1 KG;NO PERECIBLE;2026-06-01;1933.722;458;2086;6
9987;AVENA HOJUELAS ENTERAS LA ORIGINAL 1 KG;NO PERECIBLE;2026-07-01;0;0;0;7
9992;POLLO MOLLEJA PRONACA (0.75 - 1.1 KG);PERECIBLE;2026-01-01;738.0356;47;212;1
9992;POLLO MOLLEJA PRONACA (0.75 - 1.1 KG);PERECIBLE;2026-02-01;675.3722;58;194;2
9992;POLLO MOLLEJA PRONACA (0.75 - 1.1 KG);PERECIBLE;2026-03-01;675.3722;49;194;3
9992;POLLO MOLLEJA PRONACA (0.75 - 1.1 KG);PERECIBLE;2026-04-01;623.1527;42;179;4
9992;POLLO MOLLEJA PRONACA (0.75 - 1.1 KG);PERECIBLE;2026-05-01;348.13;32;100;5
9992;POLLO MOLLEJA PRONACA (0.75 - 1.1 KG);PERECIBLE;2026-06-01;657.9657;51;189;6
9992;POLLO MOLLEJA PRONACA (0.75 - 1.1 KG);PERECIBLE;2026-07-01;501.3072;42;144;7
9993;POLLO PATAS PRONACA (0.6 - 1.5 KG);PERECIBLE;2026-01-01;372.77999316;117;228;1
9993;POLLO PATAS PRONACA (0.6 - 1.5 KG);PERECIBLE;2026-02-01;377.68499307;104;231;2
9993;POLLO PATAS PRONACA (0.6 - 1.5 KG);PERECIBLE;2026-03-01;384.22499295;116;235;3
9993;POLLO PATAS PRONACA (0.6 - 1.5 KG);PERECIBLE;2026-04-01;477.41999124;136;292;4
9993;POLLO PATAS PRONACA (0.6 - 1.5 KG);PERECIBLE;2026-05-01;385.85999292;129;236;5
9993;POLLO PATAS PRONACA (0.6 - 1.5 KG);PERECIBLE;2026-06-01;528.10499031;141;323;6
9993;POLLO PATAS PRONACA (0.6 - 1.5 KG);PERECIBLE;2026-07-01;413.65499241;129;253;7
9994;POLLO PECHUGA PRONACA (0.8 - 1.7 KG) X2 UND;PERECIBLE;2026-01-01;1231.2648;34;216;1
9994;POLLO PECHUGA PRONACA (0.8 - 1.7 KG) X2 UND;PERECIBLE;2026-02-01;923.4486;33;162;2
9994;POLLO PECHUGA PRONACA (0.8 - 1.7 KG) X2 UND;PERECIBLE;2026-03-01;1293.9681;41;227;3
9994;POLLO PECHUGA PRONACA (0.8 - 1.7 KG) X2 UND;PERECIBLE;2026-04-01;1236.9651;32;217;4
9994;POLLO PECHUGA PRONACA (0.8 - 1.7 KG) X2 UND;PERECIBLE;2026-05-01;1174.2618;29;206;5
9994;POLLO PECHUGA PRONACA (0.8 - 1.7 KG) X2 UND;PERECIBLE;2026-06-01;1140.06;33;200;6
9994;POLLO PECHUGA PRONACA (0.8 - 1.7 KG) X2 UND;PERECIBLE;2026-07-01;974.7513;28;171;7
10021;DISPENSADOR LIMPION METALICO WYPALL (30180284) COMOD;NO PERECIBLE;2026-01-01;7e-04;2;7;1
10021;DISPENSADOR LIMPION METALICO WYPALL (30180284) COMOD;NO PERECIBLE;2026-02-01;0;0;0;2
10021;DISPENSADOR LIMPION METALICO WYPALL (30180284) COMOD;NO PERECIBLE;2026-03-01;6e-04;4;6;3
10021;DISPENSADOR LIMPION METALICO WYPALL (30180284) COMOD;NO PERECIBLE;2026-04-01;8e-04;3;8;4
10021;DISPENSADOR LIMPION METALICO WYPALL (30180284) COMOD;NO PERECIBLE;2026-05-01;3e-04;3;3;5
10021;DISPENSADOR LIMPION METALICO WYPALL (30180284) COMOD;NO PERECIBLE;2026-06-01;1e-04;1;1;6
10021;DISPENSADOR LIMPION METALICO WYPALL (30180284) COMOD;NO PERECIBLE;2026-07-01;1e-04;1;1;7
10028;PAÑOS DE LIMPIEZA WYPALL AZUL PREDOBLADO REUTILIZABLES 29 X 34 CM CORES X 50 (30228872);NO PERECIBLE;2026-01-01;0;0;0;1
10028;PAÑOS DE LIMPIEZA WYPALL AZUL PREDOBLADO REUTILIZABLES 29 X 34 CM CORES X 50 (30228872);NO PERECIBLE;2026-02-01;0;0;0;2
10028;PAÑOS DE LIMPIEZA WYPALL AZUL PREDOBLADO REUTILIZABLES 29 X 34 CM CORES X 50 (30228872);NO PERECIBLE;2026-03-01;0;0;0;3
10028;PAÑOS DE LIMPIEZA WYPALL AZUL PREDOBLADO REUTILIZABLES 29 X 34 CM CORES X 50 (30228872);NO PERECIBLE;2026-04-01;0;0;0;4
10028;PAÑOS DE LIMPIEZA WYPALL AZUL PREDOBLADO REUTILIZABLES 29 X 34 CM CORES X 50 (30228872);NO PERECIBLE;2026-05-01;0;0;0;5
10028;PAÑOS DE LIMPIEZA WYPALL AZUL PREDOBLADO REUTILIZABLES 29 X 34 CM CORES X 50 (30228872);NO PERECIBLE;2026-06-01;144.76306884;27;39;6
10028;PAÑOS DE LIMPIEZA WYPALL AZUL PREDOBLADO REUTILIZABLES 29 X 34 CM CORES X 50 (30228872);NO PERECIBLE;2026-07-01;0;0;0;7
10030;HARINA DE MAIZ BLANCO AREPASAN 1 KG;NO PERECIBLE;2026-01-01;23;13;23;1
10030;HARINA DE MAIZ BLANCO AREPASAN 1 KG;NO PERECIBLE;2026-02-01;30;14;30;2
10030;HARINA DE MAIZ BLANCO AREPASAN 1 KG;NO PERECIBLE;2026-03-01;9;7;9;3
10030;HARINA DE MAIZ BLANCO AREPASAN 1 KG;NO PERECIBLE;2026-04-01;1;1;1;4
10030;HARINA DE MAIZ BLANCO AREPASAN 1 KG;NO PERECIBLE;2026-05-01;0;0;0;5
10030;HARINA DE MAIZ BLANCO AREPASAN 1 KG;NO PERECIBLE;2026-06-01;0;0;0;6
10030;HARINA DE MAIZ BLANCO AREPASAN 1 KG;NO PERECIBLE;2026-07-01;0;0;0;7
10031;HARINA DE MAIZ AMARILLO AREPASAN 1 KG;NO PERECIBLE;2026-01-01;963.6;208;803;1
10031;HARINA DE MAIZ AMARILLO AREPASAN 1 KG;NO PERECIBLE;2026-02-01;969.6;198;808;2
10031;HARINA DE MAIZ AMARILLO AREPASAN 1 KG;NO PERECIBLE;2026-03-01;837.6;137;698;3
10031;HARINA DE MAIZ AMARILLO AREPASAN 1 KG;NO PERECIBLE;2026-04-01;0;0;0;4
10031;HARINA DE MAIZ AMARILLO AREPASAN 1 KG;NO PERECIBLE;2026-05-01;0;0;0;5
10031;HARINA DE MAIZ AMARILLO AREPASAN 1 KG;NO PERECIBLE;2026-06-01;679.2;144;566;6
10031;HARINA DE MAIZ AMARILLO AREPASAN 1 KG;NO PERECIBLE;2026-07-01;955.2;186;796;7
10078;TORTILLA TRIGO INTEGRALES MAMA FANY 400 GR X12 UND;PERECIBLE;2026-01-01;117.4718;8;47;1
10078;TORTILLA TRIGO INTEGRALES MAMA FANY 400 GR X12 UND;PERECIBLE;2026-02-01;82.4802;7;33;2
10078;TORTILLA TRIGO INTEGRALES MAMA FANY 400 GR X12 UND;PERECIBLE;2026-03-01;64.9844;3;26;3
10078;TORTILLA TRIGO INTEGRALES MAMA FANY 400 GR X12 UND;PERECIBLE;2026-04-01;59.9856;8;24;4
10078;TORTILLA TRIGO INTEGRALES MAMA FANY 400 GR X12 UND;PERECIBLE;2026-05-01;104.9748;10;42;5
10078;TORTILLA TRIGO INTEGRALES MAMA FANY 400 GR X12 UND;PERECIBLE;2026-06-01;9.9976;2;4;6
10078;TORTILLA TRIGO INTEGRALES MAMA FANY 400 GR X12 UND;PERECIBLE;2026-07-01;7.4982;2;3;7
10109;VINAGRE BALSAMICO MAZZA PET 5 LT;NO PERECIBLE;2026-01-01;74.42159235;7;7;1
10109;VINAGRE BALSAMICO MAZZA PET 5 LT;NO PERECIBLE;2026-02-01;42.5266242;4;4;2
10109;VINAGRE BALSAMICO MAZZA PET 5 LT;NO PERECIBLE;2026-03-01;21.2633121;2;2;3
10109;VINAGRE BALSAMICO MAZZA PET 5 LT;NO PERECIBLE;2026-04-01;42.5266242;4;4;4
10109;VINAGRE BALSAMICO MAZZA PET 5 LT;NO PERECIBLE;2026-05-01;42.5266242;4;4;5
10109;VINAGRE BALSAMICO MAZZA PET 5 LT;NO PERECIBLE;2026-06-01;21.2633121;2;2;6
10109;VINAGRE BALSAMICO MAZZA PET 5 LT;NO PERECIBLE;2026-07-01;31.89496815;3;3;7
10110;VINAGRE BALSAMICO MAZZA VIDRIO 500 ML;NO PERECIBLE;2026-01-01;208.8555;66;105;1
10110;VINAGRE BALSAMICO MAZZA VIDRIO 500 ML;NO PERECIBLE;2026-02-01;184.9863;64;93;2
10110;VINAGRE BALSAMICO MAZZA VIDRIO 500 ML;NO PERECIBLE;2026-03-01;204.8773;71;103;3
10110;VINAGRE BALSAMICO MAZZA VIDRIO 500 ML;NO PERECIBLE;2026-04-01;194.9318;75;98;4
10110;VINAGRE BALSAMICO MAZZA VIDRIO 500 ML;NO PERECIBLE;2026-05-01;232.7247;87;117;5
10110;VINAGRE BALSAMICO MAZZA VIDRIO 500 ML;NO PERECIBLE;2026-06-01;167.0844;67;84;6
10110;VINAGRE BALSAMICO MAZZA VIDRIO 500 ML;NO PERECIBLE;2026-07-01;202.8882;72;102;7
10113;SALSA DE TOMATE POMODORO CLASICA MAZZA LATA 2.5 KG;NO PERECIBLE;2026-01-01;0;0;0;1
10113;SALSA DE TOMATE POMODORO CLASICA MAZZA LATA 2.5 KG;NO PERECIBLE;2026-02-01;0;0;0;2
10113;SALSA DE TOMATE POMODORO CLASICA MAZZA LATA 2.5 KG;NO PERECIBLE;2026-03-01;0;0;0;3
10113;SALSA DE TOMATE POMODORO CLASICA MAZZA LATA 2.5 KG;NO PERECIBLE;2026-04-01;0;0;0;4
10113;SALSA DE TOMATE POMODORO CLASICA MAZZA LATA 2.5 KG;NO PERECIBLE;2026-05-01;0;0;0;5
10113;SALSA DE TOMATE POMODORO CLASICA MAZZA LATA 2.5 KG;NO PERECIBLE;2026-06-01;0;0;0;6
10113;SALSA DE TOMATE POMODORO CLASICA MAZZA LATA 2.5 KG;NO PERECIBLE;2026-07-01;44.75102967;5;9;7
10115;PASTA DE TOMATE DOBLE CONCENTRADA 28/30 MAZZA LATA 400 GR;NO PERECIBLE;2026-01-01;676.04780856;400;498;1
10115;PASTA DE TOMATE DOBLE CONCENTRADA 28/30 MAZZA LATA 400 GR;NO PERECIBLE;2026-02-01;652.96987132;388;481;2
10115;PASTA DE TOMATE DOBLE CONCENTRADA 28/30 MAZZA LATA 400 GR;NO PERECIBLE;2026-03-01;743.92409456;441;548;3
10115;PASTA DE TOMATE DOBLE CONCENTRADA 28/30 MAZZA LATA 400 GR;NO PERECIBLE;2026-04-01;685.5504886;409;505;4
10115;PASTA DE TOMATE DOBLE CONCENTRADA 28/30 MAZZA LATA 400 GR;NO PERECIBLE;2026-05-01;714.05852872;430;526;5
10115;PASTA DE TOMATE DOBLE CONCENTRADA 28/30 MAZZA LATA 400 GR;NO PERECIBLE;2026-06-01;714.05852872;440;526;6
10115;PASTA DE TOMATE DOBLE CONCENTRADA 28/30 MAZZA LATA 400 GR;NO PERECIBLE;2026-07-01;677.40533428;408;499;7
10116;TOMATES DESHIDRATADOS EN ACEITE MAZZA 1.6 KG;NO PERECIBLE;2026-01-01;0;0;0;1
10116;TOMATES DESHIDRATADOS EN ACEITE MAZZA 1.6 KG;NO PERECIBLE;2026-02-01;0;0;0;2
10116;TOMATES DESHIDRATADOS EN ACEITE MAZZA 1.6 KG;NO PERECIBLE;2026-03-01;0;0;0;3
10116;TOMATES DESHIDRATADOS EN ACEITE MAZZA 1.6 KG;NO PERECIBLE;2026-04-01;52.23996546;6;6;4
10116;TOMATES DESHIDRATADOS EN ACEITE MAZZA 1.6 KG;NO PERECIBLE;2026-05-01;34.82664364;4;4;5
10116;TOMATES DESHIDRATADOS EN ACEITE MAZZA 1.6 KG;NO PERECIBLE;2026-06-01;60.94662637;5;7;6
10116;TOMATES DESHIDRATADOS EN ACEITE MAZZA 1.6 KG;NO PERECIBLE;2026-07-01;17.41332182;2;2;7
10117;TOMATES DESHIDRATADOS EN ACEITE MAZZA 280 GR;NO PERECIBLE;2026-01-01;44.59476696;9;24;1
10117;TOMATES DESHIDRATADOS EN ACEITE MAZZA 280 GR;NO PERECIBLE;2026-02-01;40.87853638;8;22;2
10117;TOMATES DESHIDRATADOS EN ACEITE MAZZA 280 GR;NO PERECIBLE;2026-03-01;27.87172935;9;15;3
10117;TOMATES DESHIDRATADOS EN ACEITE MAZZA 280 GR;NO PERECIBLE;2026-04-01;0;0;0;4
10117;TOMATES DESHIDRATADOS EN ACEITE MAZZA 280 GR;NO PERECIBLE;2026-05-01;0;0;0;5
10117;TOMATES DESHIDRATADOS EN ACEITE MAZZA 280 GR;NO PERECIBLE;2026-06-01;0;0;0;6
10117;TOMATES DESHIDRATADOS EN ACEITE MAZZA 280 GR;NO PERECIBLE;2026-07-01;0;0;0;7
10121;ALCACHOFA CORAZONES EN AGUA 5/7 MAZZA LATA 400 GR;NO PERECIBLE;2026-01-01;9.21223244;4;4;1
10121;ALCACHOFA CORAZONES EN AGUA 5/7 MAZZA LATA 400 GR;NO PERECIBLE;2026-02-01;6.90917433;3;3;2
10121;ALCACHOFA CORAZONES EN AGUA 5/7 MAZZA LATA 400 GR;NO PERECIBLE;2026-03-01;0;0;0;3
10121;ALCACHOFA CORAZONES EN AGUA 5/7 MAZZA LATA 400 GR;NO PERECIBLE;2026-04-01;0;0;0;4
10121;ALCACHOFA CORAZONES EN AGUA 5/7 MAZZA LATA 400 GR;NO PERECIBLE;2026-05-01;0;0;0;5
10121;ALCACHOFA CORAZONES EN AGUA 5/7 MAZZA LATA 400 GR;NO PERECIBLE;2026-06-01;0;0;0;6
10121;ALCACHOFA CORAZONES EN AGUA 5/7 MAZZA LATA 400 GR;NO PERECIBLE;2026-07-01;0;0;0;7
10125;ACEITE OLIVA CLASICO MEZCLA MAZZA VIDRIO 1 LT;NO PERECIBLE;2026-01-01;646.464;97;130;1
10125;ACEITE OLIVA CLASICO MEZCLA MAZZA VIDRIO 1 LT;NO PERECIBLE;2026-02-01;631.5456;94;127;2
10125;ACEITE OLIVA CLASICO MEZCLA MAZZA VIDRIO 1 LT;NO PERECIBLE;2026-03-01;706.1376;106;142;3
10125;ACEITE OLIVA CLASICO MEZCLA MAZZA VIDRIO 1 LT;NO PERECIBLE;2026-04-01;551.9808;83;111;4
10125;ACEITE OLIVA CLASICO MEZCLA MAZZA VIDRIO 1 LT;NO PERECIBLE;2026-05-01;69.6192;11;14;5
10125;ACEITE OLIVA CLASICO MEZCLA MAZZA VIDRIO 1 LT;NO PERECIBLE;2026-06-01;14.9184;2;3;6
10125;ACEITE OLIVA CLASICO MEZCLA MAZZA VIDRIO 1 LT;NO PERECIBLE;2026-07-01;646.464;98;130;7
10126;ACEITE OLIVA CLASICO MEZCLA MAZZA LATA 5 LT;NO PERECIBLE;2026-01-01;28.63965756;1;1;1
10126;ACEITE OLIVA CLASICO MEZCLA MAZZA LATA 5 LT;NO PERECIBLE;2026-02-01;85.91897268;2;3;2
10126;ACEITE OLIVA CLASICO MEZCLA MAZZA LATA 5 LT;NO PERECIBLE;2026-03-01;28.63965756;1;1;3
10126;ACEITE OLIVA CLASICO MEZCLA MAZZA LATA 5 LT;NO PERECIBLE;2026-04-01;28.63965756;1;1;4
10126;ACEITE OLIVA CLASICO MEZCLA MAZZA LATA 5 LT;NO PERECIBLE;2026-05-01;28.63965756;1;1;5
10126;ACEITE OLIVA CLASICO MEZCLA MAZZA LATA 5 LT;NO PERECIBLE;2026-06-01;85.91897268;2;3;6
10126;ACEITE OLIVA CLASICO MEZCLA MAZZA LATA 5 LT;NO PERECIBLE;2026-07-01;229.11726048;7;8;7
10147;ESPADA FILETE ENTERO 5 KG;PERECIBLE;2026-01-01;20571.3218;92;3056.66;1
10147;ESPADA FILETE ENTERO 5 KG;PERECIBLE;2026-02-01;546.0722;3;81.14;2
10147;ESPADA FILETE ENTERO 5 KG;PERECIBLE;2026-03-01;916.9625;3;136.25;3
10147;ESPADA FILETE ENTERO 5 KG;PERECIBLE;2026-04-01;0;0;0;4
10147;ESPADA FILETE ENTERO 5 KG;PERECIBLE;2026-05-01;0;0;0;5
10147;ESPADA FILETE ENTERO 5 KG;PERECIBLE;2026-06-01;0;0;0;6
10147;ESPADA FILETE ENTERO 5 KG;PERECIBLE;2026-07-01;9932.2686;96;1475.82;7
10148;GALLETA ORIGINAL CLUB SOCIAL 216 GR (9 X24 GR);NO PERECIBLE;2026-01-01;234;22;117;1
10148;GALLETA ORIGINAL CLUB SOCIAL 216 GR (9 X24 GR);NO PERECIBLE;2026-02-01;294;23;147;2
10148;GALLETA ORIGINAL CLUB SOCIAL 216 GR (9 X24 GR);NO PERECIBLE;2026-03-01;520;33;260;3
10148;GALLETA ORIGINAL CLUB SOCIAL 216 GR (9 X24 GR);NO PERECIBLE;2026-04-01;448;30;224;4
10148;GALLETA ORIGINAL CLUB SOCIAL 216 GR (9 X24 GR);NO PERECIBLE;2026-05-01;438;32;219;5
10148;GALLETA ORIGINAL CLUB SOCIAL 216 GR (9 X24 GR);NO PERECIBLE;2026-06-01;420;29;210;6
10148;GALLETA ORIGINAL CLUB SOCIAL 216 GR (9 X24 GR);NO PERECIBLE;2026-07-01;454;31;227;7
10233;AZUCAR MORENA SACHET GENERICO (200 X5 GR);NO PERECIBLE;2026-01-01;26.64;4;6;1
10233;AZUCAR MORENA SACHET GENERICO (200 X5 GR);NO PERECIBLE;2026-02-01;53.28;8;12;2
10233;AZUCAR MORENA SACHET GENERICO (200 X5 GR);NO PERECIBLE;2026-03-01;53.28;8;12;3
10233;AZUCAR MORENA SACHET GENERICO (200 X5 GR);NO PERECIBLE;2026-04-01;57.72;7;13;4
10233;AZUCAR MORENA SACHET GENERICO (200 X5 GR);NO PERECIBLE;2026-05-01;57.72;10;13;5
10233;AZUCAR MORENA SACHET GENERICO (200 X5 GR);NO PERECIBLE;2026-06-01;106.56;11;24;6
10233;AZUCAR MORENA SACHET GENERICO (200 X5 GR);NO PERECIBLE;2026-07-01;53.28;9;12;7
10237;ACEITUNAS VERDES C/H MADAMA OLIVA 480 GR;NO PERECIBLE;2026-01-01;0;0;0;1
10237;ACEITUNAS VERDES C/H MADAMA OLIVA 480 GR;NO PERECIBLE;2026-02-01;0;0;0;2
10237;ACEITUNAS VERDES C/H MADAMA OLIVA 480 GR;NO PERECIBLE;2026-03-01;0;0;0;3
10237;ACEITUNAS VERDES C/H MADAMA OLIVA 480 GR;NO PERECIBLE;2026-04-01;0;0;0;4
10237;ACEITUNAS VERDES C/H MADAMA OLIVA 480 GR;NO PERECIBLE;2026-05-01;0;0;0;5
10237;ACEITUNAS VERDES C/H MADAMA OLIVA 480 GR;NO PERECIBLE;2026-06-01;2.9561;1;1;6
10237;ACEITUNAS VERDES C/H MADAMA OLIVA 480 GR;NO PERECIBLE;2026-07-01;0;0;0;7
10285;ARANDANO CONGELADOS IQF 1 KG;PERECIBLE;2026-01-01;36.68;2;7;1
10285;ARANDANO CONGELADOS IQF 1 KG;PERECIBLE;2026-02-01;68.12;8;13;2
10285;ARANDANO CONGELADOS IQF 1 KG;PERECIBLE;2026-03-01;78.6;8;15;3
10285;ARANDANO CONGELADOS IQF 1 KG;PERECIBLE;2026-04-01;120.52;11;23;4
10285;ARANDANO CONGELADOS IQF 1 KG;PERECIBLE;2026-05-01;83.84;9;16;5
10285;ARANDANO CONGELADOS IQF 1 KG;PERECIBLE;2026-06-01;41.92;5;8;6
10285;ARANDANO CONGELADOS IQF 1 KG;PERECIBLE;2026-07-01;20.96;4;4;7
10287;FRAMBUESA CONGELADOS IQF 1 KG;PERECIBLE;2026-01-01;62.55;3;9;1
10287;FRAMBUESA CONGELADOS IQF 1 KG;PERECIBLE;2026-02-01;104.25;4;15;2
10287;FRAMBUESA CONGELADOS IQF 1 KG;PERECIBLE;2026-03-01;55.6;2;8;3
10287;FRAMBUESA CONGELADOS IQF 1 KG;PERECIBLE;2026-04-01;152.9;7;22;4
10287;FRAMBUESA CONGELADOS IQF 1 KG;PERECIBLE;2026-05-01;111.2;5;16;5
10287;FRAMBUESA CONGELADOS IQF 1 KG;PERECIBLE;2026-06-01;13.9;1;2;6
10287;FRAMBUESA CONGELADOS IQF 1 KG;PERECIBLE;2026-07-01;0;0;0;7
10288;FRUTILLA CONGELADOS IQF 1 KG;PERECIBLE;2026-01-01;148.5;8;55;1
10288;FRUTILLA CONGELADOS IQF 1 KG;PERECIBLE;2026-02-01;124.2;6;46;2
10288;FRUTILLA CONGELADOS IQF 1 KG;PERECIBLE;2026-03-01;51.3;4;19;3
10288;FRUTILLA CONGELADOS IQF 1 KG;PERECIBLE;2026-04-01;105.3;9;39;4
10288;FRUTILLA CONGELADOS IQF 1 KG;PERECIBLE;2026-05-01;237.6;12;88;5
10288;FRUTILLA CONGELADOS IQF 1 KG;PERECIBLE;2026-06-01;43.2;3;16;6
10288;FRUTILLA CONGELADOS IQF 1 KG;PERECIBLE;2026-07-01;5.4;1;2;7
10293;POLLO HIGADO PRONACA (1.1 - 1.4 KG);PERECIBLE;2026-01-01;38.808;18;33;1
10293;POLLO HIGADO PRONACA (1.1 - 1.4 KG);PERECIBLE;2026-02-01;25.872;18;22;2
10293;POLLO HIGADO PRONACA (1.1 - 1.4 KG);PERECIBLE;2026-03-01;16.464;11;14;3
10293;POLLO HIGADO PRONACA (1.1 - 1.4 KG);PERECIBLE;2026-04-01;34.104;17;29;4
10293;POLLO HIGADO PRONACA (1.1 - 1.4 KG);PERECIBLE;2026-05-01;12.936;9;11;5
10293;POLLO HIGADO PRONACA (1.1 - 1.4 KG);PERECIBLE;2026-06-01;36.456;17;31;6
10293;POLLO HIGADO PRONACA (1.1 - 1.4 KG);PERECIBLE;2026-07-01;31.752;17;27;7
10294;POLLO PECHUGA FILETE PRONACA (2.4 - 2.7 KG);PERECIBLE;2026-01-01;62.046;1;3;1
10294;POLLO PECHUGA FILETE PRONACA (2.4 - 2.7 KG);PERECIBLE;2026-02-01;0;0;0;2
10294;POLLO PECHUGA FILETE PRONACA (2.4 - 2.7 KG);PERECIBLE;2026-03-01;0;0;0;3
10294;POLLO PECHUGA FILETE PRONACA (2.4 - 2.7 KG);PERECIBLE;2026-04-01;0;0;0;4
10294;POLLO PECHUGA FILETE PRONACA (2.4 - 2.7 KG);PERECIBLE;2026-05-01;0;0;0;5
10294;POLLO PECHUGA FILETE PRONACA (2.4 - 2.7 KG);PERECIBLE;2026-06-01;0;0;0;6
10294;POLLO PECHUGA FILETE PRONACA (2.4 - 2.7 KG);PERECIBLE;2026-07-01;0;0;0;7
10297;GELATINERO SIN TAPA 100 ML X 50 UND;NO PERECIBLE;2026-01-01;1097.16138144;178;864;1
10297;GELATINERO SIN TAPA 100 ML X 50 UND;NO PERECIBLE;2026-02-01;1100.97096957;163;867;2
10297;GELATINERO SIN TAPA 100 ML X 50 UND;NO PERECIBLE;2026-03-01;1247.00518122;209;982;3
10297;GELATINERO SIN TAPA 100 ML X 50 UND;NO PERECIBLE;2026-04-01;1257.1640829;197;990;4
10297;GELATINERO SIN TAPA 100 ML X 50 UND;NO PERECIBLE;2026-05-01;1141.60657629;194;899;5
10297;GELATINERO SIN TAPA 100 ML X 50 UND;NO PERECIBLE;2026-06-01;1285.10106252;200;1012;6
10297;GELATINERO SIN TAPA 100 ML X 50 UND;NO PERECIBLE;2026-07-01;1212.71888805;193;955;7
10298;JAMON DE POLLO PARA SANDUCHE T2 JURIS 200 GR;PERECIBLE;2026-01-01;47.5;6;19;1
10298;JAMON DE POLLO PARA SANDUCHE T2 JURIS 200 GR;PERECIBLE;2026-02-01;17.5;3;7;2
10298;JAMON DE POLLO PARA SANDUCHE T2 JURIS 200 GR;PERECIBLE;2026-03-01;37.5;5;15;3
10298;JAMON DE POLLO PARA SANDUCHE T2 JURIS 200 GR;PERECIBLE;2026-04-01;52.5;7;21;4
10298;JAMON DE POLLO PARA SANDUCHE T2 JURIS 200 GR;PERECIBLE;2026-05-01;50;4;20;5
10298;JAMON DE POLLO PARA SANDUCHE T2 JURIS 200 GR;PERECIBLE;2026-06-01;85;7;34;6
10298;JAMON DE POLLO PARA SANDUCHE T2 JURIS 200 GR;PERECIBLE;2026-07-01;12.5;4;5;7
10302;CHOCLITO TROCITOS BABY CORN SNOB LATA 810 GR;NO PERECIBLE;2026-01-01;0;0;0;1
10302;CHOCLITO TROCITOS BABY CORN SNOB LATA 810 GR;NO PERECIBLE;2026-02-01;0;0;0;2
10302;CHOCLITO TROCITOS BABY CORN SNOB LATA 810 GR;NO PERECIBLE;2026-03-01;0;0;0;3
10302;CHOCLITO TROCITOS BABY CORN SNOB LATA 810 GR;NO PERECIBLE;2026-04-01;0;0;0;4
10302;CHOCLITO TROCITOS BABY CORN SNOB LATA 810 GR;NO PERECIBLE;2026-05-01;0;0;0;5
10302;CHOCLITO TROCITOS BABY CORN SNOB LATA 810 GR;NO PERECIBLE;2026-06-01;0;0;0;6
10302;CHOCLITO TROCITOS BABY CORN SNOB LATA 810 GR;NO PERECIBLE;2026-07-01;14.6475;5;5;7
10325;MAIZ DULCE CONGELADOS IQF 1 KG;PERECIBLE;2026-01-01;1227.52;195;448;1
10325;MAIZ DULCE CONGELADOS IQF 1 KG;PERECIBLE;2026-02-01;1668.66;211;609;2
10325;MAIZ DULCE CONGELADOS IQF 1 KG;PERECIBLE;2026-03-01;1687.84;218;616;3
10325;MAIZ DULCE CONGELADOS IQF 1 KG;PERECIBLE;2026-04-01;1633.04;205;596;4
10325;MAIZ DULCE CONGELADOS IQF 1 KG;PERECIBLE;2026-05-01;1605.64;226;586;5
10325;MAIZ DULCE CONGELADOS IQF 1 KG;PERECIBLE;2026-06-01;1778.26;243;649;6
10325;MAIZ DULCE CONGELADOS IQF 1 KG;PERECIBLE;2026-07-01;1597.42;224;583;7
10327;BROCOLI CONGELADOS IQF 1 KG;PERECIBLE;2026-01-01;2.4;2;5;1
10327;BROCOLI CONGELADOS IQF 1 KG;PERECIBLE;2026-02-01;0;0;0;2
10327;BROCOLI CONGELADOS IQF 1 KG;PERECIBLE;2026-03-01;0;0;0;3
10327;BROCOLI CONGELADOS IQF 1 KG;PERECIBLE;2026-04-01;4.32;1;9;4
10327;BROCOLI CONGELADOS IQF 1 KG;PERECIBLE;2026-05-01;0;0;0;5
10327;BROCOLI CONGELADOS IQF 1 KG;PERECIBLE;2026-06-01;0;0;0;6
10327;BROCOLI CONGELADOS IQF 1 KG;PERECIBLE;2026-07-01;5.76;2;12;7
10328;ENSALADA RUSA CONGELADOS IQF 1 KG;PERECIBLE;2026-01-01;0;0;0;1
10328;ENSALADA RUSA CONGELADOS IQF 1 KG;PERECIBLE;2026-02-01;0;0;0;2
10328;ENSALADA RUSA CONGELADOS IQF 1 KG;PERECIBLE;2026-03-01;0;0;0;3
10328;ENSALADA RUSA CONGELADOS IQF 1 KG;PERECIBLE;2026-04-01;0;0;0;4
10328;ENSALADA RUSA CONGELADOS IQF 1 KG;PERECIBLE;2026-05-01;0;0;0;5
10328;ENSALADA RUSA CONGELADOS IQF 1 KG;PERECIBLE;2026-06-01;0;0;0;6
10328;ENSALADA RUSA CONGELADOS IQF 1 KG;PERECIBLE;2026-07-01;8.88;3;4;7
10329;MIX VEGETALES CONGELADOS IQF 1 KG;PERECIBLE;2026-01-01;0;0;0;1
10329;MIX VEGETALES CONGELADOS IQF 1 KG;PERECIBLE;2026-02-01;0;0;0;2
10329;MIX VEGETALES CONGELADOS IQF 1 KG;PERECIBLE;2026-03-01;0;0;0;3
10329;MIX VEGETALES CONGELADOS IQF 1 KG;PERECIBLE;2026-04-01;0;0;0;4
10329;MIX VEGETALES CONGELADOS IQF 1 KG;PERECIBLE;2026-05-01;0;0;0;5
10329;MIX VEGETALES CONGELADOS IQF 1 KG;PERECIBLE;2026-06-01;0;0;0;6
10329;MIX VEGETALES CONGELADOS IQF 1 KG;PERECIBLE;2026-07-01;14.58;3;6;7
10332;SALAMI DE AJO C90 REBANADO CASA GUILLO 300 GR;PERECIBLE;2026-01-01;59.8;10;26;1
10332;SALAMI DE AJO C90 REBANADO CASA GUILLO 300 GR;PERECIBLE;2026-02-01;2.3;1;1;2
10332;SALAMI DE AJO C90 REBANADO CASA GUILLO 300 GR;PERECIBLE;2026-03-01;55.2;7;24;3
10332;SALAMI DE AJO C90 REBANADO CASA GUILLO 300 GR;PERECIBLE;2026-04-01;50.6;8;22;4
10332;SALAMI DE AJO C90 REBANADO CASA GUILLO 300 GR;PERECIBLE;2026-05-01;75.9;6;33;5
10332;SALAMI DE AJO C90 REBANADO CASA GUILLO 300 GR;PERECIBLE;2026-06-01;41.4;6;18;6
10332;SALAMI DE AJO C90 REBANADO CASA GUILLO 300 GR;PERECIBLE;2026-07-01;69;5;30;7
10345;LAVAVAJILLA CREMA SANSON LIMON 450 GR;NO PERECIBLE;2026-01-01;221.1999;83;257;1
10345;LAVAVAJILLA CREMA SANSON LIMON 450 GR;NO PERECIBLE;2026-02-01;209.1501;76;243;2
10345;LAVAVAJILLA CREMA SANSON LIMON 450 GR;NO PERECIBLE;2026-03-01;234.1104;83;272;3
10345;LAVAVAJILLA CREMA SANSON LIMON 450 GR;NO PERECIBLE;2026-04-01;241.8567;82;281;4
10345;LAVAVAJILLA CREMA SANSON LIMON 450 GR;NO PERECIBLE;2026-05-01;216.8964;79;252;5
10345;LAVAVAJILLA CREMA SANSON LIMON 450 GR;NO PERECIBLE;2026-06-01;205.7073;76;239;6
10345;LAVAVAJILLA CREMA SANSON LIMON 450 GR;NO PERECIBLE;2026-07-01;216.0357;80;251;7
10418;CHAMPIÑON ENTERO FRESCO 220 GR;FRUVER;2026-01-01;0;0;0;1
10418;CHAMPIÑON ENTERO FRESCO 220 GR;FRUVER;2026-02-01;0;0;0;2
10418;CHAMPIÑON ENTERO FRESCO 220 GR;FRUVER;2026-03-01;1.56;1;1;3
10418;CHAMPIÑON ENTERO FRESCO 220 GR;FRUVER;2026-04-01;0;0;0;4
10418;CHAMPIÑON ENTERO FRESCO 220 GR;FRUVER;2026-05-01;0;0;0;5
10418;CHAMPIÑON ENTERO FRESCO 220 GR;FRUVER;2026-06-01;0;0;0;6
10418;CHAMPIÑON ENTERO FRESCO 220 GR;FRUVER;2026-07-01;0;0;0;7
10419;POWERADE MORA AZUL PET 600 ML;NO PERECIBLE;2026-01-01;1102.644;37;2248;1
10419;POWERADE MORA AZUL PET 600 ML;NO PERECIBLE;2026-02-01;688.662;31;1404;2
10419;POWERADE MORA AZUL PET 600 ML;NO PERECIBLE;2026-03-01;811.287;36;1654;3
10419;POWERADE MORA AZUL PET 600 ML;NO PERECIBLE;2026-04-01;795.1005;41;1621;4
10419;POWERADE MORA AZUL PET 600 ML;NO PERECIBLE;2026-05-01;1243.4175;45;2535;5
10419;POWERADE MORA AZUL PET 600 ML;NO PERECIBLE;2026-06-01;1286.5815;47;2623;6
10419;POWERADE MORA AZUL PET 600 ML;NO PERECIBLE;2026-07-01;879.957;25;1794;7
10420;POWERADE FRUTAS TROPICALES PET 600 ML;NO PERECIBLE;2026-01-01;724.4685;32;1477;1
10420;POWERADE FRUTAS TROPICALES PET 600 ML;NO PERECIBLE;2026-02-01;398.7765;31;813;2
10420;POWERADE FRUTAS TROPICALES PET 600 ML;NO PERECIBLE;2026-03-01;384.0615;29;783;3
10420;POWERADE FRUTAS TROPICALES PET 600 ML;NO PERECIBLE;2026-04-01;497.367;42;1014;4
10420;POWERADE FRUTAS TROPICALES PET 600 ML;NO PERECIBLE;2026-05-01;835.812;41;1704;5
10420;POWERADE FRUTAS TROPICALES PET 600 ML;NO PERECIBLE;2026-06-01;816.6825;42;1665;6
10420;POWERADE FRUTAS TROPICALES PET 600 ML;NO PERECIBLE;2026-07-01;587.1285;33;1197;7
10421;POWERADE MANZANA PET 600 ML;NO PERECIBLE;2026-01-01;1725.0885;36;3517;1
10421;POWERADE MANZANA PET 600 ML;NO PERECIBLE;2026-02-01;1369.476;29;2792;2
10421;POWERADE MANZANA PET 600 ML;NO PERECIBLE;2026-03-01;1191.915;25;2430;3
10421;POWERADE MANZANA PET 600 ML;NO PERECIBLE;2026-04-01;1690.263;34;3446;4
10421;POWERADE MANZANA PET 600 ML;NO PERECIBLE;2026-05-01;1907.064;40;3888;5
10421;POWERADE MANZANA PET 600 ML;NO PERECIBLE;2026-06-01;1224.288;40;2496;6
10421;POWERADE MANZANA PET 600 ML;NO PERECIBLE;2026-07-01;486.576;17;992;7
10424;JABON TOCADOR ALOE ANTIBACTERIAL LA ORIGINAL 110 GR;NO PERECIBLE;2026-01-01;241.684;18;920;1
10424;JABON TOCADOR ALOE ANTIBACTERIAL LA ORIGINAL 110 GR;NO PERECIBLE;2026-02-01;212.2616;14;808;2
10424;JABON TOCADOR ALOE ANTIBACTERIAL LA ORIGINAL 110 GR;NO PERECIBLE;2026-03-01;260.3357;18;991;3
10424;JABON TOCADOR ALOE ANTIBACTERIAL LA ORIGINAL 110 GR;NO PERECIBLE;2026-04-01;214.6259;16;817;4
10424;JABON TOCADOR ALOE ANTIBACTERIAL LA ORIGINAL 110 GR;NO PERECIBLE;2026-05-01;135.2905;13;515;5
10424;JABON TOCADOR ALOE ANTIBACTERIAL LA ORIGINAL 110 GR;NO PERECIBLE;2026-06-01;184.4154;15;702;6
10424;JABON TOCADOR ALOE ANTIBACTERIAL LA ORIGINAL 110 GR;NO PERECIBLE;2026-07-01;15.762;1;60;7
10453;POLLO NUGGETS PP 2.2 KG (100 X22 GR);PERECIBLE;2026-01-01;3337.6;52;224;1
10453;POLLO NUGGETS PP 2.2 KG (100 X22 GR);PERECIBLE;2026-02-01;1564.5;36;105;2
10453;POLLO NUGGETS PP 2.2 KG (100 X22 GR);PERECIBLE;2026-03-01;1773.1;36;119;3
10453;POLLO NUGGETS PP 2.2 KG (100 X22 GR);PERECIBLE;2026-04-01;2249.9;43;151;4
10453;POLLO NUGGETS PP 2.2 KG (100 X22 GR);PERECIBLE;2026-05-01;3784.6;55;254;5
10453;POLLO NUGGETS PP 2.2 KG (100 X22 GR);PERECIBLE;2026-06-01;2458.5;39;165;6
10453;POLLO NUGGETS PP 2.2 KG (100 X22 GR);PERECIBLE;2026-07-01;2160.5;21;145;7
10454;CERDO NUGGETS 2.2 KG (100 X22 GR);PERECIBLE;2026-01-01;0;0;0;1
10454;CERDO NUGGETS 2.2 KG (100 X22 GR);PERECIBLE;2026-02-01;0;0;0;2
10454;CERDO NUGGETS 2.2 KG (100 X22 GR);PERECIBLE;2026-03-01;0;0;0;3
10454;CERDO NUGGETS 2.2 KG (100 X22 GR);PERECIBLE;2026-04-01;0;0;0;4
10454;CERDO NUGGETS 2.2 KG (100 X22 GR);PERECIBLE;2026-05-01;1121;26;76;5
10454;CERDO NUGGETS 2.2 KG (100 X22 GR);PERECIBLE;2026-06-01;0;0;0;6
10454;CERDO NUGGETS 2.2 KG (100 X22 GR);PERECIBLE;2026-07-01;0;0;0;7
10455;MEZCLA POLVO TEGRAL PONQUE CHOCOLATE PURATOS 25 KG;NO PERECIBLE;2026-01-01;64.04;1;1;1
10455;MEZCLA POLVO TEGRAL PONQUE CHOCOLATE PURATOS 25 KG;NO PERECIBLE;2026-02-01;64.04;1;1;2
10455;MEZCLA POLVO TEGRAL PONQUE CHOCOLATE PURATOS 25 KG;NO PERECIBLE;2026-03-01;0;0;0;3
10455;MEZCLA POLVO TEGRAL PONQUE CHOCOLATE PURATOS 25 KG;NO PERECIBLE;2026-04-01;64.04;1;1;4
10455;MEZCLA POLVO TEGRAL PONQUE CHOCOLATE PURATOS 25 KG;NO PERECIBLE;2026-05-01;0;0;0;5
10455;MEZCLA POLVO TEGRAL PONQUE CHOCOLATE PURATOS 25 KG;NO PERECIBLE;2026-06-01;0;0;0;6
10455;MEZCLA POLVO TEGRAL PONQUE CHOCOLATE PURATOS 25 KG;NO PERECIBLE;2026-07-01;64.04;1;1;7
10469;MANDARINA ESPECIAL (125 - 140 GR) UND;FRUVER;2026-01-01;396.4;42;1982;1
10469;MANDARINA ESPECIAL (125 - 140 GR) UND;FRUVER;2026-02-01;509.6;47;2548;2
10469;MANDARINA ESPECIAL (125 - 140 GR) UND;FRUVER;2026-03-01;629.8;58;3149;3
10469;MANDARINA ESPECIAL (125 - 140 GR) UND;FRUVER;2026-04-01;565.6;58;2828;4
10469;MANDARINA ESPECIAL (125 - 140 GR) UND;FRUVER;2026-05-01;665.4;57;3327;5
10469;MANDARINA ESPECIAL (125 - 140 GR) UND;FRUVER;2026-06-01;592.8;59;2964;6
10469;MANDARINA ESPECIAL (125 - 140 GR) UND;FRUVER;2026-07-01;468.8;57;2344;7
10471;YGT SEMIDESCREMADO DURAZNO MIRAFLORES 3.5 KG;PERECIBLE;2026-01-01;156.5597616;16;32;1
10471;YGT SEMIDESCREMADO DURAZNO MIRAFLORES 3.5 KG;PERECIBLE;2026-02-01;171.23723925;19;35;2
10471;YGT SEMIDESCREMADO DURAZNO MIRAFLORES 3.5 KG;PERECIBLE;2026-03-01;185.9147169;20;38;3
10471;YGT SEMIDESCREMADO DURAZNO MIRAFLORES 3.5 KG;PERECIBLE;2026-04-01;171.23723925;18;35;4
10471;YGT SEMIDESCREMADO DURAZNO MIRAFLORES 3.5 KG;PERECIBLE;2026-05-01;146.7747765;16;30;5
10471;YGT SEMIDESCREMADO DURAZNO MIRAFLORES 3.5 KG;PERECIBLE;2026-06-01;190.80720945;19;39;6
10471;YGT SEMIDESCREMADO DURAZNO MIRAFLORES 3.5 KG;PERECIBLE;2026-07-01;190.80720945;20;39;7
10472;YGT SEMIDESCREMADO FRESA MIRAFLORES 3.5 KG;PERECIBLE;2026-01-01;29.355;3;6;1
10472;YGT SEMIDESCREMADO FRESA MIRAFLORES 3.5 KG;PERECIBLE;2026-02-01;14.6775;3;3;2
10472;YGT SEMIDESCREMADO FRESA MIRAFLORES 3.5 KG;PERECIBLE;2026-03-01;39.14;5;8;3
10472;YGT SEMIDESCREMADO FRESA MIRAFLORES 3.5 KG;PERECIBLE;2026-04-01;39.14;7;8;4
10472;YGT SEMIDESCREMADO FRESA MIRAFLORES 3.5 KG;PERECIBLE;2026-05-01;34.2475;6;7;5
10472;YGT SEMIDESCREMADO FRESA MIRAFLORES 3.5 KG;PERECIBLE;2026-06-01;58.71;5;12;6
10472;YGT SEMIDESCREMADO FRESA MIRAFLORES 3.5 KG;PERECIBLE;2026-07-01;44.0325;6;9;7
10473;YGT SEMIDESCREMADO MORA MIRAFLORES 3.5 KG;PERECIBLE;2026-01-01;181.02249778;15;37;1
10473;YGT SEMIDESCREMADO MORA MIRAFLORES 3.5 KG;PERECIBLE;2026-02-01;141.88249826;16;29;2
10473;YGT SEMIDESCREMADO MORA MIRAFLORES 3.5 KG;PERECIBLE;2026-03-01;185.91499772;19;38;3
10473;YGT SEMIDESCREMADO MORA MIRAFLORES 3.5 KG;PERECIBLE;2026-04-01;181.02249778;20;37;4
10473;YGT SEMIDESCREMADO MORA MIRAFLORES 3.5 KG;PERECIBLE;2026-05-01;141.88249826;15;29;5
10473;YGT SEMIDESCREMADO MORA MIRAFLORES 3.5 KG;PERECIBLE;2026-06-01;278.87249658;23;57;6
10473;YGT SEMIDESCREMADO MORA MIRAFLORES 3.5 KG;PERECIBLE;2026-07-01;234.83999712;26;48;7
10474;PULPA DE COCO DELIFROST 940 GR;PERECIBLE;2026-01-01;246.51;27;99;1
10474;PULPA DE COCO DELIFROST 940 GR;PERECIBLE;2026-02-01;306.27;23;123;2
10474;PULPA DE COCO DELIFROST 940 GR;PERECIBLE;2026-03-01;537.84;41;216;3
10474;PULPA DE COCO DELIFROST 940 GR;PERECIBLE;2026-04-01;438.24;33;176;4
10474;PULPA DE COCO DELIFROST 940 GR;PERECIBLE;2026-05-01;495.51;36;199;5
10474;PULPA DE COCO DELIFROST 940 GR;PERECIBLE;2026-06-01;333.66;32;134;6
10474;PULPA DE COCO DELIFROST 940 GR;PERECIBLE;2026-07-01;435.75;37;175;7
10475;PULPA DE BABACO DELIFROST 940 GR;PERECIBLE;2026-01-01;1061.69;85;523;1
10475;PULPA DE BABACO DELIFROST 940 GR;PERECIBLE;2026-02-01;777.49;77;383;2
10475;PULPA DE BABACO DELIFROST 940 GR;PERECIBLE;2026-03-01;1104.32;84;544;3
10475;PULPA DE BABACO DELIFROST 940 GR;PERECIBLE;2026-04-01;736.89;82;363;4
10475;PULPA DE BABACO DELIFROST 940 GR;PERECIBLE;2026-05-01;1081.99;86;533;5
10475;PULPA DE BABACO DELIFROST 940 GR;PERECIBLE;2026-06-01;978.46;88;482;6
10475;PULPA DE BABACO DELIFROST 940 GR;PERECIBLE;2026-07-01;1151.01;87;567;7
10476;PULPA DE DURAZNO DELIFROST 940 GR;PERECIBLE;2026-01-01;160;9;64;1
10476;PULPA DE DURAZNO DELIFROST 940 GR;PERECIBLE;2026-02-01;197.5;9;79;2
10476;PULPA DE DURAZNO DELIFROST 940 GR;PERECIBLE;2026-03-01;182.5;10;73;3
10476;PULPA DE DURAZNO DELIFROST 940 GR;PERECIBLE;2026-04-01;162.5;9;65;4
10476;PULPA DE DURAZNO DELIFROST 940 GR;PERECIBLE;2026-05-01;215;12;86;5
10476;PULPA DE DURAZNO DELIFROST 940 GR;PERECIBLE;2026-06-01;160;9;64;6
10476;PULPA DE DURAZNO DELIFROST 940 GR;PERECIBLE;2026-07-01;167.5;10;67;7
10477;PULPA DE FRUTILLA DELIFROST 940 GR;PERECIBLE;2026-01-01;14138.4;596;8220;1
10477;PULPA DE FRUTILLA DELIFROST 940 GR;PERECIBLE;2026-02-01;13856.32;578;8056;2
10477;PULPA DE FRUTILLA DELIFROST 940 GR;PERECIBLE;2026-03-01;16775.16;670;9753;3
10477;PULPA DE FRUTILLA DELIFROST 940 GR;PERECIBLE;2026-04-01;14724.92;635;8561;4
10477;PULPA DE FRUTILLA DELIFROST 940 GR;PERECIBLE;2026-05-01;18452.16;630;10728;5
10477;PULPA DE FRUTILLA DELIFROST 940 GR;PERECIBLE;2026-06-01;17475.2;632;10160;6
10477;PULPA DE FRUTILLA DELIFROST 940 GR;PERECIBLE;2026-07-01;17531.96;635;10193;7
10478;PULPA DE GUANABANA DELIFROST 940 GR;PERECIBLE;2026-01-01;6001.08;308;2326;1
10478;PULPA DE GUANABANA DELIFROST 940 GR;PERECIBLE;2026-02-01;5709.54;305;2213;2
10478;PULPA DE GUANABANA DELIFROST 940 GR;PERECIBLE;2026-03-01;6960.84;333;2698;3
10478;PULPA DE GUANABANA DELIFROST 940 GR;PERECIBLE;2026-04-01;6837;328;2650;4
10478;PULPA DE GUANABANA DELIFROST 940 GR;PERECIBLE;2026-05-01;7858.68;359;3046;5
10478;PULPA DE GUANABANA DELIFROST 940 GR;PERECIBLE;2026-06-01;7095;346;2750;6
10478;PULPA DE GUANABANA DELIFROST 940 GR;PERECIBLE;2026-07-01;8815.86;352;3417;7
10479;PULPA DE GUAYABA DELIFROST 940 GR;PERECIBLE;2026-01-01;9794.56;613;7652;1
10479;PULPA DE GUAYABA DELIFROST 940 GR;PERECIBLE;2026-02-01;8103.68;561;6331;2
10479;PULPA DE GUAYABA DELIFROST 940 GR;PERECIBLE;2026-03-01;10288.64;665;8038;3
10479;PULPA DE GUAYABA DELIFROST 940 GR;PERECIBLE;2026-04-01;9530.88;622;7446;4
10479;PULPA DE GUAYABA DELIFROST 940 GR;PERECIBLE;2026-05-01;9943.04;631;7768;5
10479;PULPA DE GUAYABA DELIFROST 940 GR;PERECIBLE;2026-06-01;10807.04;595;8443;6
10479;PULPA DE GUAYABA DELIFROST 940 GR;PERECIBLE;2026-07-01;9166.08;588;7161;7
10480;PULPA DE LIMON DELIFROST 940 GR;PERECIBLE;2026-01-01;8064.5735866;519;3841;1
10480;PULPA DE LIMON DELIFROST 940 GR;PERECIBLE;2026-02-01;8089.7688178;504;3853;2
10480;PULPA DE LIMON DELIFROST 940 GR;PERECIBLE;2026-03-01;8303.928283;543;3955;3
10480;PULPA DE LIMON DELIFROST 940 GR;PERECIBLE;2026-04-01;9198.3589906;543;4381;4
10480;PULPA DE LIMON DELIFROST 940 GR;PERECIBLE;2026-05-01;9616.179908;541;4580;5
10480;PULPA DE LIMON DELIFROST 940 GR;PERECIBLE;2026-06-01;10390.9332674;556;4949;6
10480;PULPA DE LIMON DELIFROST 940 GR;PERECIBLE;2026-07-01;8917.0122422;523;4247;7
10481;PULPA DE MANGO DELIFROST 940 GR;PERECIBLE;2026-01-01;5742.56;416;3778;1
10481;PULPA DE MANGO DELIFROST 940 GR;PERECIBLE;2026-02-01;6390.08;404;4204;2
10481;PULPA DE MANGO DELIFROST 940 GR;PERECIBLE;2026-03-01;6066.32;453;3991;3
10481;PULPA DE MANGO DELIFROST 940 GR;PERECIBLE;2026-04-01;6896.24;456;4537;4
10481;PULPA DE MANGO DELIFROST 940 GR;PERECIBLE;2026-05-01;5788.16;436;3808;5
10481;PULPA DE MANGO DELIFROST 940 GR;PERECIBLE;2026-06-01;5882.4;444;3870;6
10481;PULPA DE MANGO DELIFROST 940 GR;PERECIBLE;2026-07-01;5648.32;420;3716;7
10482;PULPA DE MANZANA DELIFROST 940 GR;PERECIBLE;2026-01-01;1843.16;174;1298;1
10482;PULPA DE MANZANA DELIFROST 940 GR;PERECIBLE;2026-02-01;1465.44;163;1032;2
10482;PULPA DE MANZANA DELIFROST 940 GR;PERECIBLE;2026-03-01;2188.22;190;1541;3
10482;PULPA DE MANZANA DELIFROST 940 GR;PERECIBLE;2026-04-01;1562;180;1100;4
10482;PULPA DE MANZANA DELIFROST 940 GR;PERECIBLE;2026-05-01;1689.8;173;1190;5
10482;PULPA DE MANZANA DELIFROST 940 GR;PERECIBLE;2026-06-01;1564.84;161;1102;6
10482;PULPA DE MANZANA DELIFROST 940 GR;PERECIBLE;2026-07-01;1439.88;177;1014;7
10483;PULPA DE MARACUYA DELIFROST 940 GR;PERECIBLE;2026-01-01;14850.45;627;8115;1
10483;PULPA DE MARACUYA DELIFROST 940 GR;PERECIBLE;2026-02-01;12925.29;582;7063;2
10483;PULPA DE MARACUYA DELIFROST 940 GR;PERECIBLE;2026-03-01;16319.94;666;8918;3
10483;PULPA DE MARACUYA DELIFROST 940 GR;PERECIBLE;2026-04-01;15855.12;642;8664;4
10483;PULPA DE MARACUYA DELIFROST 940 GR;PERECIBLE;2026-05-01;17335.59;643;9473;5
10483;PULPA DE MARACUYA DELIFROST 940 GR;PERECIBLE;2026-06-01;16881.75;622;9225;6
10483;PULPA DE MARACUYA DELIFROST 940 GR;PERECIBLE;2026-07-01;17048.28;660;9316;7
10484;PULPA DE MORA DELIFROST 940 GR;PERECIBLE;2026-01-01;11834.76;564;5404;1
10484;PULPA DE MORA DELIFROST 940 GR;PERECIBLE;2026-02-01;12189.54;521;5566;2
10484;PULPA DE MORA DELIFROST 940 GR;PERECIBLE;2026-03-01;13039.26;558;5954;3
10484;PULPA DE MORA DELIFROST 940 GR;PERECIBLE;2026-04-01;13978.77;576;6383;4
10484;PULPA DE MORA DELIFROST 940 GR;PERECIBLE;2026-05-01;13597.71;543;6209;5
10484;PULPA DE MORA DELIFROST 940 GR;PERECIBLE;2026-06-01;13954.68;557;6372;6
10484;PULPA DE MORA DELIFROST 940 GR;PERECIBLE;2026-07-01;12537.75;524;5725;7
10485;PULPA MIX HAWAIANO DELIFROST 940 GR;PERECIBLE;2026-01-01;985.92;73;624;1
10485;PULPA MIX HAWAIANO DELIFROST 940 GR;PERECIBLE;2026-02-01;813.7;64;515;2
10485;PULPA MIX HAWAIANO DELIFROST 940 GR;PERECIBLE;2026-03-01;755.24;66;478;3
10485;PULPA MIX HAWAIANO DELIFROST 940 GR;PERECIBLE;2026-04-01;772.62;65;489;4
10485;PULPA MIX HAWAIANO DELIFROST 940 GR;PERECIBLE;2026-05-01;854.78;64;541;5
10485;PULPA MIX HAWAIANO DELIFROST 940 GR;PERECIBLE;2026-06-01;1041.22;69;659;6
10485;PULPA MIX HAWAIANO DELIFROST 940 GR;PERECIBLE;2026-07-01;620.94;60;393;7
10487;PULPA DE NARANJILLA DELIFROST 940 GR;PERECIBLE;2026-01-01;17192.89;747;12023;1
10487;PULPA DE NARANJILLA DELIFROST 940 GR;PERECIBLE;2026-02-01;14761.89;702;10323;2
10487;PULPA DE NARANJILLA DELIFROST 940 GR;PERECIBLE;2026-03-01;18321.16;793;12812;3
10487;PULPA DE NARANJILLA DELIFROST 940 GR;PERECIBLE;2026-04-01;17134.26;760;11982;4
10487;PULPA DE NARANJILLA DELIFROST 940 GR;PERECIBLE;2026-05-01;18216.77;756;12739;5
10487;PULPA DE NARANJILLA DELIFROST 940 GR;PERECIBLE;2026-06-01;19131.97;763;13379;6
10487;PULPA DE NARANJILLA DELIFROST 940 GR;PERECIBLE;2026-07-01;17025.58;742;11906;7
10488;PULPA DE PAPAYA DELIFROST 940 GR;PERECIBLE;2026-01-01;1406.02;142;847;1
10488;PULPA DE PAPAYA DELIFROST 940 GR;PERECIBLE;2026-02-01;1147.06;127;691;2
10488;PULPA DE PAPAYA DELIFROST 940 GR;PERECIBLE;2026-03-01;1630.12;154;982;3
10488;PULPA DE PAPAYA DELIFROST 940 GR;PERECIBLE;2026-04-01;1276.54;133;769;4
10488;PULPA DE PAPAYA DELIFROST 940 GR;PERECIBLE;2026-05-01;1347.92;131;812;5
10488;PULPA DE PAPAYA DELIFROST 940 GR;PERECIBLE;2026-06-01;1351.24;120;814;6
10488;PULPA DE PAPAYA DELIFROST 940 GR;PERECIBLE;2026-07-01;1404.36;133;846;7
10489;PULPA DE PERA DELIFROST 940 GR;PERECIBLE;2026-01-01;174.96;11;108;1
10489;PULPA DE PERA DELIFROST 940 GR;PERECIBLE;2026-02-01;149.04;9;92;2
10489;PULPA DE PERA DELIFROST 940 GR;PERECIBLE;2026-03-01;202.5;10;125;3
10489;PULPA DE PERA DELIFROST 940 GR;PERECIBLE;2026-04-01;168.48;11;104;4
10489;PULPA DE PERA DELIFROST 940 GR;PERECIBLE;2026-05-01;179.82;11;111;5
10489;PULPA DE PERA DELIFROST 940 GR;PERECIBLE;2026-06-01;218.7;14;135;6
10489;PULPA DE PERA DELIFROST 940 GR;PERECIBLE;2026-07-01;98.82;9;61;7
10492;PULPA DE PIÑA DELIFROST 940 GR;PERECIBLE;2026-01-01;11113.91;564;7459;1
10492;PULPA DE PIÑA DELIFROST 940 GR;PERECIBLE;2026-02-01;11669.68;554;7832;2
10492;PULPA DE PIÑA DELIFROST 940 GR;PERECIBLE;2026-03-01;11930.43;579;8007;3
10492;PULPA DE PIÑA DELIFROST 940 GR;PERECIBLE;2026-04-01;13757.17;592;9233;4
10492;PULPA DE PIÑA DELIFROST 940 GR;PERECIBLE;2026-05-01;10036.64;557;6736;5
10492;PULPA DE PIÑA DELIFROST 940 GR;PERECIBLE;2026-06-01;14304;577;9600;6
10492;PULPA DE PIÑA DELIFROST 940 GR;PERECIBLE;2026-07-01;11385.09;563;7641;7
10493;PULPA DE SANDIA DELIFROST 940 GR;PERECIBLE;2026-01-01;877.04;96;577;1
10493;PULPA DE SANDIA DELIFROST 940 GR;PERECIBLE;2026-02-01;690.08;84;454;2
10493;PULPA DE SANDIA DELIFROST 940 GR;PERECIBLE;2026-03-01;708.32;74;466;3
10493;PULPA DE SANDIA DELIFROST 940 GR;PERECIBLE;2026-04-01;972.8;110;640;4
10493;PULPA DE SANDIA DELIFROST 940 GR;PERECIBLE;2026-05-01;825.36;84;543;5
10493;PULPA DE SANDIA DELIFROST 940 GR;PERECIBLE;2026-06-01;890.72;85;586;6
10493;PULPA DE SANDIA DELIFROST 940 GR;PERECIBLE;2026-07-01;902.88;80;594;7
10494;PULPA DE TAMARINDO DELIFROST 940 GR;PERECIBLE;2026-01-01;5446.8;332;3560;1
10494;PULPA DE TAMARINDO DELIFROST 940 GR;PERECIBLE;2026-02-01;4380.39;296;2863;2
10494;PULPA DE TAMARINDO DELIFROST 940 GR;PERECIBLE;2026-03-01;6217.92;344;4064;3
10494;PULPA DE TAMARINDO DELIFROST 940 GR;PERECIBLE;2026-04-01;5078.07;332;3319;4
10494;PULPA DE TAMARINDO DELIFROST 940 GR;PERECIBLE;2026-05-01;6075.63;328;3971;5
10494;PULPA DE TAMARINDO DELIFROST 940 GR;PERECIBLE;2026-06-01;6470.37;319;4229;6
10494;PULPA DE TAMARINDO DELIFROST 940 GR;PERECIBLE;2026-07-01;6750.36;336;4412;7
10495;PULPA DE TAXO DELIFROST 940 GR;PERECIBLE;2026-01-01;1946.2;171;1315;1
10495;PULPA DE TAXO DELIFROST 940 GR;PERECIBLE;2026-02-01;1949.16;162;1317;2
10495;PULPA DE TAXO DELIFROST 940 GR;PERECIBLE;2026-03-01;2106.04;178;1423;3
10495;PULPA DE TAXO DELIFROST 940 GR;PERECIBLE;2026-04-01;2166.72;171;1464;4
10495;PULPA DE TAXO DELIFROST 940 GR;PERECIBLE;2026-05-01;1746.4;157;1180;5
10495;PULPA DE TAXO DELIFROST 940 GR;PERECIBLE;2026-06-01;2217.04;170;1498;6
10495;PULPA DE TAXO DELIFROST 940 GR;PERECIBLE;2026-07-01;1943.24;162;1313;7
10496;PULPA DE TOMATE DELIFROST 940 GR;PERECIBLE;2026-01-01;13632;578;8520;1
10496;PULPA DE TOMATE DELIFROST 940 GR;PERECIBLE;2026-02-01;12761.6;536;7976;2
10496;PULPA DE TOMATE DELIFROST 940 GR;PERECIBLE;2026-03-01;15665.6;616;9791;3
10496;PULPA DE TOMATE DELIFROST 940 GR;PERECIBLE;2026-04-01;14600;601;9125;4
10496;PULPA DE TOMATE DELIFROST 940 GR;PERECIBLE;2026-05-01;14000;602;8750;5
10496;PULPA DE TOMATE DELIFROST 940 GR;PERECIBLE;2026-06-01;16512;609;10320;6
10496;PULPA DE TOMATE DELIFROST 940 GR;PERECIBLE;2026-07-01;14388.8;590;8993;7
10513;PULPA DE PAPAYA CONGELADO DELIFROST 940 GR EK;PERECIBLE;2026-01-01;0;0;0;1
10513;PULPA DE PAPAYA CONGELADO DELIFROST 940 GR EK;PERECIBLE;2026-02-01;0;0;0;2
10513;PULPA DE PAPAYA CONGELADO DELIFROST 940 GR EK;PERECIBLE;2026-03-01;0;0;0;3
10513;PULPA DE PAPAYA CONGELADO DELIFROST 940 GR EK;PERECIBLE;2026-04-01;0;0;0;4
10513;PULPA DE PAPAYA CONGELADO DELIFROST 940 GR EK;PERECIBLE;2026-05-01;0;0;0;5
10513;PULPA DE PAPAYA CONGELADO DELIFROST 940 GR EK;PERECIBLE;2026-06-01;34.86;6;21;6
10513;PULPA DE PAPAYA CONGELADO DELIFROST 940 GR EK;PERECIBLE;2026-07-01;33.2;5;20;7
10527;JABON TOCADOR BEST ANTIBACTERIAL NATURAL FRESH PACK (3 X90 GR);NO PERECIBLE;2026-01-01;2.894;1;4;1
10527;JABON TOCADOR BEST ANTIBACTERIAL NATURAL FRESH PACK (3 X90 GR);NO PERECIBLE;2026-02-01;0;0;0;2
10527;JABON TOCADOR BEST ANTIBACTERIAL NATURAL FRESH PACK (3 X90 GR);NO PERECIBLE;2026-03-01;0;0;0;3
10527;JABON TOCADOR BEST ANTIBACTERIAL NATURAL FRESH PACK (3 X90 GR);NO PERECIBLE;2026-04-01;0;0;0;4
10527;JABON TOCADOR BEST ANTIBACTERIAL NATURAL FRESH PACK (3 X90 GR);NO PERECIBLE;2026-05-01;0;0;0;5
10527;JABON TOCADOR BEST ANTIBACTERIAL NATURAL FRESH PACK (3 X90 GR);NO PERECIBLE;2026-06-01;0;0;0;6
10527;JABON TOCADOR BEST ANTIBACTERIAL NATURAL FRESH PACK (3 X90 GR);NO PERECIBLE;2026-07-01;0;0;0;7
10529;POLVO HORNEAR LA REPOSTERITA 100 GR;NO PERECIBLE;2026-01-01;661.53999318;316;682;1
10529;POLVO HORNEAR LA REPOSTERITA 100 GR;NO PERECIBLE;2026-02-01;637.28999343;320;657;2
10529;POLVO HORNEAR LA REPOSTERITA 100 GR;NO PERECIBLE;2026-03-01;718.76999259;348;741;3
10529;POLVO HORNEAR LA REPOSTERITA 100 GR;NO PERECIBLE;2026-04-01;580.05999402;291;598;4
10529;POLVO HORNEAR LA REPOSTERITA 100 GR;NO PERECIBLE;2026-05-01;616.91999364;322;636;5
10529;POLVO HORNEAR LA REPOSTERITA 100 GR;NO PERECIBLE;2026-06-01;540.28999443;289;557;6
10529;POLVO HORNEAR LA REPOSTERITA 100 GR;NO PERECIBLE;2026-07-01;645.04999335;303;665;7
10536;RES LOMO FINO EXTRA LIMPIO REFRIGERADO;PERECIBLE;2026-01-01;42.7392;2;2.52;1
10536;RES LOMO FINO EXTRA LIMPIO REFRIGERADO;PERECIBLE;2026-02-01;0;0;0;2
10536;RES LOMO FINO EXTRA LIMPIO REFRIGERADO;PERECIBLE;2026-03-01;0;0;0;3
10536;RES LOMO FINO EXTRA LIMPIO REFRIGERADO;PERECIBLE;2026-04-01;0;0;0;4
10536;RES LOMO FINO EXTRA LIMPIO REFRIGERADO;PERECIBLE;2026-05-01;0;0;0;5
10536;RES LOMO FINO EXTRA LIMPIO REFRIGERADO;PERECIBLE;2026-06-01;0;0;0;6
10536;RES LOMO FINO EXTRA LIMPIO REFRIGERADO;PERECIBLE;2026-07-01;46.8096;2;2.76;7
10555;MANTEQUILLA PRESIDENT 8 GR;PERECIBLE;2026-01-01;7.56;2;56;1
10555;MANTEQUILLA PRESIDENT 8 GR;PERECIBLE;2026-02-01;6.075;1;45;2
10555;MANTEQUILLA PRESIDENT 8 GR;PERECIBLE;2026-03-01;0;0;0;3
10555;MANTEQUILLA PRESIDENT 8 GR;PERECIBLE;2026-04-01;2.025;1;15;4
10555;MANTEQUILLA PRESIDENT 8 GR;PERECIBLE;2026-05-01;0;0;0;5
10555;MANTEQUILLA PRESIDENT 8 GR;PERECIBLE;2026-06-01;0;0;0;6
10555;MANTEQUILLA PRESIDENT 8 GR;PERECIBLE;2026-07-01;0;0;0;7
10578;MARGARINA REGIA TOPPER 450 GR;NO PERECIBLE;2026-01-01;67.0768;30;56;1
10578;MARGARINA REGIA TOPPER 450 GR;NO PERECIBLE;2026-02-01;74.2636;32;62;2
10578;MARGARINA REGIA TOPPER 450 GR;NO PERECIBLE;2026-03-01;83.846;42;70;3
10578;MARGARINA REGIA TOPPER 450 GR;NO PERECIBLE;2026-04-01;73.0658;36;61;4
10578;MARGARINA REGIA TOPPER 450 GR;NO PERECIBLE;2026-05-01;99.4174;36;83;5
10578;MARGARINA REGIA TOPPER 450 GR;NO PERECIBLE;2026-06-01;57.4944;27;48;6
10578;MARGARINA REGIA TOPPER 450 GR;NO PERECIBLE;2026-07-01;97.0218;39;81;7
10579;LECHE CONDENSADA LA LECHERA ABRE FACIL 393 GR;NO PERECIBLE;2026-01-01;74.3204;12;44;1
10579;LECHE CONDENSADA LA LECHERA ABRE FACIL 393 GR;NO PERECIBLE;2026-02-01;103.0351;15;61;2
10579;LECHE CONDENSADA LA LECHERA ABRE FACIL 393 GR;NO PERECIBLE;2026-03-01;118.237;14;70;3
10579;LECHE CONDENSADA LA LECHERA ABRE FACIL 393 GR;NO PERECIBLE;2026-04-01;23.6474;8;14;4
10579;LECHE CONDENSADA LA LECHERA ABRE FACIL 393 GR;NO PERECIBLE;2026-05-01;47.2948;9;28;5
10579;LECHE CONDENSADA LA LECHERA ABRE FACIL 393 GR;NO PERECIBLE;2026-06-01;97.9678;17;58;6
10579;LECHE CONDENSADA LA LECHERA ABRE FACIL 393 GR;NO PERECIBLE;2026-07-01;113.1697;12;67;7
10594;CEREAL MC DOUGAL 20 GR X 6;NO PERECIBLE;2026-01-01;69.02598934;8;49;1
10594;CEREAL MC DOUGAL 20 GR X 6;NO PERECIBLE;2026-02-01;54.93905274;6;39;2
10594;CEREAL MC DOUGAL 20 GR X 6;NO PERECIBLE;2026-03-01;63.3912147;8;45;3
10594;CEREAL MC DOUGAL 20 GR X 6;NO PERECIBLE;2026-04-01;73.25207032;7;52;4
10594;CEREAL MC DOUGAL 20 GR X 6;NO PERECIBLE;2026-05-01;81.70423228;8;58;5
10594;CEREAL MC DOUGAL 20 GR X 6;NO PERECIBLE;2026-06-01;28.1738732;5;20;6
10594;CEREAL MC DOUGAL 20 GR X 6;NO PERECIBLE;2026-07-01;85.93031326;10;61;7
10604;JABON EN BARRA AVENA JOLLY 100 GR;NO PERECIBLE;2026-01-01;155.232;13;352;1
10604;JABON EN BARRA AVENA JOLLY 100 GR;NO PERECIBLE;2026-02-01;159.201;15;361;2
10604;JABON EN BARRA AVENA JOLLY 100 GR;NO PERECIBLE;2026-03-01;288.855;24;655;3
10604;JABON EN BARRA AVENA JOLLY 100 GR;NO PERECIBLE;2026-04-01;233.73;24;530;4
10604;JABON EN BARRA AVENA JOLLY 100 GR;NO PERECIBLE;2026-05-01;167.58;18;380;5
10604;JABON EN BARRA AVENA JOLLY 100 GR;NO PERECIBLE;2026-06-01;332.955;27;755;6
10604;JABON EN BARRA AVENA JOLLY 100 GR;NO PERECIBLE;2026-07-01;516.852;38;1172;7
10621;CHIFLES NATURALES PLATANITOS NATUCHIPS 45 GR;NO PERECIBLE;2026-01-01;179.98490256;10;419;1
10621;CHIFLES NATURALES PLATANITOS NATUCHIPS 45 GR;NO PERECIBLE;2026-02-01;118.55807424;9;276;2
10621;CHIFLES NATURALES PLATANITOS NATUCHIPS 45 GR;NO PERECIBLE;2026-03-01;189.86474208;14;442;3
10621;CHIFLES NATURALES PLATANITOS NATUCHIPS 45 GR;NO PERECIBLE;2026-04-01;192.44209152;14;448;4
10621;CHIFLES NATURALES PLATANITOS NATUCHIPS 45 GR;NO PERECIBLE;2026-05-01;108.67823472;8;253;5
10621;CHIFLES NATURALES PLATANITOS NATUCHIPS 45 GR;NO PERECIBLE;2026-06-01;105.67132704;8;246;6
10621;CHIFLES NATURALES PLATANITOS NATUCHIPS 45 GR;NO PERECIBLE;2026-07-01;40.8080328;5;95;7
10644;CEREAL MUSLI MANZANA KELLOGGS 275 GR;NO PERECIBLE;2026-01-01;26.4366;3;9;1
10644;CEREAL MUSLI MANZANA KELLOGGS 275 GR;NO PERECIBLE;2026-02-01;29.374;3;10;2
10644;CEREAL MUSLI MANZANA KELLOGGS 275 GR;NO PERECIBLE;2026-03-01;49.9358;4;17;3
10644;CEREAL MUSLI MANZANA KELLOGGS 275 GR;NO PERECIBLE;2026-04-01;41.1236;4;14;4
10644;CEREAL MUSLI MANZANA KELLOGGS 275 GR;NO PERECIBLE;2026-05-01;44.061;6;15;5
10644;CEREAL MUSLI MANZANA KELLOGGS 275 GR;NO PERECIBLE;2026-06-01;35.2488;4;12;6
10644;CEREAL MUSLI MANZANA KELLOGGS 275 GR;NO PERECIBLE;2026-07-01;52.8732;7;18;7
10649;DORITOS MEGA QUESO 43 GR;NO PERECIBLE;2026-01-01;123.5;4;260;1
10649;DORITOS MEGA QUESO 43 GR;NO PERECIBLE;2026-02-01;223.25;14;470;2
10649;DORITOS MEGA QUESO 43 GR;NO PERECIBLE;2026-03-01;77.9;6;164;3
10649;DORITOS MEGA QUESO 43 GR;NO PERECIBLE;2026-04-01;193.8;10;408;4
10649;DORITOS MEGA QUESO 43 GR;NO PERECIBLE;2026-05-01;99.275;6;209;5
10649;DORITOS MEGA QUESO 43 GR;NO PERECIBLE;2026-06-01;329.65;11;694;6
10649;DORITOS MEGA QUESO 43 GR;NO PERECIBLE;2026-07-01;119.225;9;251;7
10652;POLLO, ALAS CONGELADO 2 KG;PERECIBLE;2026-01-01;2012.8;65;544;1
10652;POLLO, ALAS CONGELADO 2 KG;PERECIBLE;2026-02-01;1879.6;56;508;2
10652;POLLO, ALAS CONGELADO 2 KG;PERECIBLE;2026-03-01;2234.8;73;604;3
10652;POLLO, ALAS CONGELADO 2 KG;PERECIBLE;2026-04-01;1894.4;47;512;4
10652;POLLO, ALAS CONGELADO 2 KG;PERECIBLE;2026-05-01;281.2;18;76;5
10652;POLLO, ALAS CONGELADO 2 KG;PERECIBLE;2026-06-01;503.2;20;136;6
10652;POLLO, ALAS CONGELADO 2 KG;PERECIBLE;2026-07-01;414.4;13;112;7
10662;SERVILLETA TORK (23.8X13.4)X100;NO PERECIBLE;2026-01-01;343.8;41;573;1
10662;SERVILLETA TORK (23.8X13.4)X100;NO PERECIBLE;2026-02-01;229.8;36;383;2
10662;SERVILLETA TORK (23.8X13.4)X100;NO PERECIBLE;2026-03-01;319.2;40;532;3
10662;SERVILLETA TORK (23.8X13.4)X100;NO PERECIBLE;2026-04-01;478.8;43;798;4
10662;SERVILLETA TORK (23.8X13.4)X100;NO PERECIBLE;2026-05-01;367.2;41;612;5
10662;SERVILLETA TORK (23.8X13.4)X100;NO PERECIBLE;2026-06-01;246.6;37;411;6
10662;SERVILLETA TORK (23.8X13.4)X100;NO PERECIBLE;2026-07-01;370.8;45;618;7
10666;GALLINA DE CAMPO LA ORIGINAL (3.5 - 6.5 KG);PERECIBLE;2026-01-01;2094.69;36;131;1
10666;GALLINA DE CAMPO LA ORIGINAL (3.5 - 6.5 KG);PERECIBLE;2026-02-01;1503.06;39;94;2
10666;GALLINA DE CAMPO LA ORIGINAL (3.5 - 6.5 KG);PERECIBLE;2026-03-01;3501.81;43;219;3
10666;GALLINA DE CAMPO LA ORIGINAL (3.5 - 6.5 KG);PERECIBLE;2026-04-01;2414.49;45;151;4
10666;GALLINA DE CAMPO LA ORIGINAL (3.5 - 6.5 KG);PERECIBLE;2026-05-01;1854.84;42;116;5
10666;GALLINA DE CAMPO LA ORIGINAL (3.5 - 6.5 KG);PERECIBLE;2026-06-01;1966.77;49;123;6
10666;GALLINA DE CAMPO LA ORIGINAL (3.5 - 6.5 KG);PERECIBLE;2026-07-01;1535.04;36;96;7
10667;BAKANELA SABORIZADA LIMON 500 GR;NO PERECIBLE;2026-01-01;125.999262;21;40;1
10667;BAKANELA SABORIZADA LIMON 500 GR;NO PERECIBLE;2026-02-01;192.14887455;25;61;2
10667;BAKANELA SABORIZADA LIMON 500 GR;NO PERECIBLE;2026-03-01;286.64832105;32;91;3
10667;BAKANELA SABORIZADA LIMON 500 GR;NO PERECIBLE;2026-04-01;239.3985978;29;76;4
10667;BAKANELA SABORIZADA LIMON 500 GR;NO PERECIBLE;2026-05-01;204.74880075;22;65;5
10667;BAKANELA SABORIZADA LIMON 500 GR;NO PERECIBLE;2026-06-01;214.1987454;25;68;6
10667;BAKANELA SABORIZADA LIMON 500 GR;NO PERECIBLE;2026-07-01;188.998893;29;60;7
10668;BAKANELA SABORIZADA NARANJA 500 GR;NO PERECIBLE;2026-01-01;135.38698092;19;43;1
10668;BAKANELA SABORIZADA NARANJA 500 GR;NO PERECIBLE;2026-02-01;72.41629212;10;23;2
10668;BAKANELA SABORIZADA NARANJA 500 GR;NO PERECIBLE;2026-03-01;147.98111868;15;47;3
10668;BAKANELA SABORIZADA NARANJA 500 GR;NO PERECIBLE;2026-04-01;78.713361;14;25;4
10668;BAKANELA SABORIZADA NARANJA 500 GR;NO PERECIBLE;2026-05-01;91.30749876;12;29;5
10668;BAKANELA SABORIZADA NARANJA 500 GR;NO PERECIBLE;2026-06-01;37.78241328;8;12;6
10668;BAKANELA SABORIZADA NARANJA 500 GR;NO PERECIBLE;2026-07-01;78.713361;13;25;7
10669;BAKANELA SABORIZADA FRUTOS ROJOS 500 GR;NO PERECIBLE;2026-01-01;327.59966512;47;104;1
10669;BAKANELA SABORIZADA FRUTOS ROJOS 500 GR;NO PERECIBLE;2026-02-01;179.54981646;27;57;2
10669;BAKANELA SABORIZADA FRUTOS ROJOS 500 GR;NO PERECIBLE;2026-03-01;242.54975206;38;77;3
10669;BAKANELA SABORIZADA FRUTOS ROJOS 500 GR;NO PERECIBLE;2026-04-01;233.09976172;30;74;4
10669;BAKANELA SABORIZADA FRUTOS ROJOS 500 GR;NO PERECIBLE;2026-05-01;192.14980358;33;61;5
10669;BAKANELA SABORIZADA FRUTOS ROJOS 500 GR;NO PERECIBLE;2026-06-01;277.19971664;37;88;6
10669;BAKANELA SABORIZADA FRUTOS ROJOS 500 GR;NO PERECIBLE;2026-07-01;204.7497907;38;65;7
10686;JABON EN BARRA MANZANILLA JOLLY 100 GR;NO PERECIBLE;2026-01-01;129.213;16;293;1
10686;JABON EN BARRA MANZANILLA JOLLY 100 GR;NO PERECIBLE;2026-02-01;124.803;14;283;2
10686;JABON EN BARRA MANZANILLA JOLLY 100 GR;NO PERECIBLE;2026-03-01;200.214;21;454;3
10686;JABON EN BARRA MANZANILLA JOLLY 100 GR;NO PERECIBLE;2026-04-01;130.977;21;297;4
10686;JABON EN BARRA MANZANILLA JOLLY 100 GR;NO PERECIBLE;2026-05-01;157.437;18;357;5
10686;JABON EN BARRA MANZANILLA JOLLY 100 GR;NO PERECIBLE;2026-06-01;155.232;20;352;6
10686;JABON EN BARRA MANZANILLA JOLLY 100 GR;NO PERECIBLE;2026-07-01;184.779;21;419;7
10688;CEREAL CORN FLAKES KELLOGGS 410 GR;NO PERECIBLE;2026-01-01;296.97978741;25;69;1
10688;CEREAL CORN FLAKES KELLOGGS 410 GR;NO PERECIBLE;2026-02-01;443.31765367;29;103;2
10688;CEREAL CORN FLAKES KELLOGGS 410 GR;NO PERECIBLE;2026-03-01;322.80411675;34;75;3
10688;CEREAL CORN FLAKES KELLOGGS 410 GR;NO PERECIBLE;2026-04-01;249.63518362;30;58;4
10688;CEREAL CORN FLAKES KELLOGGS 410 GR;NO PERECIBLE;2026-05-01;447.62170856;31;104;5
10688;CEREAL CORN FLAKES KELLOGGS 410 GR;NO PERECIBLE;2026-06-01;185.07436027;19;43;6
10688;CEREAL CORN FLAKES KELLOGGS 410 GR;NO PERECIBLE;2026-07-01;275.45951296;25;64;7
10690;LANGOSTA UND (350GR - 450GR);PERECIBLE;2026-01-01;371.09;6;43;1
10690;LANGOSTA UND (350GR - 450GR);PERECIBLE;2026-02-01;379.72;3;44;2
10690;LANGOSTA UND (350GR - 450GR);PERECIBLE;2026-03-01;224.38;4;26;3
10690;LANGOSTA UND (350GR - 450GR);PERECIBLE;2026-04-01;60.41;1;7;4
10690;LANGOSTA UND (350GR - 450GR);PERECIBLE;2026-05-01;241.64;3;28;5
10690;LANGOSTA UND (350GR - 450GR);PERECIBLE;2026-06-01;362.46;5;42;6
10690;LANGOSTA UND (350GR - 450GR);PERECIBLE;2026-07-01;198.49;5;23;7
10697;PASTA DE TOMATE DOBLE CONCENTRADA 28/30 MAZZA LATA 800GR;NO PERECIBLE;2026-01-01;1506.10378876;254;562;1
10697;PASTA DE TOMATE DOBLE CONCENTRADA 28/30 MAZZA LATA 800GR;NO PERECIBLE;2026-02-01;1618.65958792;264;604;2
10697;PASTA DE TOMATE DOBLE CONCENTRADA 28/30 MAZZA LATA 800GR;NO PERECIBLE;2026-03-01;1752.65458692;279;654;3
10697;PASTA DE TOMATE DOBLE CONCENTRADA 28/30 MAZZA LATA 800GR;NO PERECIBLE;2026-04-01;1709.77618724;268;638;4
10697;PASTA DE TOMATE DOBLE CONCENTRADA 28/30 MAZZA LATA 800GR;NO PERECIBLE;2026-05-01;1779.45358672;281;664;5
10697;PASTA DE TOMATE DOBLE CONCENTRADA 28/30 MAZZA LATA 800GR;NO PERECIBLE;2026-06-01;1886.64958592;297;704;6
10697;PASTA DE TOMATE DOBLE CONCENTRADA 28/30 MAZZA LATA 800GR;NO PERECIBLE;2026-07-01;2031.36418484;307;758;7
10698;ALCAPARRAS EN VINAGRE MAZZA VIDRIO 290 GR;NO PERECIBLE;2026-01-01;27.6549;13;13;1
10698;ALCAPARRAS EN VINAGRE MAZZA VIDRIO 290 GR;NO PERECIBLE;2026-02-01;53.1825;17;25;2
10698;ALCAPARRAS EN VINAGRE MAZZA VIDRIO 290 GR;NO PERECIBLE;2026-03-01;65.9463;19;31;3
10698;ALCAPARRAS EN VINAGRE MAZZA VIDRIO 290 GR;NO PERECIBLE;2026-04-01;70.2009;23;33;4
10698;ALCAPARRAS EN VINAGRE MAZZA VIDRIO 290 GR;NO PERECIBLE;2026-05-01;72.3282;26;34;5
10698;ALCAPARRAS EN VINAGRE MAZZA VIDRIO 290 GR;NO PERECIBLE;2026-06-01;72.3282;28;34;6
10698;ALCAPARRAS EN VINAGRE MAZZA VIDRIO 290 GR;NO PERECIBLE;2026-07-01;91.4739;27;43;7
10699;ALCAPARRAS EN VINAGRE MAZZA VIDRIO 700 GR;NO PERECIBLE;2026-01-01;7.8736;1;2;1
10699;ALCAPARRAS EN VINAGRE MAZZA VIDRIO 700 GR;NO PERECIBLE;2026-02-01;7.8736;1;2;2
10699;ALCAPARRAS EN VINAGRE MAZZA VIDRIO 700 GR;NO PERECIBLE;2026-03-01;7.8736;2;2;3
10699;ALCAPARRAS EN VINAGRE MAZZA VIDRIO 700 GR;NO PERECIBLE;2026-04-01;3.9368;1;1;4
10699;ALCAPARRAS EN VINAGRE MAZZA VIDRIO 700 GR;NO PERECIBLE;2026-05-01;7.8736;2;2;5
10699;ALCAPARRAS EN VINAGRE MAZZA VIDRIO 700 GR;NO PERECIBLE;2026-06-01;7.8736;2;2;6
10699;ALCAPARRAS EN VINAGRE MAZZA VIDRIO 700 GR;NO PERECIBLE;2026-07-01;3.9368;1;1;7
10700;SNACK DE TODITO NATURAL 55 GR;NO PERECIBLE;2026-01-01;33.20321748;4;68;1
10700;SNACK DE TODITO NATURAL 55 GR;NO PERECIBLE;2026-02-01;30.27352182;4;62;2
10700;SNACK DE TODITO NATURAL 55 GR;NO PERECIBLE;2026-03-01;40.03917402;5;82;3
10700;SNACK DE TODITO NATURAL 55 GR;NO PERECIBLE;2026-04-01;16.60160874;2;34;4
10700;SNACK DE TODITO NATURAL 55 GR;NO PERECIBLE;2026-05-01;0;0;0;5
10700;SNACK DE TODITO NATURAL 55 GR;NO PERECIBLE;2026-06-01;73.2423915;1;150;6
10700;SNACK DE TODITO NATURAL 55 GR;NO PERECIBLE;2026-07-01;0;0;0;7
10702;PAPAS RUFFLES CREMA Y CEBOLLA 38 GR;NO PERECIBLE;2026-01-01;0;0;0;1
10702;PAPAS RUFFLES CREMA Y CEBOLLA 38 GR;NO PERECIBLE;2026-02-01;35.409;2;110;2
10702;PAPAS RUFFLES CREMA Y CEBOLLA 38 GR;NO PERECIBLE;2026-03-01;132.6228;6;412;3
10702;PAPAS RUFFLES CREMA Y CEBOLLA 38 GR;NO PERECIBLE;2026-04-01;145.4988;8;452;4
10702;PAPAS RUFFLES CREMA Y CEBOLLA 38 GR;NO PERECIBLE;2026-05-01;72.4275;6;225;5
10702;PAPAS RUFFLES CREMA Y CEBOLLA 38 GR;NO PERECIBLE;2026-06-01;326.0847;16;1013;6
10702;PAPAS RUFFLES CREMA Y CEBOLLA 38 GR;NO PERECIBLE;2026-07-01;265.2456;16;824;7
10706;QUESO PARMESANO RALLADO EL CASERIO 100 GR;PERECIBLE;2026-01-01;971.1;309;747;1
10706;QUESO PARMESANO RALLADO EL CASERIO 100 GR;PERECIBLE;2026-02-01;1101.1;288;847;2
10706;QUESO PARMESANO RALLADO EL CASERIO 100 GR;PERECIBLE;2026-03-01;1136.2;321;874;3
10706;QUESO PARMESANO RALLADO EL CASERIO 100 GR;PERECIBLE;2026-04-01;1176.5;319;905;4
10706;QUESO PARMESANO RALLADO EL CASERIO 100 GR;PERECIBLE;2026-05-01;1279.2;318;984;5
10706;QUESO PARMESANO RALLADO EL CASERIO 100 GR;PERECIBLE;2026-06-01;995.8;323;766;6
10706;QUESO PARMESANO RALLADO EL CASERIO 100 GR;PERECIBLE;2026-07-01;1389.7;354;1069;7
10714;HELADO CHICLE COPA BUGGY 130ML;PERECIBLE;2026-01-01;75.9584;5;224;1
10714;HELADO CHICLE COPA BUGGY 130ML;PERECIBLE;2026-02-01;171.2455;4;505;2
10714;HELADO CHICLE COPA BUGGY 130ML;PERECIBLE;2026-03-01;34.2491;2;101;3
10714;HELADO CHICLE COPA BUGGY 130ML;PERECIBLE;2026-04-01;130.8926;8;386;4
10714;HELADO CHICLE COPA BUGGY 130ML;PERECIBLE;2026-05-01;12.2076;7;36;5
10714;HELADO CHICLE COPA BUGGY 130ML;PERECIBLE;2026-06-01;17.6332;2;52;6
10714;HELADO CHICLE COPA BUGGY 130ML;PERECIBLE;2026-07-01;174.9756;2;516;7
10715;COLIFLOR EMPACADA 1 KG;FRUVER;2026-01-01;0;0;0;1
10715;COLIFLOR EMPACADA 1 KG;FRUVER;2026-02-01;0;0;0;2
10715;COLIFLOR EMPACADA 1 KG;FRUVER;2026-03-01;0.55;1;1;3
10715;COLIFLOR EMPACADA 1 KG;FRUVER;2026-04-01;4.4;1;8;4
10715;COLIFLOR EMPACADA 1 KG;FRUVER;2026-05-01;4.4;1;8;5
10715;COLIFLOR EMPACADA 1 KG;FRUVER;2026-06-01;1.65;1;3;6
10715;COLIFLOR EMPACADA 1 KG;FRUVER;2026-07-01;0;0;0;7
10716;BROCOLI EMPACADO 1 KG;FRUVER;2026-01-01;2.2;4;4;1
10716;BROCOLI EMPACADO 1 KG;FRUVER;2026-02-01;2.2;4;4;2
10716;BROCOLI EMPACADO 1 KG;FRUVER;2026-03-01;2.2;4;4;3
10716;BROCOLI EMPACADO 1 KG;FRUVER;2026-04-01;31.1905;3;56.71;4
10716;BROCOLI EMPACADO 1 KG;FRUVER;2026-05-01;34.1;2;62;5
10716;BROCOLI EMPACADO 1 KG;FRUVER;2026-06-01;0;0;0;6
10716;BROCOLI EMPACADO 1 KG;FRUVER;2026-07-01;0;0;0;7
10719;LECHE CHOCOLATE SIX PACK NUTRI TETRAPACK 200 ML;NO PERECIBLE;2026-01-01;295.904;19;140;1
10719;LECHE CHOCOLATE SIX PACK NUTRI TETRAPACK 200 ML;NO PERECIBLE;2026-02-01;207.1328;15;98;2
10719;LECHE CHOCOLATE SIX PACK NUTRI TETRAPACK 200 ML;NO PERECIBLE;2026-03-01;219.8144;20;104;3
10719;LECHE CHOCOLATE SIX PACK NUTRI TETRAPACK 200 ML;NO PERECIBLE;2026-04-01;378.3344;20;179;4
10719;LECHE CHOCOLATE SIX PACK NUTRI TETRAPACK 200 ML;NO PERECIBLE;2026-05-01;407.9248;21;193;5
10719;LECHE CHOCOLATE SIX PACK NUTRI TETRAPACK 200 ML;NO PERECIBLE;2026-06-01;240.9504;16;114;6
10719;LECHE CHOCOLATE SIX PACK NUTRI TETRAPACK 200 ML;NO PERECIBLE;2026-07-01;67.6352;2;32;7
10723;MIX DE PAPAS NATIVAS P KIWA 28GR;NO PERECIBLE;2026-01-01;0;0;0;1
10723;MIX DE PAPAS NATIVAS P KIWA 28GR;NO PERECIBLE;2026-02-01;0;0;0;2
10723;MIX DE PAPAS NATIVAS P KIWA 28GR;NO PERECIBLE;2026-03-01;0;0;0;3
10723;MIX DE PAPAS NATIVAS P KIWA 28GR;NO PERECIBLE;2026-04-01;0;0;0;4
10723;MIX DE PAPAS NATIVAS P KIWA 28GR;NO PERECIBLE;2026-05-01;0.88;1;2;5
10723;MIX DE PAPAS NATIVAS P KIWA 28GR;NO PERECIBLE;2026-06-01;0;0;0;6
10723;MIX DE PAPAS NATIVAS P KIWA 28GR;NO PERECIBLE;2026-07-01;0;0;0;7
10724;TORTILLA CHIPS SAL PEQUEÑA KIWA 40GR;NO PERECIBLE;2026-01-01;805.35;31;1365;1
10724;TORTILLA CHIPS SAL PEQUEÑA KIWA 40GR;NO PERECIBLE;2026-02-01;336.3;16;570;2
10724;TORTILLA CHIPS SAL PEQUEÑA KIWA 40GR;NO PERECIBLE;2026-03-01;398.25;18;675;3
10724;TORTILLA CHIPS SAL PEQUEÑA KIWA 40GR;NO PERECIBLE;2026-04-01;575.25;30;975;4
10724;TORTILLA CHIPS SAL PEQUEÑA KIWA 40GR;NO PERECIBLE;2026-05-01;702.1;32;1190;5
10724;TORTILLA CHIPS SAL PEQUEÑA KIWA 40GR;NO PERECIBLE;2026-06-01;646.05;26;1095;6
10724;TORTILLA CHIPS SAL PEQUEÑA KIWA 40GR;NO PERECIBLE;2026-07-01;442.5;19;750;7
10725;TORTILLA SPICY BBQ PEQUEÑA KIWA 40GR;NO PERECIBLE;2026-01-01;902.7;33;1530;1
10725;TORTILLA SPICY BBQ PEQUEÑA KIWA 40GR;NO PERECIBLE;2026-02-01;327.45;11;555;2
10725;TORTILLA SPICY BBQ PEQUEÑA KIWA 40GR;NO PERECIBLE;2026-03-01;327.45;10;555;3
10725;TORTILLA SPICY BBQ PEQUEÑA KIWA 40GR;NO PERECIBLE;2026-04-01;469.05;22;795;4
10725;TORTILLA SPICY BBQ PEQUEÑA KIWA 40GR;NO PERECIBLE;2026-05-01;451.35;24;765;5
10725;TORTILLA SPICY BBQ PEQUEÑA KIWA 40GR;NO PERECIBLE;2026-06-01;460.2;21;780;6
10725;TORTILLA SPICY BBQ PEQUEÑA KIWA 40GR;NO PERECIBLE;2026-07-01;265.5;11;450;7
10726;TORTILLA CHILLI LIME PEQUEÑA KIWA 40GR;NO PERECIBLE;2026-01-01;1938.15;48;3285;1
10726;TORTILLA CHILLI LIME PEQUEÑA KIWA 40GR;NO PERECIBLE;2026-02-01;1159.35;29;1965;2
10726;TORTILLA CHILLI LIME PEQUEÑA KIWA 40GR;NO PERECIBLE;2026-03-01;1150.5;30;1950;3
10726;TORTILLA CHILLI LIME PEQUEÑA KIWA 40GR;NO PERECIBLE;2026-04-01;1469.1;46;2490;4
10726;TORTILLA CHILLI LIME PEQUEÑA KIWA 40GR;NO PERECIBLE;2026-05-01;1689.17;53;2863;5
10726;TORTILLA CHILLI LIME PEQUEÑA KIWA 40GR;NO PERECIBLE;2026-06-01;991.2;36;1680;6
10726;TORTILLA CHILLI LIME PEQUEÑA KIWA 40GR;NO PERECIBLE;2026-07-01;575.25;17;975;7
10730;COLA FANTA HARMONY 500 ML;NO PERECIBLE;2026-01-01;334.5777;20;801;1
10730;COLA FANTA HARMONY 500 ML;NO PERECIBLE;2026-02-01;296.567;22;710;2
10730;COLA FANTA HARMONY 500 ML;NO PERECIBLE;2026-03-01;288.6307;20;691;3
10730;COLA FANTA HARMONY 500 ML;NO PERECIBLE;2026-04-01;261.0625;14;625;4
10730;COLA FANTA HARMONY 500 ML;NO PERECIBLE;2026-05-01;213.4447;16;511;5
10730;COLA FANTA HARMONY 500 ML;NO PERECIBLE;2026-06-01;213.8624;15;512;6
10730;COLA FANTA HARMONY 500 ML;NO PERECIBLE;2026-07-01;225.1403;15;539;7
10735;VASO DURO TIPO DOMO SIN TAPA 350GR X 25 UND;NO PERECIBLE;2026-01-01;0;0;0;1
10735;VASO DURO TIPO DOMO SIN TAPA 350GR X 25 UND;NO PERECIBLE;2026-02-01;0;0;0;2
10735;VASO DURO TIPO DOMO SIN TAPA 350GR X 25 UND;NO PERECIBLE;2026-03-01;0;0;0;3
10735;VASO DURO TIPO DOMO SIN TAPA 350GR X 25 UND;NO PERECIBLE;2026-04-01;0;0;0;4
10735;VASO DURO TIPO DOMO SIN TAPA 350GR X 25 UND;NO PERECIBLE;2026-05-01;3.0022824;1;2;5
10735;VASO DURO TIPO DOMO SIN TAPA 350GR X 25 UND;NO PERECIBLE;2026-06-01;0;0;0;6
10735;VASO DURO TIPO DOMO SIN TAPA 350GR X 25 UND;NO PERECIBLE;2026-07-01;0;0;0;7
10736;TAPA DOMO PARA VASO DURO 350GR X50 UND;NO PERECIBLE;2026-01-01;0;0;0;1
10736;TAPA DOMO PARA VASO DURO 350GR X50 UND;NO PERECIBLE;2026-02-01;0;0;0;2
10736;TAPA DOMO PARA VASO DURO 350GR X50 UND;NO PERECIBLE;2026-03-01;0;0;0;3
10736;TAPA DOMO PARA VASO DURO 350GR X50 UND;NO PERECIBLE;2026-04-01;0;0;0;4
10736;TAPA DOMO PARA VASO DURO 350GR X50 UND;NO PERECIBLE;2026-05-01;0;0;0;5
10736;TAPA DOMO PARA VASO DURO 350GR X50 UND;NO PERECIBLE;2026-06-01;2.3256;1;1;6
10736;TAPA DOMO PARA VASO DURO 350GR X50 UND;NO PERECIBLE;2026-07-01;2.3256;1;1;7
10737;VASO DURO SIN TAPA 6 ONZ X50 UND;NO PERECIBLE;2026-01-01;0;0;0;1
10737;VASO DURO SIN TAPA 6 ONZ X50 UND;NO PERECIBLE;2026-02-01;8.61;2;4;2
10737;VASO DURO SIN TAPA 6 ONZ X50 UND;NO PERECIBLE;2026-03-01;4.305;1;2;3
10737;VASO DURO SIN TAPA 6 ONZ X50 UND;NO PERECIBLE;2026-04-01;4.305;1;2;4
10737;VASO DURO SIN TAPA 6 ONZ X50 UND;NO PERECIBLE;2026-05-01;0;0;0;5
10737;VASO DURO SIN TAPA 6 ONZ X50 UND;NO PERECIBLE;2026-06-01;4.305;1;2;6
10737;VASO DURO SIN TAPA 6 ONZ X50 UND;NO PERECIBLE;2026-07-01;2.1525;1;1;7
10738;TAPA DURA PLANA PARA VASO 6 ONZ X100 UND;NO PERECIBLE;2026-01-01;0;0;0;1
10738;TAPA DURA PLANA PARA VASO 6 ONZ X100 UND;NO PERECIBLE;2026-02-01;4.8104;2;2;2
10738;TAPA DURA PLANA PARA VASO 6 ONZ X100 UND;NO PERECIBLE;2026-03-01;2.4052;1;1;3
10738;TAPA DURA PLANA PARA VASO 6 ONZ X100 UND;NO PERECIBLE;2026-04-01;2.4052;1;1;4
10738;TAPA DURA PLANA PARA VASO 6 ONZ X100 UND;NO PERECIBLE;2026-05-01;0;0;0;5
10738;TAPA DURA PLANA PARA VASO 6 ONZ X100 UND;NO PERECIBLE;2026-06-01;2.4052;1;1;6
10738;TAPA DURA PLANA PARA VASO 6 ONZ X100 UND;NO PERECIBLE;2026-07-01;2.4052;1;1;7
10739;UVILLA 420 GR;FRUVER;2026-01-01;712.53;120;377;1
10739;UVILLA 420 GR;FRUVER;2026-02-01;812.7;100;430;2
10739;UVILLA 420 GR;FRUVER;2026-03-01;661.5;119;350;3
10739;UVILLA 420 GR;FRUVER;2026-04-01;508.41;84;269;4
10739;UVILLA 420 GR;FRUVER;2026-05-01;604.8;92;320;5
10739;UVILLA 420 GR;FRUVER;2026-06-01;474.39;84;251;6
10739;UVILLA 420 GR;FRUVER;2026-07-01;489.51;92;259;7
10740;CHOCOLATE CON LECHE EN BARRA KINDER 50 G;NO PERECIBLE;2026-01-01;0;0;0;1
10740;CHOCOLATE CON LECHE EN BARRA KINDER 50 G;NO PERECIBLE;2026-02-01;0;0;0;2
10740;CHOCOLATE CON LECHE EN BARRA KINDER 50 G;NO PERECIBLE;2026-03-01;0;0;0;3
10740;CHOCOLATE CON LECHE EN BARRA KINDER 50 G;NO PERECIBLE;2026-04-01;0;0;0;4
10740;CHOCOLATE CON LECHE EN BARRA KINDER 50 G;NO PERECIBLE;2026-05-01;0;0;0;5
10740;CHOCOLATE CON LECHE EN BARRA KINDER 50 G;NO PERECIBLE;2026-06-01;0;0;0;6
10740;CHOCOLATE CON LECHE EN BARRA KINDER 50 G;NO PERECIBLE;2026-07-01;11.391;1;10;7
10745;COLA PEPSI 3 LT;NO PERECIBLE;2026-01-01;237.595;24;205;1
10745;COLA PEPSI 3 LT;NO PERECIBLE;2026-02-01;455.487;25;393;2
10745;COLA PEPSI 3 LT;NO PERECIBLE;2026-03-01;436.943;28;377;3
10745;COLA PEPSI 3 LT;NO PERECIBLE;2026-04-01;427.671;23;369;4
10745;COLA PEPSI 3 LT;NO PERECIBLE;2026-05-01;452.01;24;390;5
10745;COLA PEPSI 3 LT;NO PERECIBLE;2026-06-01;477.508;28;412;6
10745;COLA PEPSI 3 LT;NO PERECIBLE;2026-07-01;413.763;25;357;7
10750;Z3 MERMELADA DE DURAZNO CHIVERIA 1.35 KG;NO PERECIBLE;2026-01-01;3.78;1;1;1
10750;Z3 MERMELADA DE DURAZNO CHIVERIA 1.35 KG;NO PERECIBLE;2026-02-01;0;0;0;2
10750;Z3 MERMELADA DE DURAZNO CHIVERIA 1.35 KG;NO PERECIBLE;2026-03-01;0;0;0;3
10750;Z3 MERMELADA DE DURAZNO CHIVERIA 1.35 KG;NO PERECIBLE;2026-04-01;7.56;2;2;4
10750;Z3 MERMELADA DE DURAZNO CHIVERIA 1.35 KG;NO PERECIBLE;2026-05-01;3.78;1;1;5
10750;Z3 MERMELADA DE DURAZNO CHIVERIA 1.35 KG;NO PERECIBLE;2026-06-01;15.12;4;4;6
10750;Z3 MERMELADA DE DURAZNO CHIVERIA 1.35 KG;NO PERECIBLE;2026-07-01;26.46;5;7;7
10752;COLA FIORAVANTI FRESA 500 ML;NO PERECIBLE;2026-01-01;88.6662;12;227;1
10752;COLA FIORAVANTI FRESA 500 ML;NO PERECIBLE;2026-02-01;155.8494;17;399;2
10752;COLA FIORAVANTI FRESA 500 ML;NO PERECIBLE;2026-03-01;163.2708;16;418;3
10752;COLA FIORAVANTI FRESA 500 ML;NO PERECIBLE;2026-04-01;246.8592;20;632;4
10752;COLA FIORAVANTI FRESA 500 ML;NO PERECIBLE;2026-05-01;143.7408;17;368;5
10752;COLA FIORAVANTI FRESA 500 ML;NO PERECIBLE;2026-06-01;154.287;22;395;6
10752;COLA FIORAVANTI FRESA 500 ML;NO PERECIBLE;2026-07-01;148.8186;20;381;7
10754;CEREAL ZUCARITAS KELLOGGS 420 GR;NO PERECIBLE;2026-01-01;153.79032055;25;37;1
10754;CEREAL ZUCARITAS KELLOGGS 420 GR;NO PERECIBLE;2026-02-01;216.1377478;30;52;2
10754;CEREAL ZUCARITAS KELLOGGS 420 GR;NO PERECIBLE;2026-03-01;299.2676508;41;72;3
10754;CEREAL ZUCARITAS KELLOGGS 420 GR;NO PERECIBLE;2026-04-01;241.0767187;38;58;4
10754;CEREAL ZUCARITAS KELLOGGS 420 GR;NO PERECIBLE;2026-05-01;216.1377478;32;52;5
10754;CEREAL ZUCARITAS KELLOGGS 420 GR;NO PERECIBLE;2026-06-01;270.17218475;33;65;6
10754;CEREAL ZUCARITAS KELLOGGS 420 GR;NO PERECIBLE;2026-07-01;203.66826235;29;49;7
10755;CHOCOLATE CON MANI MANICHO 100 GR (4 X25 GR);NO PERECIBLE;2026-01-01;156.73316075;6;89;1
10755;CHOCOLATE CON MANI MANICHO 100 GR (4 X25 GR);NO PERECIBLE;2026-02-01;151.4500205;3;86;2
10755;CHOCOLATE CON MANI MANICHO 100 GR (4 X25 GR);NO PERECIBLE;2026-03-01;117.99013225;4;67;3
10755;CHOCOLATE CON MANI MANICHO 100 GR (4 X25 GR);NO PERECIBLE;2026-04-01;331.076789;10;188;4
10755;CHOCOLATE CON MANI MANICHO 100 GR (4 X25 GR);NO PERECIBLE;2026-05-01;114.46803875;13;65;5
10755;CHOCOLATE CON MANI MANICHO 100 GR (4 X25 GR);NO PERECIBLE;2026-06-01;271.2011995;16;154;6
10755;CHOCOLATE CON MANI MANICHO 100 GR (4 X25 GR);NO PERECIBLE;2026-07-01;313.4663215;18;178;7
10764;CHOCOLATE CHIPS DOÑA JANA 500 GR;NO PERECIBLE;2026-01-01;70.84;15;22;1
10764;CHOCOLATE CHIPS DOÑA JANA 500 GR;NO PERECIBLE;2026-02-01;154.56;17;48;2
10764;CHOCOLATE CHIPS DOÑA JANA 500 GR;NO PERECIBLE;2026-03-01;177.1;24;55;3
10764;CHOCOLATE CHIPS DOÑA JANA 500 GR;NO PERECIBLE;2026-04-01;177.1;21;55;4
10764;CHOCOLATE CHIPS DOÑA JANA 500 GR;NO PERECIBLE;2026-05-01;141.68;26;44;5
10764;CHOCOLATE CHIPS DOÑA JANA 500 GR;NO PERECIBLE;2026-06-01;141.68;24;44;6
10764;CHOCOLATE CHIPS DOÑA JANA 500 GR;NO PERECIBLE;2026-07-01;170.66;32;53;7
10765;Z3 VASO CARTULINA P/GRANIZADO 12 OZ X14 UND;NO PERECIBLE;2026-01-01;0.0125;21;125;1
10765;Z3 VASO CARTULINA P/GRANIZADO 12 OZ X14 UND;NO PERECIBLE;2026-02-01;0.0039;9;39;2
10765;Z3 VASO CARTULINA P/GRANIZADO 12 OZ X14 UND;NO PERECIBLE;2026-03-01;0.0052;11;52;3
10765;Z3 VASO CARTULINA P/GRANIZADO 12 OZ X14 UND;NO PERECIBLE;2026-04-01;0.0347;18;347;4
10765;Z3 VASO CARTULINA P/GRANIZADO 12 OZ X14 UND;NO PERECIBLE;2026-05-01;0.0325;22;325;5
10765;Z3 VASO CARTULINA P/GRANIZADO 12 OZ X14 UND;NO PERECIBLE;2026-06-01;0.0173;15;173;6
10765;Z3 VASO CARTULINA P/GRANIZADO 12 OZ X14 UND;NO PERECIBLE;2026-07-01;0.0103;6;103;7
10780;PIMENTON MIX MC CORMICK 1 KG;NO PERECIBLE;2026-01-01;29.44181818;2;2;1
10780;PIMENTON MIX MC CORMICK 1 KG;NO PERECIBLE;2026-02-01;29.44181818;2;2;2
10780;PIMENTON MIX MC CORMICK 1 KG;NO PERECIBLE;2026-03-01;73.60454545;5;5;3
10780;PIMENTON MIX MC CORMICK 1 KG;NO PERECIBLE;2026-04-01;88.32545454;5;6;4
10780;PIMENTON MIX MC CORMICK 1 KG;NO PERECIBLE;2026-05-01;103.04636363;7;7;5
10780;PIMENTON MIX MC CORMICK 1 KG;NO PERECIBLE;2026-06-01;29.44181818;2;2;6
10780;PIMENTON MIX MC CORMICK 1 KG;NO PERECIBLE;2026-07-01;44.16272727;3;3;7
10781;CURRY DOÑA JANA 1 KG;NO PERECIBLE;2026-01-01;181.3;35;37;1
10781;CURRY DOÑA JANA 1 KG;NO PERECIBLE;2026-02-01;112.7;23;23;2
10781;CURRY DOÑA JANA 1 KG;NO PERECIBLE;2026-03-01;220.5;30;45;3
10781;CURRY DOÑA JANA 1 KG;NO PERECIBLE;2026-04-01;147;28;30;4
10781;CURRY DOÑA JANA 1 KG;NO PERECIBLE;2026-05-01;117.6;21;24;5
10781;CURRY DOÑA JANA 1 KG;NO PERECIBLE;2026-06-01;181.3;27;37;6
10781;CURRY DOÑA JANA 1 KG;NO PERECIBLE;2026-07-01;240.1;33;49;7
10782;DV SUMA CIT D5.8 DESINFECTANTE ACIDO 5 LT;NO PERECIBLE;2026-01-01;0;0;0;1
10782;DV SUMA CIT D5.8 DESINFECTANTE ACIDO 5 LT;NO PERECIBLE;2026-02-01;42;2;2;2
10782;DV SUMA CIT D5.8 DESINFECTANTE ACIDO 5 LT;NO PERECIBLE;2026-03-01;0;0;0;3
10782;DV SUMA CIT D5.8 DESINFECTANTE ACIDO 5 LT;NO PERECIBLE;2026-04-01;21;1;1;4
10782;DV SUMA CIT D5.8 DESINFECTANTE ACIDO 5 LT;NO PERECIBLE;2026-05-01;21;1;1;5
10782;DV SUMA CIT D5.8 DESINFECTANTE ACIDO 5 LT;NO PERECIBLE;2026-06-01;0;0;0;6
10782;DV SUMA CIT D5.8 DESINFECTANTE ACIDO 5 LT;NO PERECIBLE;2026-07-01;63;2;3;7
10783;CERDO PANCETA CONGELADO PROCESADO;PERECIBLE;2026-01-01;855.5174166102;23;228.18;1
10783;CERDO PANCETA CONGELADO PROCESADO;PERECIBLE;2026-02-01;710.7940741562;21;189.58;2
10783;CERDO PANCETA CONGELADO PROCESADO;PERECIBLE;2026-03-01;1247.8451511798;28;332.82;3
10783;CERDO PANCETA CONGELADO PROCESADO;PERECIBLE;2026-04-01;934.1404345185;20;249.15;4
10783;CERDO PANCETA CONGELADO PROCESADO;PERECIBLE;2026-05-01;1581.3837145142;28;421.78;5
10783;CERDO PANCETA CONGELADO PROCESADO;PERECIBLE;2026-06-01;1120.2186595442;21;298.78;6
10783;CERDO PANCETA CONGELADO PROCESADO;PERECIBLE;2026-07-01;266.5384045351;12;71.09;7
10784;RES TOP ROUND PULPA NEGRA CONGELADO PROCESADO;PERECIBLE;2026-01-01;5086.7715130815;49;705.21;1
10784;RES TOP ROUND PULPA NEGRA CONGELADO PROCESADO;PERECIBLE;2026-02-01;7871.688932695;50;1091.3;2
10784;RES TOP ROUND PULPA NEGRA CONGELADO PROCESADO;PERECIBLE;2026-03-01;1141.11718973;19;158.2;3
10784;RES TOP ROUND PULPA NEGRA CONGELADO PROCESADO;PERECIBLE;2026-04-01;6457.482635486;50;895.24;4
10784;RES TOP ROUND PULPA NEGRA CONGELADO PROCESADO;PERECIBLE;2026-05-01;9517.6531016235;52;1319.49;5
10784;RES TOP ROUND PULPA NEGRA CONGELADO PROCESADO;PERECIBLE;2026-06-01;8675.231631405;61;1202.7;6
10784;RES TOP ROUND PULPA NEGRA CONGELADO PROCESADO;PERECIBLE;2026-07-01;5405.952522219;44;749.46;7
10791;GALLETA DUCALES TACO 315 GR X 3;NO PERECIBLE;2026-01-01;256.28;13;149;1
10791;GALLETA DUCALES TACO 315 GR X 3;NO PERECIBLE;2026-02-01;82.56;8;48;2
10791;GALLETA DUCALES TACO 315 GR X 3;NO PERECIBLE;2026-03-01;182.32;8;106;3
10791;GALLETA DUCALES TACO 315 GR X 3;NO PERECIBLE;2026-04-01;185.76;13;108;4
10791;GALLETA DUCALES TACO 315 GR X 3;NO PERECIBLE;2026-05-01;369.8;14;215;5
10791;GALLETA DUCALES TACO 315 GR X 3;NO PERECIBLE;2026-06-01;170.28;10;99;6
10791;GALLETA DUCALES TACO 315 GR X 3;NO PERECIBLE;2026-07-01;438.6;15;255;7
10799;ANIS COMUN ILE 1 KG;NO PERECIBLE;2026-01-01;968;62;88;1
10799;ANIS COMUN ILE 1 KG;NO PERECIBLE;2026-02-01;737;54;67;2
10799;ANIS COMUN ILE 1 KG;NO PERECIBLE;2026-03-01;616;48;56;3
10799;ANIS COMUN ILE 1 KG;NO PERECIBLE;2026-04-01;660;42;60;4
10799;ANIS COMUN ILE 1 KG;NO PERECIBLE;2026-05-01;770;56;70;5
10799;ANIS COMUN ILE 1 KG;NO PERECIBLE;2026-06-01;737;55;67;6
10799;ANIS COMUN ILE 1 KG;NO PERECIBLE;2026-07-01;803;57;73;7
10800;PIMIENTA NEGRA SIN SAL MOLIDA ILE 1 KG;NO PERECIBLE;2026-01-01;427.7;40;47;1
10800;PIMIENTA NEGRA SIN SAL MOLIDA ILE 1 KG;NO PERECIBLE;2026-02-01;373.1;36;41;2
10800;PIMIENTA NEGRA SIN SAL MOLIDA ILE 1 KG;NO PERECIBLE;2026-03-01;473.2;45;52;3
10800;PIMIENTA NEGRA SIN SAL MOLIDA ILE 1 KG;NO PERECIBLE;2026-04-01;427.7;40;47;4
10800;PIMIENTA NEGRA SIN SAL MOLIDA ILE 1 KG;NO PERECIBLE;2026-05-01;409.5;40;45;5
10800;PIMIENTA NEGRA SIN SAL MOLIDA ILE 1 KG;NO PERECIBLE;2026-06-01;345.8;33;38;6
10800;PIMIENTA NEGRA SIN SAL MOLIDA ILE 1 KG;NO PERECIBLE;2026-07-01;536.9;52;59;7
10857;ACEITE DE SOYA GUSTADINA 900 ML;NO PERECIBLE;2026-01-01;1449.9;43;537;1
10857;ACEITE DE SOYA GUSTADINA 900 ML;NO PERECIBLE;2026-02-01;1744.2;43;646;2
10857;ACEITE DE SOYA GUSTADINA 900 ML;NO PERECIBLE;2026-03-01;2119.5;49;785;3
10857;ACEITE DE SOYA GUSTADINA 900 ML;NO PERECIBLE;2026-04-01;1503.9;42;557;4
10857;ACEITE DE SOYA GUSTADINA 900 ML;NO PERECIBLE;2026-05-01;1493.1;38;553;5
10857;ACEITE DE SOYA GUSTADINA 900 ML;NO PERECIBLE;2026-06-01;2143.8;53;794;6
10857;ACEITE DE SOYA GUSTADINA 900 ML;NO PERECIBLE;2026-07-01;1463.4;49;542;7
10859;VASO CON TAPA 2 ONZ X125 UND;NO PERECIBLE;2026-01-01;9.375;3;3;1
10859;VASO CON TAPA 2 ONZ X125 UND;NO PERECIBLE;2026-02-01;15.625;4;5;2
10859;VASO CON TAPA 2 ONZ X125 UND;NO PERECIBLE;2026-03-01;9.375;2;3;3
10859;VASO CON TAPA 2 ONZ X125 UND;NO PERECIBLE;2026-04-01;18.75;5;6;4
10859;VASO CON TAPA 2 ONZ X125 UND;NO PERECIBLE;2026-05-01;15.625;5;5;5
10859;VASO CON TAPA 2 ONZ X125 UND;NO PERECIBLE;2026-06-01;37.5;7;12;6
10859;VASO CON TAPA 2 ONZ X125 UND;NO PERECIBLE;2026-07-01;15.625;3;5;7
10861;CERDO PATA CONGELADO;PERECIBLE;2026-01-01;173.2423532832;15;75.84;1
10861;CERDO PATA CONGELADO;PERECIBLE;2026-02-01;338.07843204;19;148;2
10861;CERDO PATA CONGELADO;PERECIBLE;2026-03-01;428.9484322194;29;187.78;3
10861;CERDO PATA CONGELADO;PERECIBLE;2026-04-01;423.2148047571;27;185.27;4
10861;CERDO PATA CONGELADO;PERECIBLE;2026-05-01;478.8150009453;30;209.61;5
10861;CERDO PATA CONGELADO;PERECIBLE;2026-06-01;216.6671572905;9;94.85;6
10861;CERDO PATA CONGELADO;PERECIBLE;2026-07-01;0;0;0;7
10865;FIORAVANTI MINI FRESA 250 ML;NO PERECIBLE;2026-01-01;17.44;10;80;1
10865;FIORAVANTI MINI FRESA 250 ML;NO PERECIBLE;2026-02-01;6.54;9;30;2
10865;FIORAVANTI MINI FRESA 250 ML;NO PERECIBLE;2026-03-01;0;0;0;3
10865;FIORAVANTI MINI FRESA 250 ML;NO PERECIBLE;2026-04-01;0;0;0;4
10865;FIORAVANTI MINI FRESA 250 ML;NO PERECIBLE;2026-05-01;0;0;0;5
10865;FIORAVANTI MINI FRESA 250 ML;NO PERECIBLE;2026-06-01;0;0;0;6
10865;FIORAVANTI MINI FRESA 250 ML;NO PERECIBLE;2026-07-01;0;0;0;7
10873;CREMA DE AVELLANA CON CACAO BAKELS 3 KG;NO PERECIBLE;2026-01-01;22.04;1;1;1
10873;CREMA DE AVELLANA CON CACAO BAKELS 3 KG;NO PERECIBLE;2026-02-01;0;0;0;2
10873;CREMA DE AVELLANA CON CACAO BAKELS 3 KG;NO PERECIBLE;2026-03-01;22.04;1;1;3
10873;CREMA DE AVELLANA CON CACAO BAKELS 3 KG;NO PERECIBLE;2026-04-01;22.04;1;1;4
10873;CREMA DE AVELLANA CON CACAO BAKELS 3 KG;NO PERECIBLE;2026-05-01;0;0;0;5
10873;CREMA DE AVELLANA CON CACAO BAKELS 3 KG;NO PERECIBLE;2026-06-01;0;0;0;6
10873;CREMA DE AVELLANA CON CACAO BAKELS 3 KG;NO PERECIBLE;2026-07-01;22.04;1;1;7
10879;FIDEO CODO RAYADO SANTORINO 400 GR;NO PERECIBLE;2026-01-01;0;0;0;1
10879;FIDEO CODO RAYADO SANTORINO 400 GR;NO PERECIBLE;2026-02-01;0;0;0;2
10879;FIDEO CODO RAYADO SANTORINO 400 GR;NO PERECIBLE;2026-03-01;11.22;1;22;3
10879;FIDEO CODO RAYADO SANTORINO 400 GR;NO PERECIBLE;2026-04-01;1461.15;252;2865;4
10879;FIDEO CODO RAYADO SANTORINO 400 GR;NO PERECIBLE;2026-05-01;645.15;146;1265;5
10879;FIDEO CODO RAYADO SANTORINO 400 GR;NO PERECIBLE;2026-06-01;55.08;10;108;6
10879;FIDEO CODO RAYADO SANTORINO 400 GR;NO PERECIBLE;2026-07-01;16.32;9;32;7
10880;FIDEO LAZO N.3 CAYAMBE 400 GR;NO PERECIBLE;2026-01-01;741.54;156;1454;1
10880;FIDEO LAZO N.3 CAYAMBE 400 GR;NO PERECIBLE;2026-02-01;766.53;141;1503;2
10880;FIDEO LAZO N.3 CAYAMBE 400 GR;NO PERECIBLE;2026-03-01;715.53;163;1403;3
10880;FIDEO LAZO N.3 CAYAMBE 400 GR;NO PERECIBLE;2026-04-01;1000.62;187;1962;4
10880;FIDEO LAZO N.3 CAYAMBE 400 GR;NO PERECIBLE;2026-05-01;730.32;153;1432;5
10880;FIDEO LAZO N.3 CAYAMBE 400 GR;NO PERECIBLE;2026-06-01;94.86;11;186;6
10880;FIDEO LAZO N.3 CAYAMBE 400 GR;NO PERECIBLE;2026-07-01;0;0;0;7
10881;PIÑA PINTONA UND (2.0 - 2.53 KG);FRUVER;2026-01-01;12880.3262;879;10339;1
10881;PIÑA PINTONA UND (2.0 - 2.53 KG);FRUVER;2026-02-01;12097.9638;794;9711;2
10881;PIÑA PINTONA UND (2.0 - 2.53 KG);FRUVER;2026-03-01;14450.0342;912;11599;3
10881;PIÑA PINTONA UND (2.0 - 2.53 KG);FRUVER;2026-04-01;14317.9794;890;11493;4
10881;PIÑA PINTONA UND (2.0 - 2.53 KG);FRUVER;2026-05-01;14899.768;922;11960;5
10881;PIÑA PINTONA UND (2.0 - 2.53 KG);FRUVER;2026-06-01;15861.5256;958;12732;6
10881;PIÑA PINTONA UND (2.0 - 2.53 KG);FRUVER;2026-07-01;15186.302;895;12190;7
10882;BABACO PINTON UND (1.10 - 1.49 KG);FRUVER;2026-01-01;557.2035;68;441;1
10882;BABACO PINTON UND (1.10 - 1.49 KG);FRUVER;2026-02-01;621.642;57;492;2
10882;BABACO PINTON UND (1.10 - 1.49 KG);FRUVER;2026-03-01;643.1215;68;509;3
10882;BABACO PINTON UND (1.10 - 1.49 KG);FRUVER;2026-04-01;644.385;51;510;4
10882;BABACO PINTON UND (1.10 - 1.49 KG);FRUVER;2026-05-01;658.2835;65;521;5
10882;BABACO PINTON UND (1.10 - 1.49 KG);FRUVER;2026-06-01;828.856;60;656;6
10882;BABACO PINTON UND (1.10 - 1.49 KG);FRUVER;2026-07-01;650.7025;62;515;7
10883;MELON MADURO UND (3.46 - 3.92 KG);FRUVER;2026-01-01;13132.3368;614;4036;1
10883;MELON MADURO UND (3.46 - 3.92 KG);FRUVER;2026-02-01;12761.4036;536;3922;2
10883;MELON MADURO UND (3.46 - 3.92 KG);FRUVER;2026-03-01;14801.5362;661;4549;3
10883;MELON MADURO UND (3.46 - 3.92 KG);FRUVER;2026-04-01;12608.475;623;3875;4
10883;MELON MADURO UND (3.46 - 3.92 KG);FRUVER;2026-05-01;11964.2226;630;3677;5
10883;MELON MADURO UND (3.46 - 3.92 KG);FRUVER;2026-06-01;12439.2774;632;3823;6
10883;MELON MADURO UND (3.46 - 3.92 KG);FRUVER;2026-07-01;11746.218;616;3610;7
10884;PAPAYA PINTONA UND (1.98 - 2.38 KG);FRUVER;2026-01-01;7986.212;622;5636;1
10884;PAPAYA PINTONA UND (1.98 - 2.38 KG);FRUVER;2026-02-01;7888.439;586;5567;2
10884;PAPAYA PINTONA UND (1.98 - 2.38 KG);FRUVER;2026-03-01;8550.178;671;6034;3
10884;PAPAYA PINTONA UND (1.98 - 2.38 KG);FRUVER;2026-04-01;8910.096;665;6288;4
10884;PAPAYA PINTONA UND (1.98 - 2.38 KG);FRUVER;2026-05-01;8999.367;641;6351;5
10884;PAPAYA PINTONA UND (1.98 - 2.38 KG);FRUVER;2026-06-01;9695.114;657;6842;6
10884;PAPAYA PINTONA UND (1.98 - 2.38 KG);FRUVER;2026-07-01;9696.531;660;6843;7
10885;SAMBO UND (2.33 - 3.63 KG);FRUVER;2026-01-01;641.68;110;617;1
10885;SAMBO UND (2.33 - 3.63 KG);FRUVER;2026-02-01;445.12;95;428;2
10885;SAMBO UND (2.33 - 3.63 KG);FRUVER;2026-03-01;3780.4;271;3635;3
10885;SAMBO UND (2.33 - 3.63 KG);FRUVER;2026-04-01;476.32;116;458;4
10885;SAMBO UND (2.33 - 3.63 KG);FRUVER;2026-05-01;557.44;113;536;5
10885;SAMBO UND (2.33 - 3.63 KG);FRUVER;2026-06-01;512.72;116;493;6
10885;SAMBO UND (2.33 - 3.63 KG);FRUVER;2026-07-01;548.08;115;527;7
10886;SANDIA PERUANA UND (8.3 - 9.2 KG);FRUVER;2026-01-01;14519.4875;750;3859;1
10886;SANDIA PERUANA UND (8.3 - 9.2 KG);FRUVER;2026-02-01;14681.275;699;3902;2
10886;SANDIA PERUANA UND (8.3 - 9.2 KG);FRUVER;2026-03-01;15964.2875;787;4243;3
10886;SANDIA PERUANA UND (8.3 - 9.2 KG);FRUVER;2026-04-01;15847.65;792;4212;4
10886;SANDIA PERUANA UND (8.3 - 9.2 KG);FRUVER;2026-05-01;16908.675;785;4494;5
10886;SANDIA PERUANA UND (8.3 - 9.2 KG);FRUVER;2026-06-01;16333.0125;797;4341;6
10886;SANDIA PERUANA UND (8.3 - 9.2 KG);FRUVER;2026-07-01;17631.075;770;4686;7
10887;ZAPALLO UND (7.59 - 9.71 KG);FRUVER;2026-01-01;1774.98;157;513;1
10887;ZAPALLO UND (7.59 - 9.71 KG);FRUVER;2026-02-01;1619.28;140;468;2
10887;ZAPALLO UND (7.59 - 9.71 KG);FRUVER;2026-03-01;6781.6;314;1960;3
10887;ZAPALLO UND (7.59 - 9.71 KG);FRUVER;2026-04-01;1595.06;154;461;4
10887;ZAPALLO UND (7.59 - 9.71 KG);FRUVER;2026-05-01;1456.66;157;421;5
10887;ZAPALLO UND (7.59 - 9.71 KG);FRUVER;2026-06-01;2138.28;175;618;6
10887;ZAPALLO UND (7.59 - 9.71 KG);FRUVER;2026-07-01;1653.88;159;478;7
10888;FIDEO TALLARIN 87 CAYAMBE 400 GR;NO PERECIBLE;2026-01-01;3357.97;450;6853;1
10888;FIDEO TALLARIN 87 CAYAMBE 400 GR;NO PERECIBLE;2026-02-01;2627.87;408;5363;2
10888;FIDEO TALLARIN 87 CAYAMBE 400 GR;NO PERECIBLE;2026-03-01;3426.08;497;6992;3
10888;FIDEO TALLARIN 87 CAYAMBE 400 GR;NO PERECIBLE;2026-04-01;3666.67;487;7483;4
10888;FIDEO TALLARIN 87 CAYAMBE 400 GR;NO PERECIBLE;2026-05-01;3677.45;486;7505;5
10888;FIDEO TALLARIN 87 CAYAMBE 400 GR;NO PERECIBLE;2026-06-01;4075.82;513;8318;6
10888;FIDEO TALLARIN 87 CAYAMBE 400 GR;NO PERECIBLE;2026-07-01;4113.06;487;8394;7
10893;CAMARON APANADO TIPO II 2 KG;PERECIBLE;2026-01-01;770.5;18;67;1
10893;CAMARON APANADO TIPO II 2 KG;PERECIBLE;2026-02-01;1299.5;14;113;2
10893;CAMARON APANADO TIPO II 2 KG;PERECIBLE;2026-03-01;1587;21;138;3
10893;CAMARON APANADO TIPO II 2 KG;PERECIBLE;2026-04-01;989;10;86;4
10893;CAMARON APANADO TIPO II 2 KG;PERECIBLE;2026-05-01;172.5;1;15;5
10893;CAMARON APANADO TIPO II 2 KG;PERECIBLE;2026-06-01;0;0;0;6
10893;CAMARON APANADO TIPO II 2 KG;PERECIBLE;2026-07-01;0;0;0;7
10920;PIÑA MADURA;FRUVER;2026-01-01;0;0;0;1
10920;PIÑA MADURA;FRUVER;2026-02-01;0;0;0;2
10920;PIÑA MADURA;FRUVER;2026-03-01;24.916;2;20;3
10920;PIÑA MADURA;FRUVER;2026-04-01;0;0;0;4
10920;PIÑA MADURA;FRUVER;2026-05-01;8.7206;2;7;5
10920;PIÑA MADURA;FRUVER;2026-06-01;0;0;0;6
10920;PIÑA MADURA;FRUVER;2026-07-01;0;0;0;7
10924;POLLO PIERNA/MUSLO CONGELADO PROCESADO X12 PRESAS;PERECIBLE;2026-01-01;0;0;0;1
10924;POLLO PIERNA/MUSLO CONGELADO PROCESADO X12 PRESAS;PERECIBLE;2026-02-01;0;0;0;2
10924;POLLO PIERNA/MUSLO CONGELADO PROCESADO X12 PRESAS;PERECIBLE;2026-03-01;913.58818323;8;409.8;3
10924;POLLO PIERNA/MUSLO CONGELADO PROCESADO X12 PRESAS;PERECIBLE;2026-04-01;83.4892080575;6;37.45;4
10924;POLLO PIERNA/MUSLO CONGELADO PROCESADO X12 PRESAS;PERECIBLE;2026-05-01;90.7568934585;2;40.71;5
10924;POLLO PIERNA/MUSLO CONGELADO PROCESADO X12 PRESAS;PERECIBLE;2026-06-01;8.5830026975;1;3.85;6
10924;POLLO PIERNA/MUSLO CONGELADO PROCESADO X12 PRESAS;PERECIBLE;2026-07-01;8.2263064815;1;3.69;7
10926;LECHE ENTERA VITA TPK PACK (6 X 200 ML);NO PERECIBLE;2026-01-01;25.2;2;14;1
10926;LECHE ENTERA VITA TPK PACK (6 X 200 ML);NO PERECIBLE;2026-02-01;3.6;1;2;2
10926;LECHE ENTERA VITA TPK PACK (6 X 200 ML);NO PERECIBLE;2026-03-01;12.6;2;7;3
10926;LECHE ENTERA VITA TPK PACK (6 X 200 ML);NO PERECIBLE;2026-04-01;0;0;0;4
10926;LECHE ENTERA VITA TPK PACK (6 X 200 ML);NO PERECIBLE;2026-05-01;30.6;3;17;5
10926;LECHE ENTERA VITA TPK PACK (6 X 200 ML);NO PERECIBLE;2026-06-01;25.2;2;14;6
10926;LECHE ENTERA VITA TPK PACK (6 X 200 ML);NO PERECIBLE;2026-07-01;0;0;0;7
10927;LECHE SABORES SURTIDOS VITA TPK PACK (6 X 200 ML FRUTILLA, CHOCOLATE, VAINILLA);NO PERECIBLE;2026-01-01;32.7816;4;12;1
10927;LECHE SABORES SURTIDOS VITA TPK PACK (6 X 200 ML FRUTILLA, CHOCOLATE, VAINILLA);NO PERECIBLE;2026-02-01;240.3984;4;88;2
10927;LECHE SABORES SURTIDOS VITA TPK PACK (6 X 200 ML FRUTILLA, CHOCOLATE, VAINILLA);NO PERECIBLE;2026-03-01;5.4636;1;2;3
10927;LECHE SABORES SURTIDOS VITA TPK PACK (6 X 200 ML FRUTILLA, CHOCOLATE, VAINILLA);NO PERECIBLE;2026-04-01;286.839;2;105;4
10927;LECHE SABORES SURTIDOS VITA TPK PACK (6 X 200 ML FRUTILLA, CHOCOLATE, VAINILLA);NO PERECIBLE;2026-05-01;10.9272;1;4;5
10927;LECHE SABORES SURTIDOS VITA TPK PACK (6 X 200 ML FRUTILLA, CHOCOLATE, VAINILLA);NO PERECIBLE;2026-06-01;158.4444;5;58;6
10927;LECHE SABORES SURTIDOS VITA TPK PACK (6 X 200 ML FRUTILLA, CHOCOLATE, VAINILLA);NO PERECIBLE;2026-07-01;103.8084;4;38;7
10928;CHURROS EN LAZO CONGELADOS IQF AVIKO 1 KG;PERECIBLE;2026-01-01;884;42;221;1
10928;CHURROS EN LAZO CONGELADOS IQF AVIKO 1 KG;PERECIBLE;2026-02-01;512;24;128;2
10928;CHURROS EN LAZO CONGELADOS IQF AVIKO 1 KG;PERECIBLE;2026-03-01;420;27;105;3
10928;CHURROS EN LAZO CONGELADOS IQF AVIKO 1 KG;PERECIBLE;2026-04-01;644;33;161;4
10928;CHURROS EN LAZO CONGELADOS IQF AVIKO 1 KG;PERECIBLE;2026-05-01;896;43;224;5
10928;CHURROS EN LAZO CONGELADOS IQF AVIKO 1 KG;PERECIBLE;2026-06-01;676;25;169;6
10928;CHURROS EN LAZO CONGELADOS IQF AVIKO 1 KG;PERECIBLE;2026-07-01;608;20;152;7
10929;CHURROS EN LAZO CONGELADOS IQF AVIKO CAJA (4X1 KG);PERECIBLE;2026-01-01;45.123975;3;3;1
10929;CHURROS EN LAZO CONGELADOS IQF AVIKO CAJA (4X1 KG);PERECIBLE;2026-02-01;30.08265;2;2;2
10929;CHURROS EN LAZO CONGELADOS IQF AVIKO CAJA (4X1 KG);PERECIBLE;2026-03-01;30.08265;2;2;3
10929;CHURROS EN LAZO CONGELADOS IQF AVIKO CAJA (4X1 KG);PERECIBLE;2026-04-01;75.206625;5;5;4
10929;CHURROS EN LAZO CONGELADOS IQF AVIKO CAJA (4X1 KG);PERECIBLE;2026-05-01;30.08265;2;2;5
10929;CHURROS EN LAZO CONGELADOS IQF AVIKO CAJA (4X1 KG);PERECIBLE;2026-06-01;15.041325;1;1;6
10929;CHURROS EN LAZO CONGELADOS IQF AVIKO CAJA (4X1 KG);PERECIBLE;2026-07-01;0;0;0;7
10930;JUGO LIMONADA ALL NATURAL 625 ML;NO PERECIBLE;2026-01-01;368.64;23;1024;1
10930;JUGO LIMONADA ALL NATURAL 625 ML;NO PERECIBLE;2026-02-01;208.08;18;578;2
10930;JUGO LIMONADA ALL NATURAL 625 ML;NO PERECIBLE;2026-03-01;425.16;18;1181;3
10930;JUGO LIMONADA ALL NATURAL 625 ML;NO PERECIBLE;2026-04-01;72.36;19;201;4
10930;JUGO LIMONADA ALL NATURAL 625 ML;NO PERECIBLE;2026-05-01;232.92;19;647;5
10930;JUGO LIMONADA ALL NATURAL 625 ML;NO PERECIBLE;2026-06-01;192.24;17;534;6
10930;JUGO LIMONADA ALL NATURAL 625 ML;NO PERECIBLE;2026-07-01;346.68;25;963;7
10946;QUESO CREMA PRESIDENT BALDE 4 KILOS;PERECIBLE;2026-01-01;126.4;4;8;1
10946;QUESO CREMA PRESIDENT BALDE 4 KILOS;PERECIBLE;2026-02-01;31.6;1;2;2
10946;QUESO CREMA PRESIDENT BALDE 4 KILOS;PERECIBLE;2026-03-01;0;0;0;3
10946;QUESO CREMA PRESIDENT BALDE 4 KILOS;PERECIBLE;2026-04-01;0;0;0;4
10946;QUESO CREMA PRESIDENT BALDE 4 KILOS;PERECIBLE;2026-05-01;0;0;0;5
10946;QUESO CREMA PRESIDENT BALDE 4 KILOS;PERECIBLE;2026-06-01;0;0;0;6
10946;QUESO CREMA PRESIDENT BALDE 4 KILOS;PERECIBLE;2026-07-01;0;0;0;7
10957;JUGO NARANJADA ALL NATURAL 625 ML;NO PERECIBLE;2026-01-01;322.92;15;897;1
10957;JUGO NARANJADA ALL NATURAL 625 ML;NO PERECIBLE;2026-02-01;160.92;7;447;2
10957;JUGO NARANJADA ALL NATURAL 625 ML;NO PERECIBLE;2026-03-01;262.44;20;729;3
10957;JUGO NARANJADA ALL NATURAL 625 ML;NO PERECIBLE;2026-04-01;405.72;16;1127;4
10957;JUGO NARANJADA ALL NATURAL 625 ML;NO PERECIBLE;2026-05-01;244.08;17;678;5
10957;JUGO NARANJADA ALL NATURAL 625 ML;NO PERECIBLE;2026-06-01;268.92;14;747;6
10957;JUGO NARANJADA ALL NATURAL 625 ML;NO PERECIBLE;2026-07-01;144;14;400;7
10964;GRAGEAS DE COLORES DOÑA JANNA 250 GR;NO PERECIBLE;2026-01-01;134;60;134;1
10964;GRAGEAS DE COLORES DOÑA JANNA 250 GR;NO PERECIBLE;2026-02-01;226;57;226;2
10964;GRAGEAS DE COLORES DOÑA JANNA 250 GR;NO PERECIBLE;2026-03-01;315;66;315;3
10964;GRAGEAS DE COLORES DOÑA JANNA 250 GR;NO PERECIBLE;2026-04-01;246;54;246;4
10964;GRAGEAS DE COLORES DOÑA JANNA 250 GR;NO PERECIBLE;2026-05-01;164;52;164;5
10964;GRAGEAS DE COLORES DOÑA JANNA 250 GR;NO PERECIBLE;2026-06-01;155;50;155;6
10964;GRAGEAS DE COLORES DOÑA JANNA 250 GR;NO PERECIBLE;2026-07-01;174;64;174;7
10969;MOSTAZA DIJON GREY POUPON 227 GR;NO PERECIBLE;2026-01-01;0;0;0;1
10969;MOSTAZA DIJON GREY POUPON 227 GR;NO PERECIBLE;2026-02-01;21.733;3;5;2
10969;MOSTAZA DIJON GREY POUPON 227 GR;NO PERECIBLE;2026-03-01;0;0;0;3
10969;MOSTAZA DIJON GREY POUPON 227 GR;NO PERECIBLE;2026-04-01;0;0;0;4
10969;MOSTAZA DIJON GREY POUPON 227 GR;NO PERECIBLE;2026-05-01;0;0;0;5
10969;MOSTAZA DIJON GREY POUPON 227 GR;NO PERECIBLE;2026-06-01;0;0;0;6
10969;MOSTAZA DIJON GREY POUPON 227 GR;NO PERECIBLE;2026-07-01;0;0;0;7
10983;FUNDA LAMINADA 60 MICRAS 10X9.5 X100;NO PERECIBLE;2026-01-01;0;0;0;1
10983;FUNDA LAMINADA 60 MICRAS 10X9.5 X100;NO PERECIBLE;2026-02-01;0;0;0;2
10983;FUNDA LAMINADA 60 MICRAS 10X9.5 X100;NO PERECIBLE;2026-03-01;0;0;0;3
10983;FUNDA LAMINADA 60 MICRAS 10X9.5 X100;NO PERECIBLE;2026-04-01;0;0;0;4
10983;FUNDA LAMINADA 60 MICRAS 10X9.5 X100;NO PERECIBLE;2026-05-01;0;0;0;5
10983;FUNDA LAMINADA 60 MICRAS 10X9.5 X100;NO PERECIBLE;2026-06-01;5.337;3;3;6
10983;FUNDA LAMINADA 60 MICRAS 10X9.5 X100;NO PERECIBLE;2026-07-01;0;0;0;7
11001;SALCHICHA VIENESA T2 JURIS 500 GR;PERECIBLE;2026-01-01;419.52;21;184;1
11001;SALCHICHA VIENESA T2 JURIS 500 GR;PERECIBLE;2026-02-01;257.64;21;113;2
11001;SALCHICHA VIENESA T2 JURIS 500 GR;PERECIBLE;2026-03-01;330.6;25;145;3
11001;SALCHICHA VIENESA T2 JURIS 500 GR;PERECIBLE;2026-04-01;221.16;20;97;4
11001;SALCHICHA VIENESA T2 JURIS 500 GR;PERECIBLE;2026-05-01;476.52;25;209;5
11001;SALCHICHA VIENESA T2 JURIS 500 GR;PERECIBLE;2026-06-01;205.2;19;90;6
11001;SALCHICHA VIENESA T2 JURIS 500 GR;PERECIBLE;2026-07-01;132.24;16;58;7
11002;MORTADELA TIPO I TRADICIONAL JURIS 500 GR;PERECIBLE;2026-01-01;176.12;15;74;1
11002;MORTADELA TIPO I TRADICIONAL JURIS 500 GR;PERECIBLE;2026-02-01;304.64;16;128;2
11002;MORTADELA TIPO I TRADICIONAL JURIS 500 GR;PERECIBLE;2026-03-01;69.02;10;29;3
11002;MORTADELA TIPO I TRADICIONAL JURIS 500 GR;PERECIBLE;2026-04-01;64.26;11;27;4
11002;MORTADELA TIPO I TRADICIONAL JURIS 500 GR;PERECIBLE;2026-05-01;99.96;11;42;5
11002;MORTADELA TIPO I TRADICIONAL JURIS 500 GR;PERECIBLE;2026-06-01;185.64;12;78;6
11002;MORTADELA TIPO I TRADICIONAL JURIS 500 GR;PERECIBLE;2026-07-01;38.08;8;16;7
11011;GUANTE MEGAFORTEX 4C-HPPE ANTICORTE POLIURETANO N5 TALLA L;NO PERECIBLE;2026-01-01;0;0;0;1
11011;GUANTE MEGAFORTEX 4C-HPPE ANTICORTE POLIURETANO N5 TALLA L;NO PERECIBLE;2026-02-01;5.3;1;1;2
11011;GUANTE MEGAFORTEX 4C-HPPE ANTICORTE POLIURETANO N5 TALLA L;NO PERECIBLE;2026-03-01;0;0;0;3
11011;GUANTE MEGAFORTEX 4C-HPPE ANTICORTE POLIURETANO N5 TALLA L;NO PERECIBLE;2026-04-01;0;0;0;4
11011;GUANTE MEGAFORTEX 4C-HPPE ANTICORTE POLIURETANO N5 TALLA L;NO PERECIBLE;2026-05-01;0;0;0;5
11011;GUANTE MEGAFORTEX 4C-HPPE ANTICORTE POLIURETANO N5 TALLA L;NO PERECIBLE;2026-06-01;0;0;0;6
11011;GUANTE MEGAFORTEX 4C-HPPE ANTICORTE POLIURETANO N5 TALLA L;NO PERECIBLE;2026-07-01;10.6;1;2;7
11013;SALCHICHA PERRO CALIENTE T2 JURIS 1 KG;PERECIBLE;2026-01-01;560.4;28;120;1
11013;SALCHICHA PERRO CALIENTE T2 JURIS 1 KG;PERECIBLE;2026-02-01;345.58;23;74;2
11013;SALCHICHA PERRO CALIENTE T2 JURIS 1 KG;PERECIBLE;2026-03-01;569.74;23;122;3
11013;SALCHICHA PERRO CALIENTE T2 JURIS 1 KG;PERECIBLE;2026-04-01;681.82;29;146;4
11013;SALCHICHA PERRO CALIENTE T2 JURIS 1 KG;PERECIBLE;2026-05-01;709.84;34;152;5
11013;SALCHICHA PERRO CALIENTE T2 JURIS 1 KG;PERECIBLE;2026-06-01;691.16;26;148;6
11013;SALCHICHA PERRO CALIENTE T2 JURIS 1 KG;PERECIBLE;2026-07-01;368.93;24;79;7
11014;SALCHICHA POLLO T1 JURIS 500 GR X20;PERECIBLE;2026-01-01;218.12;21;82;1
11014;SALCHICHA POLLO T1 JURIS 500 GR X20;PERECIBLE;2026-02-01;212.8;21;80;2
11014;SALCHICHA POLLO T1 JURIS 500 GR X20;PERECIBLE;2026-03-01;159.6;21;60;3
11014;SALCHICHA POLLO T1 JURIS 500 GR X20;PERECIBLE;2026-04-01;167.58;20;63;4
11014;SALCHICHA POLLO T1 JURIS 500 GR X20;PERECIBLE;2026-05-01;199.5;18;75;5
11014;SALCHICHA POLLO T1 JURIS 500 GR X20;PERECIBLE;2026-06-01;207.48;23;78;6
11014;SALCHICHA POLLO T1 JURIS 500 GR X20;PERECIBLE;2026-07-01;159.6;21;60;7
11017;CERDO COSTILLAR SAN LUIS CONGELADO PROCESADO;PERECIBLE;2026-01-01;375.587207622;3;45.7;1
11017;CERDO COSTILLAR SAN LUIS CONGELADO PROCESADO;PERECIBLE;2026-02-01;0;0;0;2
11017;CERDO COSTILLAR SAN LUIS CONGELADO PROCESADO;PERECIBLE;2026-03-01;584.5024552752;8;71.12;3
11017;CERDO COSTILLAR SAN LUIS CONGELADO PROCESADO;PERECIBLE;2026-04-01;328.5771676308;5;39.98;4
11017;CERDO COSTILLAR SAN LUIS CONGELADO PROCESADO;PERECIBLE;2026-05-01;339.836565321;4;41.35;5
11017;CERDO COSTILLAR SAN LUIS CONGELADO PROCESADO;PERECIBLE;2026-06-01;38.1340184544;1;4.64;6
11017;CERDO COSTILLAR SAN LUIS CONGELADO PROCESADO;PERECIBLE;2026-07-01;220.0102745742;4;26.77;7
11018;CERDO COSTILLAR BABY BACK CONGELADO PROCESADO;PERECIBLE;2026-01-01;0;0;0;1
11018;CERDO COSTILLAR BABY BACK CONGELADO PROCESADO;PERECIBLE;2026-02-01;0;0;0;2
11018;CERDO COSTILLAR BABY BACK CONGELADO PROCESADO;PERECIBLE;2026-03-01;0;0;0;3
11018;CERDO COSTILLAR BABY BACK CONGELADO PROCESADO;PERECIBLE;2026-04-01;0;0;0;4
11018;CERDO COSTILLAR BABY BACK CONGELADO PROCESADO;PERECIBLE;2026-05-01;343.3922409828;6;41.77;5
11018;CERDO COSTILLAR BABY BACK CONGELADO PROCESADO;PERECIBLE;2026-06-01;158.7480051084;3;19.31;6
11018;CERDO COSTILLAR BABY BACK CONGELADO PROCESADO;PERECIBLE;2026-07-01;200.8396563852;4;24.43;7
11019;SALCHICHA FRANKFUTER T1 CASA GUILLO 22X15 X20 UND 1 KG;PERECIBLE;2026-01-01;383.4;20;71;1
11019;SALCHICHA FRANKFUTER T1 CASA GUILLO 22X15 X20 UND 1 KG;PERECIBLE;2026-02-01;108;8;20;2
11019;SALCHICHA FRANKFUTER T1 CASA GUILLO 22X15 X20 UND 1 KG;PERECIBLE;2026-03-01;113.4;14;21;3
11019;SALCHICHA FRANKFUTER T1 CASA GUILLO 22X15 X20 UND 1 KG;PERECIBLE;2026-04-01;280.8;12;52;4
11019;SALCHICHA FRANKFUTER T1 CASA GUILLO 22X15 X20 UND 1 KG;PERECIBLE;2026-05-01;556.2;26;103;5
11019;SALCHICHA FRANKFUTER T1 CASA GUILLO 22X15 X20 UND 1 KG;PERECIBLE;2026-06-01;658.8;26;122;6
11019;SALCHICHA FRANKFUTER T1 CASA GUILLO 22X15 X20 UND 1 KG;PERECIBLE;2026-07-01;955.8;33;177;7
11021;ENDULZANTE STEVIA SBELA X50;NO PERECIBLE;2026-01-01;662.7144;63;204;1
11021;ENDULZANTE STEVIA SBELA X50;NO PERECIBLE;2026-02-01;958.337;62;295;2
11021;ENDULZANTE STEVIA SBELA X50;NO PERECIBLE;2026-03-01;1201.982;82;370;3
11021;ENDULZANTE STEVIA SBELA X50;NO PERECIBLE;2026-04-01;838.1388;74;258;4
11021;ENDULZANTE STEVIA SBELA X50;NO PERECIBLE;2026-05-01;1208.4792;78;372;5
11021;ENDULZANTE STEVIA SBELA X50;NO PERECIBLE;2026-06-01;1094.7782;74;337;6
11021;ENDULZANTE STEVIA SBELA X50;NO PERECIBLE;2026-07-01;942.094;76;290;7
11023;SALSA DE SOYA SUPERIOR SUPERMAXI 100 ML;NO PERECIBLE;2026-01-01;1709.24;393;2249;1
11023;SALSA DE SOYA SUPERIOR SUPERMAXI 100 ML;NO PERECIBLE;2026-02-01;1111.12;314;1462;2
11023;SALSA DE SOYA SUPERIOR SUPERMAXI 100 ML;NO PERECIBLE;2026-03-01;1712.28;412;2253;3
11023;SALSA DE SOYA SUPERIOR SUPERMAXI 100 ML;NO PERECIBLE;2026-04-01;1409.8;390;1855;4
11023;SALSA DE SOYA SUPERIOR SUPERMAXI 100 ML;NO PERECIBLE;2026-05-01;1521.52;408;2002;5
11023;SALSA DE SOYA SUPERIOR SUPERMAXI 100 ML;NO PERECIBLE;2026-06-01;1592.96;405;2096;6
11023;SALSA DE SOYA SUPERIOR SUPERMAXI 100 ML;NO PERECIBLE;2026-07-01;1444;406;1900;7
11024;RES LOMO FINO MADURADO CONGELADO FRIGOR;PERECIBLE;2026-01-01;30.5435;1;1.27;1
11024;RES LOMO FINO MADURADO CONGELADO FRIGOR;PERECIBLE;2026-02-01;0;0;0;2
11024;RES LOMO FINO MADURADO CONGELADO FRIGOR;PERECIBLE;2026-03-01;0;0;0;3
11024;RES LOMO FINO MADURADO CONGELADO FRIGOR;PERECIBLE;2026-04-01;0;0;0;4
11024;RES LOMO FINO MADURADO CONGELADO FRIGOR;PERECIBLE;2026-05-01;0;0;0;5
11024;RES LOMO FINO MADURADO CONGELADO FRIGOR;PERECIBLE;2026-06-01;0;0;0;6
11024;RES LOMO FINO MADURADO CONGELADO FRIGOR;PERECIBLE;2026-07-01;0;0;0;7
11025;RES BIFE ANGOSTO MADURADO CONGELADO IMPORTADO PROCESADO FRIGOR (3.5 - 6.5 KG);PERECIBLE;2026-01-01;0;0;0;1
11025;RES BIFE ANGOSTO MADURADO CONGELADO IMPORTADO PROCESADO FRIGOR (3.5 - 6.5 KG);PERECIBLE;2026-02-01;0;0;0;2
11025;RES BIFE ANGOSTO MADURADO CONGELADO IMPORTADO PROCESADO FRIGOR (3.5 - 6.5 KG);PERECIBLE;2026-03-01;0;0;0;3
11025;RES BIFE ANGOSTO MADURADO CONGELADO IMPORTADO PROCESADO FRIGOR (3.5 - 6.5 KG);PERECIBLE;2026-04-01;0;0;0;4
11025;RES BIFE ANGOSTO MADURADO CONGELADO IMPORTADO PROCESADO FRIGOR (3.5 - 6.5 KG);PERECIBLE;2026-05-01;0;0;0;5
11025;RES BIFE ANGOSTO MADURADO CONGELADO IMPORTADO PROCESADO FRIGOR (3.5 - 6.5 KG);PERECIBLE;2026-06-01;0;0;0;6
11025;RES BIFE ANGOSTO MADURADO CONGELADO IMPORTADO PROCESADO FRIGOR (3.5 - 6.5 KG);PERECIBLE;2026-07-01;4868.1;7;72.12;7
11034;LECHE CONDENSADA SEMIDESCREMADA DULAC´S DOYPACK 420 GR;NO PERECIBLE;2026-01-01;607.68;61;288;1
11034;LECHE CONDENSADA SEMIDESCREMADA DULAC´S DOYPACK 420 GR;NO PERECIBLE;2026-02-01;664.65;74;315;2
11034;LECHE CONDENSADA SEMIDESCREMADA DULAC´S DOYPACK 420 GR;NO PERECIBLE;2026-03-01;639.33;77;303;3
11034;LECHE CONDENSADA SEMIDESCREMADA DULAC´S DOYPACK 420 GR;NO PERECIBLE;2026-04-01;654.1;79;310;4
11034;LECHE CONDENSADA SEMIDESCREMADA DULAC´S DOYPACK 420 GR;NO PERECIBLE;2026-05-01;565.48;64;268;5
11034;LECHE CONDENSADA SEMIDESCREMADA DULAC´S DOYPACK 420 GR;NO PERECIBLE;2026-06-01;725.84;78;344;6
11034;LECHE CONDENSADA SEMIDESCREMADA DULAC´S DOYPACK 420 GR;NO PERECIBLE;2026-07-01;472.64;71;224;7
11038;DV JL21 TIG DETERGENTE LIQUIDO NEUTRO MULTIUSO BID 20 KG;NO PERECIBLE;2026-01-01;1685.04;21;59;1
11038;DV JL21 TIG DETERGENTE LIQUIDO NEUTRO MULTIUSO BID 20 KG;NO PERECIBLE;2026-02-01;1513.68;23;53;2
11038;DV JL21 TIG DETERGENTE LIQUIDO NEUTRO MULTIUSO BID 20 KG;NO PERECIBLE;2026-03-01;2284.8;19;80;3
11038;DV JL21 TIG DETERGENTE LIQUIDO NEUTRO MULTIUSO BID 20 KG;NO PERECIBLE;2026-04-01;1513.68;19;53;4
11038;DV JL21 TIG DETERGENTE LIQUIDO NEUTRO MULTIUSO BID 20 KG;NO PERECIBLE;2026-05-01;1856.4;22;65;5
11038;DV JL21 TIG DETERGENTE LIQUIDO NEUTRO MULTIUSO BID 20 KG;NO PERECIBLE;2026-06-01;1513.68;20;53;6
11038;DV JL21 TIG DETERGENTE LIQUIDO NEUTRO MULTIUSO BID 20 KG;NO PERECIBLE;2026-07-01;1428;18;50;7
11041;CERDO CHULETA (101-120) X10;PERECIBLE;2026-01-01;2237.2986566855;177;386.35;1
11041;CERDO CHULETA (101-120) X10;PERECIBLE;2026-02-01;1916.3692104489;163;330.93;2
11041;CERDO CHULETA (101-120) X10;PERECIBLE;2026-03-01;2063.9203163693;174;356.41;3
11041;CERDO CHULETA (101-120) X10;PERECIBLE;2026-04-01;1908.2620068269;174;329.53;4
11041;CERDO CHULETA (101-120) X10;PERECIBLE;2026-05-01;1998.5994186149;160;345.13;5
11041;CERDO CHULETA (101-120) X10;PERECIBLE;2026-06-01;1967.3287760729;175;339.73;6
11041;CERDO CHULETA (101-120) X10;PERECIBLE;2026-07-01;1994.2562738174;173;344.38;7
11047;YOGURT ENTERO NATURAL KIOSKO 900 ML;PERECIBLE;2026-01-01;18.2;6;14;1
11047;YOGURT ENTERO NATURAL KIOSKO 900 ML;PERECIBLE;2026-02-01;15.6;6;12;2
11047;YOGURT ENTERO NATURAL KIOSKO 900 ML;PERECIBLE;2026-03-01;26;9;20;3
11047;YOGURT ENTERO NATURAL KIOSKO 900 ML;PERECIBLE;2026-04-01;39;17;30;4
11047;YOGURT ENTERO NATURAL KIOSKO 900 ML;PERECIBLE;2026-05-01;10.4;5;8;5
11047;YOGURT ENTERO NATURAL KIOSKO 900 ML;PERECIBLE;2026-06-01;63.7;12;49;6
11047;YOGURT ENTERO NATURAL KIOSKO 900 ML;PERECIBLE;2026-07-01;50.7;9;39;7
11048;VASO TERMICO BLANCO PLASTRO 6 OZ X 25 UND;NO PERECIBLE;2026-01-01;0;0;0;1
11048;VASO TERMICO BLANCO PLASTRO 6 OZ X 25 UND;NO PERECIBLE;2026-02-01;0;0;0;2
11048;VASO TERMICO BLANCO PLASTRO 6 OZ X 25 UND;NO PERECIBLE;2026-03-01;0;0;0;3
11048;VASO TERMICO BLANCO PLASTRO 6 OZ X 25 UND;NO PERECIBLE;2026-04-01;0;0;0;4
11048;VASO TERMICO BLANCO PLASTRO 6 OZ X 25 UND;NO PERECIBLE;2026-05-01;0;0;0;5
11048;VASO TERMICO BLANCO PLASTRO 6 OZ X 25 UND;NO PERECIBLE;2026-06-01;15.45995453;5;17;6
11048;VASO TERMICO BLANCO PLASTRO 6 OZ X 25 UND;NO PERECIBLE;2026-07-01;20.91640907;6;23;7
11063;TAPA PLANA VASO DURO 350 GR X100 UND;NO PERECIBLE;2026-01-01;0;0;0;1
11063;TAPA PLANA VASO DURO 350 GR X100 UND;NO PERECIBLE;2026-02-01;0;0;0;2
11063;TAPA PLANA VASO DURO 350 GR X100 UND;NO PERECIBLE;2026-03-01;0;0;0;3
11063;TAPA PLANA VASO DURO 350 GR X100 UND;NO PERECIBLE;2026-04-01;3.84;1;1;4
11063;TAPA PLANA VASO DURO 350 GR X100 UND;NO PERECIBLE;2026-05-01;0;0;0;5
11063;TAPA PLANA VASO DURO 350 GR X100 UND;NO PERECIBLE;2026-06-01;0;0;0;6
11063;TAPA PLANA VASO DURO 350 GR X100 UND;NO PERECIBLE;2026-07-01;0;0;0;7
11064;DV DS70 PLUS DETERGENTE NO IONICO BID 20 KG;NO PERECIBLE;2026-01-01;924;9;21;1
11064;DV DS70 PLUS DETERGENTE NO IONICO BID 20 KG;NO PERECIBLE;2026-02-01;1364;13;31;2
11064;DV DS70 PLUS DETERGENTE NO IONICO BID 20 KG;NO PERECIBLE;2026-03-01;1584;14;36;3
11064;DV DS70 PLUS DETERGENTE NO IONICO BID 20 KG;NO PERECIBLE;2026-04-01;1628;15;37;4
11064;DV DS70 PLUS DETERGENTE NO IONICO BID 20 KG;NO PERECIBLE;2026-05-01;1672;16;38;5
11064;DV DS70 PLUS DETERGENTE NO IONICO BID 20 KG;NO PERECIBLE;2026-06-01;1804;17;41;6
11064;DV DS70 PLUS DETERGENTE NO IONICO BID 20 KG;NO PERECIBLE;2026-07-01;1936;20;44;7
11070;ACEITE OLIVA CLASICO MEZCLA MAZZA VIDRIO 500 ML;NO PERECIBLE;2026-01-01;317.78893302;59;94;1
11070;ACEITE OLIVA CLASICO MEZCLA MAZZA VIDRIO 500 ML;NO PERECIBLE;2026-02-01;300.88526637;60;89;2
11070;ACEITE OLIVA CLASICO MEZCLA MAZZA VIDRIO 500 ML;NO PERECIBLE;2026-03-01;344.83479966;62;102;3
11070;ACEITE OLIVA CLASICO MEZCLA MAZZA VIDRIO 500 ML;NO PERECIBLE;2026-04-01;611.91273273;103;181;4
11070;ACEITE OLIVA CLASICO MEZCLA MAZZA VIDRIO 500 ML;NO PERECIBLE;2026-05-01;1156.21079886;169;342;5
11070;ACEITE OLIVA CLASICO MEZCLA MAZZA VIDRIO 500 ML;NO PERECIBLE;2026-06-01;1176.49519884;158;348;6
11070;ACEITE OLIVA CLASICO MEZCLA MAZZA VIDRIO 500 ML;NO PERECIBLE;2026-07-01;361.73846631;78;107;7
11073;GUANTE NITRILO CELESTE SUPPLIES X100 3.5 MICRAS;NO PERECIBLE;2026-01-01;46.75;10;17;1
11073;GUANTE NITRILO CELESTE SUPPLIES X100 3.5 MICRAS;NO PERECIBLE;2026-02-01;27.5;7;10;2
11073;GUANTE NITRILO CELESTE SUPPLIES X100 3.5 MICRAS;NO PERECIBLE;2026-03-01;63.25;10;23;3
11073;GUANTE NITRILO CELESTE SUPPLIES X100 3.5 MICRAS;NO PERECIBLE;2026-04-01;46.75;10;17;4
11073;GUANTE NITRILO CELESTE SUPPLIES X100 3.5 MICRAS;NO PERECIBLE;2026-05-01;55;10;20;5
11073;GUANTE NITRILO CELESTE SUPPLIES X100 3.5 MICRAS;NO PERECIBLE;2026-06-01;57.75;9;21;6
11073;GUANTE NITRILO CELESTE SUPPLIES X100 3.5 MICRAS;NO PERECIBLE;2026-07-01;46.75;9;17;7
11074;CHOCOLATE RICACAO NESTLE DOYPACK 400 GR;NO PERECIBLE;2026-01-01;3958.7741;338;1951;1
11074;CHOCOLATE RICACAO NESTLE DOYPACK 400 GR;NO PERECIBLE;2026-02-01;4131.2476;342;2036;2
11074;CHOCOLATE RICACAO NESTLE DOYPACK 400 GR;NO PERECIBLE;2026-03-01;4642.5808;374;2288;3
11074;CHOCOLATE RICACAO NESTLE DOYPACK 400 GR;NO PERECIBLE;2026-04-01;4285.4592;371;2112;4
11074;CHOCOLATE RICACAO NESTLE DOYPACK 400 GR;NO PERECIBLE;2026-05-01;3869.4937;340;1907;5
11074;CHOCOLATE RICACAO NESTLE DOYPACK 400 GR;NO PERECIBLE;2026-06-01;4522.8639;381;2229;6
11074;CHOCOLATE RICACAO NESTLE DOYPACK 400 GR;NO PERECIBLE;2026-07-01;4265.1682;376;2102;7
11083;TORTILLAS DE HARINA DE TRIGO MAMA FANNY 250 GR;NO PERECIBLE;2026-01-01;0;0;0;1
11083;TORTILLAS DE HARINA DE TRIGO MAMA FANNY 250 GR;NO PERECIBLE;2026-02-01;48.945;3;30;2
11083;TORTILLAS DE HARINA DE TRIGO MAMA FANNY 250 GR;NO PERECIBLE;2026-03-01;0;0;0;3
11083;TORTILLAS DE HARINA DE TRIGO MAMA FANNY 250 GR;NO PERECIBLE;2026-04-01;0;0;0;4
11083;TORTILLAS DE HARINA DE TRIGO MAMA FANNY 250 GR;NO PERECIBLE;2026-05-01;0;0;0;5
11083;TORTILLAS DE HARINA DE TRIGO MAMA FANNY 250 GR;NO PERECIBLE;2026-06-01;0;0;0;6
11083;TORTILLAS DE HARINA DE TRIGO MAMA FANNY 250 GR;NO PERECIBLE;2026-07-01;0;0;0;7
11096;CAFE GRANO FINO ECUATORIANO LOJANO VELEZ 340 GR;NO PERECIBLE;2026-01-01;11.1486;1;2;1
11096;CAFE GRANO FINO ECUATORIANO LOJANO VELEZ 340 GR;NO PERECIBLE;2026-02-01;11.1486;1;2;2
11096;CAFE GRANO FINO ECUATORIANO LOJANO VELEZ 340 GR;NO PERECIBLE;2026-03-01;0;0;0;3
11096;CAFE GRANO FINO ECUATORIANO LOJANO VELEZ 340 GR;NO PERECIBLE;2026-04-01;0;0;0;4
11096;CAFE GRANO FINO ECUATORIANO LOJANO VELEZ 340 GR;NO PERECIBLE;2026-05-01;0;0;0;5
11096;CAFE GRANO FINO ECUATORIANO LOJANO VELEZ 340 GR;NO PERECIBLE;2026-06-01;0;0;0;6
11096;CAFE GRANO FINO ECUATORIANO LOJANO VELEZ 340 GR;NO PERECIBLE;2026-07-01;0;0;0;7
11099;AJO MACHO SUPERMAXI 150 GR;FRUVER;2026-01-01;0;0;0;1
11099;AJO MACHO SUPERMAXI 150 GR;FRUVER;2026-02-01;14.9895;5;9;2
11099;AJO MACHO SUPERMAXI 150 GR;FRUVER;2026-03-01;0;0;0;3
11099;AJO MACHO SUPERMAXI 150 GR;FRUVER;2026-04-01;0;0;0;4
11099;AJO MACHO SUPERMAXI 150 GR;FRUVER;2026-05-01;0;0;0;5
11099;AJO MACHO SUPERMAXI 150 GR;FRUVER;2026-06-01;0;0;0;6
11099;AJO MACHO SUPERMAXI 150 GR;FRUVER;2026-07-01;0;0;0;7
11143;CERDO CHULETA PROCESADO (91-110) X10;PERECIBLE;2026-01-01;151.60579;10;26.05;1
11143;CERDO CHULETA PROCESADO (91-110) X10;PERECIBLE;2026-02-01;155.09767;13;26.65;2
11143;CERDO CHULETA PROCESADO (91-110) X10;PERECIBLE;2026-03-01;195.661676;19;33.62;3
11143;CERDO CHULETA PROCESADO (91-110) X10;PERECIBLE;2026-04-01;197.815002;14;33.99;4
11143;CERDO CHULETA PROCESADO (91-110) X10;PERECIBLE;2026-05-01;17.983182;2;3.09;5
11143;CERDO CHULETA PROCESADO (91-110) X10;PERECIBLE;2026-06-01;0;0;0;6
11143;CERDO CHULETA PROCESADO (91-110) X10;PERECIBLE;2026-07-01;0;0;0;7
11144;CERDO CHULETA PROCESADO (91-110) X30;PERECIBLE;2026-01-01;22701.4547140269;191;3926.71;1
11144;CERDO CHULETA PROCESADO (91-110) X30;PERECIBLE;2026-02-01;22852.6354838754;200;3952.86;2
11144;CERDO CHULETA PROCESADO (91-110) X30;PERECIBLE;2026-03-01;26338.5229403898;227;4555.82;3
11144;CERDO CHULETA PROCESADO (91-110) X30;PERECIBLE;2026-04-01;19966.9616994708;216;3453.72;4
11144;CERDO CHULETA PROCESADO (91-110) X30;PERECIBLE;2026-05-01;23173.6705947621;211;4008.39;5
11144;CERDO CHULETA PROCESADO (91-110) X30;PERECIBLE;2026-06-01;27845.9946703323;252;4816.57;6
11144;CERDO CHULETA PROCESADO (91-110) X30;PERECIBLE;2026-07-01;21519.6431280831;206;3722.29;7
11145;CERDO CHULETA PROCESADO (111-130) X10;PERECIBLE;2026-01-01;975.8273680617;77;168.51;1
11145;CERDO CHULETA PROCESADO (111-130) X10;PERECIBLE;2026-02-01;878.5399680057;76;151.71;2
11145;CERDO CHULETA PROCESADO (111-130) X10;PERECIBLE;2026-03-01;1086.1443306252;91;187.56;3
11145;CERDO CHULETA PROCESADO (111-130) X10;PERECIBLE;2026-04-01;1329.8261040988;108;229.64;4
11145;CERDO CHULETA PROCESADO (111-130) X10;PERECIBLE;2026-05-01;1399.9541049725;115;241.75;5
11145;CERDO CHULETA PROCESADO (111-130) X10;PERECIBLE;2026-06-01;1491.6822250253;124;257.59;6
11145;CERDO CHULETA PROCESADO (111-130) X10;PERECIBLE;2026-07-01;1621.8041226002;133;280.06;7
11146;CERDO CHULETA PROCESADO (111-130) X30;PERECIBLE;2026-01-01;9909.5324240374;102;1711.22;1
11146;CERDO CHULETA PROCESADO (111-130) X30;PERECIBLE;2026-02-01;11143.9821305813;106;1924.39;2
11146;CERDO CHULETA PROCESADO (111-130) X30;PERECIBLE;2026-03-01;11292.866598167;120;1950.1;3
11146;CERDO CHULETA PROCESADO (111-130) X30;PERECIBLE;2026-04-01;12725.2498364915;140;2197.45;4
11146;CERDO CHULETA PROCESADO (111-130) X30;PERECIBLE;2026-05-01;13500.4798511044;148;2331.32;5
11146;CERDO CHULETA PROCESADO (111-130) X30;PERECIBLE;2026-06-01;15494.5240972522;160;2675.66;6
11146;CERDO CHULETA PROCESADO (111-130) X30;PERECIBLE;2026-07-01;14088.6053481096;150;2432.88;7
11147;CERDO CHULETA PROCESADO (50-70) X10;PERECIBLE;2026-01-01;381.91645;60;65.95;1
11147;CERDO CHULETA PROCESADO (50-70) X10;PERECIBLE;2026-02-01;282.48498;44;48.78;2
11147;CERDO CHULETA PROCESADO (50-70) X10;PERECIBLE;2026-03-01;387.76536;60;66.96;3
11147;CERDO CHULETA PROCESADO (50-70) X10;PERECIBLE;2026-04-01;218.84189;39;37.79;4
11147;CERDO CHULETA PROCESADO (50-70) X10;PERECIBLE;2026-05-01;330.72401;46;57.11;5
11147;CERDO CHULETA PROCESADO (50-70) X10;PERECIBLE;2026-06-01;255.73056;44;44.16;6
11147;CERDO CHULETA PROCESADO (50-70) X10;PERECIBLE;2026-07-01;246.98615;46;42.65;7
11148;CERDO CHULETA PROCESADO (50-70) X30;PERECIBLE;2026-01-01;6266.954944071;67;1081.95;1
11148;CERDO CHULETA PROCESADO (50-70) X30;PERECIBLE;2026-02-01;6252.0108673986;61;1079.37;2
11148;CERDO CHULETA PROCESADO (50-70) X30;PERECIBLE;2026-03-01;7419.5602995132;70;1280.94;3
11148;CERDO CHULETA PROCESADO (50-70) X30;PERECIBLE;2026-04-01;7140.3145877394;69;1232.73;4
11148;CERDO CHULETA PROCESADO (50-70) X30;PERECIBLE;2026-05-01;5946.8157511704;58;1026.68;5
11148;CERDO CHULETA PROCESADO (50-70) X30;PERECIBLE;2026-06-01;9392.17842027;82;1621.5;6
11148;CERDO CHULETA PROCESADO (50-70) X30;PERECIBLE;2026-07-01;5355.9454948326;60;924.67;7
11149;CERDO CHULETA PROCESADO (71-90) X10;PERECIBLE;2026-01-01;2667.808;309;466.4;1
11149;CERDO CHULETA PROCESADO (71-90) X10;PERECIBLE;2026-02-01;2082.5376;245;364.08;2
11149;CERDO CHULETA PROCESADO (71-90) X10;PERECIBLE;2026-03-01;2604.9452;296;455.41;3
11149;CERDO CHULETA PROCESADO (71-90) X10;PERECIBLE;2026-04-01;2244.2992;266;392.36;4
11149;CERDO CHULETA PROCESADO (71-90) X10;PERECIBLE;2026-05-01;2708.706;323;473.55;5
11149;CERDO CHULETA PROCESADO (71-90) X10;PERECIBLE;2026-06-01;2655.6816;319;464.28;6
11149;CERDO CHULETA PROCESADO (71-90) X10;PERECIBLE;2026-07-01;2585.3828;306;451.99;7
11150;CERDO CHULETA PROCESADO (71-90) X30;PERECIBLE;2026-01-01;45326.4471583684;340;7860.04;1
11150;CERDO CHULETA PROCESADO (71-90) X30;PERECIBLE;2026-02-01;39864.6380712511;304;6912.91;2
11150;CERDO CHULETA PROCESADO (71-90) X30;PERECIBLE;2026-03-01;55162.5821384812;363;9565.72;3
11150;CERDO CHULETA PROCESADO (71-90) X30;PERECIBLE;2026-04-01;46308.1115137367;349;8030.27;4
11150;CERDO CHULETA PROCESADO (71-90) X30;PERECIBLE;2026-05-01;51073.303940286;376;8856.6;5
11150;CERDO CHULETA PROCESADO (71-90) X30;PERECIBLE;2026-06-01;64134.6933251097;402;11121.57;6
11150;CERDO CHULETA PROCESADO (71-90) X30;PERECIBLE;2026-07-01;62295.6368745986;400;10802.66;7
11151;RES FILETE PROCESADO (91-110) X10;PERECIBLE;2026-01-01;26.9109801988;2;3.94;1
11151;RES FILETE PROCESADO (91-110) X10;PERECIBLE;2026-02-01;811.0177128948;63;118.74;2
11151;RES FILETE PROCESADO (91-110) X10;PERECIBLE;2026-03-01;1341.450891128;78;196.4;3
11151;RES FILETE PROCESADO (91-110) X10;PERECIBLE;2026-04-01;1291.7953515226;94;189.13;4
11151;RES FILETE PROCESADO (91-110) X10;PERECIBLE;2026-05-01;1134.9057030032;61;166.16;5
11151;RES FILETE PROCESADO (91-110) X10;PERECIBLE;2026-06-01;831.9864208162;73;121.81;6
11151;RES FILETE PROCESADO (91-110) X10;PERECIBLE;2026-07-01;1017.9044109206;80;149.03;7
11152;RES FILETE PROCESADO (91-110) X30;PERECIBLE;2026-01-01;524.8309293612;12;76.23;1
11152;RES FILETE PROCESADO (91-110) X30;PERECIBLE;2026-02-01;3481.316534586;43;505.65;2
11152;RES FILETE PROCESADO (91-110) X30;PERECIBLE;2026-03-01;7564.5052959168;83;1098.72;3
11152;RES FILETE PROCESADO (91-110) X30;PERECIBLE;2026-04-01;7340.1973898616;96;1066.14;4
11152;RES FILETE PROCESADO (91-110) X30;PERECIBLE;2026-05-01;2784.0205025028;28;404.37;5
11152;RES FILETE PROCESADO (91-110) X30;PERECIBLE;2026-06-01;5756.4789236284;79;836.11;6
11152;RES FILETE PROCESADO (91-110) X30;PERECIBLE;2026-07-01;7081.5341599508;93;1028.57;7
11153;RES FILETE PROCESADO (111-130) X10;PERECIBLE;2026-01-01;51.54864;4;7.51;1
11153;RES FILETE PROCESADO (111-130) X10;PERECIBLE;2026-02-01;528.25344;33;76.96;2
11153;RES FILETE PROCESADO (111-130) X10;PERECIBLE;2026-03-01;592.7064;28;86.35;3
11153;RES FILETE PROCESADO (111-130) X10;PERECIBLE;2026-04-01;475.332;24;69.25;4
11153;RES FILETE PROCESADO (111-130) X10;PERECIBLE;2026-05-01;481.57824;34;70.16;5
11153;RES FILETE PROCESADO (111-130) X10;PERECIBLE;2026-06-01;568.95696;45;82.89;6
11153;RES FILETE PROCESADO (111-130) X10;PERECIBLE;2026-07-01;588.51936;39;85.74;7
11154;RES FILETE PROCESADO (111-130) X30;PERECIBLE;2026-01-01;530.25408359;2;77;1
11154;RES FILETE PROCESADO (111-130) X30;PERECIBLE;2026-02-01;4833.2315398395;34;701.85;2
11154;RES FILETE PROCESADO (111-130) X30;PERECIBLE;2026-03-01;908.8004079399;11;131.97;3
11154;RES FILETE PROCESADO (111-130) X30;PERECIBLE;2026-04-01;76.2326325369;2;11.07;4
11154;RES FILETE PROCESADO (111-130) X30;PERECIBLE;2026-05-01;3151.0176756919;28;457.57;5
11154;RES FILETE PROCESADO (111-130) X30;PERECIBLE;2026-06-01;4361.856318778;47;633.4;6
11154;RES FILETE PROCESADO (111-130) X30;PERECIBLE;2026-07-01;3192.1295832118;31;463.54;7
11155;RES FILETE PROCESADO (50-70) X10;PERECIBLE;2026-01-01;342.2071218321;44;49.63;1
11155;RES FILETE PROCESADO (50-70) X10;PERECIBLE;2026-02-01;360.5482651743;43;52.29;2
11155;RES FILETE PROCESADO (50-70) X10;PERECIBLE;2026-03-01;283.8740118039;34;41.17;3
11155;RES FILETE PROCESADO (50-70) X10;PERECIBLE;2026-04-01;342.4139768322;40;49.66;4
11155;RES FILETE PROCESADO (50-70) X10;PERECIBLE;2026-05-01;284.2187701374;37;41.22;5
11155;RES FILETE PROCESADO (50-70) X10;PERECIBLE;2026-06-01;304.076850147;44;44.1;6
11155;RES FILETE PROCESADO (50-70) X10;PERECIBLE;2026-07-01;277.3925551341;37;40.23;7
11156;RES FILETE PROCESADO (50-70) X30;PERECIBLE;2026-01-01;1889.0840316134;23;273.97;1
11156;RES FILETE PROCESADO (50-70) X30;PERECIBLE;2026-02-01;1311.471266244;27;190.2;2
11156;RES FILETE PROCESADO (50-70) X30;PERECIBLE;2026-03-01;150.0400355072;2;21.76;3
11156;RES FILETE PROCESADO (50-70) X30;PERECIBLE;2026-04-01;3304.7421056016;39;479.28;4
11156;RES FILETE PROCESADO (50-70) X30;PERECIBLE;2026-05-01;1406.0737151024;28;203.92;5
11156;RES FILETE PROCESADO (50-70) X30;PERECIBLE;2026-06-01;2363.4753203494;32;342.77;6
11156;RES FILETE PROCESADO (50-70) X30;PERECIBLE;2026-07-01;1373.5972184462;31;199.21;7
11157;RES FILETE PROCESADO (71-90) X10;PERECIBLE;2026-01-01;2884.815630309;235;423.3;1
11157;RES FILETE PROCESADO (71-90) X10;PERECIBLE;2026-02-01;2145.5858844559;214;314.83;2
11157;RES FILETE PROCESADO (71-90) X10;PERECIBLE;2026-03-01;2910.6447142657;235;427.09;3
11157;RES FILETE PROCESADO (71-90) X10;PERECIBLE;2026-04-01;2702.5808796488;226;396.56;4
11157;RES FILETE PROCESADO (71-90) X10;PERECIBLE;2026-05-01;2042.2695486291;203;299.67;5
11157;RES FILETE PROCESADO (71-90) X10;PERECIBLE;2026-06-01;1676.9822399011;167;246.07;6
11157;RES FILETE PROCESADO (71-90) X10;PERECIBLE;2026-07-01;2026.4586054155;192;297.35;7
11158;RES FILETE PROCESADO (71-90) X30;PERECIBLE;2026-01-01;22465.8139290412;177;3270.92;1
11158;RES FILETE PROCESADO (71-90) X30;PERECIBLE;2026-02-01;36278.4033846067;262;5281.97;2
11158;RES FILETE PROCESADO (71-90) X30;PERECIBLE;2026-03-01;18939.5358392961;162;2757.51;3
11158;RES FILETE PROCESADO (71-90) X30;PERECIBLE;2026-04-01;28012.4850046639;218;4078.49;4
11158;RES FILETE PROCESADO (71-90) X30;PERECIBLE;2026-05-01;28273.7569287283;228;4116.53;5
11158;RES FILETE PROCESADO (71-90) X30;PERECIBLE;2026-06-01;26168.8145899266;205;3810.06;6
11158;RES FILETE PROCESADO (71-90) X30;PERECIBLE;2026-07-01;28313.387291553;231;4122.3;7
11159;RES HIGADO (91-110) X10;PERECIBLE;2026-01-01;176.5874612709;8;35.27;1
11159;RES HIGADO (91-110) X10;PERECIBLE;2026-02-01;233.3638097487;11;46.61;2
11159;RES HIGADO (91-110) X10;PERECIBLE;2026-03-01;254.0916830025;10;50.75;3
11159;RES HIGADO (91-110) X10;PERECIBLE;2026-04-01;90.621861327;9;18.1;4
11159;RES HIGADO (91-110) X10;PERECIBLE;2026-05-01;159.5645701929;8;31.87;5
11159;RES HIGADO (91-110) X10;PERECIBLE;2026-06-01;90.5217266736;8;18.08;6
11159;RES HIGADO (91-110) X10;PERECIBLE;2026-07-01;122.2644118014;8;24.42;7
11160;RES HIGADO (111-130) X10;PERECIBLE;2026-01-01;44.5604874705;2;8.85;1
11160;RES HIGADO (111-130) X10;PERECIBLE;2026-02-01;62.7371382918;1;12.46;2
11160;RES HIGADO (111-130) X10;PERECIBLE;2026-03-01;6.1931524959;1;1.23;3
11160;RES HIGADO (111-130) X10;PERECIBLE;2026-04-01;167.6179240557;5;33.29;4
11160;RES HIGADO (111-130) X10;PERECIBLE;2026-05-01;132.2212882458;5;26.26;5
11160;RES HIGADO (111-130) X10;PERECIBLE;2026-06-01;221.8457715198;7;44.06;6
11160;RES HIGADO (111-130) X10;PERECIBLE;2026-07-01;85.092908277;2;16.9;7
11161;RES HIGADO (50-70) X10;PERECIBLE;2026-01-01;317.917560167;6;62.9;1
11161;RES HIGADO (50-70) X10;PERECIBLE;2026-02-01;325.9539500027;7;64.49;2
11161;RES HIGADO (50-70) X10;PERECIBLE;2026-03-01;23.249932858;6;4.6;3
11161;RES HIGADO (50-70) X10;PERECIBLE;2026-04-01;407.1770850088;8;80.56;4
11161;RES HIGADO (50-70) X10;PERECIBLE;2026-05-01;44.8319357501;8;8.87;5
11161;RES HIGADO (50-70) X10;PERECIBLE;2026-06-01;429.61832455;14;85;6
11161;RES HIGADO (50-70) X10;PERECIBLE;2026-07-01;104.4730678641;12;20.67;7
11162;RES HIGADO (71-90) X10;PERECIBLE;2026-01-01;120.4428445516;8;24.11;1
11162;RES HIGADO (71-90) X10;PERECIBLE;2026-02-01;181.338666828;9;36.3;2
11162;RES HIGADO (71-90) X10;PERECIBLE;2026-03-01;234.5912890976;13;46.96;3
11162;RES HIGADO (71-90) X10;PERECIBLE;2026-04-01;225.549333534;10;45.15;4
11162;RES HIGADO (71-90) X10;PERECIBLE;2026-05-01;310.97333361;11;62.25;5
11162;RES HIGADO (71-90) X10;PERECIBLE;2026-06-01;119.7434667732;7;23.97;6
11162;RES HIGADO (71-90) X10;PERECIBLE;2026-07-01;333.8030225192;16;66.82;7
11163;RES LOMO FALDA PROCESADO (50-70) X10;PERECIBLE;2026-01-01;0;0;0;1
11163;RES LOMO FALDA PROCESADO (50-70) X10;PERECIBLE;2026-02-01;4.1973575626;1;0.67;2
11163;RES LOMO FALDA PROCESADO (50-70) X10;PERECIBLE;2026-03-01;12.7173669434;2;2.03;3
11163;RES LOMO FALDA PROCESADO (50-70) X10;PERECIBLE;2026-04-01;37.7762180634;4;6.03;4
11163;RES LOMO FALDA PROCESADO (50-70) X10;PERECIBLE;2026-05-01;12.4667784322;2;1.99;5
11163;RES LOMO FALDA PROCESADO (50-70) X10;PERECIBLE;2026-06-01;63.6494818448;5;10.16;6
11163;RES LOMO FALDA PROCESADO (50-70) X10;PERECIBLE;2026-07-01;23.4300257972;3;3.74;7
11165;RES LOMO FALDA PROCESADO (71-90) X10;PERECIBLE;2026-01-01;576.7491640055;5;93.05;1
11165;RES LOMO FALDA PROCESADO (71-90) X10;PERECIBLE;2026-02-01;545.3859101649;6;87.99;2
11165;RES LOMO FALDA PROCESADO (71-90) X10;PERECIBLE;2026-03-01;557.3485741792;9;89.92;3
11165;RES LOMO FALDA PROCESADO (71-90) X10;PERECIBLE;2026-04-01;990.6697354433;10;159.83;4
11165;RES LOMO FALDA PROCESADO (71-90) X10;PERECIBLE;2026-05-01;349.9544094546;7;56.46;5
11165;RES LOMO FALDA PROCESADO (71-90) X10;PERECIBLE;2026-06-01;444.9119289878;6;71.78;6
11165;RES LOMO FALDA PROCESADO (71-90) X10;PERECIBLE;2026-07-01;808.874432055;7;130.5;7
11167;RES T-BON PROCESADO (111-130) X10;PERECIBLE;2026-01-01;138.6590299675;2;16.15;1
11167;RES T-BON PROCESADO (111-130) X10;PERECIBLE;2026-02-01;423.0173626315;11;49.27;2
11167;RES T-BON PROCESADO (111-130) X10;PERECIBLE;2026-03-01;63.705882499;3;7.42;3
11167;RES T-BON PROCESADO (111-130) X10;PERECIBLE;2026-04-01;0;0;0;4
11167;RES T-BON PROCESADO (111-130) X10;PERECIBLE;2026-05-01;161.239416891;5;18.78;5
11167;RES T-BON PROCESADO (111-130) X10;PERECIBLE;2026-06-01;37.605359211;2;4.38;6
11167;RES T-BON PROCESADO (111-130) X10;PERECIBLE;2026-07-01;157.2041386195;1;18.31;7
11185;CALAMAR POTA CONGELADO SELECCIONADO 5 KG;PERECIBLE;2026-01-01;2692.235;12;111.02;1
11185;CALAMAR POTA CONGELADO SELECCIONADO 5 KG;PERECIBLE;2026-02-01;0;0;0;2
11185;CALAMAR POTA CONGELADO SELECCIONADO 5 KG;PERECIBLE;2026-03-01;0;0;0;3
11185;CALAMAR POTA CONGELADO SELECCIONADO 5 KG;PERECIBLE;2026-04-01;0;0;0;4
11185;CALAMAR POTA CONGELADO SELECCIONADO 5 KG;PERECIBLE;2026-05-01;0;0;0;5
11185;CALAMAR POTA CONGELADO SELECCIONADO 5 KG;PERECIBLE;2026-06-01;0;0;0;6
11185;CALAMAR POTA CONGELADO SELECCIONADO 5 KG;PERECIBLE;2026-07-01;0;0;0;7
11195;FARFALLE BARILLA 500 GR;NO PERECIBLE;2026-01-01;0;0;0;1
11195;FARFALLE BARILLA 500 GR;NO PERECIBLE;2026-02-01;0;0;0;2
11195;FARFALLE BARILLA 500 GR;NO PERECIBLE;2026-03-01;0;0;0;3
11195;FARFALLE BARILLA 500 GR;NO PERECIBLE;2026-04-01;0;0;0;4
11195;FARFALLE BARILLA 500 GR;NO PERECIBLE;2026-05-01;0;0;0;5
11195;FARFALLE BARILLA 500 GR;NO PERECIBLE;2026-06-01;9.8418694;4;4;6
11195;FARFALLE BARILLA 500 GR;NO PERECIBLE;2026-07-01;0;0;0;7
11204;YOGURT SEMIDESCREMADO SURTIDO TONI X6 190 ML;PERECIBLE;2026-01-01;35.2;4;8;1
11204;YOGURT SEMIDESCREMADO SURTIDO TONI X6 190 ML;PERECIBLE;2026-02-01;79.2;8;18;2
11204;YOGURT SEMIDESCREMADO SURTIDO TONI X6 190 ML;PERECIBLE;2026-03-01;118.8;10;27;3
11204;YOGURT SEMIDESCREMADO SURTIDO TONI X6 190 ML;PERECIBLE;2026-04-01;118.8;7;27;4
11204;YOGURT SEMIDESCREMADO SURTIDO TONI X6 190 ML;PERECIBLE;2026-05-01;83.6;7;19;5
11204;YOGURT SEMIDESCREMADO SURTIDO TONI X6 190 ML;PERECIBLE;2026-06-01;66;4;15;6
11204;YOGURT SEMIDESCREMADO SURTIDO TONI X6 190 ML;PERECIBLE;2026-07-01;70.4;4;16;7
11206;FRUTA CONFITADA DOÑA JANNA 300 GR;NO PERECIBLE;2026-01-01;53.1;27;59;1
11206;FRUTA CONFITADA DOÑA JANNA 300 GR;NO PERECIBLE;2026-02-01;48.6;25;54;2
11206;FRUTA CONFITADA DOÑA JANNA 300 GR;NO PERECIBLE;2026-03-01;53.1;27;59;3
11206;FRUTA CONFITADA DOÑA JANNA 300 GR;NO PERECIBLE;2026-04-01;53.1;28;59;4
11206;FRUTA CONFITADA DOÑA JANNA 300 GR;NO PERECIBLE;2026-05-01;60.3;30;67;5
11206;FRUTA CONFITADA DOÑA JANNA 300 GR;NO PERECIBLE;2026-06-01;66.6;33;74;6
11206;FRUTA CONFITADA DOÑA JANNA 300 GR;NO PERECIBLE;2026-07-01;54.9;28;61;7
11214;CEREAL CHOCAPIC NESTLE 640 G;NO PERECIBLE;2026-01-01;93.48;14;19;1
11214;CEREAL CHOCAPIC NESTLE 640 G;NO PERECIBLE;2026-02-01;118.08;17;24;2
11214;CEREAL CHOCAPIC NESTLE 640 G;NO PERECIBLE;2026-03-01;103.32;16;21;3
11214;CEREAL CHOCAPIC NESTLE 640 G;NO PERECIBLE;2026-04-01;123;13;25;4
11214;CEREAL CHOCAPIC NESTLE 640 G;NO PERECIBLE;2026-05-01;93.48;13;19;5
11214;CEREAL CHOCAPIC NESTLE 640 G;NO PERECIBLE;2026-06-01;137.76;17;28;6
11214;CEREAL CHOCAPIC NESTLE 640 G;NO PERECIBLE;2026-07-01;93.48;14;19;7
11222;DESODORANTE SPRAY AMBIENTAL LAVANDA LO 360 ML;NO PERECIBLE;2026-01-01;88.7139;28;87;1
11222;DESODORANTE SPRAY AMBIENTAL LAVANDA LO 360 ML;NO PERECIBLE;2026-02-01;68.3199;27;67;2
11222;DESODORANTE SPRAY AMBIENTAL LAVANDA LO 360 ML;NO PERECIBLE;2026-03-01;125.4231;36;123;3
11222;DESODORANTE SPRAY AMBIENTAL LAVANDA LO 360 ML;NO PERECIBLE;2026-04-01;80.5563;34;79;4
11222;DESODORANTE SPRAY AMBIENTAL LAVANDA LO 360 ML;NO PERECIBLE;2026-05-01;98.9109;31;97;5
11222;DESODORANTE SPRAY AMBIENTAL LAVANDA LO 360 ML;NO PERECIBLE;2026-06-01;79.5366;35;78;6
11222;DESODORANTE SPRAY AMBIENTAL LAVANDA LO 360 ML;NO PERECIBLE;2026-07-01;82.5957;34;81;7
11225;CERDO CHULETA PROCESADO (131-150) X10;PERECIBLE;2026-01-01;506.3251061596;22;87.49;1
11225;CERDO CHULETA PROCESADO (131-150) X10;PERECIBLE;2026-02-01;904.7761698136;32;156.34;2
11225;CERDO CHULETA PROCESADO (131-150) X10;PERECIBLE;2026-03-01;1055.880850598;38;182.45;3
11225;CERDO CHULETA PROCESADO (131-150) X10;PERECIBLE;2026-04-01;908.8272336416;37;157.04;4
11225;CERDO CHULETA PROCESADO (131-150) X10;PERECIBLE;2026-05-01;986.8970208412;33;170.53;5
11225;CERDO CHULETA PROCESADO (131-150) X10;PERECIBLE;2026-06-01;858.7676591956;32;148.39;6
11225;CERDO CHULETA PROCESADO (131-150) X10;PERECIBLE;2026-07-01;1094.7710633468;34;189.17;7
11226;CERDO CHULETA PROCESADO (131-150) X30;PERECIBLE;2026-01-01;4923.4076321866;33;850.81;1
11226;CERDO CHULETA PROCESADO (131-150) X30;PERECIBLE;2026-02-01;5048.5167317598;37;872.43;2
11226;CERDO CHULETA PROCESADO (131-150) X30;PERECIBLE;2026-03-01;4972.7684378924;43;859.34;3
11226;CERDO CHULETA PROCESADO (131-150) X30;PERECIBLE;2026-04-01;6239.3100023506;52;1078.21;4
11226;CERDO CHULETA PROCESADO (131-150) X30;PERECIBLE;2026-05-01;6149.7314241178;45;1062.73;5
11226;CERDO CHULETA PROCESADO (131-150) X30;PERECIBLE;2026-06-01;6366.5023246734;52;1100.19;6
11226;CERDO CHULETA PROCESADO (131-150) X30;PERECIBLE;2026-07-01;7090.8273012496;57;1225.36;7
11228;RES FILETE PROCESADO (131-150) X10;PERECIBLE;2026-01-01;109.6957780425;6;15.97;1
11228;RES FILETE PROCESADO (131-150) X10;PERECIBLE;2026-02-01;9.8224773075;1;1.43;2
11228;RES FILETE PROCESADO (131-150) X10;PERECIBLE;2026-03-01;199.8152901225;7;29.09;3
11228;RES FILETE PROCESADO (131-150) X10;PERECIBLE;2026-04-01;382.73317173;9;55.72;4
11228;RES FILETE PROCESADO (131-150) X10;PERECIBLE;2026-05-01;50.6235368925;4;7.37;5
11228;RES FILETE PROCESADO (131-150) X10;PERECIBLE;2026-06-01;140.3309170575;6;20.43;6
11228;RES FILETE PROCESADO (131-150) X10;PERECIBLE;2026-07-01;119.0374347825;4;17.33;7
11229;RES FILETE PROCESADO (131-150) X30;PERECIBLE;2026-01-01;177.1888522587;3;25.73;1
11229;RES FILETE PROCESADO (131-150) X30;PERECIBLE;2026-02-01;479.4359850078;4;69.62;2
11229;RES FILETE PROCESADO (131-150) X30;PERECIBLE;2026-03-01;1186.4697767451;10;172.29;3
11229;RES FILETE PROCESADO (131-150) X30;PERECIBLE;2026-04-01;1447.8801471975;12;210.25;4
11229;RES FILETE PROCESADO (131-150) X30;PERECIBLE;2026-05-01;473.8579449639;9;68.81;5
11229;RES FILETE PROCESADO (131-150) X30;PERECIBLE;2026-06-01;1268.6253541818;12;184.22;6
11229;RES FILETE PROCESADO (131-150) X30;PERECIBLE;2026-07-01;418.4218679844;5;60.76;7
11230;RES HIGADO (131-150) X10;PERECIBLE;2026-01-01;27.6946060104;1;5.52;1
11230;RES HIGADO (131-150) X10;PERECIBLE;2026-02-01;70.0392572292;2;13.96;2
11230;RES HIGADO (131-150) X10;PERECIBLE;2026-03-01;0;0;0;3
11230;RES HIGADO (131-150) X10;PERECIBLE;2026-04-01;67.3300022934;2;13.42;4
11230;RES HIGADO (131-150) X10;PERECIBLE;2026-05-01;58.7506949967;2;11.71;5
11230;RES HIGADO (131-150) X10;PERECIBLE;2026-06-01;34.3172291868;1;6.84;6
11230;RES HIGADO (131-150) X10;PERECIBLE;2026-07-01;72.7986835527;3;14.51;7
11242;CERDO CHULETA PROCESADO (151-170) X10;PERECIBLE;2026-01-01;465.23863956;18;77.1;1
11242;CERDO CHULETA PROCESADO (151-170) X10;PERECIBLE;2026-02-01;406.042906044;19;67.29;2
11242;CERDO CHULETA PROCESADO (151-170) X10;PERECIBLE;2026-03-01;626.774805332;26;103.87;3
11242;CERDO CHULETA PROCESADO (151-170) X10;PERECIBLE;2026-04-01;632.024579864;21;104.74;4
11242;CERDO CHULETA PROCESADO (151-170) X10;PERECIBLE;2026-05-01;1087.548119428;31;180.23;5
11242;CERDO CHULETA PROCESADO (151-170) X10;PERECIBLE;2026-06-01;690.9186022;22;114.5;6
11242;CERDO CHULETA PROCESADO (151-170) X10;PERECIBLE;2026-07-01;970.0014437;31;160.75;7
11243;CERDO CHULETA PROCESADO (151-170) X30;PERECIBLE;2026-01-01;1652.9190127977;11;285.69;1
11243;CERDO CHULETA PROCESADO (151-170) X30;PERECIBLE;2026-02-01;3605.7691454226;9;623.22;2
11243;CERDO CHULETA PROCESADO (151-170) X30;PERECIBLE;2026-03-01;2104.9564046206;15;363.82;3
11243;CERDO CHULETA PROCESADO (151-170) X30;PERECIBLE;2026-04-01;5142.5689920372;14;888.84;4
11243;CERDO CHULETA PROCESADO (151-170) X30;PERECIBLE;2026-05-01;6476.4061904354;23;1119.38;5
11243;CERDO CHULETA PROCESADO (151-170) X30;PERECIBLE;2026-06-01;4323.6019779257;17;747.29;6
11243;CERDO CHULETA PROCESADO (151-170) X30;PERECIBLE;2026-07-01;7649.1692689264;24;1322.08;7
11250;FUNDA NEGRA 30 MICRAS 35X47X50;NO PERECIBLE;2026-01-01;2890.53464978;293;554;1
11250;FUNDA NEGRA 30 MICRAS 35X47X50;NO PERECIBLE;2026-02-01;2728.78993111;263;523;2
11250;FUNDA NEGRA 30 MICRAS 35X47X50;NO PERECIBLE;2026-03-01;3073.14965473;310;589;3
11250;FUNDA NEGRA 30 MICRAS 35X47X50;NO PERECIBLE;2026-04-01;3260.98223125;327;625;4
11250;FUNDA NEGRA 30 MICRAS 35X47X50;NO PERECIBLE;2026-05-01;3527.07838132;330;676;5
11250;FUNDA NEGRA 30 MICRAS 35X47X50;NO PERECIBLE;2026-06-01;3250.54708811;312;623;6
11250;FUNDA NEGRA 30 MICRAS 35X47X50;NO PERECIBLE;2026-07-01;2968.79822333;307;569;7
11251;FUNDA VERDE 35 MICRAS 35X47X50;NO PERECIBLE;2026-01-01;2188.2815483;168;262;1
11251;FUNDA VERDE 35 MICRAS 35X47X50;NO PERECIBLE;2026-02-01;2288.5081841;162;274;2
11251;FUNDA VERDE 35 MICRAS 35X47X50;NO PERECIBLE;2026-03-01;2455.5525771;185;294;3
11251;FUNDA VERDE 35 MICRAS 35X47X50;NO PERECIBLE;2026-04-01;2589.1880915;181;310;4
11251;FUNDA VERDE 35 MICRAS 35X47X50;NO PERECIBLE;2026-05-01;2438.8481378;162;292;5
11251;FUNDA VERDE 35 MICRAS 35X47X50;NO PERECIBLE;2026-06-01;2647.65362905;172;317;6
11251;FUNDA VERDE 35 MICRAS 35X47X50;NO PERECIBLE;2026-07-01;3023.5035133;190;362;7
11252;FUNDA AZUL 35 MICRAS 35X47X50;NO PERECIBLE;2026-01-01;243.8884617;20;30;1
11252;FUNDA AZUL 35 MICRAS 35X47X50;NO PERECIBLE;2026-02-01;227.62923092;19;28;2
11252;FUNDA AZUL 35 MICRAS 35X47X50;NO PERECIBLE;2026-03-01;300.79576943;27;37;3
11252;FUNDA AZUL 35 MICRAS 35X47X50;NO PERECIBLE;2026-04-01;235.75884631;22;29;4
11252;FUNDA AZUL 35 MICRAS 35X47X50;NO PERECIBLE;2026-05-01;284.53653865;28;35;5
11252;FUNDA AZUL 35 MICRAS 35X47X50;NO PERECIBLE;2026-06-01;268.27730787;24;33;6
11252;FUNDA AZUL 35 MICRAS 35X47X50;NO PERECIBLE;2026-07-01;211.37000014;20;26;7
11253;FUNDA NEGRA 30 MICRAS 29X36X10;NO PERECIBLE;2026-01-01;89.03164232;33;122;1
11253;FUNDA NEGRA 30 MICRAS 29X36X10;NO PERECIBLE;2026-02-01;102.89722596;36;141;2
11253;FUNDA NEGRA 30 MICRAS 29X36X10;NO PERECIBLE;2026-03-01;125.52002032;36;172;3
11253;FUNDA NEGRA 30 MICRAS 29X36X10;NO PERECIBLE;2026-04-01;105.8162962;38;145;4
11253;FUNDA NEGRA 30 MICRAS 29X36X10;NO PERECIBLE;2026-05-01;106.54606376;38;146;5
11253;FUNDA NEGRA 30 MICRAS 29X36X10;NO PERECIBLE;2026-06-01;110.19490156;35;151;6
11253;FUNDA NEGRA 30 MICRAS 29X36X10;NO PERECIBLE;2026-07-01;88.30187476;34;121;7
11254;FUNDA HALAR 6 BLANCA JUMBO 20 MICRAS X100 12+FL3.50X22X0.80;NO PERECIBLE;2026-01-01;797.93469609;128;283;1
11254;FUNDA HALAR 6 BLANCA JUMBO 20 MICRAS X100 12+FL3.50X22X0.80;NO PERECIBLE;2026-02-01;812.03248224;126;288;2
11254;FUNDA HALAR 6 BLANCA JUMBO 20 MICRAS X100 12+FL3.50X22X0.80;NO PERECIBLE;2026-03-01;1153.19890707;163;409;3
11254;FUNDA HALAR 6 BLANCA JUMBO 20 MICRAS X100 12+FL3.50X22X0.80;NO PERECIBLE;2026-04-01;944.55167205;143;335;4
11254;FUNDA HALAR 6 BLANCA JUMBO 20 MICRAS X100 12+FL3.50X22X0.80;NO PERECIBLE;2026-05-01;1077.07086186;151;382;5
11254;FUNDA HALAR 6 BLANCA JUMBO 20 MICRAS X100 12+FL3.50X22X0.80;NO PERECIBLE;2026-06-01;998.12325942;157;354;6
11254;FUNDA HALAR 6 BLANCA JUMBO 20 MICRAS X100 12+FL3.50X22X0.80;NO PERECIBLE;2026-07-01;1043.2361751;163;370;7
11255;FUNDA BLANCA 30 MICRAS 23X28X10;NO PERECIBLE;2026-01-01;0;0;0;1
11255;FUNDA BLANCA 30 MICRAS 23X28X10;NO PERECIBLE;2026-02-01;0;0;0;2
11255;FUNDA BLANCA 30 MICRAS 23X28X10;NO PERECIBLE;2026-03-01;0;0;0;3
11255;FUNDA BLANCA 30 MICRAS 23X28X10;NO PERECIBLE;2026-04-01;0;0;0;4
11255;FUNDA BLANCA 30 MICRAS 23X28X10;NO PERECIBLE;2026-05-01;0;0;0;5
11255;FUNDA BLANCA 30 MICRAS 23X28X10;NO PERECIBLE;2026-06-01;1.59;2;3;6
11255;FUNDA BLANCA 30 MICRAS 23X28X10;NO PERECIBLE;2026-07-01;0;0;0;7
11264;CEBOLLA PUERRO SIN HOJA POR KG;FRUVER;2026-01-01;0;0;0;1
11264;CEBOLLA PUERRO SIN HOJA POR KG;FRUVER;2026-02-01;0;0;0;2
11264;CEBOLLA PUERRO SIN HOJA POR KG;FRUVER;2026-03-01;20.4;4;12;3
11264;CEBOLLA PUERRO SIN HOJA POR KG;FRUVER;2026-04-01;0;0;0;4
11264;CEBOLLA PUERRO SIN HOJA POR KG;FRUVER;2026-05-01;0;0;0;5
11264;CEBOLLA PUERRO SIN HOJA POR KG;FRUVER;2026-06-01;0;0;0;6
11264;CEBOLLA PUERRO SIN HOJA POR KG;FRUVER;2026-07-01;20.4;7;12;7
11270;NABO CHINO EMPACADO POR KG;FRUVER;2026-01-01;0;0;0;1
11270;NABO CHINO EMPACADO POR KG;FRUVER;2026-02-01;0;0;0;2
11270;NABO CHINO EMPACADO POR KG;FRUVER;2026-03-01;0;0;0;3
11270;NABO CHINO EMPACADO POR KG;FRUVER;2026-04-01;0;0;0;4
11270;NABO CHINO EMPACADO POR KG;FRUVER;2026-05-01;0;0;0;5
11270;NABO CHINO EMPACADO POR KG;FRUVER;2026-06-01;0.8;1;2;6
11270;NABO CHINO EMPACADO POR KG;FRUVER;2026-07-01;0;0;0;7
11272;UVA ROSADA MEDIANA IMPORTADA EMPACADA AL GRANEL POR KG;FRUVER;2026-01-01;0;0;0;1
11272;UVA ROSADA MEDIANA IMPORTADA EMPACADA AL GRANEL POR KG;FRUVER;2026-02-01;49.5;8;15;2
11272;UVA ROSADA MEDIANA IMPORTADA EMPACADA AL GRANEL POR KG;FRUVER;2026-03-01;0;0;0;3
11272;UVA ROSADA MEDIANA IMPORTADA EMPACADA AL GRANEL POR KG;FRUVER;2026-04-01;0;0;0;4
11272;UVA ROSADA MEDIANA IMPORTADA EMPACADA AL GRANEL POR KG;FRUVER;2026-05-01;0;0;0;5
11272;UVA ROSADA MEDIANA IMPORTADA EMPACADA AL GRANEL POR KG;FRUVER;2026-06-01;0;0;0;6
11272;UVA ROSADA MEDIANA IMPORTADA EMPACADA AL GRANEL POR KG;FRUVER;2026-07-01;0;0;0;7
11286;AVENA CON LECHE Y CANELA UHT VITA 200 ML;NO PERECIBLE;2026-01-01;134.32;3;292;1
11286;AVENA CON LECHE Y CANELA UHT VITA 200 ML;NO PERECIBLE;2026-02-01;45.08;1;98;2
11286;AVENA CON LECHE Y CANELA UHT VITA 200 ML;NO PERECIBLE;2026-03-01;159.62;4;347;3
11286;AVENA CON LECHE Y CANELA UHT VITA 200 ML;NO PERECIBLE;2026-04-01;89.24;2;194;4
11286;AVENA CON LECHE Y CANELA UHT VITA 200 ML;NO PERECIBLE;2026-05-01;90.16;2;196;5
11286;AVENA CON LECHE Y CANELA UHT VITA 200 ML;NO PERECIBLE;2026-06-01;90.16;2;196;6
11286;AVENA CON LECHE Y CANELA UHT VITA 200 ML;NO PERECIBLE;2026-07-01;90.16;2;196;7
11288;BROCOLI CONGELADOS IQF CAJA 11 KG;PERECIBLE;2026-01-01;0;0;0;1
11288;BROCOLI CONGELADOS IQF CAJA 11 KG;PERECIBLE;2026-02-01;0;0;0;2
11288;BROCOLI CONGELADOS IQF CAJA 11 KG;PERECIBLE;2026-03-01;0;0;0;3
11288;BROCOLI CONGELADOS IQF CAJA 11 KG;PERECIBLE;2026-04-01;5.28;1;1;4
11288;BROCOLI CONGELADOS IQF CAJA 11 KG;PERECIBLE;2026-05-01;10.56;1;2;5
11288;BROCOLI CONGELADOS IQF CAJA 11 KG;PERECIBLE;2026-06-01;0;0;0;6
11288;BROCOLI CONGELADOS IQF CAJA 11 KG;PERECIBLE;2026-07-01;0;0;0;7
11293;VERDURA ATADO SIN MARCA 300 G;FRUVER;2026-01-01;0;0;0;1
11293;VERDURA ATADO SIN MARCA 300 G;FRUVER;2026-02-01;0;0;0;2
11293;VERDURA ATADO SIN MARCA 300 G;FRUVER;2026-03-01;0;0;0;3
11293;VERDURA ATADO SIN MARCA 300 G;FRUVER;2026-04-01;0;0;0;4
11293;VERDURA ATADO SIN MARCA 300 G;FRUVER;2026-05-01;0;0;0;5
11293;VERDURA ATADO SIN MARCA 300 G;FRUVER;2026-06-01;0;0;0;6
11293;VERDURA ATADO SIN MARCA 300 G;FRUVER;2026-07-01;8.8533;4;9;7
11294;POLLO PECHUGA ENTERA CONGELADO 2 KG X4;PERECIBLE;2026-01-01;0;0;0;1
11294;POLLO PECHUGA ENTERA CONGELADO 2 KG X4;PERECIBLE;2026-02-01;0;0;0;2
11294;POLLO PECHUGA ENTERA CONGELADO 2 KG X4;PERECIBLE;2026-03-01;0;0;0;3
11294;POLLO PECHUGA ENTERA CONGELADO 2 KG X4;PERECIBLE;2026-04-01;286.82346;6;39.82;4
11294;POLLO PECHUGA ENTERA CONGELADO 2 KG X4;PERECIBLE;2026-05-01;212.70459;5;29.53;5
11294;POLLO PECHUGA ENTERA CONGELADO 2 KG X4;PERECIBLE;2026-06-01;51.78957;1;7.19;6
11294;POLLO PECHUGA ENTERA CONGELADO 2 KG X4;PERECIBLE;2026-07-01;2466.09111;72;342.37;7
11298;RES COSTILLA CONGELADO 1 KG;PERECIBLE;2026-01-01;0;0;0;1
11298;RES COSTILLA CONGELADO 1 KG;PERECIBLE;2026-02-01;0;0;0;2
11298;RES COSTILLA CONGELADO 1 KG;PERECIBLE;2026-03-01;0;0;0;3
11298;RES COSTILLA CONGELADO 1 KG;PERECIBLE;2026-04-01;0;0;0;4
11298;RES COSTILLA CONGELADO 1 KG;PERECIBLE;2026-05-01;7.191782;1;2.21;5
11298;RES COSTILLA CONGELADO 1 KG;PERECIBLE;2026-06-01;0;0;0;6
11298;RES COSTILLA CONGELADO 1 KG;PERECIBLE;2026-07-01;0;0;0;7
11305;TILAPIA FILETE SANTA PRISCILA X 1 KG;PERECIBLE;2026-01-01;0;0;0;1
11305;TILAPIA FILETE SANTA PRISCILA X 1 KG;PERECIBLE;2026-02-01;0;0;0;2
11305;TILAPIA FILETE SANTA PRISCILA X 1 KG;PERECIBLE;2026-03-01;0;0;0;3
11305;TILAPIA FILETE SANTA PRISCILA X 1 KG;PERECIBLE;2026-04-01;0;0;0;4
11305;TILAPIA FILETE SANTA PRISCILA X 1 KG;PERECIBLE;2026-05-01;7.644;1;1.05;5
11305;TILAPIA FILETE SANTA PRISCILA X 1 KG;PERECIBLE;2026-06-01;0;0;0;6
11305;TILAPIA FILETE SANTA PRISCILA X 1 KG;PERECIBLE;2026-07-01;0;0;0;7
11323;RES BIFE ANGOSTO MADURADO CONGELADO IMPORTADO FRIGOR (3.86 - 4.98 KG);PERECIBLE;2026-01-01;6956.3286;12;116.58;1
11323;RES BIFE ANGOSTO MADURADO CONGELADO IMPORTADO FRIGOR (3.86 - 4.98 KG);PERECIBLE;2026-02-01;3237.6942;6;54.26;2
11323;RES BIFE ANGOSTO MADURADO CONGELADO IMPORTADO FRIGOR (3.86 - 4.98 KG);PERECIBLE;2026-03-01;3768.1605;7;63.15;3
11323;RES BIFE ANGOSTO MADURADO CONGELADO IMPORTADO FRIGOR (3.86 - 4.98 KG);PERECIBLE;2026-04-01;3523.5135;8;59.05;4
11323;RES BIFE ANGOSTO MADURADO CONGELADO IMPORTADO FRIGOR (3.86 - 4.98 KG);PERECIBLE;2026-05-01;621.7614;1;10.42;5
11323;RES BIFE ANGOSTO MADURADO CONGELADO IMPORTADO FRIGOR (3.86 - 4.98 KG);PERECIBLE;2026-06-01;0;0;0;6
11323;RES BIFE ANGOSTO MADURADO CONGELADO IMPORTADO FRIGOR (3.86 - 4.98 KG);PERECIBLE;2026-07-01;0;0;0;7
11338;COLA PEPSI 300 ML;NO PERECIBLE;2026-01-01;31.9002;6;158;1
11338;COLA PEPSI 300 ML;NO PERECIBLE;2026-02-01;68.2422;8;338;2
11338;COLA PEPSI 300 ML;NO PERECIBLE;2026-03-01;80.76;10;400;3
11338;COLA PEPSI 300 ML;NO PERECIBLE;2026-04-01;96.912;14;480;4
11338;COLA PEPSI 300 ML;NO PERECIBLE;2026-05-01;56.1282;8;278;5
11338;COLA PEPSI 300 ML;NO PERECIBLE;2026-06-01;271.3536;12;1344;6
11338;COLA PEPSI 300 ML;NO PERECIBLE;2026-07-01;37.3515;10;185;7
11339;HUEVOS DE CODORNIZ LA ORIGINAL X 20;NO PERECIBLE;2026-01-01;30.282;2;21;1
11339;HUEVOS DE CODORNIZ LA ORIGINAL X 20;NO PERECIBLE;2026-02-01;18.746;2;13;2
11339;HUEVOS DE CODORNIZ LA ORIGINAL X 20;NO PERECIBLE;2026-03-01;7.21;1;5;3
11339;HUEVOS DE CODORNIZ LA ORIGINAL X 20;NO PERECIBLE;2026-04-01;7.21;1;5;4
11339;HUEVOS DE CODORNIZ LA ORIGINAL X 20;NO PERECIBLE;2026-05-01;14.42;3;10;5
11339;HUEVOS DE CODORNIZ LA ORIGINAL X 20;NO PERECIBLE;2026-06-01;7.21;1;5;6
11339;HUEVOS DE CODORNIZ LA ORIGINAL X 20;NO PERECIBLE;2026-07-01;24.514;3;17;7
11340;JARABE SABOR A MAPLE MCCORMICK 300 ML;NO PERECIBLE;2026-01-01;219.5982819;30;90;1
11340;JARABE SABOR A MAPLE MCCORMICK 300 ML;NO PERECIBLE;2026-02-01;129.31898823;24;53;2
11340;JARABE SABOR A MAPLE MCCORMICK 300 ML;NO PERECIBLE;2026-03-01;156.15877824;29;64;3
11340;JARABE SABOR A MAPLE MCCORMICK 300 ML;NO PERECIBLE;2026-04-01;153.71879733;33;63;4
11340;JARABE SABOR A MAPLE MCCORMICK 300 ML;NO PERECIBLE;2026-05-01;161.03874006;37;66;5
11340;JARABE SABOR A MAPLE MCCORMICK 300 ML;NO PERECIBLE;2026-06-01;187.87853007;34;77;6
11340;JARABE SABOR A MAPLE MCCORMICK 300 ML;NO PERECIBLE;2026-07-01;136.63893096;33;56;7
11362;YOGURT SEMIDESCREMADO FRUTILLA SORPRESA KIOSKO 180 GR;PERECIBLE;2026-01-01;674.88;35;912;1
11362;YOGURT SEMIDESCREMADO FRUTILLA SORPRESA KIOSKO 180 GR;PERECIBLE;2026-02-01;488.4;27;660;2
11362;YOGURT SEMIDESCREMADO FRUTILLA SORPRESA KIOSKO 180 GR;PERECIBLE;2026-03-01;430.68;33;582;3
11362;YOGURT SEMIDESCREMADO FRUTILLA SORPRESA KIOSKO 180 GR;PERECIBLE;2026-04-01;306.36;28;414;4
11362;YOGURT SEMIDESCREMADO FRUTILLA SORPRESA KIOSKO 180 GR;PERECIBLE;2026-05-01;313.02;31;423;5
11362;YOGURT SEMIDESCREMADO FRUTILLA SORPRESA KIOSKO 180 GR;PERECIBLE;2026-06-01;232.36;22;314;6
11362;YOGURT SEMIDESCREMADO FRUTILLA SORPRESA KIOSKO 180 GR;PERECIBLE;2026-07-01;17.76;2;24;7
11363;YOGURT SEMIDESCREMADO MORA SORPRESA KIOSKO 180 GR;PERECIBLE;2026-01-01;590.52;31;798;1
11363;YOGURT SEMIDESCREMADO MORA SORPRESA KIOSKO 180 GR;PERECIBLE;2026-02-01;444;26;600;2
11363;YOGURT SEMIDESCREMADO MORA SORPRESA KIOSKO 180 GR;PERECIBLE;2026-03-01;368.52;30;498;3
11363;YOGURT SEMIDESCREMADO MORA SORPRESA KIOSKO 180 GR;PERECIBLE;2026-04-01;226.44;24;306;4
11363;YOGURT SEMIDESCREMADO MORA SORPRESA KIOSKO 180 GR;PERECIBLE;2026-05-01;241.98;28;327;5
11363;YOGURT SEMIDESCREMADO MORA SORPRESA KIOSKO 180 GR;PERECIBLE;2026-06-01;219.04;19;296;6
11363;YOGURT SEMIDESCREMADO MORA SORPRESA KIOSKO 180 GR;PERECIBLE;2026-07-01;150.96;8;204;7
11365;YOGURT SEMIDESCREMADO DURAZNO SORPRESA KIOSKO 180 GR;PERECIBLE;2026-01-01;421.8;20;570;1
11365;YOGURT SEMIDESCREMADO DURAZNO SORPRESA KIOSKO 180 GR;PERECIBLE;2026-02-01;248.64;15;336;2
11365;YOGURT SEMIDESCREMADO DURAZNO SORPRESA KIOSKO 180 GR;PERECIBLE;2026-03-01;266.4;17;360;3
11365;YOGURT SEMIDESCREMADO DURAZNO SORPRESA KIOSKO 180 GR;PERECIBLE;2026-04-01;204.24;16;276;4
11365;YOGURT SEMIDESCREMADO DURAZNO SORPRESA KIOSKO 180 GR;PERECIBLE;2026-05-01;219.78;20;297;5
11365;YOGURT SEMIDESCREMADO DURAZNO SORPRESA KIOSKO 180 GR;PERECIBLE;2026-06-01;119.88;11;162;6
11365;YOGURT SEMIDESCREMADO DURAZNO SORPRESA KIOSKO 180 GR;PERECIBLE;2026-07-01;22.2;9;30;7
11369;HUEVOS GRANJA INTEGRAL 1/2 CUBETA (58-64) GR X15;NO PERECIBLE;2026-01-01;2059.2;485;1040;1
11369;HUEVOS GRANJA INTEGRAL 1/2 CUBETA (58-64) GR X15;NO PERECIBLE;2026-02-01;1780.02;461;899;2
11369;HUEVOS GRANJA INTEGRAL 1/2 CUBETA (58-64) GR X15;NO PERECIBLE;2026-03-01;2366.1;510;1195;3
11369;HUEVOS GRANJA INTEGRAL 1/2 CUBETA (58-64) GR X15;NO PERECIBLE;2026-04-01;1568.16;452;792;4
11369;HUEVOS GRANJA INTEGRAL 1/2 CUBETA (58-64) GR X15;NO PERECIBLE;2026-05-01;2332.44;472;1178;5
11369;HUEVOS GRANJA INTEGRAL 1/2 CUBETA (58-64) GR X15;NO PERECIBLE;2026-06-01;3154.14;530;1593;6
11369;HUEVOS GRANJA INTEGRAL 1/2 CUBETA (58-64) GR X15;NO PERECIBLE;2026-07-01;2627.46;679;1327;7
11373;CAFE TRADICION NESCAFE VIDRIO 190 GR;NO PERECIBLE;2026-01-01;10853.31;319;1637;1
11373;CAFE TRADICION NESCAFE VIDRIO 190 GR;NO PERECIBLE;2026-02-01;10667.67;333;1609;2
11373;CAFE TRADICION NESCAFE VIDRIO 190 GR;NO PERECIBLE;2026-03-01;13810.29;428;2083;3
11373;CAFE TRADICION NESCAFE VIDRIO 190 GR;NO PERECIBLE;2026-04-01;13578.24;463;2048;4
11373;CAFE TRADICION NESCAFE VIDRIO 190 GR;NO PERECIBLE;2026-05-01;10999.17;407;1659;5
11373;CAFE TRADICION NESCAFE VIDRIO 190 GR;NO PERECIBLE;2026-06-01;12431.25;447;1875;6
11373;CAFE TRADICION NESCAFE VIDRIO 190 GR;NO PERECIBLE;2026-07-01;10959.39;414;1653;7
11375;MATA MALEZA GURKA 500 GLIFOSATO GL;NO PERECIBLE;2026-01-01;108;3;6;1
11375;MATA MALEZA GURKA 500 GLIFOSATO GL;NO PERECIBLE;2026-02-01;54;2;3;2
11375;MATA MALEZA GURKA 500 GLIFOSATO GL;NO PERECIBLE;2026-03-01;108;3;6;3
11375;MATA MALEZA GURKA 500 GLIFOSATO GL;NO PERECIBLE;2026-04-01;126;4;7;4
11375;MATA MALEZA GURKA 500 GLIFOSATO GL;NO PERECIBLE;2026-05-01;126;3;7;5
11375;MATA MALEZA GURKA 500 GLIFOSATO GL;NO PERECIBLE;2026-06-01;144;4;8;6
11375;MATA MALEZA GURKA 500 GLIFOSATO GL;NO PERECIBLE;2026-07-01;198;6;11;7
11377;COLA QUINTUPLE PIÑA 300 ML;NO PERECIBLE;2026-01-01;14.82;6;78;1
11377;COLA QUINTUPLE PIÑA 300 ML;NO PERECIBLE;2026-02-01;8.74;4;46;2
11377;COLA QUINTUPLE PIÑA 300 ML;NO PERECIBLE;2026-03-01;5.32;4;28;3
11377;COLA QUINTUPLE PIÑA 300 ML;NO PERECIBLE;2026-04-01;15.58;8;82;4
11377;COLA QUINTUPLE PIÑA 300 ML;NO PERECIBLE;2026-05-01;18.05;8;95;5
11377;COLA QUINTUPLE PIÑA 300 ML;NO PERECIBLE;2026-06-01;83.79;16;441;6
11377;COLA QUINTUPLE PIÑA 300 ML;NO PERECIBLE;2026-07-01;21.66;8;114;7
11378;COLA QUINTUPLE UVA 300 ML;NO PERECIBLE;2026-01-01;51.1203;7;231;1
11378;COLA QUINTUPLE UVA 300 ML;NO PERECIBLE;2026-02-01;30.0968;6;136;2
11378;COLA QUINTUPLE UVA 300 ML;NO PERECIBLE;2026-03-01;47.1369;5;213;3
11378;COLA QUINTUPLE UVA 300 ML;NO PERECIBLE;2026-04-01;32.7524;8;148;4
11378;COLA QUINTUPLE UVA 300 ML;NO PERECIBLE;2026-05-01;79.8893;10;361;5
11378;COLA QUINTUPLE UVA 300 ML;NO PERECIBLE;2026-06-01;4.2047;3;19;6
11378;COLA QUINTUPLE UVA 300 ML;NO PERECIBLE;2026-07-01;26.1134;5;118;7
11380;CHOCOLATE BARRA BIOS 600 GR (30 UND X20 GR);NO PERECIBLE;2026-01-01;34;2;4;1
11380;CHOCOLATE BARRA BIOS 600 GR (30 UND X20 GR);NO PERECIBLE;2026-02-01;68;3;8;2
11380;CHOCOLATE BARRA BIOS 600 GR (30 UND X20 GR);NO PERECIBLE;2026-03-01;119;5;14;3
11380;CHOCOLATE BARRA BIOS 600 GR (30 UND X20 GR);NO PERECIBLE;2026-04-01;357;4;42;4
11380;CHOCOLATE BARRA BIOS 600 GR (30 UND X20 GR);NO PERECIBLE;2026-05-01;8.5;1;1;5
11380;CHOCOLATE BARRA BIOS 600 GR (30 UND X20 GR);NO PERECIBLE;2026-06-01;25.5;3;3;6
11380;CHOCOLATE BARRA BIOS 600 GR (30 UND X20 GR);NO PERECIBLE;2026-07-01;17;2;2;7
11382;YOGURT SURTIDO LIGHT DESCREMADO TONI 100 (190 GR X6 UND);PERECIBLE;2026-01-01;12.8775;3;3;1
11382;YOGURT SURTIDO LIGHT DESCREMADO TONI 100 (190 GR X6 UND);PERECIBLE;2026-02-01;17.17;3;4;2
11382;YOGURT SURTIDO LIGHT DESCREMADO TONI 100 (190 GR X6 UND);PERECIBLE;2026-03-01;21.4625;3;5;3
11382;YOGURT SURTIDO LIGHT DESCREMADO TONI 100 (190 GR X6 UND);PERECIBLE;2026-04-01;107.3125;5;25;4
11382;YOGURT SURTIDO LIGHT DESCREMADO TONI 100 (190 GR X6 UND);PERECIBLE;2026-05-01;21.4625;4;5;5
11382;YOGURT SURTIDO LIGHT DESCREMADO TONI 100 (190 GR X6 UND);PERECIBLE;2026-06-01;30.0475;4;7;6
11382;YOGURT SURTIDO LIGHT DESCREMADO TONI 100 (190 GR X6 UND);PERECIBLE;2026-07-01;12.8775;3;3;7
11384;ESPARRAGO VERDE ARENAS 500 GR;FRUVER;2026-01-01;46.578;8;28;1
11384;ESPARRAGO VERDE ARENAS 500 GR;FRUVER;2026-02-01;94.8195;14;57;2
11384;ESPARRAGO VERDE ARENAS 500 GR;FRUVER;2026-03-01;131.4165;15;79;3
11384;ESPARRAGO VERDE ARENAS 500 GR;FRUVER;2026-04-01;54.8955;6;33;4
11384;ESPARRAGO VERDE ARENAS 500 GR;FRUVER;2026-05-01;94.8195;10;57;5
11384;ESPARRAGO VERDE ARENAS 500 GR;FRUVER;2026-06-01;113.118;17;68;6
11384;ESPARRAGO VERDE ARENAS 500 GR;FRUVER;2026-07-01;11.6445;1;7;7
11394;RES PICAÑA IMPORTADA FRIGOR (1.17 - 2.13 KG);PERECIBLE;2026-01-01;0;0;0;1
11394;RES PICAÑA IMPORTADA FRIGOR (1.17 - 2.13 KG);PERECIBLE;2026-02-01;0;0;0;2
11394;RES PICAÑA IMPORTADA FRIGOR (1.17 - 2.13 KG);PERECIBLE;2026-03-01;437.337387;3;18.63;3
11394;RES PICAÑA IMPORTADA FRIGOR (1.17 - 2.13 KG);PERECIBLE;2026-04-01;540.861696;6;23.04;4
11394;RES PICAÑA IMPORTADA FRIGOR (1.17 - 2.13 KG);PERECIBLE;2026-05-01;0;0;0;5
11394;RES PICAÑA IMPORTADA FRIGOR (1.17 - 2.13 KG);PERECIBLE;2026-06-01;0;0;0;6
11394;RES PICAÑA IMPORTADA FRIGOR (1.17 - 2.13 KG);PERECIBLE;2026-07-01;0;0;0;7
11404;TAJAPAN INTEGRAL SUPAN 550 GR X20;NO PERECIBLE;2026-01-01;236.88;44;141;1
11404;TAJAPAN INTEGRAL SUPAN 550 GR X20;NO PERECIBLE;2026-02-01;149.52;40;89;2
11404;TAJAPAN INTEGRAL SUPAN 550 GR X20;NO PERECIBLE;2026-03-01;204.96;43;122;3
11404;TAJAPAN INTEGRAL SUPAN 550 GR X20;NO PERECIBLE;2026-04-01;211.68;49;126;4
11404;TAJAPAN INTEGRAL SUPAN 550 GR X20;NO PERECIBLE;2026-05-01;206.64;36;123;5
11404;TAJAPAN INTEGRAL SUPAN 550 GR X20;NO PERECIBLE;2026-06-01;186.48;32;111;6
11404;TAJAPAN INTEGRAL SUPAN 550 GR X20;NO PERECIBLE;2026-07-01;189.84;36;113;7
11407;VINAGRE BLANCO PROADA 3450 ML;NO PERECIBLE;2026-01-01;415.35;229;355;1
11407;VINAGRE BLANCO PROADA 3450 ML;NO PERECIBLE;2026-02-01;425.88;215;364;2
11407;VINAGRE BLANCO PROADA 3450 ML;NO PERECIBLE;2026-03-01;480.87;239;411;3
11407;VINAGRE BLANCO PROADA 3450 ML;NO PERECIBLE;2026-04-01;497.25;250;425;4
11407;VINAGRE BLANCO PROADA 3450 ML;NO PERECIBLE;2026-05-01;544.05;258;465;5
11407;VINAGRE BLANCO PROADA 3450 ML;NO PERECIBLE;2026-06-01;515.97;244;441;6
11407;VINAGRE BLANCO PROADA 3450 ML;NO PERECIBLE;2026-07-01;479.7;237;410;7
11409;RES CORAZON DE CUADRIL 120 DIAS IMPORTADO FRIGOR (2.76 - 3.82 KG);PERECIBLE;2026-01-01;0;0;0;1
11409;RES CORAZON DE CUADRIL 120 DIAS IMPORTADO FRIGOR (2.76 - 3.82 KG);PERECIBLE;2026-02-01;0;0;0;2
11409;RES CORAZON DE CUADRIL 120 DIAS IMPORTADO FRIGOR (2.76 - 3.82 KG);PERECIBLE;2026-03-01;0;0;0;3
11409;RES CORAZON DE CUADRIL 120 DIAS IMPORTADO FRIGOR (2.76 - 3.82 KG);PERECIBLE;2026-04-01;0;0;0;4
11409;RES CORAZON DE CUADRIL 120 DIAS IMPORTADO FRIGOR (2.76 - 3.82 KG);PERECIBLE;2026-05-01;0;0;0;5
11409;RES CORAZON DE CUADRIL 120 DIAS IMPORTADO FRIGOR (2.76 - 3.82 KG);PERECIBLE;2026-06-01;0;0;0;6
11409;RES CORAZON DE CUADRIL 120 DIAS IMPORTADO FRIGOR (2.76 - 3.82 KG);PERECIBLE;2026-07-01;23.341802904;1;2.48;7
11415;RES TIRA DE ASADO SHORT RIB SUPERMAXI (1.03 - 1.53) KG;PERECIBLE;2026-01-01;0;0;0;1
11415;RES TIRA DE ASADO SHORT RIB SUPERMAXI (1.03 - 1.53) KG;PERECIBLE;2026-02-01;7.0705782664;1;1.18;2
11415;RES TIRA DE ASADO SHORT RIB SUPERMAXI (1.03 - 1.53) KG;PERECIBLE;2026-03-01;0;0;0;3
11415;RES TIRA DE ASADO SHORT RIB SUPERMAXI (1.03 - 1.53) KG;PERECIBLE;2026-04-01;0;0;0;4
11415;RES TIRA DE ASADO SHORT RIB SUPERMAXI (1.03 - 1.53) KG;PERECIBLE;2026-05-01;0;0;0;5
11415;RES TIRA DE ASADO SHORT RIB SUPERMAXI (1.03 - 1.53) KG;PERECIBLE;2026-06-01;0;0;0;6
11415;RES TIRA DE ASADO SHORT RIB SUPERMAXI (1.03 - 1.53) KG;PERECIBLE;2026-07-01;0;0;0;7
11422;COCA COLA ORIGINAL 3.05 LT;NO PERECIBLE;2026-01-01;0;0;0;1
11422;COCA COLA ORIGINAL 3.05 LT;NO PERECIBLE;2026-02-01;0;0;0;2
11422;COCA COLA ORIGINAL 3.05 LT;NO PERECIBLE;2026-03-01;0;0;0;3
11422;COCA COLA ORIGINAL 3.05 LT;NO PERECIBLE;2026-04-01;0;0;0;4
11422;COCA COLA ORIGINAL 3.05 LT;NO PERECIBLE;2026-05-01;0;0;0;5
11422;COCA COLA ORIGINAL 3.05 LT;NO PERECIBLE;2026-06-01;0;0;0;6
11422;COCA COLA ORIGINAL 3.05 LT;NO PERECIBLE;2026-07-01;251.2635;14;115;7
11428;TOSTADAS CON AJO BAGUETTE 120 GR;NO PERECIBLE;2026-01-01;0;0;0;1
11428;TOSTADAS CON AJO BAGUETTE 120 GR;NO PERECIBLE;2026-02-01;3.89768012;2;2;2
11428;TOSTADAS CON AJO BAGUETTE 120 GR;NO PERECIBLE;2026-03-01;0;0;0;3
11428;TOSTADAS CON AJO BAGUETTE 120 GR;NO PERECIBLE;2026-04-01;0;0;0;4
11428;TOSTADAS CON AJO BAGUETTE 120 GR;NO PERECIBLE;2026-05-01;0;0;0;5
11428;TOSTADAS CON AJO BAGUETTE 120 GR;NO PERECIBLE;2026-06-01;0;0;0;6
11428;TOSTADAS CON AJO BAGUETTE 120 GR;NO PERECIBLE;2026-07-01;0;0;0;7
11434;RES HIGADO IMPORTADO ARGENTINO 1 KG;PERECIBLE;2026-01-01;0;0;0;1
11434;RES HIGADO IMPORTADO ARGENTINO 1 KG;PERECIBLE;2026-02-01;0;0;0;2
11434;RES HIGADO IMPORTADO ARGENTINO 1 KG;PERECIBLE;2026-03-01;0;0;0;3
11434;RES HIGADO IMPORTADO ARGENTINO 1 KG;PERECIBLE;2026-04-01;0;0;0;4
11434;RES HIGADO IMPORTADO ARGENTINO 1 KG;PERECIBLE;2026-05-01;0;0;0;5
11434;RES HIGADO IMPORTADO ARGENTINO 1 KG;PERECIBLE;2026-06-01;3.1122;1;1.05;6
11434;RES HIGADO IMPORTADO ARGENTINO 1 KG;PERECIBLE;2026-07-01;0;0;0;7
11441;RES PICAÑA TIPO A MADURADO/IMPORTADO FRIGOR (1.1 - 1.9 KG);PERECIBLE;2026-01-01;0;0;0;1
11441;RES PICAÑA TIPO A MADURADO/IMPORTADO FRIGOR (1.1 - 1.9 KG);PERECIBLE;2026-02-01;1141.356216;16;43.19;2
11441;RES PICAÑA TIPO A MADURADO/IMPORTADO FRIGOR (1.1 - 1.9 KG);PERECIBLE;2026-03-01;327.951624;5;12.41;3
11441;RES PICAÑA TIPO A MADURADO/IMPORTADO FRIGOR (1.1 - 1.9 KG);PERECIBLE;2026-04-01;0;0;0;4
11441;RES PICAÑA TIPO A MADURADO/IMPORTADO FRIGOR (1.1 - 1.9 KG);PERECIBLE;2026-05-01;86.942856;2;3.29;5
11441;RES PICAÑA TIPO A MADURADO/IMPORTADO FRIGOR (1.1 - 1.9 KG);PERECIBLE;2026-06-01;0;0;0;6
11441;RES PICAÑA TIPO A MADURADO/IMPORTADO FRIGOR (1.1 - 1.9 KG);PERECIBLE;2026-07-01;0;0;0;7
11444;MUFFINS ENGLISH MAXIPAN CAJA 360 GR;PERECIBLE;2026-01-01;0;0;0;1
11444;MUFFINS ENGLISH MAXIPAN CAJA 360 GR;PERECIBLE;2026-02-01;15.04;2;4;2
11444;MUFFINS ENGLISH MAXIPAN CAJA 360 GR;PERECIBLE;2026-03-01;0;0;0;3
11444;MUFFINS ENGLISH MAXIPAN CAJA 360 GR;PERECIBLE;2026-04-01;0;0;0;4
11444;MUFFINS ENGLISH MAXIPAN CAJA 360 GR;PERECIBLE;2026-05-01;0;0;0;5
11444;MUFFINS ENGLISH MAXIPAN CAJA 360 GR;PERECIBLE;2026-06-01;0;0;0;6
11444;MUFFINS ENGLISH MAXIPAN CAJA 360 GR;PERECIBLE;2026-07-01;0;0;0;7
11447;PAPA CECILIA GRUESA SUPERMAXI 1.2 KG;FRUVER;2026-01-01;0;0;0;1
11447;PAPA CECILIA GRUESA SUPERMAXI 1.2 KG;FRUVER;2026-02-01;8.0958;3;6;2
11447;PAPA CECILIA GRUESA SUPERMAXI 1.2 KG;FRUVER;2026-03-01;29.6846;5;22;3
11447;PAPA CECILIA GRUESA SUPERMAXI 1.2 KG;FRUVER;2026-04-01;12.1437;2;9;4
11447;PAPA CECILIA GRUESA SUPERMAXI 1.2 KG;FRUVER;2026-05-01;21.5888;4;16;5
11447;PAPA CECILIA GRUESA SUPERMAXI 1.2 KG;FRUVER;2026-06-01;39.1297;4;29;6
11447;PAPA CECILIA GRUESA SUPERMAXI 1.2 KG;FRUVER;2026-07-01;14.8423;5;11;7
11451;RES BIFE DE CHORIZO LOMO DE FALDA SUPERMAXI (1 - 1.2) KG;PERECIBLE;2026-01-01;115.7997262968;6;7.32;1
11451;RES BIFE DE CHORIZO LOMO DE FALDA SUPERMAXI (1 - 1.2) KG;PERECIBLE;2026-02-01;7.5934246752;1;0.48;2
11451;RES BIFE DE CHORIZO LOMO DE FALDA SUPERMAXI (1 - 1.2) KG;PERECIBLE;2026-03-01;0;0;0;3
11451;RES BIFE DE CHORIZO LOMO DE FALDA SUPERMAXI (1 - 1.2) KG;PERECIBLE;2026-04-01;0;0;0;4
11451;RES BIFE DE CHORIZO LOMO DE FALDA SUPERMAXI (1 - 1.2) KG;PERECIBLE;2026-05-01;0;0;0;5
11451;RES BIFE DE CHORIZO LOMO DE FALDA SUPERMAXI (1 - 1.2) KG;PERECIBLE;2026-06-01;0;0;0;6
11451;RES BIFE DE CHORIZO LOMO DE FALDA SUPERMAXI (1 - 1.2) KG;PERECIBLE;2026-07-01;0;0;0;7
11452;CHOCOLATE SEMIAMARGO CHOCOLATERIA NESTLE 180 GR;NO PERECIBLE;2026-01-01;112.224;13;48;1
11452;CHOCOLATE SEMIAMARGO CHOCOLATERIA NESTLE 180 GR;NO PERECIBLE;2026-02-01;350.7;25;150;2
11452;CHOCOLATE SEMIAMARGO CHOCOLATERIA NESTLE 180 GR;NO PERECIBLE;2026-03-01;109.886;11;47;3
11452;CHOCOLATE SEMIAMARGO CHOCOLATERIA NESTLE 180 GR;NO PERECIBLE;2026-04-01;154.308;18;66;4
11452;CHOCOLATE SEMIAMARGO CHOCOLATERIA NESTLE 180 GR;NO PERECIBLE;2026-05-01;187.04;24;80;5
11452;CHOCOLATE SEMIAMARGO CHOCOLATERIA NESTLE 180 GR;NO PERECIBLE;2026-06-01;112.224;19;48;6
11452;CHOCOLATE SEMIAMARGO CHOCOLATERIA NESTLE 180 GR;NO PERECIBLE;2026-07-01;264.194;46;113;7
11453;LAVAVAJILLA CREMA ESTRELLA LIMON 4 KG;NO PERECIBLE;2026-01-01;761.13237057;93;143;1
11453;LAVAVAJILLA CREMA ESTRELLA LIMON 4 KG;NO PERECIBLE;2026-02-01;654.148030371;85;122.9;2
11453;LAVAVAJILLA CREMA ESTRELLA LIMON 4 KG;NO PERECIBLE;2026-03-01;729.19674663;96;137;3
11453;LAVAVAJILLA CREMA ESTRELLA LIMON 4 KG;NO PERECIBLE;2026-04-01;675.97070673;88;127;4
11453;LAVAVAJILLA CREMA ESTRELLA LIMON 4 KG;NO PERECIBLE;2026-05-01;681.29331072;89;128;5
11453;LAVAVAJILLA CREMA ESTRELLA LIMON 4 KG;NO PERECIBLE;2026-06-01;675.97070673;85;127;6
11453;LAVAVAJILLA CREMA ESTRELLA LIMON 4 KG;NO PERECIBLE;2026-07-01;569.51862693;71;107;7
11455;CERDO STEAK SUIZO CONGELADO GG;PERECIBLE;2026-01-01;0;0;0;1
11455;CERDO STEAK SUIZO CONGELADO GG;PERECIBLE;2026-02-01;0;0;0;2
11455;CERDO STEAK SUIZO CONGELADO GG;PERECIBLE;2026-03-01;105.56217;5;13.23;3
11455;CERDO STEAK SUIZO CONGELADO GG;PERECIBLE;2026-04-01;0;0;0;4
11455;CERDO STEAK SUIZO CONGELADO GG;PERECIBLE;2026-05-01;0;0;0;5
11455;CERDO STEAK SUIZO CONGELADO GG;PERECIBLE;2026-06-01;0;0;0;6
11455;CERDO STEAK SUIZO CONGELADO GG;PERECIBLE;2026-07-01;0;0;0;7
11458;HUEVOS AVITO CUBETA (58-64) GR X30;NO PERECIBLE;2026-01-01;14882.12835486;634;4134;1
11458;HUEVOS AVITO CUBETA (58-64) GR X30;NO PERECIBLE;2026-02-01;12628.56948932;502;3508;2
11458;HUEVOS AVITO CUBETA (58-64) GR X30;NO PERECIBLE;2026-03-01;13938.94557088;599;3872;3
11458;HUEVOS AVITO CUBETA (58-64) GR X30;NO PERECIBLE;2026-04-01;20652.82302173;750;5737;4
11458;HUEVOS AVITO CUBETA (58-64) GR X30;NO PERECIBLE;2026-05-01;22067.5971977;769;6130;5
11458;HUEVOS AVITO CUBETA (58-64) GR X30;NO PERECIBLE;2026-06-01;15904.50969322;616;4418;6
11458;HUEVOS AVITO CUBETA (58-64) GR X30;NO PERECIBLE;2026-07-01;23547.17019089;752;6541;7
11459;ROAST BEEF TIPO I CASA NOBLE 180 GR;PERECIBLE;2026-01-01;16.374;2;4;1
11459;ROAST BEEF TIPO I CASA NOBLE 180 GR;PERECIBLE;2026-02-01;16.374;1;4;2
11459;ROAST BEEF TIPO I CASA NOBLE 180 GR;PERECIBLE;2026-03-01;0;0;0;3
11459;ROAST BEEF TIPO I CASA NOBLE 180 GR;PERECIBLE;2026-04-01;0;0;0;4
11459;ROAST BEEF TIPO I CASA NOBLE 180 GR;PERECIBLE;2026-05-01;0;0;0;5
11459;ROAST BEEF TIPO I CASA NOBLE 180 GR;PERECIBLE;2026-06-01;0;0;0;6
11459;ROAST BEEF TIPO I CASA NOBLE 180 GR;PERECIBLE;2026-07-01;0;0;0;7
11460;TOTOPOS TORTILLAS DE MAIZ SABOR SRIRACHA KIWA 35 GR;NO PERECIBLE;2026-01-01;10.8;1;30;1
11460;TOTOPOS TORTILLAS DE MAIZ SABOR SRIRACHA KIWA 35 GR;NO PERECIBLE;2026-02-01;0;0;0;2
11460;TOTOPOS TORTILLAS DE MAIZ SABOR SRIRACHA KIWA 35 GR;NO PERECIBLE;2026-03-01;0;0;0;3
11460;TOTOPOS TORTILLAS DE MAIZ SABOR SRIRACHA KIWA 35 GR;NO PERECIBLE;2026-04-01;0;0;0;4
11460;TOTOPOS TORTILLAS DE MAIZ SABOR SRIRACHA KIWA 35 GR;NO PERECIBLE;2026-05-01;0;0;0;5
11460;TOTOPOS TORTILLAS DE MAIZ SABOR SRIRACHA KIWA 35 GR;NO PERECIBLE;2026-06-01;0;0;0;6
11460;TOTOPOS TORTILLAS DE MAIZ SABOR SRIRACHA KIWA 35 GR;NO PERECIBLE;2026-07-01;0;0;0;7
11461;TOTOPOS TORTILLAS DE MAIZ SABOR LIMON KIWA 35 GR;NO PERECIBLE;2026-01-01;1047.6;36;2910;1
11461;TOTOPOS TORTILLAS DE MAIZ SABOR LIMON KIWA 35 GR;NO PERECIBLE;2026-02-01;972;34;2700;2
11461;TOTOPOS TORTILLAS DE MAIZ SABOR LIMON KIWA 35 GR;NO PERECIBLE;2026-03-01;886.68;32;2463;3
11461;TOTOPOS TORTILLAS DE MAIZ SABOR LIMON KIWA 35 GR;NO PERECIBLE;2026-04-01;528.12;25;1467;4
11461;TOTOPOS TORTILLAS DE MAIZ SABOR LIMON KIWA 35 GR;NO PERECIBLE;2026-05-01;0;0;0;5
11461;TOTOPOS TORTILLAS DE MAIZ SABOR LIMON KIWA 35 GR;NO PERECIBLE;2026-06-01;0;0;0;6
11461;TOTOPOS TORTILLAS DE MAIZ SABOR LIMON KIWA 35 GR;NO PERECIBLE;2026-07-01;86.4;4;240;7
11462;JAMON SANDUCHERO TIPO I LA EUROPEA 500 GR;PERECIBLE;2026-01-01;470.75;42;175;1
11462;JAMON SANDUCHERO TIPO I LA EUROPEA 500 GR;PERECIBLE;2026-02-01;422.33;44;157;2
11462;JAMON SANDUCHERO TIPO I LA EUROPEA 500 GR;PERECIBLE;2026-03-01;548.76;54;204;3
11462;JAMON SANDUCHERO TIPO I LA EUROPEA 500 GR;PERECIBLE;2026-04-01;591.8;55;220;4
11462;JAMON SANDUCHERO TIPO I LA EUROPEA 500 GR;PERECIBLE;2026-05-01;613.32;53;228;5
11462;JAMON SANDUCHERO TIPO I LA EUROPEA 500 GR;PERECIBLE;2026-06-01;645.6;55;240;6
11462;JAMON SANDUCHERO TIPO I LA EUROPEA 500 GR;PERECIBLE;2026-07-01;430.4;45;160;7
11463;GATORADE UVA PET 1 LT;NO PERECIBLE;2026-01-01;1835.2893;7;2067;1
11463;GATORADE UVA PET 1 LT;NO PERECIBLE;2026-02-01;1512.9816;4;1704;2
11463;GATORADE UVA PET 1 LT;NO PERECIBLE;2026-03-01;0;0;0;3
11463;GATORADE UVA PET 1 LT;NO PERECIBLE;2026-04-01;1633.736;4;1840;4
11463;GATORADE UVA PET 1 LT;NO PERECIBLE;2026-05-01;1306.9888;3;1472;5
11463;GATORADE UVA PET 1 LT;NO PERECIBLE;2026-06-01;117.2028;1;132;6
11463;GATORADE UVA PET 1 LT;NO PERECIBLE;2026-07-01;2152.2696;5;2424;7
11464;GATORADE FRUTOS TROPICALES PET 1 LT;NO PERECIBLE;2026-01-01;2479.0168;4;2792;1
11464;GATORADE FRUTOS TROPICALES PET 1 LT;NO PERECIBLE;2026-02-01;2889.2266;7;3254;2
11464;GATORADE FRUTOS TROPICALES PET 1 LT;NO PERECIBLE;2026-03-01;4773.3504;7;5376;3
11464;GATORADE FRUTOS TROPICALES PET 1 LT;NO PERECIBLE;2026-04-01;5373.5708;6;6052;4
11464;GATORADE FRUTOS TROPICALES PET 1 LT;NO PERECIBLE;2026-05-01;5238.61;6;5900;5
11464;GATORADE FRUTOS TROPICALES PET 1 LT;NO PERECIBLE;2026-06-01;4979.3432;7;5608;6
11464;GATORADE FRUTOS TROPICALES PET 1 LT;NO PERECIBLE;2026-07-01;2809.3156;5;3164;7
11465;GATORADE MANZANA PET 1 LT;NO PERECIBLE;2026-01-01;1379.7966;5;1554;1
11465;GATORADE MANZANA PET 1 LT;NO PERECIBLE;2026-02-01;1124.0814;6;1266;2
11465;GATORADE MANZANA PET 1 LT;NO PERECIBLE;2026-03-01;1335.4016;6;1504;3
11465;GATORADE MANZANA PET 1 LT;NO PERECIBLE;2026-04-01;2141.6148;8;2412;4
11465;GATORADE MANZANA PET 1 LT;NO PERECIBLE;2026-05-01;1298.1098;6;1462;5
11465;GATORADE MANZANA PET 1 LT;NO PERECIBLE;2026-06-01;1235.9568;5;1392;6
11465;GATORADE MANZANA PET 1 LT;NO PERECIBLE;2026-07-01;1399.3304;8;1576;7
11466;ACEITE OLIVA EXTRA VIRGEN MAZZA 500 ML;NO PERECIBLE;2026-01-01;14.4627;3;3;1
11466;ACEITE OLIVA EXTRA VIRGEN MAZZA 500 ML;NO PERECIBLE;2026-02-01;14.4627;3;3;2
11466;ACEITE OLIVA EXTRA VIRGEN MAZZA 500 ML;NO PERECIBLE;2026-03-01;4.8209;1;1;3
11466;ACEITE OLIVA EXTRA VIRGEN MAZZA 500 ML;NO PERECIBLE;2026-04-01;4.8209;1;1;4
11466;ACEITE OLIVA EXTRA VIRGEN MAZZA 500 ML;NO PERECIBLE;2026-05-01;4.8209;1;1;5
11466;ACEITE OLIVA EXTRA VIRGEN MAZZA 500 ML;NO PERECIBLE;2026-06-01;0;0;0;6
11466;ACEITE OLIVA EXTRA VIRGEN MAZZA 500 ML;NO PERECIBLE;2026-07-01;4.8209;1;1;7
11467;ACEITE OLIVA EXTRA VIRGEN MAZZA 1 LT;NO PERECIBLE;2026-01-01;7.8736;1;1;1
11467;ACEITE OLIVA EXTRA VIRGEN MAZZA 1 LT;NO PERECIBLE;2026-02-01;7.8736;1;1;2
11467;ACEITE OLIVA EXTRA VIRGEN MAZZA 1 LT;NO PERECIBLE;2026-03-01;0;0;0;3
11467;ACEITE OLIVA EXTRA VIRGEN MAZZA 1 LT;NO PERECIBLE;2026-04-01;7.8736;1;1;4
11467;ACEITE OLIVA EXTRA VIRGEN MAZZA 1 LT;NO PERECIBLE;2026-05-01;7.8736;1;1;5
11467;ACEITE OLIVA EXTRA VIRGEN MAZZA 1 LT;NO PERECIBLE;2026-06-01;0;0;0;6
11467;ACEITE OLIVA EXTRA VIRGEN MAZZA 1 LT;NO PERECIBLE;2026-07-01;0;0;0;7
11470;HUEVOS AVIRICO CUBETA (58-64) GR X30;NO PERECIBLE;2026-01-01;10781.9941298;156;2995;1
11470;HUEVOS AVIRICO CUBETA (58-64) GR X30;NO PERECIBLE;2026-02-01;13982.39238736;226;3884;2
11470;HUEVOS AVIRICO CUBETA (58-64) GR X30;NO PERECIBLE;2026-03-01;16174.79119372;318;4493;3
11470;HUEVOS AVIRICO CUBETA (58-64) GR X30;NO PERECIBLE;2026-04-01;21556.78826352;289;5988;4
11470;HUEVOS AVIRICO CUBETA (58-64) GR X30;NO PERECIBLE;2026-05-01;21643.18821648;305;6012;5
11470;HUEVOS AVIRICO CUBETA (58-64) GR X30;NO PERECIBLE;2026-06-01;22777.18759908;361;6327;6
11470;HUEVOS AVIRICO CUBETA (58-64) GR X30;NO PERECIBLE;2026-07-01;20876.38863396;287;5799;7
11473;RES FILETE CONGELADO (50-60)X30;PERECIBLE;2026-01-01;0;0;0;1
11473;RES FILETE CONGELADO (50-60)X30;PERECIBLE;2026-02-01;0;0;0;2
11473;RES FILETE CONGELADO (50-60)X30;PERECIBLE;2026-03-01;0;0;0;3
11473;RES FILETE CONGELADO (50-60)X30;PERECIBLE;2026-04-01;0;0;0;4
11473;RES FILETE CONGELADO (50-60)X30;PERECIBLE;2026-05-01;0;0;0;5
11473;RES FILETE CONGELADO (50-60)X30;PERECIBLE;2026-06-01;24.06003;1;1.86;6
11473;RES FILETE CONGELADO (50-60)X30;PERECIBLE;2026-07-01;0;0;0;7
11475;JARABE DE AZUCAR ORIGINAL PEARL MILLING COMPANY 355 ML;NO PERECIBLE;2026-01-01;0;0;0;1
11475;JARABE DE AZUCAR ORIGINAL PEARL MILLING COMPANY 355 ML;NO PERECIBLE;2026-02-01;0;0;0;2
11475;JARABE DE AZUCAR ORIGINAL PEARL MILLING COMPANY 355 ML;NO PERECIBLE;2026-03-01;0;0;0;3
11475;JARABE DE AZUCAR ORIGINAL PEARL MILLING COMPANY 355 ML;NO PERECIBLE;2026-04-01;0;0;0;4
11475;JARABE DE AZUCAR ORIGINAL PEARL MILLING COMPANY 355 ML;NO PERECIBLE;2026-05-01;0;0;0;5
11475;JARABE DE AZUCAR ORIGINAL PEARL MILLING COMPANY 355 ML;NO PERECIBLE;2026-06-01;6.5508;2;3;6
11475;JARABE DE AZUCAR ORIGINAL PEARL MILLING COMPANY 355 ML;NO PERECIBLE;2026-07-01;0;0;0;7
11482;AJO CONGELADO IQF 1 KG;PERECIBLE;2026-01-01;12628;924;3608;1
11482;AJO CONGELADO IQF 1 KG;PERECIBLE;2026-02-01;9135;846;2610;2
11482;AJO CONGELADO IQF 1 KG;PERECIBLE;2026-03-01;10465;988;2990;3
11482;AJO CONGELADO IQF 1 KG;PERECIBLE;2026-04-01;9929.5;965;2837;4
11482;AJO CONGELADO IQF 1 KG;PERECIBLE;2026-05-01;9957.5;976;2845;5
11482;AJO CONGELADO IQF 1 KG;PERECIBLE;2026-06-01;10524.5;979;3007;6
11482;AJO CONGELADO IQF 1 KG;PERECIBLE;2026-07-01;10640;949;3040;7
11483;AJO CONGELADO IQF CAJA 10 KG;PERECIBLE;2026-01-01;735;18;21;1
11483;AJO CONGELADO IQF CAJA 10 KG;PERECIBLE;2026-02-01;4655;71;133;2
11483;AJO CONGELADO IQF CAJA 10 KG;PERECIBLE;2026-03-01;4130;84;118;3
11483;AJO CONGELADO IQF CAJA 10 KG;PERECIBLE;2026-04-01;4655;84;133;4
11483;AJO CONGELADO IQF CAJA 10 KG;PERECIBLE;2026-05-01;5180;106;148;5
11483;AJO CONGELADO IQF CAJA 10 KG;PERECIBLE;2026-06-01;5390;108;154;6
11483;AJO CONGELADO IQF CAJA 10 KG;PERECIBLE;2026-07-01;5215;100;149;7
11485;RES MOLIDA ESPECIAL 6 - 7% GRASA REFRIGERADO PROCESADO 5 KG;PERECIBLE;2026-01-01;143.6292;1;25.11;1
11485;RES MOLIDA ESPECIAL 6 - 7% GRASA REFRIGERADO PROCESADO 5 KG;PERECIBLE;2026-02-01;0;0;0;2
11485;RES MOLIDA ESPECIAL 6 - 7% GRASA REFRIGERADO PROCESADO 5 KG;PERECIBLE;2026-03-01;113.1988;4;19.79;3
11485;RES MOLIDA ESPECIAL 6 - 7% GRASA REFRIGERADO PROCESADO 5 KG;PERECIBLE;2026-04-01;0;0;0;4
11485;RES MOLIDA ESPECIAL 6 - 7% GRASA REFRIGERADO PROCESADO 5 KG;PERECIBLE;2026-05-01;85.5712;2;14.96;5
11485;RES MOLIDA ESPECIAL 6 - 7% GRASA REFRIGERADO PROCESADO 5 KG;PERECIBLE;2026-06-01;29.1148;1;5.09;6
11485;RES MOLIDA ESPECIAL 6 - 7% GRASA REFRIGERADO PROCESADO 5 KG;PERECIBLE;2026-07-01;28.9432;1;5.06;7
11500;QUINUA LA ORIGINAL 500 GR;NO PERECIBLE;2026-01-01;925.1048;247;872;1
11500;QUINUA LA ORIGINAL 500 GR;NO PERECIBLE;2026-02-01;921.9221;253;869;2
11500;QUINUA LA ORIGINAL 500 GR;NO PERECIBLE;2026-03-01;1036.4993;282;977;3
11500;QUINUA LA ORIGINAL 500 GR;NO PERECIBLE;2026-04-01;968.6017;270;913;4
11500;QUINUA LA ORIGINAL 500 GR;NO PERECIBLE;2026-05-01;916.6176;259;864;5
11500;QUINUA LA ORIGINAL 500 GR;NO PERECIBLE;2026-06-01;1151.0765;304;1085;6
11500;QUINUA LA ORIGINAL 500 GR;NO PERECIBLE;2026-07-01;1039.682;276;980;7
11501;PAPAS SUPERCRUNCH AVIKO 2.5 KG (CALIBRE 9.5MM);PERECIBLE;2026-01-01;0;0;0;1
11501;PAPAS SUPERCRUNCH AVIKO 2.5 KG (CALIBRE 9.5MM);PERECIBLE;2026-02-01;0;0;0;2
11501;PAPAS SUPERCRUNCH AVIKO 2.5 KG (CALIBRE 9.5MM);PERECIBLE;2026-03-01;0;0;0;3
11501;PAPAS SUPERCRUNCH AVIKO 2.5 KG (CALIBRE 9.5MM);PERECIBLE;2026-04-01;0;0;0;4
11501;PAPAS SUPERCRUNCH AVIKO 2.5 KG (CALIBRE 9.5MM);PERECIBLE;2026-05-01;0;0;0;5
11501;PAPAS SUPERCRUNCH AVIKO 2.5 KG (CALIBRE 9.5MM);PERECIBLE;2026-06-01;0;0;0;6
11501;PAPAS SUPERCRUNCH AVIKO 2.5 KG (CALIBRE 9.5MM);PERECIBLE;2026-07-01;0;0;0;7
11514;RES CARNE MOLIDA 14 - 15% GRASA TIPO 1 REFRIGERADO SUPERMAXI (460 - 500) GR;PERECIBLE;2026-01-01;0;0;0;1
11514;RES CARNE MOLIDA 14 - 15% GRASA TIPO 1 REFRIGERADO SUPERMAXI (460 - 500) GR;PERECIBLE;2026-02-01;15.52;3;4;2
11514;RES CARNE MOLIDA 14 - 15% GRASA TIPO 1 REFRIGERADO SUPERMAXI (460 - 500) GR;PERECIBLE;2026-03-01;0;0;0;3
11514;RES CARNE MOLIDA 14 - 15% GRASA TIPO 1 REFRIGERADO SUPERMAXI (460 - 500) GR;PERECIBLE;2026-04-01;0;0;0;4
11514;RES CARNE MOLIDA 14 - 15% GRASA TIPO 1 REFRIGERADO SUPERMAXI (460 - 500) GR;PERECIBLE;2026-05-01;0;0;0;5
11514;RES CARNE MOLIDA 14 - 15% GRASA TIPO 1 REFRIGERADO SUPERMAXI (460 - 500) GR;PERECIBLE;2026-06-01;0;0;0;6
11514;RES CARNE MOLIDA 14 - 15% GRASA TIPO 1 REFRIGERADO SUPERMAXI (460 - 500) GR;PERECIBLE;2026-07-01;0;0;0;7
11527;CAFÉ VIZCOFFE GOURMET GRANEL 500GR;NO PERECIBLE;2026-01-01;270;7;30;1
11527;CAFÉ VIZCOFFE GOURMET GRANEL 500GR;NO PERECIBLE;2026-02-01;558;6;62;2
11527;CAFÉ VIZCOFFE GOURMET GRANEL 500GR;NO PERECIBLE;2026-03-01;234;2;26;3
11527;CAFÉ VIZCOFFE GOURMET GRANEL 500GR;NO PERECIBLE;2026-04-01;468;4;52;4
11527;CAFÉ VIZCOFFE GOURMET GRANEL 500GR;NO PERECIBLE;2026-05-01;477;5;53;5
11527;CAFÉ VIZCOFFE GOURMET GRANEL 500GR;NO PERECIBLE;2026-06-01;342;2;38;6
11527;CAFÉ VIZCOFFE GOURMET GRANEL 500GR;NO PERECIBLE;2026-07-01;477;3;53;7
11528;CAFÉ VIZCOFFE GOURMET MOLIDO 400GR;NO PERECIBLE;2026-01-01;0;0;0;1
11528;CAFÉ VIZCOFFE GOURMET MOLIDO 400GR;NO PERECIBLE;2026-02-01;0;0;0;2
11528;CAFÉ VIZCOFFE GOURMET MOLIDO 400GR;NO PERECIBLE;2026-03-01;0;0;0;3
11528;CAFÉ VIZCOFFE GOURMET MOLIDO 400GR;NO PERECIBLE;2026-04-01;0;0;0;4
11528;CAFÉ VIZCOFFE GOURMET MOLIDO 400GR;NO PERECIBLE;2026-05-01;0;0;0;5
11528;CAFÉ VIZCOFFE GOURMET MOLIDO 400GR;NO PERECIBLE;2026-06-01;181.25;2;25;6
11528;CAFÉ VIZCOFFE GOURMET MOLIDO 400GR;NO PERECIBLE;2026-07-01;87;1;12;7
11562;ACEITE SABROLEINA 20 LT;NO PERECIBLE;2026-01-01;1348.35958866;26;42;1
11562;ACEITE SABROLEINA 20 LT;NO PERECIBLE;2026-02-01;1444.67098785;25;45;2
11562;ACEITE SABROLEINA 20 LT;NO PERECIBLE;2026-03-01;1540.98238704;38;48;3
11562;ACEITE SABROLEINA 20 LT;NO PERECIBLE;2026-04-01;2118.85078218;44;66;4
11562;ACEITE SABROLEINA 20 LT;NO PERECIBLE;2026-05-01;1348.35958866;32;42;5
11562;ACEITE SABROLEINA 20 LT;NO PERECIBLE;2026-06-01;898.90639244;25;28;6
11562;ACEITE SABROLEINA 20 LT;NO PERECIBLE;2026-07-01;1091.52919082;16;34;7
11565;BASE ENSALADERA REDONDA 500 GR PS NEGRO 15X5CMS X 50 UNID;NO PERECIBLE;2026-01-01;20.8;4;4;1
11565;BASE ENSALADERA REDONDA 500 GR PS NEGRO 15X5CMS X 50 UNID;NO PERECIBLE;2026-02-01;0;0;0;2
11565;BASE ENSALADERA REDONDA 500 GR PS NEGRO 15X5CMS X 50 UNID;NO PERECIBLE;2026-03-01;0;0;0;3
11565;BASE ENSALADERA REDONDA 500 GR PS NEGRO 15X5CMS X 50 UNID;NO PERECIBLE;2026-04-01;0;0;0;4
11565;BASE ENSALADERA REDONDA 500 GR PS NEGRO 15X5CMS X 50 UNID;NO PERECIBLE;2026-05-01;0;0;0;5
11565;BASE ENSALADERA REDONDA 500 GR PS NEGRO 15X5CMS X 50 UNID;NO PERECIBLE;2026-06-01;0;0;0;6
11565;BASE ENSALADERA REDONDA 500 GR PS NEGRO 15X5CMS X 50 UNID;NO PERECIBLE;2026-07-01;0;0;0;7
11566;TAPA ENSALADERA REDONDA  500 GR X 50 UNID;NO PERECIBLE;2026-01-01;20.8;4;4;1
11566;TAPA ENSALADERA REDONDA  500 GR X 50 UNID;NO PERECIBLE;2026-02-01;0;0;0;2
11566;TAPA ENSALADERA REDONDA  500 GR X 50 UNID;NO PERECIBLE;2026-03-01;0;0;0;3
11566;TAPA ENSALADERA REDONDA  500 GR X 50 UNID;NO PERECIBLE;2026-04-01;0;0;0;4
11566;TAPA ENSALADERA REDONDA  500 GR X 50 UNID;NO PERECIBLE;2026-05-01;0;0;0;5
11566;TAPA ENSALADERA REDONDA  500 GR X 50 UNID;NO PERECIBLE;2026-06-01;0;0;0;6
11566;TAPA ENSALADERA REDONDA  500 GR X 50 UNID;NO PERECIBLE;2026-07-01;0;0;0;7
11567;CHOCOLISTO TARRO 280 GR;NO PERECIBLE;2026-01-01;102.5262;27;42;1
11567;CHOCOLISTO TARRO 280 GR;NO PERECIBLE;2026-02-01;136.7016;25;56;2
11567;CHOCOLISTO TARRO 280 GR;NO PERECIBLE;2026-03-01;136.7016;32;56;3
11567;CHOCOLISTO TARRO 280 GR;NO PERECIBLE;2026-04-01;136.7016;30;56;4
11567;CHOCOLISTO TARRO 280 GR;NO PERECIBLE;2026-05-01;117.1728;29;48;5
11567;CHOCOLISTO TARRO 280 GR;NO PERECIBLE;2026-06-01;122.055;30;50;6
11567;CHOCOLISTO TARRO 280 GR;NO PERECIBLE;2026-07-01;124.4961;29;51;7
11568;PANELA SOLIDA SUPERMAXI 625 GR;NO PERECIBLE;2026-01-01;0;0;0;1
11568;PANELA SOLIDA SUPERMAXI 625 GR;NO PERECIBLE;2026-02-01;0;0;0;2
11568;PANELA SOLIDA SUPERMAXI 625 GR;NO PERECIBLE;2026-03-01;0;0;0;3
11568;PANELA SOLIDA SUPERMAXI 625 GR;NO PERECIBLE;2026-04-01;26.01109784;3;28;4
11568;PANELA SOLIDA SUPERMAXI 625 GR;NO PERECIBLE;2026-05-01;0;0;0;5
11568;PANELA SOLIDA SUPERMAXI 625 GR;NO PERECIBLE;2026-06-01;0;0;0;6
11568;PANELA SOLIDA SUPERMAXI 625 GR;NO PERECIBLE;2026-07-01;0;0;0;7
11570;ATUN LOMITOS EN AGUA SUPERMAXI 3 X 80 GR;NO PERECIBLE;2026-01-01;0;0;0;1
11570;ATUN LOMITOS EN AGUA SUPERMAXI 3 X 80 GR;NO PERECIBLE;2026-02-01;0;0;0;2
11570;ATUN LOMITOS EN AGUA SUPERMAXI 3 X 80 GR;NO PERECIBLE;2026-03-01;0;0;0;3
11570;ATUN LOMITOS EN AGUA SUPERMAXI 3 X 80 GR;NO PERECIBLE;2026-04-01;2.31;1;1;4
11570;ATUN LOMITOS EN AGUA SUPERMAXI 3 X 80 GR;NO PERECIBLE;2026-05-01;0;0;0;5
11570;ATUN LOMITOS EN AGUA SUPERMAXI 3 X 80 GR;NO PERECIBLE;2026-06-01;0;0;0;6
11570;ATUN LOMITOS EN AGUA SUPERMAXI 3 X 80 GR;NO PERECIBLE;2026-07-01;9.24;1;4;7
11571;CHOCLO GRANO SELECCIONADO 1 KG;FRUVER;2026-01-01;3.2;1;2;1
11571;CHOCLO GRANO SELECCIONADO 1 KG;FRUVER;2026-02-01;14.4;2;9;2
11571;CHOCLO GRANO SELECCIONADO 1 KG;FRUVER;2026-03-01;51.2;8;32;3
11571;CHOCLO GRANO SELECCIONADO 1 KG;FRUVER;2026-04-01;11.2;1;7;4
11571;CHOCLO GRANO SELECCIONADO 1 KG;FRUVER;2026-05-01;36.8;6;23;5
11571;CHOCLO GRANO SELECCIONADO 1 KG;FRUVER;2026-06-01;9.6;2;6;6
11571;CHOCLO GRANO SELECCIONADO 1 KG;FRUVER;2026-07-01;1.6;1;1;7
11572;RES RIBEYE/ BIFE ANCHO MADURADO IMPORTADO FRIGOR (2.5 KG);PERECIBLE;2026-01-01;0;0;0;1
11572;RES RIBEYE/ BIFE ANCHO MADURADO IMPORTADO FRIGOR (2.5 KG);PERECIBLE;2026-02-01;0;0;0;2
11572;RES RIBEYE/ BIFE ANCHO MADURADO IMPORTADO FRIGOR (2.5 KG);PERECIBLE;2026-03-01;0;0;0;3
11572;RES RIBEYE/ BIFE ANCHO MADURADO IMPORTADO FRIGOR (2.5 KG);PERECIBLE;2026-04-01;416.50752;3;14.43;4
11572;RES RIBEYE/ BIFE ANCHO MADURADO IMPORTADO FRIGOR (2.5 KG);PERECIBLE;2026-05-01;0;0;0;5
11572;RES RIBEYE/ BIFE ANCHO MADURADO IMPORTADO FRIGOR (2.5 KG);PERECIBLE;2026-06-01;0;0;0;6
11572;RES RIBEYE/ BIFE ANCHO MADURADO IMPORTADO FRIGOR (2.5 KG);PERECIBLE;2026-07-01;0;0;0;7
11577;RES CARNE MOLIDA ESPECIAL 20% GRASA REFRIGERADO 2.5 KG;PERECIBLE;2026-01-01;0;0;0;1
11577;RES CARNE MOLIDA ESPECIAL 20% GRASA REFRIGERADO 2.5 KG;PERECIBLE;2026-02-01;0;0;0;2
11577;RES CARNE MOLIDA ESPECIAL 20% GRASA REFRIGERADO 2.5 KG;PERECIBLE;2026-03-01;0;0;0;3
11577;RES CARNE MOLIDA ESPECIAL 20% GRASA REFRIGERADO 2.5 KG;PERECIBLE;2026-04-01;0;0;0;4
11577;RES CARNE MOLIDA ESPECIAL 20% GRASA REFRIGERADO 2.5 KG;PERECIBLE;2026-05-01;0;0;0;5
11577;RES CARNE MOLIDA ESPECIAL 20% GRASA REFRIGERADO 2.5 KG;PERECIBLE;2026-06-01;0;0;0;6
11577;RES CARNE MOLIDA ESPECIAL 20% GRASA REFRIGERADO 2.5 KG;PERECIBLE;2026-07-01;0;0;0;7
11649;JUGO NARANJA DHOY SIX PACK 200 ML;PERECIBLE;2026-01-01;676.08;36;216;1
11649;JUGO NARANJA DHOY SIX PACK 200 ML;PERECIBLE;2026-02-01;525.84;25;168;2
11649;JUGO NARANJA DHOY SIX PACK 200 ML;PERECIBLE;2026-03-01;582.18;27;186;3
11649;JUGO NARANJA DHOY SIX PACK 200 ML;PERECIBLE;2026-04-01;579.05;25;185;4
11649;JUGO NARANJA DHOY SIX PACK 200 ML;PERECIBLE;2026-05-01;619.74;22;198;5
11649;JUGO NARANJA DHOY SIX PACK 200 ML;PERECIBLE;2026-06-01;281.7;12;90;6
11649;JUGO NARANJA DHOY SIX PACK 200 ML;PERECIBLE;2026-07-01;125.2;14;40;7
11650;AGUA DE COCO FREEZE SIX PACK 200 ML;PERECIBLE;2026-01-01;996.84;25;234;1
11650;AGUA DE COCO FREEZE SIX PACK 200 ML;PERECIBLE;2026-02-01;357.84;13;84;2
11650;AGUA DE COCO FREEZE SIX PACK 200 ML;PERECIBLE;2026-03-01;417.48;14;98;3
11650;AGUA DE COCO FREEZE SIX PACK 200 ML;PERECIBLE;2026-04-01;430.26;14;101;4
11650;AGUA DE COCO FREEZE SIX PACK 200 ML;PERECIBLE;2026-05-01;511.2;18;120;5
11650;AGUA DE COCO FREEZE SIX PACK 200 ML;PERECIBLE;2026-06-01;183.18;7;43;6
11650;AGUA DE COCO FREEZE SIX PACK 200 ML;PERECIBLE;2026-07-01;97.98;13;23;7
11651;CERDO DESHUESADO PROCESADO 5 KG;PERECIBLE;2026-01-01;0;0;0;1
11651;CERDO DESHUESADO PROCESADO 5 KG;PERECIBLE;2026-02-01;9854.2;4;339.8;2
11651;CERDO DESHUESADO PROCESADO 5 KG;PERECIBLE;2026-03-01;885.37;2;30.53;3
11651;CERDO DESHUESADO PROCESADO 5 KG;PERECIBLE;2026-04-01;6007.35;7;207.15;4
11651;CERDO DESHUESADO PROCESADO 5 KG;PERECIBLE;2026-05-01;0;0;0;5
11651;CERDO DESHUESADO PROCESADO 5 KG;PERECIBLE;2026-06-01;0;0;0;6
11651;CERDO DESHUESADO PROCESADO 5 KG;PERECIBLE;2026-07-01;0;0;0;7
11652;HELADO DE CREMA DE LECHE SABOR A CHICLE CON MINI CHICLE TOPSY 1 LT;PERECIBLE;2026-01-01;0;0;0;1
11652;HELADO DE CREMA DE LECHE SABOR A CHICLE CON MINI CHICLE TOPSY 1 LT;PERECIBLE;2026-02-01;0;0;0;2
11652;HELADO DE CREMA DE LECHE SABOR A CHICLE CON MINI CHICLE TOPSY 1 LT;PERECIBLE;2026-03-01;0;0;0;3
11652;HELADO DE CREMA DE LECHE SABOR A CHICLE CON MINI CHICLE TOPSY 1 LT;PERECIBLE;2026-04-01;0;0;0;4
11652;HELADO DE CREMA DE LECHE SABOR A CHICLE CON MINI CHICLE TOPSY 1 LT;PERECIBLE;2026-05-01;52.668;1;18;5
11652;HELADO DE CREMA DE LECHE SABOR A CHICLE CON MINI CHICLE TOPSY 1 LT;PERECIBLE;2026-06-01;14.63;1;5;6
11652;HELADO DE CREMA DE LECHE SABOR A CHICLE CON MINI CHICLE TOPSY 1 LT;PERECIBLE;2026-07-01;2.926;1;1;7
11653;HELADO DE CREMA DE LECHE SABOR MANJAR CON ALMENDRAS TOPSY 1 LT;PERECIBLE;2026-01-01;7.608;1;2;1
11653;HELADO DE CREMA DE LECHE SABOR MANJAR CON ALMENDRAS TOPSY 1 LT;PERECIBLE;2026-02-01;19.02;3;5;2
11653;HELADO DE CREMA DE LECHE SABOR MANJAR CON ALMENDRAS TOPSY 1 LT;PERECIBLE;2026-03-01;3.804;1;1;3
11653;HELADO DE CREMA DE LECHE SABOR MANJAR CON ALMENDRAS TOPSY 1 LT;PERECIBLE;2026-04-01;3.804;1;1;4
11653;HELADO DE CREMA DE LECHE SABOR MANJAR CON ALMENDRAS TOPSY 1 LT;PERECIBLE;2026-05-01;22.824;2;6;5
11653;HELADO DE CREMA DE LECHE SABOR MANJAR CON ALMENDRAS TOPSY 1 LT;PERECIBLE;2026-06-01;45.648;3;12;6
11653;HELADO DE CREMA DE LECHE SABOR MANJAR CON ALMENDRAS TOPSY 1 LT;PERECIBLE;2026-07-01;3.804;1;1;7
11662;CEREAL MILO NESTLE 300 GR;NO PERECIBLE;2026-01-01;61.80819144;9;24;1
11662;CEREAL MILO NESTLE 300 GR;NO PERECIBLE;2026-02-01;28.32875441;5;11;2
11662;CEREAL MILO NESTLE 300 GR;NO PERECIBLE;2026-03-01;72.10955668;12;28;3
11662;CEREAL MILO NESTLE 300 GR;NO PERECIBLE;2026-04-01;56.65750882;10;22;4
11662;CEREAL MILO NESTLE 300 GR;NO PERECIBLE;2026-05-01;38.63011965;9;15;5
11662;CEREAL MILO NESTLE 300 GR;NO PERECIBLE;2026-06-01;28.32875441;6;11;6
11662;CEREAL MILO NESTLE 300 GR;NO PERECIBLE;2026-07-01;48.93148489;12;19;7
11667;COLA AKI FRESA 3 LT;NO PERECIBLE;2026-01-01;0;0;0;1
11667;COLA AKI FRESA 3 LT;NO PERECIBLE;2026-02-01;0;0;0;2
11667;COLA AKI FRESA 3 LT;NO PERECIBLE;2026-03-01;0;0;0;3
11667;COLA AKI FRESA 3 LT;NO PERECIBLE;2026-04-01;0;0;0;4
11667;COLA AKI FRESA 3 LT;NO PERECIBLE;2026-05-01;175.6356;4;203;5
11667;COLA AKI FRESA 3 LT;NO PERECIBLE;2026-06-01;166.9836;1;193;6
11667;COLA AKI FRESA 3 LT;NO PERECIBLE;2026-07-01;0;0;0;7
11669;CEREAL CORN FLAKES NESTLE 500 GR;NO PERECIBLE;2026-01-01;27.4944;6;8;1
11669;CEREAL CORN FLAKES NESTLE 500 GR;NO PERECIBLE;2026-02-01;51.552;6;15;2
11669;CEREAL CORN FLAKES NESTLE 500 GR;NO PERECIBLE;2026-03-01;41.2416;5;12;3
11669;CEREAL CORN FLAKES NESTLE 500 GR;NO PERECIBLE;2026-04-01;48.1152;7;14;4
11669;CEREAL CORN FLAKES NESTLE 500 GR;NO PERECIBLE;2026-05-01;44.6784;7;13;5
11669;CEREAL CORN FLAKES NESTLE 500 GR;NO PERECIBLE;2026-06-01;44.6784;7;13;6
11669;CEREAL CORN FLAKES NESTLE 500 GR;NO PERECIBLE;2026-07-01;24.0576;7;7;7
11677;AGUA SIN GAS TESALIA 500 ML;NO PERECIBLE;2026-01-01;575.96;33;2618;1
11677;AGUA SIN GAS TESALIA 500 ML;NO PERECIBLE;2026-02-01;353.32;27;1606;2
11677;AGUA SIN GAS TESALIA 500 ML;NO PERECIBLE;2026-03-01;548.46;28;2493;3
11677;AGUA SIN GAS TESALIA 500 ML;NO PERECIBLE;2026-04-01;357.72;24;1626;4
11677;AGUA SIN GAS TESALIA 500 ML;NO PERECIBLE;2026-05-01;305.8;21;1390;5
11677;AGUA SIN GAS TESALIA 500 ML;NO PERECIBLE;2026-06-01;361.02;21;1641;6
11677;AGUA SIN GAS TESALIA 500 ML;NO PERECIBLE;2026-07-01;424.6;25;1930;7
11686;COLA ORANGINE FRESA 3 LT;NO PERECIBLE;2026-01-01;67.005;6;75;1
11686;COLA ORANGINE FRESA 3 LT;NO PERECIBLE;2026-02-01;2.6802;2;3;2
11686;COLA ORANGINE FRESA 3 LT;NO PERECIBLE;2026-03-01;0.8934;1;1;3
11686;COLA ORANGINE FRESA 3 LT;NO PERECIBLE;2026-04-01;0;0;0;4
11686;COLA ORANGINE FRESA 3 LT;NO PERECIBLE;2026-05-01;309.1164;20;346;5
11686;COLA ORANGINE FRESA 3 LT;NO PERECIBLE;2026-06-01;435.0858;34;487;6
11686;COLA ORANGINE FRESA 3 LT;NO PERECIBLE;2026-07-01;28.5888;8;32;7
11687;POLLO, PIERNA MUSLO CONGELADO CORTE EN CUARTOS X12 PROCESADO;PERECIBLE;2026-01-01;0;0;0;1
11687;POLLO, PIERNA MUSLO CONGELADO CORTE EN CUARTOS X12 PROCESADO;PERECIBLE;2026-02-01;0;0;0;2
11687;POLLO, PIERNA MUSLO CONGELADO CORTE EN CUARTOS X12 PROCESADO;PERECIBLE;2026-03-01;0;0;0;3
11687;POLLO, PIERNA MUSLO CONGELADO CORTE EN CUARTOS X12 PROCESADO;PERECIBLE;2026-04-01;90.44;2;10.64;4
11687;POLLO, PIERNA MUSLO CONGELADO CORTE EN CUARTOS X12 PROCESADO;PERECIBLE;2026-05-01;1013.2;2;119.2;5
11687;POLLO, PIERNA MUSLO CONGELADO CORTE EN CUARTOS X12 PROCESADO;PERECIBLE;2026-06-01;0;0;0;6
11687;POLLO, PIERNA MUSLO CONGELADO CORTE EN CUARTOS X12 PROCESADO;PERECIBLE;2026-07-01;0;0;0;7
11698;CHORIZO PARRILLERO TIPO 1 CASA GUILLO 1KG;PERECIBLE;2026-01-01;63;3;18;1
11698;CHORIZO PARRILLERO TIPO 1 CASA GUILLO 1KG;PERECIBLE;2026-02-01;73.5;3;21;2
11698;CHORIZO PARRILLERO TIPO 1 CASA GUILLO 1KG;PERECIBLE;2026-03-01;28;4;8;3
11698;CHORIZO PARRILLERO TIPO 1 CASA GUILLO 1KG;PERECIBLE;2026-04-01;3.5;1;1;4
11698;CHORIZO PARRILLERO TIPO 1 CASA GUILLO 1KG;PERECIBLE;2026-05-01;0;0;0;5
11698;CHORIZO PARRILLERO TIPO 1 CASA GUILLO 1KG;PERECIBLE;2026-06-01;7;1;2;6
11698;CHORIZO PARRILLERO TIPO 1 CASA GUILLO 1KG;PERECIBLE;2026-07-01;87.5;8;25;7
11699;CHORIZO CERVECERO LA CASTILLA T II 2.27 KG;PERECIBLE;2026-01-01;0;0;0;1
11699;CHORIZO CERVECERO LA CASTILLA T II 2.27 KG;PERECIBLE;2026-02-01;0;0;0;2
11699;CHORIZO CERVECERO LA CASTILLA T II 2.27 KG;PERECIBLE;2026-03-01;6.27;1;1;3
11699;CHORIZO CERVECERO LA CASTILLA T II 2.27 KG;PERECIBLE;2026-04-01;0;0;0;4
11699;CHORIZO CERVECERO LA CASTILLA T II 2.27 KG;PERECIBLE;2026-05-01;0;0;0;5
11699;CHORIZO CERVECERO LA CASTILLA T II 2.27 KG;PERECIBLE;2026-06-01;0;0;0;6
11699;CHORIZO CERVECERO LA CASTILLA T II 2.27 KG;PERECIBLE;2026-07-01;0;0;0;7
11700;CHORIZO TIPO 1 CASA GUILLO 1 KG;PERECIBLE;2026-01-01;0;0;0;1
11700;CHORIZO TIPO 1 CASA GUILLO 1 KG;PERECIBLE;2026-02-01;0;0;0;2
11700;CHORIZO TIPO 1 CASA GUILLO 1 KG;PERECIBLE;2026-03-01;12.6;1;3;3
11700;CHORIZO TIPO 1 CASA GUILLO 1 KG;PERECIBLE;2026-04-01;71.4;1;17;4
11700;CHORIZO TIPO 1 CASA GUILLO 1 KG;PERECIBLE;2026-05-01;0;0;0;5
11700;CHORIZO TIPO 1 CASA GUILLO 1 KG;PERECIBLE;2026-06-01;0;0;0;6
11700;CHORIZO TIPO 1 CASA GUILLO 1 KG;PERECIBLE;2026-07-01;151.2;5;36;7
11701;COLA ORANGINE MANZANA 3 LT;NO PERECIBLE;2026-01-01;1.7868;1;2;1
11701;COLA ORANGINE MANZANA 3 LT;NO PERECIBLE;2026-02-01;2.6802;2;3;2
11701;COLA ORANGINE MANZANA 3 LT;NO PERECIBLE;2026-03-01;0.8934;1;1;3
11701;COLA ORANGINE MANZANA 3 LT;NO PERECIBLE;2026-04-01;0.8934;1;1;4
11701;COLA ORANGINE MANZANA 3 LT;NO PERECIBLE;2026-05-01;0;0;0;5
11701;COLA ORANGINE MANZANA 3 LT;NO PERECIBLE;2026-06-01;772.791;11;865;6
11701;COLA ORANGINE MANZANA 3 LT;NO PERECIBLE;2026-07-01;470.8218;9;527;7
11706;VASO DE PAPEL 12 OZ B/F SIN TAPA X50 UNID;NO PERECIBLE;2026-01-01;256;4;80;1
11706;VASO DE PAPEL 12 OZ B/F SIN TAPA X50 UNID;NO PERECIBLE;2026-02-01;64;1;20;2
11706;VASO DE PAPEL 12 OZ B/F SIN TAPA X50 UNID;NO PERECIBLE;2026-03-01;128;2;40;3
11706;VASO DE PAPEL 12 OZ B/F SIN TAPA X50 UNID;NO PERECIBLE;2026-04-01;64;1;20;4
11706;VASO DE PAPEL 12 OZ B/F SIN TAPA X50 UNID;NO PERECIBLE;2026-05-01;64;1;20;5
11706;VASO DE PAPEL 12 OZ B/F SIN TAPA X50 UNID;NO PERECIBLE;2026-06-01;128;2;40;6
11706;VASO DE PAPEL 12 OZ B/F SIN TAPA X50 UNID;NO PERECIBLE;2026-07-01;0;0;0;7
11716;CERDO HUESO CONGELADO 5 KG;PERECIBLE;2026-01-01;0;0;0;1
11716;CERDO HUESO CONGELADO 5 KG;PERECIBLE;2026-02-01;0;0;0;2
11716;CERDO HUESO CONGELADO 5 KG;PERECIBLE;2026-03-01;0;0;0;3
11716;CERDO HUESO CONGELADO 5 KG;PERECIBLE;2026-04-01;0;0;0;4
11716;CERDO HUESO CONGELADO 5 KG;PERECIBLE;2026-05-01;0;0;0;5
11716;CERDO HUESO CONGELADO 5 KG;PERECIBLE;2026-06-01;56.01435;7;76.21;6
11716;CERDO HUESO CONGELADO 5 KG;PERECIBLE;2026-07-01;130.82265;12;177.99;7
11729;HARINA DE TRIGO FORTIFICADA SUPER PANADERA KG;NO PERECIBLE;2026-01-01;16917.12;1050;25632;1
11729;HARINA DE TRIGO FORTIFICADA SUPER PANADERA KG;NO PERECIBLE;2026-02-01;17311.206;1054;26229.1;2
11729;HARINA DE TRIGO FORTIFICADA SUPER PANADERA KG;NO PERECIBLE;2026-03-01;20503.56;1194;31066;3
11729;HARINA DE TRIGO FORTIFICADA SUPER PANADERA KG;NO PERECIBLE;2026-04-01;18896.46;1151;28631;4
11729;HARINA DE TRIGO FORTIFICADA SUPER PANADERA KG;NO PERECIBLE;2026-05-01;19551.84;1170;29624;5
11729;HARINA DE TRIGO FORTIFICADA SUPER PANADERA KG;NO PERECIBLE;2026-06-01;19712.22;1157;29867;6
11729;HARINA DE TRIGO FORTIFICADA SUPER PANADERA KG;NO PERECIBLE;2026-07-01;19117.5864;1136;28966.04;7
11730;JABON TOCADOR ANTIBACTERIAL MANZANILLA BEST PACK (3X92 GR) 276 GR;NO PERECIBLE;2026-01-01;0;0;0;1
11730;JABON TOCADOR ANTIBACTERIAL MANZANILLA BEST PACK (3X92 GR) 276 GR;NO PERECIBLE;2026-02-01;39.6;2;55;2
11730;JABON TOCADOR ANTIBACTERIAL MANZANILLA BEST PACK (3X92 GR) 276 GR;NO PERECIBLE;2026-03-01;14.4;1;20;3
11730;JABON TOCADOR ANTIBACTERIAL MANZANILLA BEST PACK (3X92 GR) 276 GR;NO PERECIBLE;2026-04-01;0;0;0;4
11730;JABON TOCADOR ANTIBACTERIAL MANZANILLA BEST PACK (3X92 GR) 276 GR;NO PERECIBLE;2026-05-01;0;0;0;5
11730;JABON TOCADOR ANTIBACTERIAL MANZANILLA BEST PACK (3X92 GR) 276 GR;NO PERECIBLE;2026-06-01;2.88;1;4;6
11730;JABON TOCADOR ANTIBACTERIAL MANZANILLA BEST PACK (3X92 GR) 276 GR;NO PERECIBLE;2026-07-01;8.64;1;12;7
11731;JABON DE TOCADOR ANTIBACTERIAL AVENA BEST PACK (3X92 GR) 276 GR;NO PERECIBLE;2026-01-01;282.8885;14;391;1
11731;JABON DE TOCADOR ANTIBACTERIAL AVENA BEST PACK (3X92 GR) 276 GR;NO PERECIBLE;2026-02-01;180.875;11;250;2
11731;JABON DE TOCADOR ANTIBACTERIAL AVENA BEST PACK (3X92 GR) 276 GR;NO PERECIBLE;2026-03-01;282.165;17;390;3
11731;JABON DE TOCADOR ANTIBACTERIAL AVENA BEST PACK (3X92 GR) 276 GR;NO PERECIBLE;2026-04-01;277.1005;13;383;4
11731;JABON DE TOCADOR ANTIBACTERIAL AVENA BEST PACK (3X92 GR) 276 GR;NO PERECIBLE;2026-05-01;297.3585;15;411;5
11731;JABON DE TOCADOR ANTIBACTERIAL AVENA BEST PACK (3X92 GR) 276 GR;NO PERECIBLE;2026-06-01;335.704;19;464;6
11731;JABON DE TOCADOR ANTIBACTERIAL AVENA BEST PACK (3X92 GR) 276 GR;NO PERECIBLE;2026-07-01;121.548;12;168;7
11732;CHIFLE SUPERMAXI REDONDO 300 GR;NO PERECIBLE;2026-01-01;505.215;3;450;1
11732;CHIFLE SUPERMAXI REDONDO 300 GR;NO PERECIBLE;2026-02-01;909.387;5;810;2
11732;CHIFLE SUPERMAXI REDONDO 300 GR;NO PERECIBLE;2026-03-01;651.166;5;580;3
11732;CHIFLE SUPERMAXI REDONDO 300 GR;NO PERECIBLE;2026-04-01;800.4851;5;713;4
11732;CHIFLE SUPERMAXI REDONDO 300 GR;NO PERECIBLE;2026-05-01;904.8962;5;806;5
11732;CHIFLE SUPERMAXI REDONDO 300 GR;NO PERECIBLE;2026-06-01;1451.6511;14;1293;6
11732;CHIFLE SUPERMAXI REDONDO 300 GR;NO PERECIBLE;2026-07-01;1425.829;12;1270;7
11736;ARROZ ENVEJECIDO ARROZOTE 45.36 KG;NO PERECIBLE;2026-01-01;0;0;0;1
11736;ARROZ ENVEJECIDO ARROZOTE 45.36 KG;NO PERECIBLE;2026-02-01;38.18143813;1;1;2
11736;ARROZ ENVEJECIDO ARROZOTE 45.36 KG;NO PERECIBLE;2026-03-01;0;0;0;3
11736;ARROZ ENVEJECIDO ARROZOTE 45.36 KG;NO PERECIBLE;2026-04-01;152.72575252;4;4;4
11736;ARROZ ENVEJECIDO ARROZOTE 45.36 KG;NO PERECIBLE;2026-05-01;0;0;0;5
11736;ARROZ ENVEJECIDO ARROZOTE 45.36 KG;NO PERECIBLE;2026-06-01;0;0;0;6
11736;ARROZ ENVEJECIDO ARROZOTE 45.36 KG;NO PERECIBLE;2026-07-01;0;0;0;7
11738;DV DS30 PLUS DETERGENTE DESENGRASANTE ALTAMENTE ESPUMANTE 20 KG;NO PERECIBLE;2026-01-01;528;5;12;1
11738;DV DS30 PLUS DETERGENTE DESENGRASANTE ALTAMENTE ESPUMANTE 20 KG;NO PERECIBLE;2026-02-01;0;0;0;2
11738;DV DS30 PLUS DETERGENTE DESENGRASANTE ALTAMENTE ESPUMANTE 20 KG;NO PERECIBLE;2026-03-01;0;0;0;3
11738;DV DS30 PLUS DETERGENTE DESENGRASANTE ALTAMENTE ESPUMANTE 20 KG;NO PERECIBLE;2026-04-01;0;0;0;4
11738;DV DS30 PLUS DETERGENTE DESENGRASANTE ALTAMENTE ESPUMANTE 20 KG;NO PERECIBLE;2026-05-01;0;0;0;5
11738;DV DS30 PLUS DETERGENTE DESENGRASANTE ALTAMENTE ESPUMANTE 20 KG;NO PERECIBLE;2026-06-01;0;0;0;6
11738;DV DS30 PLUS DETERGENTE DESENGRASANTE ALTAMENTE ESPUMANTE 20 KG;NO PERECIBLE;2026-07-01;0;0;0;7
11795;FIBRA VERDE ESTRELLA 71.5 CM;NO PERECIBLE;2026-01-01;50.7344;29;74;1
11795;FIBRA VERDE ESTRELLA 71.5 CM;NO PERECIBLE;2026-02-01;52.7912;26;77;2
11795;FIBRA VERDE ESTRELLA 71.5 CM;NO PERECIBLE;2026-03-01;55.5336;25;81;3
11795;FIBRA VERDE ESTRELLA 71.5 CM;NO PERECIBLE;2026-04-01;41.8216;23;61;4
11795;FIBRA VERDE ESTRELLA 71.5 CM;NO PERECIBLE;2026-05-01;41.8216;25;61;5
11795;FIBRA VERDE ESTRELLA 71.5 CM;NO PERECIBLE;2026-06-01;60.3328;31;88;6
11795;FIBRA VERDE ESTRELLA 71.5 CM;NO PERECIBLE;2026-07-01;56.2192;34;82;7
11796;AGUA MINERAL IMPERIAL BENEFIT LIMON + JENGIBRE 330 ML LATA;NO PERECIBLE;2026-01-01;0;0;0;1
11796;AGUA MINERAL IMPERIAL BENEFIT LIMON + JENGIBRE 330 ML LATA;NO PERECIBLE;2026-02-01;19.368;1;24;2
11796;AGUA MINERAL IMPERIAL BENEFIT LIMON + JENGIBRE 330 ML LATA;NO PERECIBLE;2026-03-01;0;0;0;3
11796;AGUA MINERAL IMPERIAL BENEFIT LIMON + JENGIBRE 330 ML LATA;NO PERECIBLE;2026-04-01;0;0;0;4
11796;AGUA MINERAL IMPERIAL BENEFIT LIMON + JENGIBRE 330 ML LATA;NO PERECIBLE;2026-05-01;0;0;0;5
11796;AGUA MINERAL IMPERIAL BENEFIT LIMON + JENGIBRE 330 ML LATA;NO PERECIBLE;2026-06-01;0;0;0;6
11796;AGUA MINERAL IMPERIAL BENEFIT LIMON + JENGIBRE 330 ML LATA;NO PERECIBLE;2026-07-01;0;0;0;7
11800;TOCINETA AHUMADA LA FINNCA 1KG;PERECIBLE;2026-01-01;0;0;0;1
11800;TOCINETA AHUMADA LA FINNCA 1KG;PERECIBLE;2026-02-01;0;0;0;2
11800;TOCINETA AHUMADA LA FINNCA 1KG;PERECIBLE;2026-03-01;0;0;0;3
11800;TOCINETA AHUMADA LA FINNCA 1KG;PERECIBLE;2026-04-01;0;0;0;4
11800;TOCINETA AHUMADA LA FINNCA 1KG;PERECIBLE;2026-05-01;0;0;0;5
11800;TOCINETA AHUMADA LA FINNCA 1KG;PERECIBLE;2026-06-01;0;0;0;6
11800;TOCINETA AHUMADA LA FINNCA 1KG;PERECIBLE;2026-07-01;0;0;0;7
11810;PULPA MARIA MORENA NARANJA DE 1 KG;PERECIBLE;2026-01-01;12.3;1;6;1
11810;PULPA MARIA MORENA NARANJA DE 1 KG;PERECIBLE;2026-02-01;57.4;5;28;2
11810;PULPA MARIA MORENA NARANJA DE 1 KG;PERECIBLE;2026-03-01;65.6;5;32;3
11810;PULPA MARIA MORENA NARANJA DE 1 KG;PERECIBLE;2026-04-01;116.85;7;57;4
11810;PULPA MARIA MORENA NARANJA DE 1 KG;PERECIBLE;2026-05-01;36.9;3;18;5
11810;PULPA MARIA MORENA NARANJA DE 1 KG;PERECIBLE;2026-06-01;47.15;4;23;6
11810;PULPA MARIA MORENA NARANJA DE 1 KG;PERECIBLE;2026-07-01;94.3;10;46;7
11813;CHOCOLATE AMBATO DOÑA OLGUITA 250 GR;NO PERECIBLE;2026-01-01;0;0;0;1
11813;CHOCOLATE AMBATO DOÑA OLGUITA 250 GR;NO PERECIBLE;2026-02-01;0;0;0;2
11813;CHOCOLATE AMBATO DOÑA OLGUITA 250 GR;NO PERECIBLE;2026-03-01;0;0;0;3
11813;CHOCOLATE AMBATO DOÑA OLGUITA 250 GR;NO PERECIBLE;2026-04-01;3.382;1;1;4
11813;CHOCOLATE AMBATO DOÑA OLGUITA 250 GR;NO PERECIBLE;2026-05-01;16.91;1;5;5
11813;CHOCOLATE AMBATO DOÑA OLGUITA 250 GR;NO PERECIBLE;2026-06-01;3.382;1;1;6
11813;CHOCOLATE AMBATO DOÑA OLGUITA 250 GR;NO PERECIBLE;2026-07-01;0;0;0;7
11814;"ETIQUETA ADHESIVA PAPEL TERMICO ZEBRA 2.5CM LARGO X 3.2CM ANCHO NUCLEO 1"" X2000 UND";NO PERECIBLE;2026-01-01;0;0;0;1
11814;"ETIQUETA ADHESIVA PAPEL TERMICO ZEBRA 2.5CM LARGO X 3.2CM ANCHO NUCLEO 1"" X2000 UND";NO PERECIBLE;2026-02-01;0;0;0;2
11814;"ETIQUETA ADHESIVA PAPEL TERMICO ZEBRA 2.5CM LARGO X 3.2CM ANCHO NUCLEO 1"" X2000 UND";NO PERECIBLE;2026-03-01;0;0;0;3
11814;"ETIQUETA ADHESIVA PAPEL TERMICO ZEBRA 2.5CM LARGO X 3.2CM ANCHO NUCLEO 1"" X2000 UND";NO PERECIBLE;2026-04-01;7.34;1;1;4
11814;"ETIQUETA ADHESIVA PAPEL TERMICO ZEBRA 2.5CM LARGO X 3.2CM ANCHO NUCLEO 1"" X2000 UND";NO PERECIBLE;2026-05-01;7.34;1;1;5
11814;"ETIQUETA ADHESIVA PAPEL TERMICO ZEBRA 2.5CM LARGO X 3.2CM ANCHO NUCLEO 1"" X2000 UND";NO PERECIBLE;2026-06-01;0;0;0;6
11814;"ETIQUETA ADHESIVA PAPEL TERMICO ZEBRA 2.5CM LARGO X 3.2CM ANCHO NUCLEO 1"" X2000 UND";NO PERECIBLE;2026-07-01;0;0;0;7
11823;PAN ESPECIAL 12 GRANOS Y SEMILLAS OROWEAT 600 GR;NO PERECIBLE;2026-01-01;0;0;0;1
11823;PAN ESPECIAL 12 GRANOS Y SEMILLAS OROWEAT 600 GR;NO PERECIBLE;2026-02-01;103.74;10;39;2
11823;PAN ESPECIAL 12 GRANOS Y SEMILLAS OROWEAT 600 GR;NO PERECIBLE;2026-03-01;133;12;50;3
11823;PAN ESPECIAL 12 GRANOS Y SEMILLAS OROWEAT 600 GR;NO PERECIBLE;2026-04-01;114.38;15;43;4
11823;PAN ESPECIAL 12 GRANOS Y SEMILLAS OROWEAT 600 GR;NO PERECIBLE;2026-05-01;93.1;12;35;5
11823;PAN ESPECIAL 12 GRANOS Y SEMILLAS OROWEAT 600 GR;NO PERECIBLE;2026-06-01;95.76;14;36;6
11823;PAN ESPECIAL 12 GRANOS Y SEMILLAS OROWEAT 600 GR;NO PERECIBLE;2026-07-01;98.42;12;37;7
11824;PAN ESPECIAL MULTIGRANO OROWEAT 600 GR;NO PERECIBLE;2026-01-01;0;0;0;1
11824;PAN ESPECIAL MULTIGRANO OROWEAT 600 GR;NO PERECIBLE;2026-02-01;98.42;9;37;2
11824;PAN ESPECIAL MULTIGRANO OROWEAT 600 GR;NO PERECIBLE;2026-03-01;98.42;9;37;3
11824;PAN ESPECIAL MULTIGRANO OROWEAT 600 GR;NO PERECIBLE;2026-04-01;79.8;13;30;4
11824;PAN ESPECIAL MULTIGRANO OROWEAT 600 GR;NO PERECIBLE;2026-05-01;85.12;13;32;5
11824;PAN ESPECIAL MULTIGRANO OROWEAT 600 GR;NO PERECIBLE;2026-06-01;85.12;13;32;6
11824;PAN ESPECIAL MULTIGRANO OROWEAT 600 GR;NO PERECIBLE;2026-07-01;85.12;15;32;7
11832;ESTUCHE PARA MUFFIN X70 UND;NO PERECIBLE;2026-01-01;0;0;0;1
11832;ESTUCHE PARA MUFFIN X70 UND;NO PERECIBLE;2026-02-01;0;0;0;2
11832;ESTUCHE PARA MUFFIN X70 UND;NO PERECIBLE;2026-03-01;36.12;1;6;3
11832;ESTUCHE PARA MUFFIN X70 UND;NO PERECIBLE;2026-04-01;0;0;0;4
11832;ESTUCHE PARA MUFFIN X70 UND;NO PERECIBLE;2026-05-01;36.12;1;6;5
11832;ESTUCHE PARA MUFFIN X70 UND;NO PERECIBLE;2026-06-01;0;0;0;6
11832;ESTUCHE PARA MUFFIN X70 UND;NO PERECIBLE;2026-07-01;12.04;1;2;7
11833;ENSALADERA HERMETICA 5X5 BAJA X50 UND;NO PERECIBLE;2026-01-01;0;0;0;1
11833;ENSALADERA HERMETICA 5X5 BAJA X50 UND;NO PERECIBLE;2026-02-01;0;0;0;2
11833;ENSALADERA HERMETICA 5X5 BAJA X50 UND;NO PERECIBLE;2026-03-01;0;0;0;3
11833;ENSALADERA HERMETICA 5X5 BAJA X50 UND;NO PERECIBLE;2026-04-01;0;0;0;4
11833;ENSALADERA HERMETICA 5X5 BAJA X50 UND;NO PERECIBLE;2026-05-01;22;1;4;5
11833;ENSALADERA HERMETICA 5X5 BAJA X50 UND;NO PERECIBLE;2026-06-01;5.5;1;1;6
11833;ENSALADERA HERMETICA 5X5 BAJA X50 UND;NO PERECIBLE;2026-07-01;0;0;0;7
11836;CHAMPIÑON CONGELADO IQF 1 KG;PERECIBLE;2026-01-01;0;0;0;1
11836;CHAMPIÑON CONGELADO IQF 1 KG;PERECIBLE;2026-02-01;0;0;0;2
11836;CHAMPIÑON CONGELADO IQF 1 KG;PERECIBLE;2026-03-01;1099.4;238;478;3
11836;CHAMPIÑON CONGELADO IQF 1 KG;PERECIBLE;2026-04-01;1541;336;670;4
11836;CHAMPIÑON CONGELADO IQF 1 KG;PERECIBLE;2026-05-01;1679;336;730;5
11836;CHAMPIÑON CONGELADO IQF 1 KG;PERECIBLE;2026-06-01;1596.2;333;694;6
11836;CHAMPIÑON CONGELADO IQF 1 KG;PERECIBLE;2026-07-01;1593.9;373;693;7
11837;CHAMPIÑON CONGELADO IQF CAJA 10 KG;PERECIBLE;2026-01-01;0;0;0;1
11837;CHAMPIÑON CONGELADO IQF CAJA 10 KG;PERECIBLE;2026-02-01;0;0;0;2
11837;CHAMPIÑON CONGELADO IQF CAJA 10 KG;PERECIBLE;2026-03-01;46;2;2;3
11837;CHAMPIÑON CONGELADO IQF CAJA 10 KG;PERECIBLE;2026-04-01;161;7;7;4
11837;CHAMPIÑON CONGELADO IQF CAJA 10 KG;PERECIBLE;2026-05-01;299;8;13;5
11837;CHAMPIÑON CONGELADO IQF CAJA 10 KG;PERECIBLE;2026-06-01;184;7;8;6
11837;CHAMPIÑON CONGELADO IQF CAJA 10 KG;PERECIBLE;2026-07-01;230;7;10;7
11838;BIFE ANCHO CONGELADO NELORE FRIDOSA (2-3 KG);PERECIBLE;2026-01-01;0;0;0;1
11838;BIFE ANCHO CONGELADO NELORE FRIDOSA (2-3 KG);PERECIBLE;2026-02-01;0;0;0;2
11838;BIFE ANCHO CONGELADO NELORE FRIDOSA (2-3 KG);PERECIBLE;2026-03-01;0;0;0;3
11838;BIFE ANCHO CONGELADO NELORE FRIDOSA (2-3 KG);PERECIBLE;2026-04-01;0;0;0;4
11838;BIFE ANCHO CONGELADO NELORE FRIDOSA (2-3 KG);PERECIBLE;2026-05-01;815.64;12;77.68;5
11838;BIFE ANCHO CONGELADO NELORE FRIDOSA (2-3 KG);PERECIBLE;2026-06-01;750.33;7;71.46;6
11838;BIFE ANCHO CONGELADO NELORE FRIDOSA (2-3 KG);PERECIBLE;2026-07-01;520.8;9;49.6;7
11871;QUESO CREMA TONI CLASICO 225 GR;PERECIBLE;2026-01-01;0;0;0;1
11871;QUESO CREMA TONI CLASICO 225 GR;PERECIBLE;2026-02-01;46.67;5;25;2
11871;QUESO CREMA TONI CLASICO 225 GR;PERECIBLE;2026-03-01;119.4752;16;64;3
11871;QUESO CREMA TONI CLASICO 225 GR;PERECIBLE;2026-04-01;130.676;14;70;4
11871;QUESO CREMA TONI CLASICO 225 GR;PERECIBLE;2026-05-01;169.8788;13;91;5
11871;QUESO CREMA TONI CLASICO 225 GR;PERECIBLE;2026-06-01;130.676;13;70;6
11871;QUESO CREMA TONI CLASICO 225 GR;PERECIBLE;2026-07-01;134.4096;15;72;7
11880;PREMEZCLA PAN DE YUCA SABOR A QUESO FLEISCHMANN 1 KG;NO PERECIBLE;2026-01-01;0;0;0;1
11880;PREMEZCLA PAN DE YUCA SABOR A QUESO FLEISCHMANN 1 KG;NO PERECIBLE;2026-02-01;0;0;0;2
11880;PREMEZCLA PAN DE YUCA SABOR A QUESO FLEISCHMANN 1 KG;NO PERECIBLE;2026-03-01;239.25;5;55;3
11880;PREMEZCLA PAN DE YUCA SABOR A QUESO FLEISCHMANN 1 KG;NO PERECIBLE;2026-04-01;230.55;5;53;4
11880;PREMEZCLA PAN DE YUCA SABOR A QUESO FLEISCHMANN 1 KG;NO PERECIBLE;2026-05-01;230.55;6;53;5
11880;PREMEZCLA PAN DE YUCA SABOR A QUESO FLEISCHMANN 1 KG;NO PERECIBLE;2026-06-01;343.65;7;79;6
11880;PREMEZCLA PAN DE YUCA SABOR A QUESO FLEISCHMANN 1 KG;NO PERECIBLE;2026-07-01;234.9;4;54;7
11881;CREMA CHANTILLY BOTELLA 1 LT FABRICREMA;PERECIBLE;2026-01-01;0;0;0;1
11881;CREMA CHANTILLY BOTELLA 1 LT FABRICREMA;PERECIBLE;2026-02-01;0;0;0;2
11881;CREMA CHANTILLY BOTELLA 1 LT FABRICREMA;PERECIBLE;2026-03-01;1164.8405;89;337;3
11881;CREMA CHANTILLY BOTELLA 1 LT FABRICREMA;PERECIBLE;2026-04-01;3083.198;259;892;4
11881;CREMA CHANTILLY BOTELLA 1 LT FABRICREMA;PERECIBLE;2026-05-01;3491.065;281;1010;5
11881;CREMA CHANTILLY BOTELLA 1 LT FABRICREMA;PERECIBLE;2026-06-01;3338.979;275;966;6
11881;CREMA CHANTILLY BOTELLA 1 LT FABRICREMA;PERECIBLE;2026-07-01;3190.3495;264;923;7
11882;PAN HAMBURGUESA REY PAN 400 GR X8 UND;NO PERECIBLE;2026-01-01;0;0;0;1
11882;PAN HAMBURGUESA REY PAN 400 GR X8 UND;NO PERECIBLE;2026-02-01;0;0;0;2
11882;PAN HAMBURGUESA REY PAN 400 GR X8 UND;NO PERECIBLE;2026-03-01;331.32;14;251;3
11882;PAN HAMBURGUESA REY PAN 400 GR X8 UND;NO PERECIBLE;2026-04-01;229.68;11;174;4
11882;PAN HAMBURGUESA REY PAN 400 GR X8 UND;NO PERECIBLE;2026-05-01;207.24;14;157;5
11882;PAN HAMBURGUESA REY PAN 400 GR X8 UND;NO PERECIBLE;2026-06-01;327.36;17;248;6
11882;PAN HAMBURGUESA REY PAN 400 GR X8 UND;NO PERECIBLE;2026-07-01;33;3;25;7
11884;PICAÑA NELORE (0.92-1.56 KG);PERECIBLE;2026-01-01;0;0;0;1
11884;PICAÑA NELORE (0.92-1.56 KG);PERECIBLE;2026-02-01;0;0;0;2
11884;PICAÑA NELORE (0.92-1.56 KG);PERECIBLE;2026-03-01;633.204;10;44.28;3
11884;PICAÑA NELORE (0.92-1.56 KG);PERECIBLE;2026-04-01;698.984;16;48.88;4
11884;PICAÑA NELORE (0.92-1.56 KG);PERECIBLE;2026-05-01;624.767;16;43.69;5
11884;PICAÑA NELORE (0.92-1.56 KG);PERECIBLE;2026-06-01;1074.931;19;75.17;6
11884;PICAÑA NELORE (0.92-1.56 KG);PERECIBLE;2026-07-01;1796.366;26;125.62;7
11892;HARINA DE MAIZ AMARILLO PRECOCIDA SUPERMAXI 1 KG;NO PERECIBLE;2026-01-01;0;0;0;1
11892;HARINA DE MAIZ AMARILLO PRECOCIDA SUPERMAXI 1 KG;NO PERECIBLE;2026-02-01;0;0;0;2
11892;HARINA DE MAIZ AMARILLO PRECOCIDA SUPERMAXI 1 KG;NO PERECIBLE;2026-03-01;221.6766;56;211;3
11892;HARINA DE MAIZ AMARILLO PRECOCIDA SUPERMAXI 1 KG;NO PERECIBLE;2026-04-01;712.3068;184;678;4
11892;HARINA DE MAIZ AMARILLO PRECOCIDA SUPERMAXI 1 KG;NO PERECIBLE;2026-05-01;306.7752;62;292;5
11892;HARINA DE MAIZ AMARILLO PRECOCIDA SUPERMAXI 1 KG;NO PERECIBLE;2026-06-01;0;0;0;6
11892;HARINA DE MAIZ AMARILLO PRECOCIDA SUPERMAXI 1 KG;NO PERECIBLE;2026-07-01;0;0;0;7
11893;HARINA DE MAIZ BLANCA PRECOCIDA SUPERMAXI 1 KG;NO PERECIBLE;2026-01-01;0;0;0;1
11893;HARINA DE MAIZ BLANCA PRECOCIDA SUPERMAXI 1 KG;NO PERECIBLE;2026-02-01;0;0;0;2
11893;HARINA DE MAIZ BLANCA PRECOCIDA SUPERMAXI 1 KG;NO PERECIBLE;2026-03-01;15.759;4;15;3
11893;HARINA DE MAIZ BLANCA PRECOCIDA SUPERMAXI 1 KG;NO PERECIBLE;2026-04-01;40.9734;13;39;4
11893;HARINA DE MAIZ BLANCA PRECOCIDA SUPERMAXI 1 KG;NO PERECIBLE;2026-05-01;33.6192;12;32;5
11893;HARINA DE MAIZ BLANCA PRECOCIDA SUPERMAXI 1 KG;NO PERECIBLE;2026-06-01;71.4408;14;68;6
11893;HARINA DE MAIZ BLANCA PRECOCIDA SUPERMAXI 1 KG;NO PERECIBLE;2026-07-01;8.4048;7;8;7
11894;COCHINILLO PRONACA (6.5 / 7 KG);PERECIBLE;2026-01-01;0;0;0;1
11894;COCHINILLO PRONACA (6.5 / 7 KG);PERECIBLE;2026-02-01;0;0;0;2
11894;COCHINILLO PRONACA (6.5 / 7 KG);PERECIBLE;2026-03-01;146.3;2;2;3
11894;COCHINILLO PRONACA (6.5 / 7 KG);PERECIBLE;2026-04-01;804.65;7;11;4
11894;COCHINILLO PRONACA (6.5 / 7 KG);PERECIBLE;2026-05-01;512.05;5;7;5
11894;COCHINILLO PRONACA (6.5 / 7 KG);PERECIBLE;2026-06-01;512.05;5;7;6
11894;COCHINILLO PRONACA (6.5 / 7 KG);PERECIBLE;2026-07-01;950.95;11;13;7
11896;LEVADURA FRESCA FLEISHMANN 500 GR;PERECIBLE;2026-01-01;0;0;0;1
11896;LEVADURA FRESCA FLEISHMANN 500 GR;PERECIBLE;2026-02-01;0;0;0;2
11896;LEVADURA FRESCA FLEISHMANN 500 GR;PERECIBLE;2026-03-01;116.48;35;91;3
11896;LEVADURA FRESCA FLEISHMANN 500 GR;PERECIBLE;2026-04-01;1111.04;348;868;4
11896;LEVADURA FRESCA FLEISHMANN 500 GR;PERECIBLE;2026-05-01;1045.76;349;817;5
11896;LEVADURA FRESCA FLEISHMANN 500 GR;PERECIBLE;2026-06-01;1176.32;377;919;6
11896;LEVADURA FRESCA FLEISHMANN 500 GR;PERECIBLE;2026-07-01;1103.36;357;862;7
11914;GARBANZO CONGELADO IQF 1KG;PERECIBLE;2026-01-01;0;0;0;1
11914;GARBANZO CONGELADO IQF 1KG;PERECIBLE;2026-02-01;0;0;0;2
11914;GARBANZO CONGELADO IQF 1KG;PERECIBLE;2026-03-01;0;0;0;3
11914;GARBANZO CONGELADO IQF 1KG;PERECIBLE;2026-04-01;158.26;31;82;4
11914;GARBANZO CONGELADO IQF 1KG;PERECIBLE;2026-05-01;1015.18;175;526;5
11914;GARBANZO CONGELADO IQF 1KG;PERECIBLE;2026-06-01;901.31;168;467;6
11914;GARBANZO CONGELADO IQF 1KG;PERECIBLE;2026-07-01;980.44;189;508;7
11915;CHOCLO EN TROZOS CONGELADO IQF 1KG;PERECIBLE;2026-01-01;0;0;0;1
11915;CHOCLO EN TROZOS CONGELADO IQF 1KG;PERECIBLE;2026-02-01;0;0;0;2
11915;CHOCLO EN TROZOS CONGELADO IQF 1KG;PERECIBLE;2026-03-01;0;0;0;3
11915;CHOCLO EN TROZOS CONGELADO IQF 1KG;PERECIBLE;2026-04-01;0;0;0;4
11915;CHOCLO EN TROZOS CONGELADO IQF 1KG;PERECIBLE;2026-05-01;13.44;3;8;5
11915;CHOCLO EN TROZOS CONGELADO IQF 1KG;PERECIBLE;2026-06-01;0;0;0;6
11915;CHOCLO EN TROZOS CONGELADO IQF 1KG;PERECIBLE;2026-07-01;1.68;1;1;7
11923;MANTECA DE CERDO 1 KG;PERECIBLE;2026-01-01;0;0;0;1
11923;MANTECA DE CERDO 1 KG;PERECIBLE;2026-02-01;0;0;0;2
11923;MANTECA DE CERDO 1 KG;PERECIBLE;2026-03-01;0;0;0;3
11923;MANTECA DE CERDO 1 KG;PERECIBLE;2026-04-01;0;0;0;4
11923;MANTECA DE CERDO 1 KG;PERECIBLE;2026-05-01;3.61;1;1;5
11923;MANTECA DE CERDO 1 KG;PERECIBLE;2026-06-01;7.22;1;2;6
11923;MANTECA DE CERDO 1 KG;PERECIBLE;2026-07-01;3.61;1;1;7
11924;CHICHARRON DE CERDO 1 KG;PERECIBLE;2026-01-01;0;0;0;1
11924;CHICHARRON DE CERDO 1 KG;PERECIBLE;2026-02-01;0;0;0;2
11924;CHICHARRON DE CERDO 1 KG;PERECIBLE;2026-03-01;0;0;0;3
11924;CHICHARRON DE CERDO 1 KG;PERECIBLE;2026-04-01;27.27;1;3;4
11924;CHICHARRON DE CERDO 1 KG;PERECIBLE;2026-05-01;0;0;0;5
11924;CHICHARRON DE CERDO 1 KG;PERECIBLE;2026-06-01;27.27;3;3;6
11924;CHICHARRON DE CERDO 1 KG;PERECIBLE;2026-07-01;872.64;9;96;7
11925;GARBANZO CONGELADOS IQF CAJA 17 KG;PERECIBLE;2026-01-01;0;0;0;1
11925;GARBANZO CONGELADOS IQF CAJA 17 KG;PERECIBLE;2026-02-01;0;0;0;2
11925;GARBANZO CONGELADOS IQF CAJA 17 KG;PERECIBLE;2026-03-01;0;0;0;3
11925;GARBANZO CONGELADOS IQF CAJA 17 KG;PERECIBLE;2026-04-01;0;0;0;4
11925;GARBANZO CONGELADOS IQF CAJA 17 KG;PERECIBLE;2026-05-01;32.81;1;1;5
11925;GARBANZO CONGELADOS IQF CAJA 17 KG;PERECIBLE;2026-06-01;65.62;2;2;6
11925;GARBANZO CONGELADOS IQF CAJA 17 KG;PERECIBLE;2026-07-01;0;0;0;7
11927;FONDO DE CERDO/RES CONGELADO FUNDA 1 KG;PERECIBLE;2026-01-01;0;0;0;1
11927;FONDO DE CERDO/RES CONGELADO FUNDA 1 KG;PERECIBLE;2026-02-01;0;0;0;2
11927;FONDO DE CERDO/RES CONGELADO FUNDA 1 KG;PERECIBLE;2026-03-01;0;0;0;3
11927;FONDO DE CERDO/RES CONGELADO FUNDA 1 KG;PERECIBLE;2026-04-01;0;0;0;4
11927;FONDO DE CERDO/RES CONGELADO FUNDA 1 KG;PERECIBLE;2026-05-01;0;0;0;5
11927;FONDO DE CERDO/RES CONGELADO FUNDA 1 KG;PERECIBLE;2026-06-01;12;2;600;6
11927;FONDO DE CERDO/RES CONGELADO FUNDA 1 KG;PERECIBLE;2026-07-01;12;2;600;7
11928;DEDITOS DE DAMA SUPERMAXI 150 GR;NO PERECIBLE;2026-01-01;0;0;0;1
11928;DEDITOS DE DAMA SUPERMAXI 150 GR;NO PERECIBLE;2026-02-01;0;0;0;2
11928;DEDITOS DE DAMA SUPERMAXI 150 GR;NO PERECIBLE;2026-03-01;1.2566;1;1;3
11928;DEDITOS DE DAMA SUPERMAXI 150 GR;NO PERECIBLE;2026-04-01;87.962;10;70;4
11928;DEDITOS DE DAMA SUPERMAXI 150 GR;NO PERECIBLE;2026-05-01;16.3358;5;13;5
11928;DEDITOS DE DAMA SUPERMAXI 150 GR;NO PERECIBLE;2026-06-01;86.7054;9;69;6
11928;DEDITOS DE DAMA SUPERMAXI 150 GR;NO PERECIBLE;2026-07-01;27.6452;8;22;7
11929;TOSTITOS JALAPEÑOS 43 GR;NO PERECIBLE;2026-01-01;0;0;0;1
11929;TOSTITOS JALAPEÑOS 43 GR;NO PERECIBLE;2026-02-01;0;0;0;2
11929;TOSTITOS JALAPEÑOS 43 GR;NO PERECIBLE;2026-03-01;0;0;0;3
11929;TOSTITOS JALAPEÑOS 43 GR;NO PERECIBLE;2026-04-01;46.59894928;4;116;4
11929;TOSTITOS JALAPEÑOS 43 GR;NO PERECIBLE;2026-05-01;30.128631;3;75;5
11929;TOSTITOS JALAPEÑOS 43 GR;NO PERECIBLE;2026-06-01;61.86412232;6;154;6
11929;TOSTITOS JALAPEÑOS 43 GR;NO PERECIBLE;2026-07-01;42.1800834;4;105;7
11931;COLA FRUIT MANZANA 3.050 LT;NO PERECIBLE;2026-01-01;0;0;0;1
11931;COLA FRUIT MANZANA 3.050 LT;NO PERECIBLE;2026-02-01;0;0;0;2
11931;COLA FRUIT MANZANA 3.050 LT;NO PERECIBLE;2026-03-01;0;0;0;3
11931;COLA FRUIT MANZANA 3.050 LT;NO PERECIBLE;2026-04-01;1367.436;30;1561;4
11931;COLA FRUIT MANZANA 3.050 LT;NO PERECIBLE;2026-05-01;2094.516;109;2391;5
11931;COLA FRUIT MANZANA 3.050 LT;NO PERECIBLE;2026-06-01;2127.804;107;2429;6
11931;COLA FRUIT MANZANA 3.050 LT;NO PERECIBLE;2026-07-01;1787.04;95;2040;7
11932;PAN HOT DOG GIGANTE MODERNA 600 GR X8;NO PERECIBLE;2026-01-01;0;0;0;1
11932;PAN HOT DOG GIGANTE MODERNA 600 GR X8;NO PERECIBLE;2026-02-01;0;0;0;2
11932;PAN HOT DOG GIGANTE MODERNA 600 GR X8;NO PERECIBLE;2026-03-01;0;0;0;3
11932;PAN HOT DOG GIGANTE MODERNA 600 GR X8;NO PERECIBLE;2026-04-01;99.84;11;64;4
11932;PAN HOT DOG GIGANTE MODERNA 600 GR X8;NO PERECIBLE;2026-05-01;148.2;25;95;5
11932;PAN HOT DOG GIGANTE MODERNA 600 GR X8;NO PERECIBLE;2026-06-01;106.08;15;68;6
11932;PAN HOT DOG GIGANTE MODERNA 600 GR X8;NO PERECIBLE;2026-07-01;123.24;10;79;7
11935;CHIFLES DE DULCE EL ARTESANAL 30 GR;NO PERECIBLE;2026-01-01;0;0;0;1
11935;CHIFLES DE DULCE EL ARTESANAL 30 GR;NO PERECIBLE;2026-02-01;0;0;0;2
11935;CHIFLES DE DULCE EL ARTESANAL 30 GR;NO PERECIBLE;2026-03-01;0;0;0;3
11935;CHIFLES DE DULCE EL ARTESANAL 30 GR;NO PERECIBLE;2026-04-01;0;0;0;4
11935;CHIFLES DE DULCE EL ARTESANAL 30 GR;NO PERECIBLE;2026-05-01;0;0;0;5
11935;CHIFLES DE DULCE EL ARTESANAL 30 GR;NO PERECIBLE;2026-06-01;0;0;0;6
11935;CHIFLES DE DULCE EL ARTESANAL 30 GR;NO PERECIBLE;2026-07-01;7.68;1;48;7
11937;PAPAS SG FRITAS ARTESANALES SX. 27 GR;NO PERECIBLE;2026-01-01;0;0;0;1
11937;PAPAS SG FRITAS ARTESANALES SX. 27 GR;NO PERECIBLE;2026-02-01;0;0;0;2
11937;PAPAS SG FRITAS ARTESANALES SX. 27 GR;NO PERECIBLE;2026-03-01;0;0;0;3
11937;PAPAS SG FRITAS ARTESANALES SX. 27 GR;NO PERECIBLE;2026-04-01;40.32;3;192;4
11937;PAPAS SG FRITAS ARTESANALES SX. 27 GR;NO PERECIBLE;2026-05-01;5.04;1;24;5
11937;PAPAS SG FRITAS ARTESANALES SX. 27 GR;NO PERECIBLE;2026-06-01;0;0;0;6
11937;PAPAS SG FRITAS ARTESANALES SX. 27 GR;NO PERECIBLE;2026-07-01;0;0;0;7
11938;CARNE MOLIDA DE PAVO 2 KG TRIPA 11031;PERECIBLE;2026-01-01;0;0;0;1
11938;CARNE MOLIDA DE PAVO 2 KG TRIPA 11031;PERECIBLE;2026-02-01;0;0;0;2
11938;CARNE MOLIDA DE PAVO 2 KG TRIPA 11031;PERECIBLE;2026-03-01;0;0;0;3
11938;CARNE MOLIDA DE PAVO 2 KG TRIPA 11031;PERECIBLE;2026-04-01;654.5;7;70;4
11938;CARNE MOLIDA DE PAVO 2 KG TRIPA 11031;PERECIBLE;2026-05-01;1122;9;120;5
11938;CARNE MOLIDA DE PAVO 2 KG TRIPA 11031;PERECIBLE;2026-06-01;532.95;8;57;6
11938;CARNE MOLIDA DE PAVO 2 KG TRIPA 11031;PERECIBLE;2026-07-01;532.95;8;57;7
11941;PULPA DE PAVO 0958;PERECIBLE;2026-01-01;0;0;0;1
11941;PULPA DE PAVO 0958;PERECIBLE;2026-02-01;0;0;0;2
11941;PULPA DE PAVO 0958;PERECIBLE;2026-03-01;0;0;0;3
11941;PULPA DE PAVO 0958;PERECIBLE;2026-04-01;39.2;2;8;4
11941;PULPA DE PAVO 0958;PERECIBLE;2026-05-01;1528.8;14;312;5
11941;PULPA DE PAVO 0958;PERECIBLE;2026-06-01;460.6;7;94;6
11941;PULPA DE PAVO 0958;PERECIBLE;2026-07-01;470.4;8;96;7
11942;PECHUGA ENTERA DE PAVO 0969;PERECIBLE;2026-01-01;0;0;0;1
11942;PECHUGA ENTERA DE PAVO 0969;PERECIBLE;2026-02-01;0;0;0;2
11942;PECHUGA ENTERA DE PAVO 0969;PERECIBLE;2026-03-01;0;0;0;3
11942;PECHUGA ENTERA DE PAVO 0969;PERECIBLE;2026-04-01;0;0;0;4
11942;PECHUGA ENTERA DE PAVO 0969;PERECIBLE;2026-05-01;883.89;8;61;5
11942;PECHUGA ENTERA DE PAVO 0969;PERECIBLE;2026-06-01;1391.04;16;96;6
11942;PECHUGA ENTERA DE PAVO 0969;PERECIBLE;2026-07-01;536.13;8;37;7
11943;CARNE MOLIDA DE CERDO CONDIMENTADA 1 KG;PERECIBLE;2026-01-01;0;0;0;1
11943;CARNE MOLIDA DE CERDO CONDIMENTADA 1 KG;PERECIBLE;2026-02-01;0;0;0;2
11943;CARNE MOLIDA DE CERDO CONDIMENTADA 1 KG;PERECIBLE;2026-03-01;0;0;0;3
11943;CARNE MOLIDA DE CERDO CONDIMENTADA 1 KG;PERECIBLE;2026-04-01;0;0;0;4
11943;CARNE MOLIDA DE CERDO CONDIMENTADA 1 KG;PERECIBLE;2026-05-01;1111.11;53;273;5
11943;CARNE MOLIDA DE CERDO CONDIMENTADA 1 KG;PERECIBLE;2026-06-01;3019.94;148;742;6
11943;CARNE MOLIDA DE CERDO CONDIMENTADA 1 KG;PERECIBLE;2026-07-01;1082.62;64;266;7
11945;CHORIZO PARRILLERO X6 T1 CASA GUILLO 500 GR;PERECIBLE;2026-01-01;0;0;0;1
11945;CHORIZO PARRILLERO X6 T1 CASA GUILLO 500 GR;PERECIBLE;2026-02-01;0;0;0;2
11945;CHORIZO PARRILLERO X6 T1 CASA GUILLO 500 GR;PERECIBLE;2026-03-01;0;0;0;3
11945;CHORIZO PARRILLERO X6 T1 CASA GUILLO 500 GR;PERECIBLE;2026-04-01;0;0;0;4
11945;CHORIZO PARRILLERO X6 T1 CASA GUILLO 500 GR;PERECIBLE;2026-05-01;6900;202;3000;5
11945;CHORIZO PARRILLERO X6 T1 CASA GUILLO 500 GR;PERECIBLE;2026-06-01;2095.3;65;911;6
11945;CHORIZO PARRILLERO X6 T1 CASA GUILLO 500 GR;PERECIBLE;2026-07-01;0;0;0;7
11946;ARROZ DE CEBADA SUPERMAXI 500 GR;NO PERECIBLE;2026-01-01;0;0;0;1
11946;ARROZ DE CEBADA SUPERMAXI 500 GR;NO PERECIBLE;2026-02-01;0;0;0;2
11946;ARROZ DE CEBADA SUPERMAXI 500 GR;NO PERECIBLE;2026-03-01;0;0;0;3
11946;ARROZ DE CEBADA SUPERMAXI 500 GR;NO PERECIBLE;2026-04-01;0;0;0;4
11946;ARROZ DE CEBADA SUPERMAXI 500 GR;NO PERECIBLE;2026-05-01;461.7902;153;773;5
11946;ARROZ DE CEBADA SUPERMAXI 500 GR;NO PERECIBLE;2026-06-01;562.7508;224;942;6
11946;ARROZ DE CEBADA SUPERMAXI 500 GR;NO PERECIBLE;2026-07-01;375.1672;122;628;7
11955;PAPEL HIGIENICO SCOTT 22MT X 16 UND (30248055);NO PERECIBLE;2026-01-01;0;0;0;1
11955;PAPEL HIGIENICO SCOTT 22MT X 16 UND (30248055);NO PERECIBLE;2026-02-01;0;0;0;2
11955;PAPEL HIGIENICO SCOTT 22MT X 16 UND (30248055);NO PERECIBLE;2026-03-01;0;0;0;3
11955;PAPEL HIGIENICO SCOTT 22MT X 16 UND (30248055);NO PERECIBLE;2026-04-01;0;0;0;4
11955;PAPEL HIGIENICO SCOTT 22MT X 16 UND (30248055);NO PERECIBLE;2026-05-01;0;0;0;5
11955;PAPEL HIGIENICO SCOTT 22MT X 16 UND (30248055);NO PERECIBLE;2026-06-01;1326.34397464;83;328;6
11955;PAPEL HIGIENICO SCOTT 22MT X 16 UND (30248055);NO PERECIBLE;2026-07-01;1520.44309288;101;376;7
11957;AROMATICA MENTA AKI 32 GR X25;NO PERECIBLE;2026-01-01;0;0;0;1
11957;AROMATICA MENTA AKI 32 GR X25;NO PERECIBLE;2026-02-01;0;0;0;2
11957;AROMATICA MENTA AKI 32 GR X25;NO PERECIBLE;2026-03-01;0;0;0;3
11957;AROMATICA MENTA AKI 32 GR X25;NO PERECIBLE;2026-04-01;0;0;0;4
11957;AROMATICA MENTA AKI 32 GR X25;NO PERECIBLE;2026-05-01;108.36;44;126;5
11957;AROMATICA MENTA AKI 32 GR X25;NO PERECIBLE;2026-06-01;188.34;59;219;6
11957;AROMATICA MENTA AKI 32 GR X25;NO PERECIBLE;2026-07-01;178.02;67;207;7
11958;HARINA DE MAIZ AMARILLO LO 1 KG;NO PERECIBLE;2026-01-01;0;0;0;1
11958;HARINA DE MAIZ AMARILLO LO 1 KG;NO PERECIBLE;2026-02-01;0;0;0;2
11958;HARINA DE MAIZ AMARILLO LO 1 KG;NO PERECIBLE;2026-03-01;0;0;0;3
11958;HARINA DE MAIZ AMARILLO LO 1 KG;NO PERECIBLE;2026-04-01;0;0;0;4
11958;HARINA DE MAIZ AMARILLO LO 1 KG;NO PERECIBLE;2026-05-01;626.1782;109;538;5
11958;HARINA DE MAIZ AMARILLO LO 1 KG;NO PERECIBLE;2026-06-01;217.6493;49;187;6
11958;HARINA DE MAIZ AMARILLO LO 1 KG;NO PERECIBLE;2026-07-01;0;0;0;7
11959;DR. MULLER KIDS GALLETAS MANGO Y MANZANA 25 GR;NO PERECIBLE;2026-01-01;0;0;0;1
11959;DR. MULLER KIDS GALLETAS MANGO Y MANZANA 25 GR;NO PERECIBLE;2026-02-01;0;0;0;2
11959;DR. MULLER KIDS GALLETAS MANGO Y MANZANA 25 GR;NO PERECIBLE;2026-03-01;0;0;0;3
11959;DR. MULLER KIDS GALLETAS MANGO Y MANZANA 25 GR;NO PERECIBLE;2026-04-01;0;0;0;4
11959;DR. MULLER KIDS GALLETAS MANGO Y MANZANA 25 GR;NO PERECIBLE;2026-05-01;0;0;0;5
11959;DR. MULLER KIDS GALLETAS MANGO Y MANZANA 25 GR;NO PERECIBLE;2026-06-01;57.6;2;96;6
11959;DR. MULLER KIDS GALLETAS MANGO Y MANZANA 25 GR;NO PERECIBLE;2026-07-01;19.2;1;32;7
11960;DR. MULLER KIDS GALLETAS MANZANA 25 GR;NO PERECIBLE;2026-01-01;0;0;0;1
11960;DR. MULLER KIDS GALLETAS MANZANA 25 GR;NO PERECIBLE;2026-02-01;0;0;0;2
11960;DR. MULLER KIDS GALLETAS MANZANA 25 GR;NO PERECIBLE;2026-03-01;0;0;0;3
11960;DR. MULLER KIDS GALLETAS MANZANA 25 GR;NO PERECIBLE;2026-04-01;0;0;0;4
11960;DR. MULLER KIDS GALLETAS MANZANA 25 GR;NO PERECIBLE;2026-05-01;0;0;0;5
11960;DR. MULLER KIDS GALLETAS MANZANA 25 GR;NO PERECIBLE;2026-06-01;57.6;2;96;6
11960;DR. MULLER KIDS GALLETAS MANZANA 25 GR;NO PERECIBLE;2026-07-01;19.2;1;32;7
11961;DR. MULLER KIDS GALLETAS UVA Y MANZANA 25 GR;NO PERECIBLE;2026-01-01;0;0;0;1
11961;DR. MULLER KIDS GALLETAS UVA Y MANZANA 25 GR;NO PERECIBLE;2026-02-01;0;0;0;2
11961;DR. MULLER KIDS GALLETAS UVA Y MANZANA 25 GR;NO PERECIBLE;2026-03-01;0;0;0;3
11961;DR. MULLER KIDS GALLETAS UVA Y MANZANA 25 GR;NO PERECIBLE;2026-04-01;0;0;0;4
11961;DR. MULLER KIDS GALLETAS UVA Y MANZANA 25 GR;NO PERECIBLE;2026-05-01;0;0;0;5
11961;DR. MULLER KIDS GALLETAS UVA Y MANZANA 25 GR;NO PERECIBLE;2026-06-01;38.4;2;64;6
11961;DR. MULLER KIDS GALLETAS UVA Y MANZANA 25 GR;NO PERECIBLE;2026-07-01;19.2;1;32;7
11966;QUESO FRESCO LA HOLANDESA 450 GR;PERECIBLE;2026-01-01;0;0;0;1
11966;QUESO FRESCO LA HOLANDESA 450 GR;PERECIBLE;2026-02-01;0;0;0;2
11966;QUESO FRESCO LA HOLANDESA 450 GR;PERECIBLE;2026-03-01;0;0;0;3
11966;QUESO FRESCO LA HOLANDESA 450 GR;PERECIBLE;2026-04-01;0;0;0;4
11966;QUESO FRESCO LA HOLANDESA 450 GR;PERECIBLE;2026-05-01;0;0;0;5
11966;QUESO FRESCO LA HOLANDESA 450 GR;PERECIBLE;2026-06-01;129;2;43;6
11966;QUESO FRESCO LA HOLANDESA 450 GR;PERECIBLE;2026-07-01;0;0;0;7
11967;SERVILLETA GOURMET UNILIMPIO 1 HOJA 33X33X200 UN;NO PERECIBLE;2026-01-01;0;0;0;1
11967;SERVILLETA GOURMET UNILIMPIO 1 HOJA 33X33X200 UN;NO PERECIBLE;2026-02-01;0;0;0;2
11967;SERVILLETA GOURMET UNILIMPIO 1 HOJA 33X33X200 UN;NO PERECIBLE;2026-03-01;0;0;0;3
11967;SERVILLETA GOURMET UNILIMPIO 1 HOJA 33X33X200 UN;NO PERECIBLE;2026-04-01;0;0;0;4
11967;SERVILLETA GOURMET UNILIMPIO 1 HOJA 33X33X200 UN;NO PERECIBLE;2026-05-01;23.4;2;9;5
11967;SERVILLETA GOURMET UNILIMPIO 1 HOJA 33X33X200 UN;NO PERECIBLE;2026-06-01;75.4;8;29;6
11967;SERVILLETA GOURMET UNILIMPIO 1 HOJA 33X33X200 UN;NO PERECIBLE;2026-07-01;189.8;13;73;7
11969;INFUSION DE MANZANILLA NATURE´S HEART 20 X 1G;NO PERECIBLE;2026-01-01;0;0;0;1
11969;INFUSION DE MANZANILLA NATURE´S HEART 20 X 1G;NO PERECIBLE;2026-02-01;0;0;0;2
11969;INFUSION DE MANZANILLA NATURE´S HEART 20 X 1G;NO PERECIBLE;2026-03-01;0;0;0;3
11969;INFUSION DE MANZANILLA NATURE´S HEART 20 X 1G;NO PERECIBLE;2026-04-01;0;0;0;4
11969;INFUSION DE MANZANILLA NATURE´S HEART 20 X 1G;NO PERECIBLE;2026-05-01;20.68;8;22;5
11969;INFUSION DE MANZANILLA NATURE´S HEART 20 X 1G;NO PERECIBLE;2026-06-01;20.68;6;22;6
11969;INFUSION DE MANZANILLA NATURE´S HEART 20 X 1G;NO PERECIBLE;2026-07-01;23.5;8;25;7
11970;INFUSION MENTA NATURE´S HEART 20 X 1.30 G;NO PERECIBLE;2026-01-01;0;0;0;1
11970;INFUSION MENTA NATURE´S HEART 20 X 1.30 G;NO PERECIBLE;2026-02-01;0;0;0;2
11970;INFUSION MENTA NATURE´S HEART 20 X 1.30 G;NO PERECIBLE;2026-03-01;0;0;0;3
11970;INFUSION MENTA NATURE´S HEART 20 X 1.30 G;NO PERECIBLE;2026-04-01;0;0;0;4
11970;INFUSION MENTA NATURE´S HEART 20 X 1.30 G;NO PERECIBLE;2026-05-01;15.62;6;22;5
11970;INFUSION MENTA NATURE´S HEART 20 X 1.30 G;NO PERECIBLE;2026-06-01;14.91;8;21;6
11970;INFUSION MENTA NATURE´S HEART 20 X 1.30 G;NO PERECIBLE;2026-07-01;15.62;8;22;7
11973;NACHOS DE YUCA TRICOLOR 40 GR;NO PERECIBLE;2026-01-01;0;0;0;1
11973;NACHOS DE YUCA TRICOLOR 40 GR;NO PERECIBLE;2026-02-01;0;0;0;2
11973;NACHOS DE YUCA TRICOLOR 40 GR;NO PERECIBLE;2026-03-01;0;0;0;3
11973;NACHOS DE YUCA TRICOLOR 40 GR;NO PERECIBLE;2026-04-01;0;0;0;4
11973;NACHOS DE YUCA TRICOLOR 40 GR;NO PERECIBLE;2026-05-01;0;0;0;5
11973;NACHOS DE YUCA TRICOLOR 40 GR;NO PERECIBLE;2026-06-01;123.9;5;210;6
11973;NACHOS DE YUCA TRICOLOR 40 GR;NO PERECIBLE;2026-07-01;35.4;2;60;7
11974;CARNE MOLIDA DE CERDO CONDIMENTADA 5 KG;PERECIBLE;2026-01-01;0;0;0;1
11974;CARNE MOLIDA DE CERDO CONDIMENTADA 5 KG;PERECIBLE;2026-02-01;0;0;0;2
11974;CARNE MOLIDA DE CERDO CONDIMENTADA 5 KG;PERECIBLE;2026-03-01;0;0;0;3
11974;CARNE MOLIDA DE CERDO CONDIMENTADA 5 KG;PERECIBLE;2026-04-01;0;0;0;4
11974;CARNE MOLIDA DE CERDO CONDIMENTADA 5 KG;PERECIBLE;2026-05-01;0;0;0;5
11974;CARNE MOLIDA DE CERDO CONDIMENTADA 5 KG;PERECIBLE;2026-06-01;20.35;1;1;6
11974;CARNE MOLIDA DE CERDO CONDIMENTADA 5 KG;PERECIBLE;2026-07-01;203.5;10;10;7
11983;PATAS DE CERDO CONGELADAS LA FINNCA 1 KG;PERECIBLE;2026-01-01;0;0;0;1
11983;PATAS DE CERDO CONGELADAS LA FINNCA 1 KG;PERECIBLE;2026-02-01;0;0;0;2
11983;PATAS DE CERDO CONGELADAS LA FINNCA 1 KG;PERECIBLE;2026-03-01;0;0;0;3
11983;PATAS DE CERDO CONGELADAS LA FINNCA 1 KG;PERECIBLE;2026-04-01;0;0;0;4
11983;PATAS DE CERDO CONGELADAS LA FINNCA 1 KG;PERECIBLE;2026-05-01;0;0;0;5
11983;PATAS DE CERDO CONGELADAS LA FINNCA 1 KG;PERECIBLE;2026-06-01;89.79;8;41;6
11983;PATAS DE CERDO CONGELADAS LA FINNCA 1 KG;PERECIBLE;2026-07-01;470.85;28;215;7
11984;QUESO MOZZARELLA REBANADO FLORALP BLOQUE( 2.6/3.0 KG);PERECIBLE;2026-01-01;0;0;0;1
11984;QUESO MOZZARELLA REBANADO FLORALP BLOQUE( 2.6/3.0 KG);PERECIBLE;2026-02-01;0;0;0;2
11984;QUESO MOZZARELLA REBANADO FLORALP BLOQUE( 2.6/3.0 KG);PERECIBLE;2026-03-01;0;0;0;3
11984;QUESO MOZZARELLA REBANADO FLORALP BLOQUE( 2.6/3.0 KG);PERECIBLE;2026-04-01;0;0;0;4
11984;QUESO MOZZARELLA REBANADO FLORALP BLOQUE( 2.6/3.0 KG);PERECIBLE;2026-05-01;0;0;0;5
11984;QUESO MOZZARELLA REBANADO FLORALP BLOQUE( 2.6/3.0 KG);PERECIBLE;2026-06-01;147.6;4;6;6
11984;QUESO MOZZARELLA REBANADO FLORALP BLOQUE( 2.6/3.0 KG);PERECIBLE;2026-07-01;123;3;5;7
11985;QUESO AMERICANO REBANADO FLORALP BLOQUE 1 KG;PERECIBLE;2026-01-01;0;0;0;1
11985;QUESO AMERICANO REBANADO FLORALP BLOQUE 1 KG;PERECIBLE;2026-02-01;0;0;0;2
11985;QUESO AMERICANO REBANADO FLORALP BLOQUE 1 KG;PERECIBLE;2026-03-01;0;0;0;3
11985;QUESO AMERICANO REBANADO FLORALP BLOQUE 1 KG;PERECIBLE;2026-04-01;0;0;0;4
11985;QUESO AMERICANO REBANADO FLORALP BLOQUE 1 KG;PERECIBLE;2026-05-01;0;0;0;5
11985;QUESO AMERICANO REBANADO FLORALP BLOQUE 1 KG;PERECIBLE;2026-06-01;8.2;1;1;6
11985;QUESO AMERICANO REBANADO FLORALP BLOQUE 1 KG;PERECIBLE;2026-07-01;0;0;0;7
11986;PALO HELADO FIESTA X 100;NO PERECIBLE;2026-01-01;0;0;0;1
11986;PALO HELADO FIESTA X 100;NO PERECIBLE;2026-02-01;0;0;0;2
11986;PALO HELADO FIESTA X 100;NO PERECIBLE;2026-03-01;0;0;0;3
11986;PALO HELADO FIESTA X 100;NO PERECIBLE;2026-04-01;0;0;0;4
11986;PALO HELADO FIESTA X 100;NO PERECIBLE;2026-05-01;3.358;1;10;5
11986;PALO HELADO FIESTA X 100;NO PERECIBLE;2026-06-01;20.8196;7;62;6
11986;PALO HELADO FIESTA X 100;NO PERECIBLE;2026-07-01;11.0814;7;33;7
11994;PAN RUSTICO SOUR CORTADO MAXIPAN 380 GR;NO PERECIBLE;2026-01-01;0;0;0;1
11994;PAN RUSTICO SOUR CORTADO MAXIPAN 380 GR;NO PERECIBLE;2026-02-01;0;0;0;2
11994;PAN RUSTICO SOUR CORTADO MAXIPAN 380 GR;NO PERECIBLE;2026-03-01;0;0;0;3
11994;PAN RUSTICO SOUR CORTADO MAXIPAN 380 GR;NO PERECIBLE;2026-04-01;0;0;0;4
11994;PAN RUSTICO SOUR CORTADO MAXIPAN 380 GR;NO PERECIBLE;2026-05-01;0;0;0;5
11994;PAN RUSTICO SOUR CORTADO MAXIPAN 380 GR;NO PERECIBLE;2026-06-01;20.601;1;14;6
11994;PAN RUSTICO SOUR CORTADO MAXIPAN 380 GR;NO PERECIBLE;2026-07-01;25.0155;8;17;7
11996;PAÑO DE LIMPIEZA REUTILIZABLE BLANCHY ROJO X30;NO PERECIBLE;2026-01-01;0;0;0;1
11996;PAÑO DE LIMPIEZA REUTILIZABLE BLANCHY ROJO X30;NO PERECIBLE;2026-02-01;0;0;0;2
11996;PAÑO DE LIMPIEZA REUTILIZABLE BLANCHY ROJO X30;NO PERECIBLE;2026-03-01;0;0;0;3
11996;PAÑO DE LIMPIEZA REUTILIZABLE BLANCHY ROJO X30;NO PERECIBLE;2026-04-01;0;0;0;4
11996;PAÑO DE LIMPIEZA REUTILIZABLE BLANCHY ROJO X30;NO PERECIBLE;2026-05-01;0;0;0;5
11996;PAÑO DE LIMPIEZA REUTILIZABLE BLANCHY ROJO X30;NO PERECIBLE;2026-06-01;4.44;1;1;6
11996;PAÑO DE LIMPIEZA REUTILIZABLE BLANCHY ROJO X30;NO PERECIBLE;2026-07-01;612.72;113;138;7
11998;PAPAS FRITAS CREMA Y CEBOLLA LO 50 GR;NO PERECIBLE;2026-01-01;0;0;0;1
11998;PAPAS FRITAS CREMA Y CEBOLLA LO 50 GR;NO PERECIBLE;2026-02-01;0;0;0;2
11998;PAPAS FRITAS CREMA Y CEBOLLA LO 50 GR;NO PERECIBLE;2026-03-01;0;0;0;3
11998;PAPAS FRITAS CREMA Y CEBOLLA LO 50 GR;NO PERECIBLE;2026-04-01;0;0;0;4
11998;PAPAS FRITAS CREMA Y CEBOLLA LO 50 GR;NO PERECIBLE;2026-05-01;0;0;0;5
11998;PAPAS FRITAS CREMA Y CEBOLLA LO 50 GR;NO PERECIBLE;2026-06-01;0;0;0;6
11998;PAPAS FRITAS CREMA Y CEBOLLA LO 50 GR;NO PERECIBLE;2026-07-01;21.7536;2;96;7
11999;AVENA HOJUELAS LO 500 GR;NO PERECIBLE;2026-01-01;0;0;0;1
11999;AVENA HOJUELAS LO 500 GR;NO PERECIBLE;2026-02-01;0;0;0;2
11999;AVENA HOJUELAS LO 500 GR;NO PERECIBLE;2026-03-01;0;0;0;3
11999;AVENA HOJUELAS LO 500 GR;NO PERECIBLE;2026-04-01;0;0;0;4
11999;AVENA HOJUELAS LO 500 GR;NO PERECIBLE;2026-05-01;0;0;0;5
11999;AVENA HOJUELAS LO 500 GR;NO PERECIBLE;2026-06-01;0;0;0;6
11999;AVENA HOJUELAS LO 500 GR;NO PERECIBLE;2026-07-01;754.9488;91;1527;7
12009;REFRESCO CITRUS NARANJA LA ORIGINAL 500 ML;NO PERECIBLE;2026-01-01;0;0;0;1
12009;REFRESCO CITRUS NARANJA LA ORIGINAL 500 ML;NO PERECIBLE;2026-02-01;0;0;0;2
12009;REFRESCO CITRUS NARANJA LA ORIGINAL 500 ML;NO PERECIBLE;2026-03-01;0;0;0;3
12009;REFRESCO CITRUS NARANJA LA ORIGINAL 500 ML;NO PERECIBLE;2026-04-01;0;0;0;4
12009;REFRESCO CITRUS NARANJA LA ORIGINAL 500 ML;NO PERECIBLE;2026-05-01;0;0;0;5
12009;REFRESCO CITRUS NARANJA LA ORIGINAL 500 ML;NO PERECIBLE;2026-06-01;0;0;0;6
12009;REFRESCO CITRUS NARANJA LA ORIGINAL 500 ML;NO PERECIBLE;2026-07-01;338.4657;11;1773;7
12013;DESINFECTANTE ZAKKA DE ACIDO PERACETICO GALON;NO PERECIBLE;2026-01-01;0;0;0;1
12013;DESINFECTANTE ZAKKA DE ACIDO PERACETICO GALON;NO PERECIBLE;2026-02-01;0;0;0;2
12013;DESINFECTANTE ZAKKA DE ACIDO PERACETICO GALON;NO PERECIBLE;2026-03-01;0;0;0;3
12013;DESINFECTANTE ZAKKA DE ACIDO PERACETICO GALON;NO PERECIBLE;2026-04-01;0;0;0;4
12013;DESINFECTANTE ZAKKA DE ACIDO PERACETICO GALON;NO PERECIBLE;2026-05-01;0;0;0;5
12013;DESINFECTANTE ZAKKA DE ACIDO PERACETICO GALON;NO PERECIBLE;2026-06-01;0;0;0;6
12013;DESINFECTANTE ZAKKA DE ACIDO PERACETICO GALON;NO PERECIBLE;2026-07-01;74.1;1;6;7
12016;CHIFLES NATURALES PLATANITOS NATUCHIPS 42 GR;NO PERECIBLE;2026-01-01;0;0;0;1
12016;CHIFLES NATURALES PLATANITOS NATUCHIPS 42 GR;NO PERECIBLE;2026-02-01;0;0;0;2
12016;CHIFLES NATURALES PLATANITOS NATUCHIPS 42 GR;NO PERECIBLE;2026-03-01;0;0;0;3
12016;CHIFLES NATURALES PLATANITOS NATUCHIPS 42 GR;NO PERECIBLE;2026-04-01;0;0;0;4
12016;CHIFLES NATURALES PLATANITOS NATUCHIPS 42 GR;NO PERECIBLE;2026-05-01;0;0;0;5
12016;CHIFLES NATURALES PLATANITOS NATUCHIPS 42 GR;NO PERECIBLE;2026-06-01;0;0;0;6
12016;CHIFLES NATURALES PLATANITOS NATUCHIPS 42 GR;NO PERECIBLE;2026-07-01;25.992;2;57;7
12025;CHAMPIÑON ENTERO LA ORIGINAL 435 GR;NO PERECIBLE;2026-01-01;0;0;0;1
12025;CHAMPIÑON ENTERO LA ORIGINAL 435 GR;NO PERECIBLE;2026-02-01;0;0;0;2
12025;CHAMPIÑON ENTERO LA ORIGINAL 435 GR;NO PERECIBLE;2026-03-01;0;0;0;3
12025;CHAMPIÑON ENTERO LA ORIGINAL 435 GR;NO PERECIBLE;2026-04-01;0;0;0;4
12025;CHAMPIÑON ENTERO LA ORIGINAL 435 GR;NO PERECIBLE;2026-05-01;0;0;0;5
12025;CHAMPIÑON ENTERO LA ORIGINAL 435 GR;NO PERECIBLE;2026-06-01;0;0;0;6
12025;CHAMPIÑON ENTERO LA ORIGINAL 435 GR;NO PERECIBLE;2026-07-01;59.045;2;35;7
12030;AGUA DASANI S/G PACK (12 X300 ML);NO PERECIBLE;2026-01-01;0;0;0;1
12030;AGUA DASANI S/G PACK (12 X300 ML);NO PERECIBLE;2026-02-01;0;0;0;2
12030;AGUA DASANI S/G PACK (12 X300 ML);NO PERECIBLE;2026-03-01;0;0;0;3
12030;AGUA DASANI S/G PACK (12 X300 ML);NO PERECIBLE;2026-04-01;0;0;0;4
12030;AGUA DASANI S/G PACK (12 X300 ML);NO PERECIBLE;2026-05-01;0;0;0;5
12030;AGUA DASANI S/G PACK (12 X300 ML);NO PERECIBLE;2026-06-01;0;0;0;6
12030;AGUA DASANI S/G PACK (12 X300 ML);NO PERECIBLE;2026-07-01;0;0;0;7
